{"Q": [[1, 1, 0], [1, 0, 0], [1, 1, 1]], "R": [[0.0, 0.0, 0.0], [0.0, 1.0, 1.0], [0.0, 1.0, 0.0], [1.0, 0.0, 1.0], [1.0, 1.0, 0.0], [0.0, 0.0, 1.0], [1.0, 1.0, 1.0], [1.0, 1.0, 0.0], [1.0, 1.0, 1.0], [0.0, 0.0, 0.0]], "T_e": [0, 52, 75, 58, 79, 50, 85, 61, 79, 0], "T_t": [[0.0, 63.25345840347388, 35.4682957019364, 98.41239759298622, 36.49657518178932, 54.0, 124.65151423067431, 69.31810730249349, 38.05259518088089, 105.39449701004318], [63.25345840347388, 0.0, 36.6742416417845, 49.49747468305833, 36.40054944640259, 40.311288741492746, 62.96824596572466, 28.42534080710379, 43.41658669218482, 48.83646178829912], [35.4682957019364, 36.6742416417845, 0.0, 63.06346010171025, 35.4682957019364, 52.630789467763066, 92.19544457292888, 34.132096331752024, 43.01162633521314, 71.06335201775947], [98.41239759298622, 49.49747468305833, 63.06346010171025, 0.0, 83.21658488546619, 89.80534505250787, 41.19465984809196, 29.154759474226502, 91.08786966440702, 16.0312195418814], [36.49657518178932, 36.40054944640259, 35.4682957019364, 83.21658488546619, 0.0, 18.973665961010276, 98.88377015466189, 56.22277118748239, 8.246211251235321, 84.8999411071645], [54.0, 40.311288741492746, 52.630789467763066, 89.80534505250787, 18.973665961010276, 0.0, 97.41663102366043, 66.12866246946176, 16.1245154965971, 88.09086218218096], [124.65151423067431, 62.96824596572466, 92.19544457292888, 41.19465984809196, 98.88377015466189, 97.41663102366043, 0.0, 60.53924347066124, 105.11898020814318, 25.495097567963924], [69.31810730249349, 28.42534080710379, 34.132096331752024, 29.154759474226502, 56.22277118748239, 66.12866246946176, 60.53924347066124, 0.0, 64.38167441127949, 37.48332962798263], [38.05259518088089, 43.41658669218482, 43.01162633521314, 91.08786966440702, 8.246211251235321, 16.1245154965971, 105.11898020814318, 64.38167441127949, 0.0, 92.19544457292888], [105.39449701004318, 48.83646178829912, 71.06335201775947, 16.0312195418814, 84.8999411071645, 88.09086218218096, 25.495097567963924, 37.48332962798263, 92.19544457292888, 0.0]], "task_locations": [[5, 8], [45, 57], [38, 21], [94, 50], [11, 44], [5, 62], [98, 91], [67, 39], [3, 46], [93, 66]], "precedence_constraints": [[6, 1], [5, 7], [3, 2], [5, 4]]}