{"Q": [[1, 1, 1], [0, 0, 1], [1, 0, 1]], "R": [[0.0, 0.0, 0.0], [0.0, 0.0, 1.0], [1.0, 0.0, 1.0], [1.0, 0.0, 0.0], [0.0, 1.0, 1.0], [1.0, 0.0, 0.0], [0.0, 1.0, 1.0], [1.0, 0.0, 1.0], [1.0, 0.0, 1.0], [0.0, 0.0, 0.0]], "T_e": [0, 99, 55, 85, 62, 82, 62, 66, 82, 0], "T_t": [[0.0, 28.42534080710379, 32.0624390837628, 21.93171219946131, 79.93122043357026, 72.12489168102785, 46.69047011971501, 63.953107821277925, 83.86894538504703, 41.43669871020132], [28.42534080710379, 0.0, 22.360679774997898, 7.280109889280518, 51.62363799656123, 47.095647357266465, 18.867962264113206, 39.6232255123179, 56.302753041036986, 22.47220505424423], [32.0624390837628, 22.360679774997898, 0.0, 24.758836806279895, 62.64982043070834, 43.56604182158393, 36.0, 59.07622195096772, 70.21395872616783, 44.77722635447622], [21.93171219946131, 7.280109889280518, 24.758836806279895, 0.0, 58.05170109479997, 54.230987451824994, 24.758836806279895, 43.32435804486894, 62.00806399170998, 23.021728866442675], [79.93122043357026, 51.62363799656123, 62.64982043070834, 58.05170109479997, 0.0, 35.73513677041127, 33.421549934136806, 29.068883707497267, 11.180339887498949, 46.8187996428785], [72.12489168102785, 47.095647357266465, 43.56604182158393, 54.230987451824994, 35.73513677041127, 0.0, 39.21734310225516, 53.81449618829484, 46.8187996428785, 57.87054518492115], [46.69047011971501, 18.867962264113206, 36.0, 24.758836806279895, 33.421549934136806, 39.21734310225516, 0.0, 23.194827009486403, 37.44329045369811, 18.681541692269406], [63.953107821277925, 39.6232255123179, 59.07622195096772, 43.32435804486894, 29.068883707497267, 53.81449618829484, 23.194827009486403, 0.0, 25.298221281347036, 23.430749027719962], [83.86894538504703, 56.302753041036986, 70.21395872616783, 62.00806399170998, 11.180339887498949, 46.8187996428785, 37.44329045369811, 25.298221281347036, 0.0, 46.87216658103186], [41.43669871020132, 22.47220505424423, 44.77722635447622, 23.021728866442675, 46.8187996428785, 57.87054518492115, 18.681541692269406, 23.430749027719962, 46.87216658103186, 0.0]], "task_locations": [[0, 6], [22, 24], [32, 4], [15, 22], [58, 61], [69, 27], [32, 40], [29, 63], [53, 71], [14, 45]], "precedence_constraints": [[8, 4], [8, 1], [1, 3], [7, 2], [8, 3], [6, 4]]}