{"Q": [[0, 0, 1], [1, 1, 0], [0, 0, 1]], "R": [[0.0, 0.0, 0.0], [1.0, 0.0, 0.0], [0.0, 1.0, 0.0], [1.0, 0.0, 1.0], [0.0, 0.0, 1.0], [0.0, 1.0, 0.0], [0.0, 1.0, 0.0], [1.0, 0.0, 0.0], [0.0, 1.0, 0.0], [0.0, 0.0, 0.0]], "T_e": [0, 76, 73, 51, 62, 95, 78, 67, 61, 0], "T_t": [[0.0, 93.00537618869137, 59.80802621722272, 107.44766167767449, 84.75848040166836, 95.77577981932593, 107.07474025184464, 37.05401462729781, 103.46496991735899, 58.52349955359813], [93.00537618869137, 0.0, 54.00925846556311, 30.083217912982647, 53.23532661682466, 7.280109889280518, 14.317821063276353, 79.07591289387686, 37.21558813185679, 34.713109915419565], [59.80802621722272, 54.00925846556311, 0.0, 53.85164807134504, 25.0, 52.3450093132096, 67.1863081289633, 29.832867780352597, 46.75467891024384, 36.87817782917155], [107.44766167767449, 30.083217912982647, 53.85164807134504, 0.0, 39.20459156782532, 22.80350850198276, 31.144823004794873, 83.48652585896721, 11.40175425099138, 55.02726596879042], [84.75848040166836, 53.23532661682466, 25.0, 39.20459156782532, 0.0, 48.46648326421054, 62.93647591023825, 52.43090691567332, 28.861739379323623, 52.392747589718944], [95.77577981932593, 7.280109889280518, 52.3450093132096, 22.80350850198276, 48.46648326421054, 0.0, 15.033296378372908, 79.05694150420949, 30.23243291566195, 38.41874542459709], [107.07474025184464, 14.317821063276353, 67.1863081289633, 31.144823004794873, 62.93647591023825, 15.033296378372908, 0.0, 93.14504817756014, 41.23105625617661, 48.60041152089147], [37.05401462729781, 79.07591289387686, 29.832867780352597, 83.48652585896721, 52.43090691567332, 79.05694150420949, 93.14504817756014, 0.0, 76.57675887630658, 51.24451190127583], [103.46496991735899, 37.21558813185679, 46.75467891024384, 11.40175425099138, 28.861739379323623, 30.23243291566195, 41.23105625617661, 76.57675887630658, 0.0, 55.44366510251645], [58.52349955359813, 34.713109915419565, 36.87817782917155, 55.02726596879042, 52.392747589718944, 38.41874542459709, 48.60041152089147, 51.24451190127583, 55.44366510251645, 0.0]], "task_locations": [[95, 3], [20, 58], [74, 59], [28, 87], [67, 83], [22, 65], [7, 64], [97, 40], [39, 90], [46, 35]], "precedence_constraints": [[4, 7], [6, 1], [4, 5]]}