{"Q": [[1, 0, 0], [0, 1, 1], [0, 0, 1]], "R": [[0.0, 0.0, 0.0], [1.0, 0.0, 0.0], [1.0, 1.0, 1.0], [0.0, 1.0, 0.0], [1.0, 1.0, 0.0], [1.0, 1.0, 0.0], [1.0, 1.0, 0.0], [0.0, 0.0, 1.0], [1.0, 1.0, 1.0], [0.0, 0.0, 0.0]], "T_e": [0, 64, 73, 71, 63, 79, 52, 58, 64, 0], "T_t": [[0.0, 77.10382610480494, 88.2779700718135, 77.52418977325722, 30.01666203960727, 78.33900688673555, 34.40930106817051, 23.08679276123039, 100.0, 25.553864678361276], [77.10382610480494, 0.0, 55.46169849544819, 5.0, 69.33974329343886, 26.832815729997478, 72.56031973468694, 68.96375859826666, 77.87810988975015, 51.61395160225576], [88.2779700718135, 55.46169849544819, 0.0, 50.566787519082126, 62.51399843235114, 28.635642126552707, 61.39218191268331, 94.86832980505137, 22.47220505424423, 68.96375859826666], [77.52418977325722, 5.0, 50.566787519082126, 0.0, 67.80117993073571, 21.93171219946131, 70.7248188403477, 70.83078426785913, 73.00684899377592, 51.97114584074513], [30.01666203960727, 69.33974329343886, 62.51399843235114, 67.80117993073571, 0.0, 60.4648658313239, 5.385164807134504, 47.20169488482379, 71.19691004531025, 28.284271247461902], [78.33900688673555, 26.832815729997478, 28.635642126552707, 21.93171219946131, 60.4648658313239, 0.0, 61.84658438426491, 78.10249675906654, 51.07837115648854, 54.3323108288245], [34.40930106817051, 72.56031973468694, 61.39218191268331, 70.7248188403477, 5.385164807134504, 61.84658438426491, 0.0, 52.43090691567332, 68.46897107449476, 33.54101966249684], [23.08679276123039, 68.96375859826666, 94.86832980505137, 70.83078426785913, 47.20169488482379, 78.10249675906654, 52.43090691567332, 0.0, 110.47624178980746, 26.0], [100.0, 77.87810988975015, 22.47220505424423, 73.00684899377592, 71.19691004531025, 51.07837115648854, 68.46897107449476, 110.47624178980746, 0.0, 84.59905436823747], [25.553864678361276, 51.61395160225576, 68.96375859826666, 51.97114584074513, 28.284271247461902, 54.3323108288245, 33.54101966249684, 26.0, 84.59905436823747, 0.0]], "task_locations": [[52, 97], [95, 33], [45, 9], [91, 30], [37, 71], [71, 21], [32, 69], [75, 99], [24, 1], [65, 75]], "precedence_constraints": [[7, 8], [1, 3], [4, 8], [1, 6], [8, 3], [5, 4]]}