{"Q": [[1, 0, 1], [1, 1, 0], [0, 1, 0]], "R": [[0.0, 0.0, 0.0], [1.0, 0.0, 1.0], [0.0, 1.0, 0.0], [1.0, 0.0, 1.0], [1.0, 1.0, 0.0], [1.0, 0.0, 0.0], [1.0, 0.0, 1.0], [0.0, 1.0, 0.0], [0.0, 0.0, 1.0], [0.0, 0.0, 0.0]], "T_e": [0, 78, 88, 53, 58, 79, 58, 60, 64, 0], "T_t": [[0.0, 64.4980619863884, 57.697486947006624, 45.254833995939045, 63.071388124885914, 27.018512172212592, 18.439088914585774, 31.144823004794873, 47.265209192385896, 66.12110101926616], [64.4980619863884, 0.0, 35.11409973215888, 40.0, 5.0990195135927845, 72.069410986909, 52.3450093132096, 65.19202405202648, 21.400934559032695, 12.165525060596439], [57.697486947006624, 35.11409973215888, 0.0, 60.40695324215582, 30.083217912982647, 51.03920062069938, 55.86591089385369, 74.41102068914255, 20.615528128088304, 25.238858928247925], [45.254833995939045, 40.0, 60.40695324215582, 0.0, 42.44997055358225, 66.64833081180653, 26.90724809414742, 29.017236257093817, 39.92492955535426, 49.51767361255979], [63.071388124885914, 5.0990195135927845, 30.083217912982647, 42.44997055358225, 0.0, 68.87670143089025, 52.172789842982326, 66.2117814289874, 17.88854381999832, 7.615773105863909], [27.018512172212592, 72.069410986909, 51.03920062069938, 66.64833081180653, 68.87670143089025, 0.0, 42.44997055358225, 58.034472514187634, 50.99019513592785, 68.9492567037528], [18.439088914585774, 52.3450093132096, 55.86591089385369, 26.90724809414742, 52.172789842982326, 42.44997055358225, 0.0, 19.235384061671343, 39.824615503479755, 56.92099788303083], [31.144823004794873, 65.19202405202648, 74.41102068914255, 29.017236257093817, 66.2117814289874, 58.034472514187634, 19.235384061671343, 0.0, 56.85068161420758, 72.069410986909], [47.265209192385896, 21.400934559032695, 20.615528128088304, 39.92492955535426, 17.88854381999832, 50.99019513592785, 39.824615503479755, 56.85068161420758, 0.0, 19.026297590440446], [66.12110101926616, 12.165525060596439, 25.238858928247925, 49.51767361255979, 7.615773105863909, 68.9492567037528, 56.92099788303083, 72.069410986909, 19.026297590440446, 0.0]], "task_locations": [[89, 54], [25, 62], [37, 29], [57, 86], [26, 57], [88, 27], [77, 68], [86, 85], [42, 49], [23, 50]], "precedence_constraints": [[5, 1], [5, 3], [4, 6], [3, 7], [1, 3]]}