{"Q": [[0, 1, 0], [1, 1, 0], [1, 1, 1]], "R": [[0.0, 0.0, 0.0], [0.0, 1.0, 1.0], [1.0, 1.0, 1.0], [0.0, 0.0, 1.0], [1.0, 1.0, 0.0], [0.0, 0.0, 1.0], [0.0, 1.0, 1.0], [1.0, 0.0, 1.0], [1.0, 1.0, 1.0], [0.0, 0.0, 0.0]], "T_e": [0, 71, 63, 84, 78, 60, 64, 71, 85, 0], "T_t": [[0.0, 16.0312195418814, 56.142675390472796, 50.039984012787215, 45.044422518220834, 51.86520991955976, 28.635642126552707, 34.52535300326414, 48.38388161361178, 60.53924347066124], [16.0312195418814, 0.0, 40.311288741492746, 34.0147027033899, 47.53945729601885, 36.6742416417845, 38.897300677553446, 39.66106403010388, 34.0, 53.16013544000805], [56.142675390472796, 40.311288741492746, 0.0, 8.48528137423857, 75.92759709091287, 22.135943621178654, 71.47027354082255, 72.71863585079137, 14.866068747318506, 61.326992425847855], [50.039984012787215, 34.0147027033899, 8.48528137423857, 0.0, 67.47592163134935, 15.033296378372908, 68.0294054067798, 64.4980619863884, 17.46424919657298, 53.48831648126533], [45.044422518220834, 47.53945729601885, 75.92759709091287, 67.47592163134935, 0.0, 58.180752831155424, 71.7007670809734, 11.704699910719626, 76.83749084919418, 33.734255586866], [51.86520991955976, 36.6742416417845, 22.135943621178654, 15.033296378372908, 58.180752831155424, 0.0, 74.63243262818116, 57.56735185849702, 32.14031735997639, 39.35733730830886], [28.635642126552707, 38.897300677553446, 71.47027354082255, 68.0294054067798, 71.7007670809734, 74.63243262818116, 0.0, 60.29925372672534, 59.033888572581766, 89.06739021662193], [34.52535300326414, 39.66106403010388, 72.71863585079137, 64.4980619863884, 11.704699910719626, 57.56735185849702, 60.29925372672534, 0.0, 71.449282711585, 41.14608122288197], [48.38388161361178, 34.0, 14.866068747318506, 17.46424919657298, 76.83749084919418, 32.14031735997639, 59.033888572581766, 71.449282711585, 0.0, 68.65857557508748], [60.53924347066124, 53.16013544000805, 61.326992425847855, 53.48831648126533, 33.734255586866, 39.35733730830886, 89.06739021662193, 41.14608122288197, 68.65857557508748, 0.0]], "task_locations": [[42, 71], [58, 70], [98, 75], [92, 69], [40, 26], [91, 54], [30, 97], [36, 37], [88, 86], [73, 19]], "precedence_constraints": [[8, 1], [6, 3], [4, 5]]}