{"Q": [[1, 1, 1], [0, 1, 0], [1, 0, 1]], "R": [[0.0, 0.0, 0.0], [1.0, 0.0, 1.0], [1.0, 0.0, 1.0], [1.0, 1.0, 0.0], [1.0, 0.0, 1.0], [1.0, 0.0, 1.0], [1.0, 1.0, 0.0], [0.0, 1.0, 0.0], [0.0, 0.0, 1.0], [0.0, 0.0, 0.0]], "T_e": [0, 65, 68, 52, 92, 76, 72, 65, 65, 0], "T_t": [[0.0, 20.024984394500787, 74.88658090739622, 45.221676218380054, 40.607881008493905, 33.83784863137726, 74.63243262818116, 18.24828759089466, 27.294688127912362, 50.44799302251776], [20.024984394500787, 0.0, 60.108235708594876, 30.23243291566195, 33.37663853655727, 34.20526275297414, 83.86298349093002, 25.495097567963924, 24.041630560342615, 50.635955604688654], [74.88658090739622, 60.108235708594876, 0.0, 72.44998274671983, 38.3275357934736, 51.97114584074513, 89.81091247727082, 63.694583757176716, 82.20097323024831, 50.48762224545735], [45.221676218380054, 30.23243291566195, 72.44998274671983, 0.0, 59.22837157984339, 63.56099432828282, 114.0570032922135, 55.60575509783138, 24.08318915758459, 79.05694150420949], [40.607881008493905, 33.37663853655727, 38.3275357934736, 59.22837157984339, 0.0, 14.0, 61.84658438426491, 26.076809620810597, 57.271284253105414, 21.400934559032695], [33.83784863137726, 34.20526275297414, 51.97114584074513, 63.56099432828282, 14.0, 0.0, 51.73973328110612, 16.1245154965971, 56.0357029044876, 17.029386365926403], [74.63243262818116, 83.86298349093002, 89.81091247727082, 114.0570032922135, 61.84658438426491, 51.73973328110612, 0.0, 59.033888572581766, 101.59232254457027, 41.340053217188775], [18.24828759089466, 25.495097567963924, 63.694583757176716, 55.60575509783138, 26.076809620810597, 16.1245154965971, 59.033888572581766, 0.0, 43.174066289845804, 32.28002478313795], [27.294688127912362, 24.041630560342615, 82.20097323024831, 24.08318915758459, 57.271284253105414, 56.0357029044876, 101.59232254457027, 43.174066289845804, 0.0, 73.00684899377592], [50.44799302251776, 50.635955604688654, 50.48762224545735, 79.05694150420949, 21.400934559032695, 17.029386365926403, 41.340053217188775, 32.28002478313795, 73.00684899377592, 0.0]], "task_locations": [[72, 70], [73, 50], [30, 8], [98, 33], [40, 45], [40, 59], [1, 93], [54, 67], [96, 57], [23, 58]], "precedence_constraints": [[3, 5], [4, 1], [8, 6], [8, 7]]}