{"Q": [[0, 1, 1], [1, 0, 0], [1, 0, 1]], "R": [[0.0, 0.0, 0.0], [0.0, 1.0, 0.0], [0.0, 1.0, 1.0], [1.0, 1.0, 1.0], [1.0, 0.0, 0.0], [0.0, 1.0, 0.0], [0.0, 1.0, 0.0], [1.0, 1.0, 1.0], [0.0, 0.0, 1.0], [0.0, 0.0, 0.0]], "T_e": [0, 78, 62, 69, 63, 65, 92, 86, 86, 0], "T_t": [[0.0, 46.87216658103186, 31.04834939252005, 55.226805085936306, 71.47027354082255, 11.0, 74.52516353554684, 46.09772228646444, 80.15609770940699, 34.0], [46.87216658103186, 0.0, 71.30918594402827, 15.132745950421556, 74.06078584514209, 41.78516483155236, 71.58910531638176, 7.615773105863909, 34.058772731852805, 13.45362404707371], [31.04834939252005, 71.30918594402827, 0.0, 74.68600939935136, 60.530983801686226, 30.14962686336267, 66.70832032063167, 72.83543093852057, 101.07917688624102, 60.530983801686226], [55.226805085936306, 15.132745950421556, 74.68600939935136, 0.0, 64.88451279003334, 47.634021455258214, 61.05735008989499, 22.561028345356956, 26.40075756488817, 25.96150997149434], [71.47027354082255, 74.06078584514209, 60.530983801686226, 64.88451279003334, 0.0, 61.09828148156051, 8.602325267042627, 80.60397012554654, 84.52810183601665, 73.53910524340094], [11.0, 41.78516483155236, 30.14962686336267, 47.634021455258214, 61.09828148156051, 0.0, 63.788713735268246, 42.7551166528639, 73.49829930005184, 30.4138126514911], [74.52516353554684, 71.58910531638176, 66.70832032063167, 61.05735008989499, 8.602325267042627, 63.788713735268246, 0.0, 78.5175139698144, 78.84795495128583, 72.62231062146122], [46.09772228646444, 7.615773105863909, 72.83543093852057, 22.561028345356956, 80.60397012554654, 42.7551166528639, 78.5175139698144, 0.0, 38.07886552931954, 12.36931687685298], [80.15609770940699, 34.058772731852805, 101.07917688624102, 26.40075756488817, 84.52810183601665, 73.49829930005184, 78.84795495128583, 38.07886552931954, 0.0, 47.50789408087881], [34.0, 13.45362404707371, 60.530983801686226, 25.96150997149434, 73.53910524340094, 30.4138126514911, 72.62231062146122, 12.36931687685298, 47.50789408087881, 0.0]], "task_locations": [[37, 91], [76, 65], [7, 83], [74, 50], [15, 23], [37, 80], [22, 18], [79, 72], [98, 39], [67, 75]], "precedence_constraints": [[5, 2], [8, 5], [1, 7], [3, 4]]}