{"Q": [[0, 1, 1], [0, 0, 1], [1, 1, 1]], "R": [[0.0, 0.0, 0.0], [1.0, 0.0, 0.0], [1.0, 1.0, 1.0], [1.0, 1.0, 1.0], [1.0, 1.0, 0.0], [1.0, 1.0, 1.0], [1.0, 0.0, 0.0], [0.0, 1.0, 0.0], [0.0, 0.0, 1.0], [0.0, 0.0, 0.0]], "T_e": [0, 91, 91, 84, 99, 53, 82, 70, 53, 0], "T_t": [[0.0, 81.8413098624405, 16.278820596099706, 47.50789408087881, 69.92138442565336, 57.28001396647874, 77.52418977325722, 65.60487786742691, 19.313207915827967, 24.020824298928627], [81.8413098624405, 0.0, 79.02531240052139, 34.539832078341085, 18.027756377319946, 90.80198235721508, 46.17358552246078, 36.24913792078372, 62.64982043070834, 73.16419889536138], [16.278820596099706, 79.02531240052139, 0.0, 46.861498055439924, 64.4980619863884, 72.2357252334328, 66.06814663663572, 70.26378868236469, 20.248456731316587, 37.36308338453881], [47.50789408087881, 34.539832078341085, 46.861498055439924, 0.0, 26.30589287593181, 64.88451279003334, 48.83646178829912, 28.0178514522438, 28.600699292150182, 40.0], [69.92138442565336, 18.027756377319946, 64.4980619863884, 26.30589287593181, 0.0, 90.07774419910837, 30.675723300355934, 41.86884283091664, 50.695167422546305, 66.12110101926616], [57.28001396647874, 90.80198235721508, 72.2357252334328, 64.88451279003334, 90.07774419910837, 0.0, 112.89375536317321, 56.08029957123981, 58.82176467941097, 35.35533905932738], [77.52418977325722, 46.17358552246078, 66.06814663663572, 48.83646178829912, 30.675723300355934, 112.89375536317321, 0.0, 71.34423592694787, 61.1310068623117, 82.85529554590944], [65.60487786742691, 36.24913792078372, 70.26378868236469, 28.0178514522438, 41.86884283091664, 56.08029957123981, 71.34423592694787, 0.0, 50.08991914547278, 48.010415536631214], [19.313207915827967, 62.64982043070834, 20.248456731316587, 28.600699292150182, 50.695167422546305, 58.82176467941097, 61.1310068623117, 50.08991914547278, 0.0, 24.041630560342615], [24.020824298928627, 73.16419889536138, 37.36308338453881, 40.0, 66.12110101926616, 35.35533905932738, 82.85529554590944, 48.010415536631214, 24.041630560342615, 0.0]], "task_locations": [[13, 77], [50, 4], [1, 66], [37, 36], [33, 10], [68, 93], [4, 0], [65, 37], [20, 59], [37, 76]], "precedence_constraints": [[3, 7]]}