{"Q": [[1, 0, 1], [0, 1, 0], [1, 1, 1]], "R": [[0.0, 0.0, 0.0], [1.0, 1.0, 0.0], [0.0, 1.0, 0.0], [1.0, 0.0, 1.0], [1.0, 0.0, 1.0], [0.0, 1.0, 0.0], [1.0, 1.0, 0.0], [1.0, 0.0, 0.0], [1.0, 0.0, 1.0], [0.0, 0.0, 0.0]], "T_e": [0, 55, 91, 89, 62, 81, 67, 80, 97, 0], "T_t": [[0.0, 55.97320787662612, 40.496913462633174, 37.64306044943742, 20.12461179749811, 21.93171219946131, 43.01162633521314, 40.19950248448356, 17.204650534085253, 53.81449618829484], [55.97320787662612, 0.0, 59.53990258641679, 18.384776310850235, 38.07886552931954, 76.48529270389177, 95.44108130150245, 41.048751503547585, 56.859475903318, 6.708203932499369], [40.496913462633174, 59.53990258641679, 0.0, 46.2709412050371, 47.16990566028302, 43.04648650006177, 50.695167422546305, 18.973665961010276, 56.85068161420758, 62.03224967708329], [37.64306044943742, 18.384776310850235, 46.2709412050371, 0.0, 20.8806130178211, 58.137767414994535, 77.38862965578342, 30.083217912982647, 40.26164427839479, 17.46424919657298], [20.12461179749811, 38.07886552931954, 47.16990566028302, 20.8806130178211, 0.0, 42.04759208325728, 62.96824596572466, 38.01315561749642, 19.4164878389476, 34.828149534535996], [21.93171219946131, 76.48529270389177, 43.04648650006177, 58.137767414994535, 42.04759208325728, 0.0, 21.37755832643195, 51.54609587543949, 34.0147027033899, 75.0], [43.01162633521314, 95.44108130150245, 50.695167422546305, 77.38862965578342, 62.96824596572466, 21.37755832643195, 0.0, 64.63745044476924, 55.08175741568164, 94.66784036831093], [40.19950248448356, 41.048751503547585, 18.973665961010276, 30.083217912982647, 38.01315561749642, 51.54609587543949, 64.63745044476924, 0.0, 53.14132102234569, 44.181444068749045], [17.204650534085253, 56.859475903318, 56.85068161420758, 40.26164427839479, 19.4164878389476, 34.0147027033899, 55.08175741568164, 53.14132102234569, 0.0, 52.839379254491625], [53.81449618829484, 6.708203932499369, 62.03224967708329, 17.46424919657298, 34.828149534535996, 75.0, 94.66784036831093, 44.181444068749045, 52.839379254491625, 0.0]], "task_locations": [[72, 49], [30, 12], [38, 71], [43, 25], [63, 31], [81, 69], [85, 90], [32, 53], [82, 35], [36, 9]], "precedence_constraints": [[4, 5], [6, 2], [1, 2]]}