{"Q": [[1, 0, 0], [0, 1, 1], [1, 0, 1]], "R": [[0.0, 0.0, 0.0], [1.0, 1.0, 1.0], [1.0, 1.0, 0.0], [1.0, 0.0, 0.0], [0.0, 1.0, 0.0], [1.0, 1.0, 1.0], [1.0, 1.0, 1.0], [1.0, 0.0, 0.0], [1.0, 0.0, 0.0], [0.0, 0.0, 0.0]], "T_e": [0, 63, 73, 93, 93, 57, 80, 98, 52, 0], "T_t": [[0.0, 104.84750831564858, 80.45495634204272, 38.600518131237564, 78.587530817554, 46.84015371452148, 16.401219466856727, 50.96076922496363, 95.77577981932593, 84.95881355103778], [104.84750831564858, 0.0, 46.32493928760188, 68.6804193347711, 77.92945527847606, 75.95393340703298, 104.80458005259122, 58.05170109479997, 15.811388300841896, 25.0], [80.45495634204272, 46.32493928760188, 0.0, 57.3149195236284, 93.98404119849285, 37.8021163428716, 87.46427842267951, 54.3323108288245, 30.59411708155671, 22.825424421026653], [38.600518131237564, 68.6804193347711, 57.3149195236284, 0.0, 49.8196748283246, 41.617304093369626, 36.124783736376884, 12.36931687685298, 62.42595614005443, 52.839379254491625], [78.587530817554, 77.92945527847606, 93.98404119849285, 49.8196748283246, 0.0, 90.52071586106685, 66.37017402418047, 43.41658669218482, 82.05485969764375, 78.08969202141856], [46.84015371452148, 75.95393340703298, 37.8021163428716, 41.617304093369626, 90.52071586106685, 0.0, 58.077534382926416, 47.50789408087881, 62.36184731067546, 51.419840528729765], [16.401219466856727, 104.80458005259122, 87.46427842267951, 36.124783736376884, 66.37017402418047, 58.077534382926416, 0.0, 47.43416490252569, 97.94896630388705, 87.80091115700337], [50.96076922496363, 58.05170109479997, 54.3323108288245, 12.36931687685298, 43.41658669218482, 47.50789408087881, 47.43416490252569, 0.0, 53.665631459994955, 45.221676218380054], [95.77577981932593, 15.811388300841896, 30.59411708155671, 62.42595614005443, 82.05485969764375, 62.36184731067546, 97.94896630388705, 53.665631459994955, 0.0, 11.180339887498949], [84.95881355103778, 25.0, 22.825424421026653, 52.839379254491625, 78.08969202141856, 51.419840528729765, 87.80091115700337, 45.221676218380054, 11.180339887498949, 0.0]], "task_locations": [[31, 2], [88, 90], [99, 45], [42, 39], [11, 78], [76, 15], [18, 12], [45, 51], [93, 75], [88, 65]], "precedence_constraints": [[1, 8], [7, 8], [2, 4]]}