{"Q": [[1, 0, 1], [0, 0, 1], [0, 1, 1]], "R": [[0.0, 0.0, 0.0], [1.0, 0.0, 1.0], [1.0, 0.0, 1.0], [1.0, 0.0, 0.0], [1.0, 1.0, 0.0], [0.0, 0.0, 1.0], [1.0, 1.0, 0.0], [0.0, 0.0, 1.0], [1.0, 1.0, 0.0], [0.0, 0.0, 0.0]], "T_e": [0, 86, 77, 68, 90, 58, 86, 78, 96, 0], "T_t": [[0.0, 74.68600939935136, 59.413803110051795, 38.07886552931954, 77.79460135510689, 31.575306807693888, 94.14881836751856, 64.07027391856539, 87.09190547921202, 87.02298546935747], [74.68600939935136, 0.0, 77.79460135510689, 36.76955262170047, 87.69264507357501, 88.41379982785493, 28.178005607210743, 91.4166286842826, 58.52349955359813, 40.311288741492746], [59.413803110051795, 77.79460135510689, 0.0, 60.8276253029822, 18.384776310850235, 38.3275357934736, 78.24321056807422, 13.892443989449804, 44.77722635447622, 58.7962583843564], [38.07886552931954, 36.76955262170047, 60.8276253029822, 0.0, 76.53757247260981, 56.824290580701486, 59.00847396772772, 72.06247289678588, 66.06814663663572, 57.9396237474839], [77.79460135510689, 87.69264507357501, 18.384776310850235, 76.53757247260981, 0.0, 55.036351623268054, 82.29216244576394, 20.024984394500787, 41.773197148410844, 60.53924347066124], [31.575306807693888, 88.41379982785493, 38.3275357934736, 56.824290580701486, 55.036351623268054, 0.0, 99.98499887483122, 37.20215047547655, 78.40918313565064, 86.03487664894976], [94.14881836751856, 28.178005607210743, 78.24321056807422, 59.00847396772772, 82.29216244576394, 99.98499887483122, 0.0, 92.00543462209176, 43.73785545725808, 22.561028345356956], [64.07027391856539, 91.4166286842826, 13.892443989449804, 72.06247289678588, 20.024984394500787, 37.20215047547655, 92.00543462209176, 0.0, 56.60388679233962, 72.12489168102785], [87.09190547921202, 58.52349955359813, 44.77722635447622, 66.06814663663572, 41.773197148410844, 78.40918313565064, 43.73785545725808, 56.60388679233962, 0.0, 21.213203435596427], [87.02298546935747, 40.311288741492746, 58.7962583843564, 57.9396237474839, 60.53924347066124, 86.03487664894976, 22.561028345356956, 72.12489168102785, 21.213203435596427, 0.0]], "task_locations": [[43, 6], [10, 73], [84, 49], [24, 39], [97, 62], [74, 12], [23, 98], [96, 42], [66, 90], [45, 93]], "precedence_constraints": [[4, 2], [7, 4], [6, 8], [7, 2], [5, 2], [6, 1]]}