{"Q": [[1, 1, 0], [0, 1, 0], [0, 1, 1]], "R": [[0.0, 0.0, 0.0], [0.0, 1.0, 1.0], [0.0, 1.0, 1.0], [0.0, 1.0, 0.0], [1.0, 0.0, 1.0], [0.0, 1.0, 0.0], [1.0, 0.0, 0.0], [1.0, 0.0, 0.0], [1.0, 1.0, 1.0], [0.0, 0.0, 0.0]], "T_e": [0, 92, 65, 81, 59, 59, 93, 67, 92, 0], "T_t": [[0.0, 61.220911460055866, 83.95236744726142, 73.37574531137656, 73.06161783043132, 41.48493702538308, 45.27692569068709, 30.265491900843113, 78.87331614684399, 45.27692569068709], [61.220911460055866, 0.0, 79.32212806020776, 76.96752561957543, 88.60022573334675, 92.04890004774636, 25.019992006393608, 45.69463863518345, 23.08679276123039, 16.55294535724685], [83.95236744726142, 79.32212806020776, 0.0, 12.649110640673518, 26.870057685088806, 74.33034373659252, 59.413803110051795, 98.48857801796105, 71.16881339463234, 72.12489168102785], [73.37574531137656, 76.96752561957543, 12.649110640673518, 0.0, 16.55294535724685, 61.68468205316454, 54.644304369257, 90.44335243676011, 72.56031973468694, 67.42403132415029], [73.06161783043132, 88.60022573334675, 26.870057685088806, 16.55294535724685, 0.0, 52.08646657242167, 64.62197768561404, 94.75230867899737, 87.02298546935747, 76.96752561957543], [41.48493702538308, 92.04890004774636, 74.33034373659252, 61.68468205316454, 52.08646657242167, 0.0, 68.94200461257273, 71.58910531638176, 102.95630140987001, 75.69015788066504], [45.27692569068709, 25.019992006393608, 59.413803110051795, 54.644304369257, 64.62197768561404, 68.94200461257273, 0.0, 43.56604182158393, 34.828149534535996, 12.806248474865697], [30.265491900843113, 45.69463863518345, 98.48857801796105, 90.44335243676011, 94.75230867899737, 71.58910531638176, 43.56604182158393, 0.0, 68.00735254367721, 35.12833614050059], [78.87331614684399, 23.08679276123039, 71.16881339463234, 72.56031973468694, 87.02298546935747, 102.95630140987001, 34.828149534535996, 68.00735254367721, 0.0, 34.48187929913333], [45.27692569068709, 16.55294535724685, 72.12489168102785, 67.42403132415029, 76.96752561957543, 75.69015788066504, 12.806248474865697, 35.12833614050059, 34.48187929913333, 0.0]], "task_locations": [[40, 4], [88, 42], [22, 86], [18, 74], [3, 67], [0, 15], [63, 43], [70, 0], [90, 65], [73, 35]], "precedence_constraints": [[2, 5], [2, 7], [5, 3]]}