{"Q": [[0, 0, 1], [1, 1, 0], [1, 0, 0]], "R": [[0.0, 0.0, 0.0], [1.0, 1.0, 1.0], [1.0, 0.0, 1.0], [1.0, 1.0, 0.0], [1.0, 1.0, 1.0], [0.0, 1.0, 0.0], [1.0, 1.0, 0.0], [1.0, 0.0, 0.0], [1.0, 1.0, 1.0], [0.0, 0.0, 0.0]], "T_e": [0, 71, 94, 77, 51, 81, 91, 54, 65, 0], "T_t": [[0.0, 54.230987451824994, 73.348483283569, 78.54934754662193, 59.23681287847955, 80.23091673413684, 49.24428900898052, 21.02379604162864, 67.08203932499369, 89.80534505250787], [54.230987451824994, 0.0, 20.12461179749811, 47.80167361086848, 68.0, 41.182520563948, 21.95449840010015, 51.0, 35.510561809129406, 69.58448102845921], [73.348483283569, 20.12461179749811, 0.0, 55.226805085936306, 85.21150157109074, 45.044422518220834, 30.675723300355934, 71.11961754677819, 45.60701700396552, 78.5175139698144], [78.54934754662193, 47.80167361086848, 55.226805085936306, 0.0, 47.12748667179272, 12.206555615733702, 69.28924880528002, 62.03224967708329, 13.038404810405298, 23.345235059857504], [59.23681287847955, 68.0, 85.21150157109074, 47.12748667179272, 0.0, 57.271284253105414, 81.74350127074322, 38.27531841800928, 45.48626166217664, 41.97618372363071], [80.23091673413684, 41.182520563948, 45.044422518220834, 12.206555615733702, 57.271284253105414, 0.0, 63.13477647065839, 66.09841147864296, 14.035668847618199, 34.785054261852174], [49.24428900898052, 21.95449840010015, 30.675723300355934, 69.28924880528002, 81.74350127074322, 63.13477647065839, 0.0, 54.817880294662984, 56.61271941887264, 90.24411338142782], [21.02379604162864, 51.0, 71.11961754677819, 62.03224967708329, 38.27531841800928, 66.09841147864296, 54.817880294662984, 0.0, 52.172789842982326, 70.2922470831599], [67.08203932499369, 35.510561809129406, 45.60701700396552, 13.038404810405298, 45.48626166217664, 14.035668847618199, 56.61271941887264, 52.172789842982326, 0.0, 34.132096331752024], [89.80534505250787, 69.58448102845921, 78.5175139698144, 23.345235059857504, 41.97618372363071, 34.785054261852174, 90.24411338142782, 70.2922470831599, 34.132096331752024, 0.0]], "task_locations": [[6, 68], [60, 73], [78, 82], [73, 27], [28, 13], [80, 37], [49, 92], [15, 49], [66, 38], [69, 4]], "precedence_constraints": [[2, 8], [6, 4], [2, 4], [5, 3], [5, 2], [2, 3]]}