{"Q": [[0, 1, 1], [1, 0, 1], [0, 1, 0]], "R": [[0.0, 0.0, 0.0], [1.0, 0.0, 0.0], [1.0, 0.0, 1.0], [0.0, 0.0, 1.0], [0.0, 1.0, 0.0], [0.0, 0.0, 1.0], [0.0, 1.0, 0.0], [1.0, 0.0, 0.0], [1.0, 1.0, 1.0], [0.0, 0.0, 0.0]], "T_e": [0, 61, 73, 74, 76, 78, 99, 62, 96, 0], "T_t": [[0.0, 43.41658669218482, 38.07886552931954, 38.47076812334269, 42.720018726587654, 32.57299494980466, 43.08131845707603, 8.06225774829855, 15.132745950421556, 32.57299494980466], [43.41658669218482, 0.0, 73.24616030891995, 80.65358020571685, 74.02702209328699, 75.64390259630977, 81.46778504415104, 35.35533905932738, 36.49657518178932, 31.78049716414141], [38.07886552931954, 73.24616030891995, 0.0, 21.213203435596427, 8.06225774829855, 25.317977802344327, 58.18934610390462, 43.41658669218482, 37.0, 70.57619995437555], [38.47076812334269, 80.65358020571685, 21.213203435596427, 0.0, 29.068883707497267, 8.06225774829855, 40.496913462633174, 46.09772228646444, 45.17742799230607, 69.1158447825099], [42.720018726587654, 74.02702209328699, 8.06225774829855, 29.068883707497267, 0.0, 33.37663853655727, 66.09841147864296, 47.01063709417264, 38.8329756778952, 74.68600939935136], [32.57299494980466, 75.64390259630977, 25.317977802344327, 8.06225774829855, 33.37663853655727, 0.0, 33.54101966249684, 40.496913462633174, 41.400483088968905, 62.0], [43.08131845707603, 81.46778504415104, 58.18934610390462, 40.496913462633174, 66.09841147864296, 33.54101966249684, 0.0, 49.64876634922564, 57.87054518492115, 55.758407437802596], [8.06225774829855, 35.35533905932738, 43.41658669218482, 46.09772228646444, 47.01063709417264, 40.496913462633174, 49.64876634922564, 0.0, 12.083045973594572, 27.784887978899608], [15.132745950421556, 36.49657518178932, 37.0, 45.17742799230607, 38.8329756778952, 41.400483088968905, 57.87054518492115, 12.083045973594572, 0.0, 38.28837943815329], [32.57299494980466, 31.78049716414141, 70.57619995437555, 69.1158447825099, 74.68600939935136, 62.0, 55.758407437802596, 27.784887978899608, 38.28837943815329, 0.0]], "task_locations": [[61, 61], [23, 82], [96, 76], [99, 55], [97, 84], [92, 51], [77, 21], [54, 65], [59, 76], [30, 51]], "precedence_constraints": [[3, 2], [1, 2], [1, 6]]}