{"Q": [[0, 1, 0], [0, 1, 1], [1, 1, 0]], "R": [[0.0, 0.0, 0.0], [0.0, 1.0, 0.0], [1.0, 0.0, 0.0], [1.0, 1.0, 1.0], [1.0, 1.0, 1.0], [0.0, 0.0, 1.0], [1.0, 0.0, 0.0], [1.0, 1.0, 0.0], [0.0, 1.0, 1.0], [0.0, 0.0, 0.0]], "T_e": [0, 81, 71, 69, 51, 80, 75, 79, 89, 0], "T_t": [[0.0, 49.01020301937138, 45.39823785126467, 54.589376255824725, 35.84689665786984, 67.62396025078685, 5.0990195135927845, 64.93843238021688, 52.354560450833695, 88.3911760301898], [49.01020301937138, 0.0, 8.06225774829855, 89.58794561770016, 44.553338819890925, 98.71676655968832, 50.15974481593781, 18.027756377319946, 52.773099207835045, 116.67476162392619], [45.39823785126467, 8.06225774829855, 0.0, 82.49242389456137, 36.796738985948195, 91.21403400793103, 47.29693436154187, 25.495097567963924, 44.721359549995796, 108.90362712049586], [54.589376255824725, 89.58794561770016, 82.49242389456137, 0.0, 47.16990566028302, 14.035668847618199, 58.60034129593445, 107.61505470890214, 51.03920062069938, 34.713109915419565], [35.84689665786984, 44.553338819890925, 36.796738985948195, 47.16990566028302, 0.0, 54.644304369257, 40.70626487409524, 62.289646009589745, 16.55294535724685, 72.12489168102785], [67.62396025078685, 98.71676655968832, 91.21403400793103, 14.035668847618199, 54.644304369257, 0.0, 71.8679344353238, 116.66190466471906, 54.405882034941776, 20.8806130178211], [5.0990195135927845, 50.15974481593781, 47.29693436154187, 58.60034129593445, 40.70626487409524, 71.8679344353238, 0.0, 65.27633568147036, 57.245087125446844, 92.69843580125827], [64.93843238021688, 18.027756377319946, 25.495097567963924, 107.61505470890214, 62.289646009589745, 116.66190466471906, 65.27633568147036, 0.0, 69.06518659932803, 134.3800580443393], [52.354560450833695, 52.773099207835045, 44.721359549995796, 51.03920062069938, 16.55294535724685, 54.405882034941776, 57.245087125446844, 69.06518659932803, 0.0, 68.26419266350405], [88.3911760301898, 116.67476162392619, 108.90362712049586, 34.713109915419565, 72.12489168102785, 20.8806130178211, 92.69843580125827, 134.3800580443393, 68.26419266350405, 0.0]], "task_locations": [[83, 66], [84, 17], [77, 21], [35, 92], [52, 48], [21, 93], [88, 67], [94, 2], [37, 41], [1, 99]], "precedence_constraints": [[6, 2], [6, 5], [2, 3]]}