{"Q": [[1, 0, 0], [0, 0, 1], [0, 1, 1]], "R": [[0.0, 0.0, 0.0], [0.0, 0.0, 1.0], [0.0, 1.0, 1.0], [0.0, 0.0, 1.0], [0.0, 0.0, 1.0], [1.0, 0.0, 0.0], [0.0, 1.0, 0.0], [0.0, 0.0, 1.0], [0.0, 0.0, 1.0], [0.0, 0.0, 0.0]], "T_e": [0, 63, 94, 60, 86, 69, 96, 50, 60, 0], "T_t": [[0.0, 51.85556864985669, 38.897300677553446, 86.53323061113575, 5.0, 109.01834707974616, 80.49844718999243, 76.11832893594026, 81.68843247363729, 56.753854494650845], [51.85556864985669, 0.0, 13.92838827718412, 35.34119409414458, 55.17245689653489, 59.481089431852205, 32.14031735997639, 40.311288741492746, 29.832867780352597, 24.20743687382041], [38.897300677553446, 13.92838827718412, 0.0, 49.24428900898052, 42.638011210655684, 70.45565981523414, 45.70557952810576, 50.28916384272063, 43.266615305567875, 31.304951684997057], [86.53323061113575, 35.34119409414458, 49.24428900898052, 0.0, 89.40357934669059, 38.3275357934736, 12.0, 35.12833614050059, 9.848857801796104, 38.01315561749642], [5.0, 55.17245689653489, 42.638011210655684, 89.40357934669059, 0.0, 113.00442469213318, 82.85529554590944, 77.12976079309465, 84.95881355103778, 58.18934610390462], [109.01834707974616, 59.481089431852205, 70.45565981523414, 38.3275357934736, 113.00442469213318, 0.0, 50.24937810560445, 73.43704787094863, 34.23448553724738, 72.99315036357864], [80.49844718999243, 32.14031735997639, 45.70557952810576, 12.0, 82.85529554590944, 50.24937810560445, 0.0, 23.194827009486403, 18.35755975068582, 27.80287754891569], [76.11832893594026, 40.311288741492746, 50.28916384272063, 35.12833614050059, 77.12976079309465, 73.43704787094863, 23.194827009486403, 0.0, 40.80441152620633, 20.024984394500787], [81.68843247363729, 29.832867780352597, 43.266615305567875, 9.848857801796104, 84.95881355103778, 34.23448553724738, 18.35755975068582, 40.80441152620633, 0.0, 38.8329756778952], [56.753854494650845, 24.20743687382041, 31.304951684997057, 38.01315561749642, 58.18934610390462, 72.99315036357864, 27.80287754891569, 20.024984394500787, 38.8329756778952, 0.0]], "task_locations": [[8, 4], [41, 44], [36, 31], [56, 76], [3, 4], [94, 71], [44, 76], [21, 79], [60, 67], [22, 59]], "precedence_constraints": [[1, 2]]}