{"Q": [[1, 0, 0], [0, 1, 0], [1, 0, 1]], "R": [[0.0, 0.0, 0.0], [1.0, 0.0, 1.0], [0.0, 1.0, 1.0], [1.0, 1.0, 1.0], [0.0, 1.0, 0.0], [0.0, 1.0, 0.0], [0.0, 1.0, 1.0], [1.0, 1.0, 1.0], [1.0, 0.0, 0.0], [0.0, 0.0, 0.0]], "T_e": [0, 82, 70, 88, 56, 75, 53, 60, 96, 0], "T_t": [[0.0, 35.014282800023196, 38.91015291668744, 67.4166151627327, 50.99019513592785, 55.326304774492215, 45.89117562233506, 40.718546143004666, 84.29116205154607, 85.5102333057278], [35.014282800023196, 0.0, 38.47076812334269, 43.04648650006177, 23.706539182259394, 20.615528128088304, 12.806248474865697, 42.04759208325728, 49.64876634922564, 51.24451190127583], [38.91015291668744, 38.47076812334269, 0.0, 81.49233092751734, 31.78049716414141, 47.80167361086848, 38.2099463490856, 72.0, 79.07591289387686, 69.6419413859206], [67.4166151627327, 43.04648650006177, 81.49233092751734, 0.0, 59.033888572581766, 42.04759208325728, 46.57252408878007, 40.01249804748511, 39.6232255123179, 58.59180830116101], [50.99019513592785, 23.706539182259394, 31.78049716414141, 59.033888572581766, 0.0, 18.35755975068582, 13.038404810405298, 65.7419196555744, 47.80167361086848, 38.47076812334269], [55.326304774492215, 20.615528128088304, 47.80167361086848, 42.04759208325728, 18.35755975068582, 0.0, 10.44030650891055, 57.38466694161429, 31.78049716414141, 30.675723300355934], [45.89117562233506, 12.806248474865697, 38.2099463490856, 46.57252408878007, 13.038404810405298, 10.44030650891055, 0.0, 53.85164807134504, 42.15447781671598, 39.6232255123179], [40.718546143004666, 42.04759208325728, 72.0, 40.01249804748511, 65.7419196555744, 57.38466694161429, 53.85164807134504, 0.0, 73.40980860893181, 85.42833253669417], [84.29116205154607, 49.64876634922564, 79.07591289387686, 39.6232255123179, 47.80167361086848, 31.78049716414141, 42.15447781671598, 73.40980860893181, 0.0, 23.0], [85.5102333057278, 51.24451190127583, 69.6419413859206, 58.59180830116101, 38.47076812334269, 30.675723300355934, 39.6232255123179, 85.42833253669417, 23.0, 0.0]], "task_locations": [[86, 50], [51, 49], [69, 15], [29, 86], [40, 28], [31, 44], [41, 41], [69, 87], [2, 57], [2, 34]], "precedence_constraints": [[1, 6], [8, 6]]}