{"Q": [[0, 0, 1], [1, 1, 0], [0, 1, 1]], "R": [[0.0, 0.0, 0.0], [0.0, 1.0, 0.0], [0.0, 1.0, 0.0], [0.0, 0.0, 1.0], [1.0, 1.0, 0.0], [0.0, 1.0, 0.0], [0.0, 1.0, 1.0], [0.0, 0.0, 1.0], [0.0, 1.0, 1.0], [0.0, 0.0, 0.0]], "T_e": [0, 77, 59, 62, 79, 60, 84, 93, 61, 0], "T_t": [[0.0, 26.0, 30.463092423455635, 46.06517122512408, 67.20119046564577, 15.0, 88.14193099768123, 27.16615541441225, 78.2368199762746, 55.0], [26.0, 0.0, 55.31726674375732, 41.30375285612676, 85.27602242131137, 16.64331697709324, 101.82828683622247, 3.1622776601683795, 100.62305898749054, 77.38862965578342], [30.463092423455635, 55.31726674375732, 0.0, 56.938563381947034, 43.68065933568311, 45.17742799230607, 68.59300255857006, 55.731499172371095, 48.83646178829912, 26.40075756488817], [46.06517122512408, 41.30375285612676, 56.938563381947034, 0.0, 62.369864518050704, 50.80354318352215, 69.8927750200262, 38.47076812334269, 85.09406559801923, 65.49045732013177], [67.20119046564577, 85.27602242131137, 43.68065933568311, 62.369864518050704, 0.0, 81.68843247363729, 26.1725046566048, 84.20213774008353, 25.632011235952593, 21.37755832643195], [15.0, 16.64331697709324, 45.17742799230607, 50.80354318352215, 81.68843247363729, 0.0, 101.59724405711013, 19.209372712298546, 93.23089616645332, 70.0], [88.14193099768123, 101.82828683622247, 68.59300255857006, 69.8927750200262, 26.1725046566048, 101.59724405711013, 0.0, 100.12492197250393, 44.204072210600685, 47.51841748206689], [27.16615541441225, 3.1622776601683795, 55.731499172371095, 38.47076812334269, 84.20213774008353, 19.209372712298546, 100.12492197250393, 0.0, 100.22474744293447, 77.07788269017254], [78.2368199762746, 100.62305898749054, 48.83646178829912, 85.09406559801923, 25.632011235952593, 93.23089616645332, 44.204072210600685, 100.22474744293447, 0.0, 23.323807579381203], [55.0, 77.38862965578342, 26.40075756488817, 65.49045732013177, 21.37755832643195, 70.0, 47.51841748206689, 77.07788269017254, 23.323807579381203, 0.0]], "task_locations": [[67, 16], [93, 16], [39, 28], [88, 57], [27, 70], [79, 7], [30, 96], [94, 19], [3, 61], [23, 49]], "precedence_constraints": [[6, 7], [5, 6], [4, 6], [7, 1], [3, 2], [4, 7]]}