{"Q": [[0, 0, 1], [1, 1, 1], [0, 1, 1]], "R": [[0.0, 0.0, 0.0], [1.0, 0.0, 1.0], [1.0, 1.0, 0.0], [1.0, 0.0, 1.0], [0.0, 0.0, 1.0], [0.0, 1.0, 0.0], [1.0, 1.0, 0.0], [1.0, 0.0, 1.0], [1.0, 0.0, 0.0], [0.0, 0.0, 0.0]], "T_e": [0, 70, 94, 94, 81, 67, 89, 58, 86, 0], "T_t": [[0.0, 36.069377593742864, 25.495097567963924, 63.245553203367585, 32.64965543462902, 70.21395872616783, 45.65084884205331, 84.30895563343196, 81.88406438373708, 73.49829930005184], [36.069377593742864, 0.0, 10.816653826391969, 34.36568055487916, 46.010868281309364, 38.3275357934736, 15.524174696260024, 77.15568676384133, 56.515484603779164, 38.48376280978771], [25.495097567963924, 10.816653826391969, 0.0, 43.01162633521314, 40.792156108742276, 46.17358552246078, 21.587033144922902, 79.51100552753688, 64.38167441127949, 49.193495504995376], [63.245553203367585, 34.36568055487916, 43.01162633521314, 0.0, 53.907327887774215, 51.86520991955976, 42.941821107167776, 55.02726596879042, 22.47220505424423, 21.02379604162864], [32.64965543462902, 46.010868281309364, 40.792156108742276, 53.907327887774215, 0.0, 84.2140130857092, 61.07372593840988, 54.12947441089743, 65.0, 71.69379331573968], [70.21395872616783, 38.3275357934736, 46.17358552246078, 51.86520991955976, 84.2140130857092, 0.0, 24.698178070456937, 105.99056561788883, 71.42128534267638, 37.20215047547655], [45.65084884205331, 15.524174696260024, 21.587033144922902, 42.941821107167776, 61.07372593840988, 24.698178070456937, 0.0, 91.21403400793103, 65.30696746902278, 39.01281840626232], [84.30895563343196, 77.15568676384133, 79.51100552753688, 55.02726596879042, 54.12947441089743, 105.99056561788883, 91.21403400793103, 0.0, 44.10215414239989, 74.95331880577403], [81.88406438373708, 56.515484603779164, 64.38167441127949, 22.47220505424423, 65.0, 71.42128534267638, 65.30696746902278, 44.10215414239989, 0.0, 35.22782990761707], [73.49829930005184, 38.48376280978771, 49.193495504995376, 21.02379604162864, 71.69379331573968, 37.20215047547655, 39.01281840626232, 74.95331880577403, 35.22782990761707, 0.0]], "task_locations": [[3, 32], [29, 57], [20, 51], [63, 52], [28, 11], [34, 95], [25, 72], [81, 0], [84, 44], [64, 73]], "precedence_constraints": [[2, 7], [3, 8], [1, 8], [4, 1]]}