{"Q": [[0, 0, 1], [1, 0, 1], [0, 1, 1]], "R": [[0.0, 0.0, 0.0], [0.0, 1.0, 0.0], [0.0, 1.0, 0.0], [0.0, 1.0, 1.0], [1.0, 0.0, 1.0], [1.0, 0.0, 1.0], [1.0, 1.0, 1.0], [0.0, 1.0, 1.0], [0.0, 0.0, 1.0], [0.0, 0.0, 0.0]], "T_e": [0, 80, 67, 66, 86, 95, 66, 97, 99, 0], "T_t": [[0.0, 67.67569726275453, 29.832867780352597, 59.93329625508679, 12.041594578792296, 65.29931086925804, 83.48652585896721, 81.49846624323675, 23.345235059857504, 84.07734534343957], [67.67569726275453, 0.0, 57.42821606144492, 10.770329614269007, 56.859475903318, 52.3450093132096, 79.05694150420949, 35.35533905932738, 61.84658438426491, 19.4164878389476], [29.832867780352597, 57.42821606144492, 0.0, 47.095647357266465, 30.4138126514911, 77.98717843338096, 101.54801819828883, 83.18653737234169, 46.87216658103186, 68.59300255857006], [59.93329625508679, 10.770329614269007, 47.095647357266465, 0.0, 49.92995093127971, 56.142675390472796, 83.2946576918352, 44.204072210600685, 57.38466694161429, 24.186773244895647], [12.041594578792296, 56.859475903318, 30.4138126514911, 49.92995093127971, 0.0, 54.378304497290095, 74.41102068914255, 69.46221994724903, 16.492422502470642, 74.09453421137081], [65.29931086925804, 52.3450093132096, 77.98717843338096, 56.142675390472796, 54.378304497290095, 0.0, 27.16615541441225, 31.144823004794873, 43.965895873961216, 70.09279563550022], [83.48652585896721, 79.05694150420949, 101.54801819828883, 83.2946576918352, 74.41102068914255, 27.16615541441225, 0.0, 52.0, 60.207972893961475, 96.0260381354974], [81.49846624323675, 35.35533905932738, 83.18653737234169, 44.204072210600685, 69.46221994724903, 31.144823004794873, 52.0, 0.0, 65.49045732013177, 47.38143096192854], [23.345235059857504, 61.84658438426491, 46.87216658103186, 57.38466694161429, 16.492422502470642, 43.965895873961216, 60.207972893961475, 65.49045732013177, 0.0, 80.65977932030313], [84.07734534343957, 19.4164878389476, 68.59300255857006, 24.186773244895647, 74.09453421137081, 70.09279563550022, 96.0260381354974, 47.38143096192854, 80.65977932030313, 0.0]], "task_locations": [[61, 3], [83, 67], [90, 10], [87, 57], [60, 15], [31, 61], [4, 64], [52, 84], [44, 19], [99, 78]], "precedence_constraints": [[4, 8]]}