{"Q": [[1, 1, 0], [0, 1, 1], [0, 0, 1]], "R": [[0.0, 0.0, 0.0], [1.0, 0.0, 0.0], [1.0, 1.0, 1.0], [1.0, 0.0, 0.0], [1.0, 0.0, 0.0], [1.0, 1.0, 0.0], [0.0, 0.0, 1.0], [1.0, 1.0, 0.0], [1.0, 0.0, 1.0], [0.0, 0.0, 0.0]], "T_e": [0, 61, 52, 69, 71, 57, 65, 93, 76, 0], "T_t": [[0.0, 45.0111097397076, 49.8196748283246, 29.0, 57.245087125446844, 18.867962264113206, 32.38826948140329, 34.66987164671943, 36.138621999185304, 54.230987451824994], [45.0111097397076, 0.0, 89.19641248391103, 68.6804193347711, 53.48831648126533, 31.016124838541646, 14.317821063276353, 38.2099463490856, 50.91168824543142, 20.615528128088304], [49.8196748283246, 89.19641248391103, 0.0, 21.095023109728988, 68.00735254367721, 68.60029154456998, 79.60527620704548, 58.034472514187634, 81.60882305241266, 89.56003573022959], [29.0, 68.6804193347711, 21.095023109728988, 0.0, 56.302753041036986, 47.634021455258214, 58.60034129593445, 41.0, 62.64982043070834, 71.00704190430693], [57.245087125446844, 53.48831648126533, 68.00735254367721, 56.302753041036986, 0.0, 61.814237842102365, 56.32051136131489, 23.08679276123039, 87.66413177577246, 38.41874542459709], [18.867962264113206, 31.016124838541646, 68.60029154456998, 47.634021455258214, 61.814237842102365, 0.0, 16.76305461424021, 39.11521443121589, 25.96150997149434, 46.010868281309364], [32.38826948140329, 14.317821063276353, 79.60527620704548, 58.60034129593445, 56.32051136131489, 16.76305461424021, 0.0, 36.40054944640259, 37.8021163428716, 31.622776601683793], [34.66987164671943, 38.2099463490856, 58.034472514187634, 41.0, 23.08679276123039, 39.11521443121589, 36.40054944640259, 0.0, 64.77653896280658, 32.01562118716424], [36.138621999185304, 50.91168824543142, 81.60882305241266, 62.64982043070834, 87.66413177577246, 25.96150997149434, 37.8021163428716, 64.77653896280658, 0.0, 69.40461079784254], [54.230987451824994, 20.615528128088304, 89.56003573022959, 71.00704190430693, 38.41874542459709, 46.010868281309364, 31.622776601683793, 32.01562118716424, 69.40461079784254, 0.0]], "task_locations": [[55, 59], [10, 58], [94, 28], [76, 39], [29, 8], [39, 69], [23, 64], [36, 30], [46, 94], [5, 38]], "precedence_constraints": [[1, 2], [4, 6], [1, 3], [8, 2], [4, 7], [1, 4]]}