{"Q": [[1, 1, 1], [0, 1, 0], [0, 1, 0]], "R": [[0.0, 0.0, 0.0], [1.0, 0.0, 0.0], [0.0, 0.0, 1.0], [1.0, 0.0, 0.0], [1.0, 0.0, 1.0], [1.0, 0.0, 0.0], [0.0, 1.0, 1.0], [0.0, 1.0, 0.0], [0.0, 1.0, 1.0], [0.0, 0.0, 0.0]], "T_e": [0, 76, 93, 68, 71, 65, 88, 87, 55, 0], "T_t": [[0.0, 63.50590523722971, 17.72004514666935, 116.77756633874505, 59.07622195096772, 100.44899203078147, 104.01922899156675, 85.23496934944014, 53.08483775994799, 106.10372283760829], [63.50590523722971, 0.0, 46.14108798023731, 62.03224967708329, 25.079872407968907, 44.01136216933077, 43.829214001622255, 46.84015371452148, 31.25699921617557, 51.54609587543949], [17.72004514666935, 46.14108798023731, 0.0, 102.00490184299969, 42.04759208325728, 85.0411665018772, 87.78382538941898, 73.16419889536138, 36.87817782917155, 91.21403400793103], [116.77756633874505, 62.03224967708329, 102.00490184299969, 0.0, 85.37564055396598, 18.027756377319946, 22.20360331117452, 37.33630940518894, 92.72000862812729, 10.816653826391969], [59.07622195096772, 25.079872407968907, 42.04759208325728, 85.37564055396598, 0.0, 67.468511173732, 65.19202405202648, 71.58910531638176, 8.48528137423857, 75.31268153505093], [100.44899203078147, 44.01136216933077, 85.0411665018772, 18.027756377319946, 67.468511173732, 0.0, 10.295630140987, 29.274562336608895, 74.72616676907762, 8.0], [104.01922899156675, 43.829214001622255, 87.78382538941898, 22.20360331117452, 65.19202405202648, 10.295630140987, 0.0, 39.05124837953327, 73.00684899377592, 15.811388300841896], [85.23496934944014, 46.84015371452148, 73.16419889536138, 37.33630940518894, 71.58910531638176, 29.274562336608895, 39.05124837953327, 0.0, 76.53103945458993, 29.274562336608895], [53.08483775994799, 31.25699921617557, 36.87817782917155, 92.72000862812729, 8.48528137423857, 74.72616676907762, 73.00684899377592, 76.53103945458993, 0.0, 82.46211251235322], [106.10372283760829, 51.54609587543949, 91.21403400793103, 10.816653826391969, 75.31268153505093, 8.0, 15.811388300841896, 29.274562336608895, 82.46211251235322, 0.0]], "task_locations": [[87, 12], [59, 69], [82, 29], [1, 91], [84, 71], [18, 85], [23, 94], [14, 56], [90, 65], [10, 85]], "precedence_constraints": [[7, 8], [2, 4], [3, 6]]}