{"Q": [[1, 0, 0], [0, 1, 1], [1, 0, 0]], "R": [[0.0, 0.0, 0.0], [0.0, 0.0, 1.0], [1.0, 0.0, 0.0], [1.0, 0.0, 1.0], [0.0, 1.0, 1.0], [0.0, 0.0, 1.0], [1.0, 0.0, 0.0], [0.0, 1.0, 1.0], [1.0, 1.0, 1.0], [0.0, 0.0, 0.0]], "T_e": [0, 61, 69, 87, 88, 60, 52, 83, 88, 0], "T_t": [[0.0, 33.52610922848042, 26.832815729997478, 18.110770276274835, 49.03060268852505, 94.2019108086455, 31.304951684997057, 41.036569057366385, 77.12976079309465, 35.4400902933387], [33.52610922848042, 0.0, 55.60575509783138, 44.04543109109048, 43.9089968002003, 63.702433234531945, 42.04759208325728, 40.19950248448356, 51.31276644267, 20.09975124224178], [26.832815729997478, 55.60575509783138, 0.0, 11.661903789690601, 75.28612089887484, 118.86967653695369, 26.30589287593181, 40.44749683231337, 87.20665112249179, 48.08326112068523], [18.110770276274835, 44.04543109109048, 11.661903789690601, 0.0, 67.08203932499369, 107.48953437428223, 18.867962264113206, 32.31098884280702, 77.0, 36.87817782917155], [49.03060268852505, 43.9089968002003, 75.28612089887484, 67.08203932499369, 0.0, 65.62011886609167, 76.10519036176179, 80.049984384758, 92.63368717696602, 62.76941930590086], [94.2019108086455, 63.702433234531945, 118.86967653695369, 107.48953437428223, 65.62011886609167, 0.0, 104.62313319720452, 98.88377015466189, 75.0, 78.54934754662193], [31.304951684997057, 42.04759208325728, 26.30589287593181, 18.867962264113206, 76.10519036176179, 104.62313319720452, 0.0, 14.142135623730951, 61.814237842102365, 26.90724809414742], [41.036569057366385, 40.19950248448356, 40.44749683231337, 32.31098884280702, 80.049984384758, 98.88377015466189, 14.142135623730951, 0.0, 48.507731342539614, 20.8806130178211], [77.12976079309465, 51.31276644267, 87.20665112249179, 77.0, 92.63368717696602, 75.0, 61.814237842102365, 48.507731342539614, 0.0, 41.773197148410844], [35.4400902933387, 20.09975124224178, 48.08326112068523, 36.87817782917155, 62.76941930590086, 78.54934754662193, 26.90724809414742, 20.8806130178211, 41.773197148410844, 0.0]], "task_locations": [[84, 65], [52, 55], [96, 89], [86, 83], [74, 17], [9, 8], [70, 93], [56, 95], [9, 83], [50, 75]], "precedence_constraints": [[6, 8], [1, 2], [1, 4]]}