{"Q": [[1, 0, 0], [1, 0, 0], [0, 1, 1]], "R": [[0.0, 0.0, 0.0], [0.0, 0.0, 1.0], [0.0, 1.0, 0.0], [1.0, 0.0, 0.0], [1.0, 0.0, 1.0], [1.0, 1.0, 1.0], [0.0, 0.0, 1.0], [1.0, 0.0, 1.0], [0.0, 1.0, 0.0], [0.0, 0.0, 0.0]], "T_e": [0, 88, 86, 93, 95, 71, 65, 70, 98, 0], "T_t": [[0.0, 24.041630560342615, 42.579337712087536, 68.62215385719105, 86.03487664894976, 52.03844732503075, 45.5411901469428, 36.138621999185304, 43.86342439892262, 61.68468205316454], [24.041630560342615, 0.0, 23.600847442411894, 61.84658438426491, 102.2154587134451, 30.364452901377952, 50.635955604688654, 44.27188724235731, 30.23243291566195, 78.49203781276162], [42.579337712087536, 23.600847442411894, 0.0, 43.289721643826724, 102.55242561733974, 11.180339887498949, 45.0, 43.278170016764804, 11.180339887498949, 81.05553651663777], [68.62215385719105, 61.84658438426491, 43.289721643826724, 0.0, 82.0792300158816, 48.25971404805462, 32.7566787083184, 40.85339643163099, 32.7566787083184, 68.46897107449476], [86.03487664894976, 102.2154587134451, 102.55242561733974, 82.0792300158816, 0.0, 113.14592347937243, 58.137767414994535, 59.665735560705194, 93.43446901438462, 24.351591323771842], [52.03844732503075, 30.364452901377952, 11.180339887498949, 48.25971404805462, 113.14592347937243, 0.0, 55.226805085936306, 54.20332093147061, 20.0, 92.00543462209176], [45.5411901469428, 50.635955604688654, 45.0, 32.7566787083184, 58.137767414994535, 55.226805085936306, 0.0, 10.0, 35.35533905932738, 39.0], [36.138621999185304, 44.27188724235731, 43.278170016764804, 40.85339643163099, 59.665735560705194, 54.20332093147061, 10.0, 0.0, 35.35533905932738, 37.8021163428716], [43.86342439892262, 30.23243291566195, 11.180339887498949, 32.7566787083184, 93.43446901438462, 20.0, 35.35533905932738, 35.35533905932738, 0.0, 72.94518489934754], [61.68468205316454, 78.49203781276162, 81.05553651663777, 68.46897107449476, 24.351591323771842, 92.00543462209176, 39.0, 37.8021163428716, 72.94518489934754, 0.0]], "task_locations": [[44, 85], [67, 92], [86, 78], [91, 35], [15, 4], [96, 83], [59, 42], [53, 50], [84, 67], [23, 27]], "precedence_constraints": [[2, 8], [2, 6], [1, 3]]}