{"Q": [[0, 1, 0], [0, 0, 1], [1, 0, 1]], "R": [[0.0, 0.0, 0.0], [1.0, 1.0, 0.0], [0.0, 1.0, 0.0], [1.0, 0.0, 1.0], [1.0, 0.0, 0.0], [1.0, 0.0, 0.0], [0.0, 1.0, 1.0], [1.0, 1.0, 0.0], [1.0, 1.0, 1.0], [0.0, 0.0, 0.0]], "T_e": [0, 62, 69, 64, 62, 93, 93, 78, 62, 0], "T_t": [[0.0, 79.40403012442127, 28.160255680657446, 83.48652585896721, 81.78630692236935, 60.53924347066124, 102.52804494381037, 50.00999900019995, 14.422205101855956, 87.20665112249179], [79.40403012442127, 0.0, 84.40379138403677, 15.652475842498529, 7.211102550927978, 20.0, 23.853720883753127, 42.638011210655684, 76.47875521999558, 31.016124838541646], [28.160255680657446, 84.40379138403677, 0.0, 83.19254774317228, 84.38009243891595, 69.31089380465383, 108.2266141020775, 44.384682042344295, 15.0, 81.74350127074322], [83.48652585896721, 15.652475842498529, 83.19254774317228, 0.0, 8.54400374531753, 30.4138126514911, 29.966648127543394, 38.948684188300895, 77.88452991448301, 15.524174696260024], [81.78630692236935, 7.211102550927978, 84.38009243891595, 8.54400374531753, 0.0, 24.73863375370596, 24.839484696748443, 41.10960958218893, 77.62087348130012, 24.041630560342615], [60.53924347066124, 20.0, 69.31089380465383, 30.4138126514911, 24.73863375370596, 0.0, 42.05948168962618, 33.734255586866, 59.405386961116584, 42.44997055358225], [102.52804494381037, 23.853720883753127, 108.2266141020775, 29.966648127543394, 24.839484696748443, 42.05948168962618, 0.0, 65.76473218982953, 100.23971268913334, 42.95346318982906], [50.00999900019995, 42.638011210655684, 44.384682042344295, 38.948684188300895, 41.10960958218893, 33.734255586866, 65.76473218982953, 0.0, 41.048751503547585, 38.2099463490856], [14.422205101855956, 76.47875521999558, 15.0, 77.88452991448301, 77.62087348130012, 59.405386961116584, 100.23971268913334, 41.048751503547585, 0.0, 79.22752047110903], [87.20665112249179, 31.016124838541646, 81.74350127074322, 15.524174696260024, 24.041630560342615, 42.44997055358225, 42.95346318982906, 38.2099463490856, 79.22752047110903, 0.0]], "task_locations": [[50, 0], [27, 76], [77, 8], [41, 83], [33, 80], [27, 56], [14, 96], [60, 49], [62, 8], [56, 87]], "precedence_constraints": [[3, 4], [3, 8], [7, 4], [4, 6]]}