{"Q": [[0, 1, 0], [1, 0, 1], [0, 0, 1]], "R": [[0.0, 0.0, 0.0], [0.0, 1.0, 0.0], [0.0, 0.0, 1.0], [0.0, 1.0, 1.0], [1.0, 0.0, 1.0], [1.0, 0.0, 1.0], [1.0, 0.0, 0.0], [1.0, 0.0, 1.0], [1.0, 0.0, 0.0], [0.0, 0.0, 0.0]], "T_e": [0, 52, 77, 64, 64, 65, 67, 72, 67, 0], "T_t": [[0.0, 33.95585369269929, 65.62011886609167, 18.788294228055936, 59.21148537234985, 22.02271554554524, 64.1248781675256, 49.49747468305833, 41.773197148410844, 31.400636936215164], [33.95585369269929, 0.0, 98.00510190801293, 50.0, 63.60031446463138, 43.86342439892262, 97.73944955850733, 57.28001396647874, 41.400483088968905, 13.152946437965905], [65.62011886609167, 98.00510190801293, 0.0, 48.010415536631214, 78.10249675906654, 72.91776189653656, 13.038404810405298, 70.45565981523414, 79.7057087039567, 97.01546268507923], [18.788294228055936, 50.0, 48.010415536631214, 0.0, 52.392747589718944, 34.9857113690718, 48.507731342539614, 42.20189569201838, 41.400483088968905, 49.72926703662542], [59.21148537234985, 63.60031446463138, 78.10249675906654, 52.392747589718944, 0.0, 81.2219182240853, 86.31338250816034, 10.198039027185569, 22.20360331117452, 73.43023900274328], [22.02271554554524, 43.86342439892262, 72.91776189653656, 34.9857113690718, 81.2219182240853, 0.0, 67.446274915669, 71.449282711585, 63.387695966961914, 34.48187929913333], [64.1248781675256, 97.73944955850733, 13.038404810405298, 48.507731342539614, 86.31338250816034, 67.446274915669, 0.0, 77.83315488916018, 84.90583018850944, 95.00526301210897], [49.49747468305833, 57.28001396647874, 70.45565981523414, 42.20189569201838, 10.198039027185569, 71.449282711585, 77.83315488916018, 0.0, 17.0, 66.03029607687671], [41.773197148410844, 41.400483088968905, 79.7057087039567, 41.400483088968905, 22.20360331117452, 63.387695966961914, 84.90583018850944, 17.0, 0.0, 51.42956348249516], [31.400636936215164, 13.152946437965905, 97.01546268507923, 49.72926703662542, 73.43023900274328, 34.48187929913333, 95.00526301210897, 66.03029607687671, 51.42956348249516, 0.0]], "task_locations": [[34, 34], [1, 42], [99, 43], [51, 42], [39, 93], [33, 12], [98, 30], [41, 83], [26, 75], [3, 29]], "precedence_constraints": [[5, 7], [1, 2], [1, 4], [3, 2], [5, 1]]}