{"Q": [[0, 1, 1], [1, 0, 1], [0, 0, 1]], "R": [[0.0, 0.0, 0.0], [1.0, 0.0, 0.0], [1.0, 1.0, 1.0], [1.0, 1.0, 0.0], [0.0, 1.0, 0.0], [1.0, 0.0, 0.0], [1.0, 0.0, 1.0], [0.0, 0.0, 1.0], [1.0, 0.0, 0.0], [0.0, 0.0, 0.0]], "T_e": [0, 88, 76, 81, 73, 94, 53, 66, 99, 0], "T_t": [[0.0, 21.095023109728988, 70.178344238091, 74.73285756613352, 98.04590761474952, 31.38470965295043, 107.41508273980894, 70.0, 54.62600113499065, 76.4198926981712], [21.095023109728988, 0.0, 72.80109889280519, 71.17583859709698, 98.95453501482385, 28.460498941515414, 94.81033698917012, 53.150729063673246, 48.010415536631214, 75.13321502504735], [70.178344238091, 72.80109889280519, 0.0, 21.213203435596427, 28.071337695236398, 44.384682042344295, 70.09279563550022, 67.11929677819934, 33.60059523282288, 14.317821063276353], [74.73285756613352, 71.17583859709698, 21.213203435596427, 0.0, 31.400636936215164, 44.181444068749045, 49.040799340956916, 50.60632371551998, 23.769728648009426, 8.54400374531753], [98.04590761474952, 98.95453501482385, 28.071337695236398, 31.400636936215164, 0.0, 70.61161377563892, 66.91038783328041, 81.34494452638098, 54.120236510939236, 24.596747752497688], [31.38470965295043, 28.460498941515414, 44.384682042344295, 44.181444068749045, 70.61161377563892, 0.0, 77.23341245859851, 45.880278987817846, 23.259406699226016, 47.16990566028302], [107.41508273980894, 94.81033698917012, 70.09279563550022, 49.040799340956916, 66.91038783328041, 77.23341245859851, 0.0, 45.5411901469428, 55.226805085936306, 56.089214649520635], [70.0, 53.150729063673246, 67.11929677819934, 50.60632371551998, 81.34494452638098, 45.880278987817846, 45.5411901469428, 0.0, 34.92849839314596, 58.82176467941097], [54.62600113499065, 48.010415536631214, 33.60059523282288, 23.769728648009426, 54.120236510939236, 23.259406699226016, 55.226805085936306, 34.92849839314596, 0.0, 29.5296461204668], [76.4198926981712, 75.13321502504735, 14.317821063276353, 8.54400374531753, 24.596747752497688, 47.16990566028302, 56.089214649520635, 58.82176467941097, 29.5296461204668, 0.0]], "task_locations": [[0, 64], [2, 43], [70, 69], [73, 48], [98, 67], [29, 52], [87, 1], [42, 8], [50, 42], [76, 56]], "precedence_constraints": [[5, 2], [1, 5], [5, 6], [8, 2], [4, 6]]}