{"Q": [[0, 1, 0], [1, 1, 0], [1, 0, 1]], "R": [[0.0, 0.0, 0.0], [1.0, 1.0, 0.0], [0.0, 1.0, 0.0], [0.0, 0.0, 1.0], [1.0, 1.0, 1.0], [0.0, 1.0, 0.0], [0.0, 0.0, 1.0], [1.0, 1.0, 0.0], [0.0, 1.0, 0.0], [0.0, 0.0, 0.0]], "T_e": [0, 55, 60, 59, 95, 78, 59, 68, 67, 0], "T_t": [[0.0, 7.0, 54.147945482723536, 28.071337695236398, 45.5411901469428, 38.01315561749642, 53.907327887774215, 33.13608305156178, 41.593268686170845, 41.10960958218893], [7.0, 0.0, 61.1310068623117, 28.442925306655784, 52.46903848937962, 41.617304093369626, 59.405386961116584, 34.48187929913333, 35.510561809129406, 47.80167361086848], [54.147945482723536, 61.1310068623117, 0.0, 60.92618484691127, 9.486832980505138, 47.634021455258214, 33.61547262794322, 58.66856057549052, 93.86160024205851, 22.67156809750927], [28.071337695236398, 28.442925306655784, 60.92618484691127, 0.0, 51.478150704935004, 19.924858845171276, 43.56604182158393, 7.0710678118654755, 58.60034129593445, 57.982756057296896], [45.5411901469428, 52.46903848937962, 9.486832980505138, 51.478150704935004, 0.0, 38.897300677553446, 28.284271247461902, 49.39635614091387, 86.02325267042627, 20.8806130178211], [38.01315561749642, 41.617304093369626, 47.634021455258214, 19.924858845171276, 38.897300677553446, 0.0, 24.020824298928627, 14.035668847618199, 75.66372975210778, 51.894122981316485], [53.907327887774215, 59.405386961116584, 33.61547262794322, 43.56604182158393, 28.284271247461902, 24.020824298928627, 0.0, 38.05259518088089, 94.86832980505137, 48.041648597857254], [33.13608305156178, 34.48187929913333, 58.66856057549052, 7.0710678118654755, 49.39635614091387, 14.035668847618199, 38.05259518088089, 0.0, 65.60487786742691, 58.412327466040935], [41.593268686170845, 35.510561809129406, 93.86160024205851, 58.60034129593445, 86.02325267042627, 75.66372975210778, 94.86832980505137, 65.60487786742691, 0.0, 76.23647421018367], [41.10960958218893, 47.80167361086848, 22.67156809750927, 57.982756057296896, 20.8806130178211, 51.894122981316485, 48.041648597857254, 58.412327466040935, 76.23647421018367, 0.0]], "task_locations": [[66, 42], [66, 35], [62, 96], [38, 40], [59, 87], [32, 59], [31, 83], [33, 45], [85, 5], [79, 81]], "precedence_constraints": [[7, 3]]}