{"Q": [[1, 0, 1], [0, 1, 0], [0, 1, 0]], "R": [[0.0, 0.0, 0.0], [1.0, 1.0, 1.0], [1.0, 0.0, 0.0], [1.0, 0.0, 0.0], [1.0, 1.0, 1.0], [0.0, 0.0, 1.0], [1.0, 1.0, 0.0], [0.0, 0.0, 1.0], [0.0, 0.0, 1.0], [0.0, 0.0, 0.0]], "T_e": [0, 78, 99, 53, 98, 83, 96, 52, 66, 0], "T_t": [[0.0, 33.28663395418648, 67.17886572427373, 39.81205847478876, 23.430749027719962, 22.80350850198276, 43.86342439892262, 42.2965719651132, 81.93289937503738, 54.20332093147061], [33.28663395418648, 0.0, 35.510561809129406, 41.677331968349414, 10.44030650891055, 34.23448553724738, 61.18823416311342, 71.19691004531025, 59.0, 21.02379604162864], [67.17886572427373, 35.510561809129406, 0.0, 55.731499172371095, 43.93176527297759, 59.033888572581766, 81.02468759581859, 98.84331034521254, 34.66987164671943, 21.0], [39.81205847478876, 41.677331968349414, 55.731499172371095, 0.0, 35.38361202590826, 17.11724276862369, 25.632011235952593, 48.08326112068523, 52.3450093132096, 56.293871780150276], [23.430749027719962, 10.44030650891055, 43.93176527297759, 35.38361202590826, 0.0, 25.0, 52.20153254455275, 60.8276253029822, 62.80127387243033, 31.38470965295043], [22.80350850198276, 34.23448553724738, 59.033888572581766, 17.11724276862369, 25.0, 0.0, 27.202941017470888, 39.81205847478876, 64.66065264130884, 53.23532661682466], [43.86342439892262, 61.18823416311342, 81.02468759581859, 25.632011235952593, 52.20153254455275, 27.202941017470888, 0.0, 26.92582403567252, 76.21679604916491, 79.05694150420949], [42.2965719651132, 71.19691004531025, 98.84331034521254, 48.08326112068523, 60.8276253029822, 39.81205847478876, 26.92582403567252, 0.0, 100.41912168506553, 91.67878707749138], [81.93289937503738, 59.0, 34.66987164671943, 52.3450093132096, 62.80127387243033, 64.66065264130884, 76.21679604916491, 100.41912168506553, 0.0, 53.48831648126533], [54.20332093147061, 21.02379604162864, 21.0, 56.293871780150276, 31.38470965295043, 53.23532661682466, 79.05694150420949, 91.67878707749138, 53.48831648126533, 0.0]], "task_locations": [[42, 2], [70, 20], [89, 50], [34, 41], [60, 17], [36, 24], [10, 32], [0, 7], [70, 79], [89, 29]], "precedence_constraints": [[6, 3], [1, 3], [1, 2], [7, 1], [6, 4], [4, 8]]}