{"Q": [[0, 0, 1], [1, 1, 0], [0, 0, 1]], "R": [[0.0, 0.0, 0.0], [0.0, 0.0, 1.0], [1.0, 1.0, 0.0], [1.0, 0.0, 0.0], [1.0, 0.0, 0.0], [1.0, 1.0, 0.0], [1.0, 0.0, 0.0], [0.0, 0.0, 1.0], [0.0, 0.0, 1.0], [0.0, 0.0, 0.0]], "T_e": [0, 61, 95, 95, 56, 88, 62, 58, 89, 0], "T_t": [[0.0, 22.090722034374522, 37.8549864614954, 50.566787519082126, 9.219544457292887, 27.784887978899608, 68.15423684555495, 31.04834939252005, 54.589376255824725, 66.2872536767062], [22.090722034374522, 0.0, 59.841457201508724, 70.60453243241541, 29.274562336608895, 12.165525060596439, 89.26925562588724, 43.86342439892262, 50.15974481593781, 86.31338250816034], [37.8549864614954, 59.841457201508724, 0.0, 30.364452901377952, 33.1058907144937, 64.8459713474939, 38.28837943815329, 36.40054944640259, 74.62573282722254, 34.132096331752024], [50.566787519082126, 70.60453243241541, 30.364452901377952, 0.0, 41.78516483155236, 70.34912934784623, 20.396078054371138, 63.60031446463138, 99.72462083156798, 58.69412236331676], [9.219544457292887, 29.274562336608895, 33.1058907144937, 41.78516483155236, 0.0, 32.01562118716424, 60.01666435249463, 36.013886210738214, 63.28506932918696, 64.4437739428721], [27.784887978899608, 12.165525060596439, 64.8459713474939, 70.34912934784623, 32.01562118716424, 0.0, 90.0499861188218, 54.405882034941776, 62.03224967708329, 94.03190947758107], [68.15423684555495, 89.26925562588724, 38.28837943815329, 20.396078054371138, 60.01666435249463, 90.0499861188218, 0.0, 74.65252842335616, 112.6454615153225, 55.10898293381942], [31.04834939252005, 43.86342439892262, 36.40054944640259, 63.60031446463138, 36.013886210738214, 54.405882034941776, 74.65252842335616, 0.0, 38.47076812334269, 47.51841748206689], [54.589376255824725, 50.15974481593781, 74.62573282722254, 99.72462083156798, 63.28506932918696, 62.03224967708329, 112.6454615153225, 38.47076812334269, 0.0, 81.74350127074322], [66.2872536767062, 86.31338250816034, 34.132096331752024, 58.69412236331676, 64.4437739428721, 94.03190947758107, 55.10898293381942, 47.51841748206689, 81.74350127074322, 0.0]], "task_locations": [[70, 49], [92, 47], [33, 57], [24, 28], [63, 43], [94, 35], [4, 32], [62, 79], [96, 97], [15, 86]], "precedence_constraints": [[6, 2], [6, 1], [4, 1], [6, 3], [2, 1], [8, 4]]}