{"Q": [[0, 1, 1], [0, 0, 1], [1, 1, 1]], "R": [[0.0, 0.0, 0.0], [1.0, 0.0, 1.0], [1.0, 0.0, 1.0], [0.0, 0.0, 1.0], [1.0, 0.0, 1.0], [1.0, 0.0, 1.0], [0.0, 1.0, 1.0], [0.0, 1.0, 1.0], [1.0, 0.0, 1.0], [0.0, 0.0, 0.0]], "T_e": [0, 59, 94, 84, 72, 80, 61, 94, 99, 0], "T_t": [[0.0, 12.165525060596439, 40.80441152620633, 38.07886552931954, 71.34423592694787, 25.019992006393608, 49.24428900898052, 60.40695324215582, 65.14598989960932, 33.97057550292606], [12.165525060596439, 0.0, 33.421549934136806, 42.638011210655684, 80.95677859203639, 26.419689627245813, 43.73785545725808, 61.032778078668514, 68.0, 44.204072210600685], [40.80441152620633, 33.421549934136806, 0.0, 76.05918747922567, 112.05802068571441, 59.64059020499378, 70.21395872616783, 93.03762679690406, 101.01980003939822, 56.00892785976178], [38.07886552931954, 42.638011210655684, 76.05918747922567, 0.0, 46.04345773288535, 17.204650534085253, 36.40054944640259, 26.248809496813376, 27.459060435491963, 60.530983801686226], [71.34423592694787, 80.95677859203639, 112.05802068571441, 46.04345773288535, 0.0, 61.18823416311342, 81.39410298049853, 58.69412236331676, 48.02082881417188, 72.71863585079137], [25.019992006393608, 26.419689627245813, 59.64059020499378, 17.204650534085253, 61.18823416311342, 0.0, 29.0, 35.510561809129406, 41.593268686170845, 54.62600113499065], [49.24428900898052, 43.73785545725808, 70.21395872616783, 36.40054944640259, 81.39410298049853, 29.0, 0.0, 30.886890422961002, 43.46262762420146, 82.15229759416349], [60.40695324215582, 61.032778078668514, 93.03762679690406, 26.248809496813376, 58.69412236331676, 35.510561809129406, 30.886890422961002, 0.0, 13.152946437965905, 86.49277426467485], [65.14598989960932, 68.0, 101.01980003939822, 27.459060435491963, 48.02082881417188, 41.593268686170845, 43.46262762420146, 13.152946437965905, 0.0, 87.05170877128145], [33.97057550292606, 44.204072210600685, 56.00892785976178, 60.530983801686226, 72.71863585079137, 54.62600113499065, 82.15229759416349, 86.49277426467485, 87.05170877128145, 0.0]], "task_locations": [[33, 29], [21, 31], [0, 5], [48, 64], [94, 66], [34, 54], [13, 74], [40, 89], [53, 91], [56, 4]], "precedence_constraints": [[6, 1], [8, 5]]}