{"Q": [[1, 1, 1], [1, 0, 0], [0, 0, 1]], "R": [[0.0, 0.0, 0.0], [0.0, 0.0, 1.0], [0.0, 0.0, 1.0], [0.0, 1.0, 1.0], [1.0, 0.0, 0.0], [0.0, 1.0, 0.0], [1.0, 1.0, 1.0], [0.0, 1.0, 0.0], [1.0, 0.0, 0.0], [0.0, 0.0, 0.0]], "T_e": [0, 79, 67, 68, 95, 74, 58, 90, 52, 0], "T_t": [[0.0, 14.422205101855956, 52.0, 61.98386886924694, 65.21502894272147, 66.2872536767062, 97.94896630388705, 59.682493245507096, 84.90583018850944, 34.88552708502482], [14.422205101855956, 0.0, 61.18823416311342, 69.00724599634447, 66.30987860040162, 62.24146527838174, 91.83681179135085, 47.01063709417264, 86.53900854527974, 39.20459156782532], [52.0, 61.18823416311342, 0.0, 14.212670403551895, 38.01315561749642, 57.0087712549569, 87.28115489611719, 84.86459803710851, 49.24428900898052, 26.40075756488817], [61.98386886924694, 69.00724599634447, 14.212670403551895, 0.0, 28.160255680657446, 50.11985634456667, 77.6659513557904, 84.87638069569178, 35.73513677041127, 30.4138126514911], [65.21502894272147, 66.30987860040162, 38.01315561749642, 28.160255680657446, 0.0, 23.345235059857504, 49.64876634922564, 65.45991139621256, 20.248456731316587, 31.11269837220809], [66.2872536767062, 62.24146527838174, 57.0087712549569, 50.11985634456667, 23.345235059857504, 0.0, 32.984845004941285, 46.17358552246078, 36.40054944640259, 39.45883931389772], [97.94896630388705, 91.83681179135085, 87.28115489611719, 77.6659513557904, 49.64876634922564, 32.984845004941285, 0.0, 60.8276253029822, 49.92995093127971, 72.3671196055225], [59.682493245507096, 47.01063709417264, 84.86459803710851, 84.87638069569178, 65.45991139621256, 46.17358552246078, 60.8276253029822, 0.0, 82.20097323024831, 58.728187440104094], [84.90583018850944, 86.53900854527974, 49.24428900898052, 35.73513677041127, 20.248456731316587, 36.40054944640259, 49.92995093127971, 82.20097323024831, 0.0, 50.21951811795888], [34.88552708502482, 39.20459156782532, 26.40075756488817, 30.4138126514911, 31.11269837220809, 39.45883931389772, 72.3671196055225, 58.728187440104094, 50.21951811795888, 0.0]], "task_locations": [[26, 5], [18, 17], [78, 5], [87, 16], [79, 43], [63, 60], [71, 92], [17, 64], [98, 50], [57, 21]], "precedence_constraints": [[6, 7], [6, 2]]}