{"Q": [[0, 1, 1], [0, 0, 1], [1, 1, 0]], "R": [[0.0, 0.0, 0.0], [0.0, 1.0, 1.0], [0.0, 1.0, 0.0], [0.0, 0.0, 1.0], [1.0, 0.0, 0.0], [0.0, 0.0, 1.0], [1.0, 0.0, 0.0], [1.0, 0.0, 1.0], [1.0, 1.0, 0.0], [0.0, 0.0, 0.0]], "T_e": [0, 75, 72, 64, 83, 69, 80, 98, 85, 0], "T_t": [[0.0, 73.00684899377592, 22.67156809750927, 48.703182647543684, 40.36087214122113, 91.58602513484249, 41.048751503547585, 25.0, 37.656340767525464, 60.728905802755904], [73.00684899377592, 0.0, 62.76941930590086, 41.400483088968905, 45.880278987817846, 31.78049716414141, 37.48332962798263, 82.49242389456137, 35.4400902933387, 37.33630940518894], [22.67156809750927, 62.76941930590086, 0.0, 29.017236257093817, 46.09772228646444, 87.69264507357501, 41.6293165929973, 19.72308292331602, 29.732137494637012, 41.10960958218893], [48.703182647543684, 41.400483088968905, 29.017236257093817, 0.0, 49.76946855251722, 71.55417527999327, 40.80441152620633, 46.87216658103186, 24.698178070456937, 12.165525060596439], [40.36087214122113, 45.880278987817846, 46.09772228646444, 49.76946855251722, 0.0, 54.08326913195984, 9.899494936611665, 61.26989472816156, 25.079872407968907, 57.14017850864661], [91.58602513484249, 31.78049716414141, 87.69264507357501, 71.55417527999327, 54.08326913195984, 0.0, 50.60632371551998, 106.83164325236227, 57.982756057296896, 68.96375859826666], [41.048751503547585, 37.48332962798263, 41.6293165929973, 40.80441152620633, 9.899494936611665, 50.60632371551998, 0.0, 58.82176467941097, 16.278820596099706, 47.50789408087881], [25.0, 82.49242389456137, 19.72308292331602, 46.87216658103186, 61.26989472816156, 106.83164325236227, 58.82176467941097, 0.0, 48.91829923454004, 58.42088667591412], [37.656340767525464, 35.4400902933387, 29.732137494637012, 24.698178070456937, 25.079872407968907, 57.982756057296896, 16.278820596099706, 48.91829923454004, 0.0, 32.64965543462902], [60.728905802755904, 37.33630940518894, 41.10960958218893, 12.165525060596439, 57.14017850864661, 68.96375859826666, 47.50789408087881, 58.42088667591412, 32.64965543462902, 0.0]], "task_locations": [[68, 14], [51, 85], [83, 31], [84, 60], [38, 41], [20, 92], [45, 48], [93, 14], [61, 51], [86, 72]], "precedence_constraints": [[2, 1], [4, 6], [6, 1], [7, 5], [3, 1]]}