{"Q": [[0, 0, 1], [0, 1, 1], [1, 0, 1]], "R": [[0.0, 0.0, 0.0], [0.0, 1.0, 0.0], [0.0, 1.0, 0.0], [1.0, 1.0, 1.0], [1.0, 0.0, 1.0], [0.0, 1.0, 0.0], [0.0, 0.0, 1.0], [1.0, 0.0, 0.0], [1.0, 1.0, 1.0], [0.0, 0.0, 0.0]], "T_e": [0, 55, 60, 90, 94, 67, 69, 76, 98, 0], "T_t": [[0.0, 46.52956049652737, 62.64982043070834, 26.076809620810597, 30.066592756745816, 16.15549442140351, 30.0, 32.449961479175904, 53.600373133029585, 29.154759474226502], [46.52956049652737, 0.0, 50.59644256269407, 40.70626487409524, 22.825424421026653, 47.51841748206689, 65.12296062065974, 42.37924020083418, 79.12016177940993, 67.35725647619564], [62.64982043070834, 50.59644256269407, 0.0, 37.0, 38.897300677553446, 75.16648189186454, 92.17917335276988, 31.04834939252005, 51.10772935672255, 60.07495318350236], [26.076809620810597, 40.70626487409524, 37.0, 0.0, 17.88854381999832, 40.311288741492746, 56.0357029044876, 6.4031242374328485, 39.05124837953327, 29.154759474226502], [30.066592756745816, 22.825424421026653, 38.897300677553446, 17.88854381999832, 0.0, 38.27531841800928, 56.32051136131489, 20.223748416156685, 56.61271941887264, 45.27692569068709], [16.15549442140351, 47.51841748206689, 75.16648189186454, 40.311288741492746, 38.27531841800928, 0.0, 18.24828759089466, 46.66904755831214, 69.6419413859206, 44.10215414239989], [30.0, 65.12296062065974, 92.17917335276988, 56.0357029044876, 56.32051136131489, 18.24828759089466, 0.0, 62.42595614005443, 79.17701686727027, 51.478150704935004], [32.449961479175904, 42.37924020083418, 31.04834939252005, 6.4031242374328485, 20.223748416156685, 46.66904755831214, 62.42595614005443, 0.0, 36.76955262170047, 31.953090617340916], [53.600373133029585, 79.12016177940993, 51.10772935672255, 39.05124837953327, 56.61271941887264, 69.6419413859206, 79.17701686727027, 36.76955262170047, 0.0, 28.0178514522438], [29.154759474226502, 67.35725647619564, 60.07495318350236, 29.154759474226502, 45.27692569068709, 44.10215414239989, 51.478150704935004, 31.953090617340916, 28.0178514522438, 0.0]], "task_locations": [[68, 71], [90, 30], [42, 14], [54, 49], [70, 41], [83, 77], [86, 95], [50, 44], [16, 58], [39, 74]], "precedence_constraints": [[2, 1]]}