{"Q": [[0, 0, 1], [1, 1, 0], [0, 1, 0]], "R": [[0.0, 0.0, 0.0], [1.0, 1.0, 0.0], [0.0, 1.0, 0.0], [1.0, 1.0, 1.0], [1.0, 0.0, 1.0], [1.0, 0.0, 0.0], [1.0, 1.0, 0.0], [0.0, 1.0, 0.0], [0.0, 1.0, 1.0], [0.0, 0.0, 0.0]], "T_e": [0, 92, 83, 63, 76, 82, 90, 75, 55, 0], "T_t": [[0.0, 43.41658669218482, 37.12142238654117, 26.90724809414742, 27.586228448267445, 26.570660511172846, 54.589376255824725, 39.11521443121589, 12.36931687685298, 41.10960958218893], [43.41658669218482, 0.0, 65.79513659838392, 23.08679276123039, 38.600518131237564, 67.02984409947557, 61.1310068623117, 81.39410298049853, 55.78530272392541, 68.76772498781678], [37.12142238654117, 65.79513659838392, 0.0, 59.61543424315552, 27.80287754891569, 50.99019513592785, 31.016124838541646, 53.81449618829484, 35.17101079013795, 4.0], [26.90724809414742, 23.08679276123039, 59.61543424315552, 0.0, 38.01315561749642, 45.89117562233506, 66.27216610312357, 60.876925020897694, 38.27531841800928, 63.324560795950255], [27.586228448267445, 38.600518131237564, 27.80287754891569, 38.01315561749642, 0.0, 52.69724850502159, 28.861739379323623, 62.39390995922599, 35.35533905932738, 30.4138126514911], [26.570660511172846, 67.02984409947557, 50.99019513592785, 45.89117562233506, 52.69724850502159, 0.0, 76.48529270389177, 15.231546211727817, 17.69180601295413, 54.62600113499065], [54.589376255824725, 61.1310068623117, 31.016124838541646, 66.27216610312357, 28.861739379323623, 76.48529270389177, 0.0, 82.61961026293939, 58.89821729050889, 29.832867780352597], [39.11521443121589, 81.39410298049853, 53.81449618829484, 60.876925020897694, 62.39390995922599, 15.231546211727817, 82.61961026293939, 0.0, 27.65863337187866, 56.85068161420758], [12.36931687685298, 55.78530272392541, 35.17101079013795, 38.27531841800928, 35.35533905932738, 17.69180601295413, 58.89821729050889, 27.65863337187866, 0.0, 39.05124837953327], [41.10960958218893, 68.76772498781678, 4.0, 63.324560795950255, 30.4138126514911, 54.62600113499065, 29.832867780352597, 56.85068161420758, 39.05124837953327, 0.0]], "task_locations": [[81, 47], [92, 5], [44, 50], [99, 27], [61, 28], [90, 72], [33, 21], [84, 86], [78, 59], [40, 50]], "precedence_constraints": [[6, 4], [6, 8], [1, 5], [1, 3], [3, 5]]}