{"Q": [[0, 1, 1], [0, 1, 0], [1, 0, 1]], "R": [[0.0, 0.0, 0.0], [1.0, 1.0, 1.0], [0.0, 1.0, 0.0], [1.0, 0.0, 0.0], [1.0, 0.0, 1.0], [0.0, 0.0, 1.0], [0.0, 0.0, 1.0], [0.0, 1.0, 0.0], [1.0, 0.0, 0.0], [0.0, 0.0, 0.0]], "T_e": [0, 80, 94, 58, 94, 58, 94, 82, 61, 0], "T_t": [[0.0, 88.75246475450696, 21.095023109728988, 33.24154027718932, 57.8013840664737, 28.460498941515414, 33.95585369269929, 87.65842800324451, 27.51363298439521, 39.824615503479755], [88.75246475450696, 0.0, 67.67569726275453, 84.72307831990054, 81.60882305241266, 61.71709649683789, 70.21395872616783, 89.08984229416954, 99.24716620639605, 52.20153254455275], [21.095023109728988, 67.67569726275453, 0.0, 34.20526275297414, 51.22499389946279, 9.219544457292887, 24.20743687382041, 78.74642849044012, 38.07886552931954, 21.18962010041709], [33.24154027718932, 84.72307831990054, 34.20526275297414, 0.0, 84.86459803710851, 42.720018726587654, 58.0, 112.92918134831227, 60.728905802755904, 34.0147027033899], [57.8013840664737, 81.60882305241266, 51.22499389946279, 84.86459803710851, 0.0, 44.41846462902562, 27.018512172212592, 30.083217912982647, 41.10960958218893, 65.0], [28.460498941515414, 61.71709649683789, 9.219544457292887, 42.720018726587654, 44.41846462902562, 0.0, 18.027756377319946, 70.7248188403477, 39.35733730830886, 22.090722034374522], [33.95585369269929, 70.21395872616783, 24.20743687382041, 58.0, 27.018512172212592, 18.027756377319946, 0.0, 55.21775076911409, 30.0, 39.81205847478876], [87.65842800324451, 89.08984229416954, 78.74642849044012, 112.92918134831227, 30.083217912982647, 70.7248188403477, 55.21775076911409, 0.0, 70.40596565632774, 88.60022573334675], [27.51363298439521, 99.24716620639605, 38.07886552931954, 60.728905802755904, 41.10960958218893, 39.35733730830886, 30.0, 70.40596565632774, 0.0, 59.20304046246274], [39.824615503479755, 52.20153254455275, 21.18962010041709, 34.0147027033899, 65.0, 22.090722034374522, 39.81205847478876, 88.60022573334675, 59.20304046246274, 0.0]], "task_locations": [[56, 88], [7, 14], [45, 70], [24, 97], [85, 38], [47, 61], [64, 55], [96, 10], [82, 79], [25, 63]], "precedence_constraints": [[6, 2]]}