{"Q": [[0, 1, 0], [0, 1, 1], [1, 0, 1]], "R": [[0.0, 0.0, 0.0], [1.0, 0.0, 0.0], [1.0, 0.0, 0.0], [1.0, 0.0, 0.0], [0.0, 0.0, 1.0], [0.0, 1.0, 0.0], [1.0, 1.0, 1.0], [1.0, 0.0, 1.0], [1.0, 1.0, 1.0], [0.0, 0.0, 0.0]], "T_e": [0, 83, 86, 76, 83, 63, 77, 67, 68, 0], "T_t": [[0.0, 93.38094023943002, 91.54780172128658, 78.00640999302557, 67.08203932499369, 47.38143096192854, 51.97114584074513, 112.69871339105873, 89.02246907382428, 38.0], [93.38094023943002, 0.0, 5.385164807134504, 22.02271554554524, 34.92849839314596, 73.08214556237385, 59.43904440685432, 19.72308292331602, 44.77722635447622, 70.68238818828917], [91.54780172128658, 5.385164807134504, 0.0, 24.331050121192877, 30.675723300355934, 68.9492567037528, 60.530983801686226, 21.213203435596427, 39.395431207184416, 67.11929677819934], [78.00640999302557, 22.02271554554524, 24.331050121192877, 0.0, 35.84689665786984, 69.00724599634447, 37.94733192202055, 40.52159917870962, 56.568542494923804, 63.50590523722971], [67.08203932499369, 34.92849839314596, 30.675723300355934, 35.84689665786984, 0.0, 38.27531841800928, 54.230987451824994, 50.60632371551998, 26.92582403567252, 37.20215047547655], [47.38143096192854, 73.08214556237385, 68.9492567037528, 69.00724599634447, 38.27531841800928, 0.0, 67.95586803212802, 88.56635930193812, 48.60041152089147, 10.816653826391969], [51.97114584074513, 59.43904440685432, 60.530983801686226, 37.94733192202055, 54.230987451824994, 67.95586803212802, 0.0, 78.44743462982075, 80.99382692526635, 58.180752831155424], [112.69871339105873, 19.72308292331602, 21.213203435596427, 40.52159917870962, 50.60632371551998, 88.56635930193812, 78.44743462982075, 0.0, 51.0098029794274, 87.66413177577246], [89.02246907382428, 44.77722635447622, 39.395431207184416, 56.568542494923804, 26.92582403567252, 48.60041152089147, 80.99382692526635, 51.0098029794274, 0.0, 53.225933528685054], [38.0, 70.68238818828917, 67.11929677819934, 63.50590523722971, 37.20215047547655, 10.816653826391969, 58.180752831155424, 87.66413177577246, 53.225933528685054, 0.0]], "task_locations": [[87, 7], [19, 71], [17, 66], [41, 70], [27, 37], [40, 1], [77, 58], [2, 81], [1, 30], [49, 7]], "precedence_constraints": [[8, 3], [5, 4], [5, 6]]}