{"Q": [[0, 1, 0], [1, 0, 0], [1, 1, 1]], "R": [[0.0, 0.0, 0.0], [1.0, 1.0, 1.0], [1.0, 1.0, 0.0], [1.0, 0.0, 1.0], [0.0, 0.0, 1.0], [0.0, 0.0, 1.0], [1.0, 1.0, 0.0], [0.0, 0.0, 1.0], [0.0, 1.0, 1.0], [0.0, 0.0, 0.0]], "T_e": [0, 61, 92, 89, 68, 93, 69, 68, 63, 0], "T_t": [[0.0, 16.278820596099706, 13.601470508735444, 38.8329756778952, 82.49242389456137, 36.069377593742864, 25.632011235952593, 61.29437168288782, 12.165525060596439, 92.43916918709297], [16.278820596099706, 0.0, 29.154759474226502, 24.839484696748443, 82.86132994346639, 47.41307836451879, 32.64965543462902, 52.630789467763066, 16.64331697709324, 99.35793878699377], [13.601470508735444, 29.154759474226502, 0.0, 52.43090691567332, 90.0222194794152, 36.24913792078372, 32.0624390837628, 73.78346698278686, 23.853720883753127, 94.54099639838793], [38.8329756778952, 24.839484696748443, 52.43090691567332, 0.0, 72.67048919609665, 58.077534382926416, 41.048751503547585, 32.14031735997639, 31.622776601683793, 98.22932352408826], [82.49242389456137, 82.86132994346639, 90.0222194794152, 72.67048919609665, 0.0, 59.481089431852205, 58.0, 47.20169488482379, 70.8590149522275, 39.11521443121589], [36.069377593742864, 47.41307836451879, 36.24913792078372, 58.077534382926416, 59.481089431852205, 0.0, 17.029386365926403, 62.177166226839255, 30.870698080866262, 58.309518948453004], [25.632011235952593, 32.64965543462902, 32.0624390837628, 41.048751503547585, 58.0, 17.029386365926403, 0.0, 48.41487374764082, 16.278820596099706, 67.42403132415029], [61.29437168288782, 52.630789467763066, 73.78346698278686, 32.14031735997639, 47.20169488482379, 62.177166226839255, 48.41487374764082, 0.0, 49.92995093127971, 80.95677859203639], [12.165525060596439, 16.64331697709324, 23.853720883753127, 31.622776601683793, 70.8590149522275, 30.870698080866262, 16.278820596099706, 49.92995093127971, 0.0, 83.60023923410746], [92.43916918709297, 99.35793878699377, 94.54099639838793, 98.22932352408826, 39.11521443121589, 58.309518948453004, 67.42403132415029, 80.95677859203639, 83.60023923410746, 0.0]], "task_locations": [[58, 9], [74, 12], [47, 1], [90, 31], [49, 91], [32, 34], [49, 33], [87, 63], [60, 21], [10, 88]], "precedence_constraints": [[5, 6], [8, 1], [2, 8], [2, 1]]}