{"Q": [[0, 1, 0], [0, 0, 1], [1, 1, 0]], "R": [[0.0, 0.0, 0.0], [0.0, 1.0, 0.0], [1.0, 0.0, 1.0], [0.0, 1.0, 1.0], [1.0, 1.0, 0.0], [0.0, 0.0, 1.0], [1.0, 0.0, 0.0], [0.0, 0.0, 1.0], [0.0, 0.0, 1.0], [0.0, 0.0, 0.0]], "T_e": [0, 80, 95, 62, 81, 96, 79, 96, 98, 0], "T_t": [[0.0, 78.10249675906654, 50.32891812864648, 23.853720883753127, 65.30696746902278, 68.6804193347711, 77.20103626247513, 41.23105625617661, 72.17340230306452, 42.15447781671598], [78.10249675906654, 0.0, 29.0, 89.02246907382428, 13.0, 10.04987562112089, 65.5133574166368, 103.73041983911952, 13.601470508735444, 50.24937810560445], [50.32891812864648, 29.0, 0.0, 60.03332407921454, 17.72004514666935, 19.026297590440446, 65.73431371817918, 81.32035415564789, 28.178005607210743, 34.92849839314596], [23.853720883753127, 89.02246907382428, 60.03332407921454, 0.0, 77.31752712031083, 79.00632886041473, 99.90495483208028, 60.07495318350236, 86.31338250816034, 63.245553203367585], [65.30696746902278, 13.0, 17.72004514666935, 77.31752712031083, 0.0, 6.324555320336759, 59.033888572581766, 91.02197536858887, 11.313708498984761, 38.28837943815329], [68.6804193347711, 10.04987562112089, 19.026297590440446, 79.00632886041473, 6.324555320336759, 0.0, 65.12296062065974, 96.21330469326995, 15.231546211727817, 44.204072210600685], [77.20103626247513, 65.5133574166368, 65.73431371817918, 99.90495483208028, 59.033888572581766, 65.12296062065974, 0.0, 72.24956747275377, 51.97114584074513, 37.8021163428716], [41.23105625617661, 103.73041983911952, 81.32035415564789, 60.07495318350236, 91.02197536858887, 96.21330469326995, 72.24956747275377, 0.0, 93.53608929178085, 54.56189146281496], [72.17340230306452, 13.601470508735444, 28.178005607210743, 86.31338250816034, 11.313708498984761, 15.231546211727817, 51.97114584074513, 93.53608929178085, 0.0, 39.11521443121589], [42.15447781671598, 50.24937810560445, 34.92849839314596, 63.245553203367585, 38.28837943815329, 44.204072210600685, 37.8021163428716, 54.56189146281496, 39.11521443121589, 0.0]], "task_locations": [[45, 21], [27, 97], [27, 68], [25, 8], [32, 85], [26, 87], [91, 83], [85, 11], [40, 93], [61, 60]], "precedence_constraints": [[8, 1]]}