{"Q": [[0, 1, 1], [0, 1, 0], [1, 1, 0]], "R": [[0.0, 0.0, 0.0], [0.0, 1.0, 0.0], [0.0, 1.0, 0.0], [0.0, 1.0, 1.0], [1.0, 1.0, 1.0], [0.0, 0.0, 1.0], [0.0, 0.0, 1.0], [0.0, 1.0, 0.0], [1.0, 1.0, 0.0], [0.0, 0.0, 0.0]], "T_e": [0, 54, 76, 55, 65, 64, 56, 52, 83, 0], "T_t": [[0.0, 44.721359549995796, 34.48187929913333, 19.6468827043885, 72.12489168102785, 37.107950630558946, 62.96824596572466, 77.07788269017254, 30.805843601498726, 43.18564576337837], [44.721359549995796, 0.0, 71.8679344353238, 28.178005607210743, 28.178005607210743, 8.06225774829855, 38.01315561749642, 47.29693436154187, 43.04648650006177, 38.897300677553446], [34.48187929913333, 71.8679344353238, 0.0, 43.829214001622255, 99.98499887483122, 65.80273550544841, 96.82974749528164, 110.63453348751464, 64.62197768561404, 49.01020301937138], [19.6468827043885, 28.178005607210743, 43.829214001622255, 0.0, 56.356011214421486, 22.02271554554524, 56.36488268416781, 69.1158447825099, 37.0, 27.294688127912362], [72.12489168102785, 28.178005607210743, 99.98499887483122, 56.356011214421486, 0.0, 35.11409973215888, 36.069377593742864, 35.84689665786984, 62.64982043070834, 62.20128616033595], [37.107950630558946, 8.06225774829855, 65.80273550544841, 22.02271554554524, 35.11409973215888, 0.0, 37.656340767525464, 48.84669896727925, 35.805027579936315, 38.2099463490856], [62.96824596572466, 38.01315561749642, 96.82974749528164, 56.36488268416781, 36.069377593742864, 37.656340767525464, 0.0, 14.422205101855956, 39.395431207184416, 75.8023746329889], [77.07788269017254, 47.29693436154187, 110.63453348751464, 69.1158447825099, 35.84689665786984, 48.84669896727925, 14.422205101855956, 0.0, 53.665631459994955, 86.1278120005379], [30.805843601498726, 43.04648650006177, 64.62197768561404, 37.0, 62.64982043070834, 35.805027579936315, 39.395431207184416, 53.665631459994955, 0.0, 64.07807737440318], [43.18564576337837, 38.897300677553446, 49.01020301937138, 27.294688127912362, 62.20128616033595, 38.2099463490856, 75.8023746329889, 86.1278120005379, 64.07807737440318, 0.0]], "task_locations": [[41, 21], [49, 65], [11, 4], [36, 40], [62, 90], [50, 57], [87, 64], [95, 76], [71, 28], [12, 53]], "precedence_constraints": [[7, 2], [8, 2], [7, 1], [6, 1]]}