{"Q": [[1, 1, 0], [0, 0, 1], [0, 1, 0]], "R": [[0.0, 0.0, 0.0], [1.0, 0.0, 0.0], [1.0, 1.0, 1.0], [0.0, 0.0, 1.0], [1.0, 0.0, 0.0], [0.0, 0.0, 1.0], [0.0, 0.0, 1.0], [0.0, 1.0, 1.0], [1.0, 0.0, 1.0], [0.0, 0.0, 0.0]], "T_e": [0, 65, 86, 93, 82, 63, 65, 92, 63, 0], "T_t": [[0.0, 32.449961479175904, 80.00624975587844, 101.67103815738285, 18.867962264113206, 39.395431207184416, 49.678969393496885, 27.586228448267445, 41.19465984809196, 13.892443989449804], [32.449961479175904, 0.0, 68.0294054067798, 109.55363982999378, 37.05401462729781, 63.0317380372777, 62.297672508690084, 47.01063709417264, 32.526911934581186, 40.52159917870962], [80.00624975587844, 68.0294054067798, 0.0, 63.00793600809346, 64.6297145282261, 72.94518489934754, 52.20153254455275, 63.89053137985315, 39.319206502675, 73.824115301167], [101.67103815738285, 109.55363982999378, 63.00793600809346, 0.0, 82.97590011563598, 68.94200461257273, 52.009614495783374, 74.4043009509531, 77.89736837660179, 88.81441324469807], [18.867962264113206, 37.05401462729781, 64.6297145282261, 82.97590011563598, 0.0, 26.0, 31.11269837220809, 10.44030650891055, 28.653097563788805, 9.219544457292887], [39.395431207184416, 63.0317380372777, 72.94518489934754, 68.94200461257273, 26.0, 0.0, 22.360679774997898, 16.278820596099706, 47.16990566028302, 25.632011235952593], [49.678969393496885, 62.297672508690084, 52.20153254455275, 52.009614495783374, 31.11269837220809, 22.360679774997898, 0.0, 22.47220505424423, 36.124783736376884, 36.89173349139343], [27.586228448267445, 47.01063709417264, 63.89053137985315, 74.4043009509531, 10.44030650891055, 16.278820596099706, 22.47220505424423, 0.0, 32.55764119219941, 14.422205101855956], [41.19465984809196, 32.526911934581186, 39.319206502675, 77.89736837660179, 28.653097563788805, 47.16990566028302, 36.124783736376884, 32.55764119219941, 0.0, 37.57658845611187], [13.892443989449804, 40.52159917870962, 73.824115301167, 88.81441324469807, 9.219544457292887, 25.632011235952593, 36.89173349139343, 14.422205101855956, 37.57658845611187, 0.0]], "task_locations": [[67, 81], [94, 63], [66, 1], [3, 2], [57, 65], [31, 65], [35, 43], [47, 62], [71, 40], [55, 74]], "precedence_constraints": [[4, 5]]}