{"Q": [[0, 1, 1], [1, 0, 0], [0, 1, 1]], "R": [[0.0, 0.0, 0.0], [0.0, 0.0, 1.0], [0.0, 0.0, 1.0], [1.0, 0.0, 0.0], [1.0, 1.0, 1.0], [1.0, 1.0, 1.0], [0.0, 1.0, 1.0], [1.0, 1.0, 1.0], [0.0, 0.0, 1.0], [0.0, 0.0, 0.0]], "T_e": [0, 73, 93, 80, 88, 71, 83, 87, 82, 0], "T_t": [[0.0, 52.23983154643591, 94.03190947758107, 31.144823004794873, 83.21658488546619, 37.21558813185679, 25.495097567963924, 30.265491900843113, 35.510561809129406, 17.46424919657298], [52.23983154643591, 0.0, 53.33854141237835, 33.12099032335839, 31.016124838541646, 57.688820407423826, 65.52098900352466, 61.326992425847855, 26.076809620810597, 35.014282800023196], [94.03190947758107, 53.33854141237835, 0.0, 63.52952069707436, 45.17742799230607, 76.2954782408499, 94.25497334358543, 85.61541917201598, 58.52349955359813, 77.80102827083971], [31.144823004794873, 33.12099032335839, 63.52952069707436, 0.0, 61.84658438426491, 24.839484696748443, 34.058772731852805, 28.460498941515414, 7.280109889280518, 18.027756377319946], [83.21658488546619, 31.016124838541646, 45.17742799230607, 61.84658438426491, 0.0, 84.86459803710851, 95.524865872714, 90.24965373894794, 54.57105459856901, 66.03029607687671], [37.21558813185679, 57.688820407423826, 76.2954782408499, 24.839484696748443, 84.86459803710851, 0.0, 20.518284528683193, 10.63014581273465, 31.622776601683793, 35.4682957019364], [25.495097567963924, 65.52098900352466, 94.25497334358543, 34.058772731852805, 95.524865872714, 20.518284528683193, 0.0, 9.899494936611665, 41.19465984809196, 33.83784863137726], [30.265491900843113, 61.326992425847855, 85.61541917201598, 28.460498941515414, 90.24965373894794, 10.63014581273465, 9.899494936611665, 0.0, 35.73513677041127, 33.421549934136806], [35.510561809129406, 26.076809620810597, 58.52349955359813, 7.280109889280518, 54.57105459856901, 31.622776601683793, 41.19465984809196, 35.73513677041127, 0.0, 19.849433241279208], [17.46424919657298, 35.014282800023196, 77.80102827083971, 18.027756377319946, 66.03029607687671, 35.4682957019364, 33.83784863137726, 33.421549934136806, 19.849433241279208, 0.0]], "task_locations": [[14, 83], [19, 31], [65, 4], [35, 60], [20, 0], [51, 79], [37, 94], [44, 87], [33, 53], [18, 66]], "precedence_constraints": [[3, 8]]}