{"Q": [[1, 1, 0], [0, 1, 1], [0, 1, 1]], "R": [[0.0, 0.0, 0.0], [1.0, 0.0, 1.0], [1.0, 0.0, 1.0], [0.0, 1.0, 1.0], [0.0, 0.0, 1.0], [0.0, 0.0, 1.0], [1.0, 1.0, 0.0], [0.0, 0.0, 1.0], [0.0, 1.0, 0.0], [0.0, 0.0, 0.0]], "T_e": [0, 97, 56, 69, 91, 70, 85, 96, 77, 0], "T_t": [[0.0, 80.45495634204272, 3.0, 32.64965543462902, 92.69843580125827, 70.21395872616783, 35.4682957019364, 29.832867780352597, 66.85057965343307, 47.38143096192854], [80.45495634204272, 0.0, 82.09750300709517, 54.817880294662984, 20.0, 42.05948168962618, 66.03786792439622, 109.20164833920778, 18.973665961010276, 53.31041174104736], [3.0, 82.09750300709517, 0.0, 35.34119409414458, 94.76286192385707, 72.91776189653656, 34.48187929913333, 27.586228448267445, 68.0294054067798, 47.095647357266465], [32.64965543462902, 54.817880294662984, 35.34119409414458, 0.0, 62.96824596572466, 37.57658845611187, 45.69463863518345, 62.12889826803627, 47.16990566028302, 47.4236228055175], [92.69843580125827, 20.0, 94.76286192385707, 62.96824596572466, 0.0, 37.0, 83.6719785830358, 122.3315167894194, 38.47076812334269, 72.12489168102785], [70.21395872616783, 42.05948168962618, 72.91776189653656, 37.57658845611187, 37.0, 0.0, 76.02631123499285, 99.4786409235671, 49.040799340956916, 70.83078426785913], [35.4682957019364, 66.03786792439622, 34.48187929913333, 45.69463863518345, 83.6719785830358, 76.02631123499285, 0.0, 52.952809179494906, 47.80167361086848, 15.652475842498529], [29.832867780352597, 109.20164833920778, 27.586228448267445, 62.12889826803627, 122.3315167894194, 99.4786409235671, 52.952809179494906, 0.0, 94.15412895885129, 68.15423684555495], [66.85057965343307, 18.973665961010276, 68.0294054067798, 47.16990566028302, 38.47076812334269, 49.040799340956916, 47.80167361086848, 94.15412895885129, 0.0, 34.438350715445125], [47.38143096192854, 53.31041174104736, 47.095647357266465, 47.4236228055175, 72.12489168102785, 70.83078426785913, 15.652475842498529, 68.15423684555495, 34.438350715445125, 0.0]], "task_locations": [[28, 27], [71, 95], [25, 27], [57, 42], [91, 95], [91, 58], [15, 60], [5, 8], [53, 89], [22, 74]], "precedence_constraints": [[8, 5], [3, 8]]}