{"Q": [[1, 0, 0], [0, 1, 1], [0, 1, 0]], "R": [[0.0, 0.0, 0.0], [1.0, 0.0, 0.0], [1.0, 1.0, 0.0], [1.0, 1.0, 0.0], [0.0, 1.0, 0.0], [0.0, 0.0, 1.0], [1.0, 0.0, 1.0], [0.0, 0.0, 1.0], [0.0, 0.0, 1.0], [0.0, 0.0, 0.0]], "T_e": [0, 56, 74, 82, 86, 90, 74, 79, 55, 0], "T_t": [[0.0, 65.0, 30.59411708155671, 64.19501538281614, 57.245087125446844, 52.15361924162119, 34.36568055487916, 68.00735254367721, 40.607881008493905, 22.67156809750927], [65.0, 0.0, 80.43009387039157, 38.8329756778952, 59.21148537234985, 62.16912416947821, 51.0098029794274, 36.05551275463989, 103.85566907973777, 86.83893136145792], [30.59411708155671, 80.43009387039157, 0.0, 63.15853069855251, 45.17742799230607, 38.05259518088089, 64.00781202322104, 68.4470598345904, 31.064449134018133, 24.698178070456937], [64.19501538281614, 38.8329756778952, 63.15853069855251, 0.0, 24.698178070456937, 30.479501308256342, 70.7248188403477, 5.656854249492381, 93.00537618869137, 79.90619500389191], [57.245087125446844, 59.21148537234985, 45.17742799230607, 24.698178070456937, 0.0, 7.280109889280518, 75.6042326857432, 30.23243291566195, 76.23647421018367, 66.61080993352356], [52.15361924162119, 62.16912416947821, 38.05259518088089, 30.479501308256342, 7.280109889280518, 0.0, 73.24616030891995, 36.124783736376884, 69.1158447825099, 60.01666435249463], [34.36568055487916, 51.0098029794274, 64.00781202322104, 70.7248188403477, 75.6042326857432, 73.24616030891995, 0.0, 72.069410986909, 72.49827584156743, 54.78138369920935], [68.00735254367721, 36.05551275463989, 68.4470598345904, 5.656854249492381, 30.23243291566195, 36.124783736376884, 72.069410986909, 0.0, 98.03060746521976, 84.52810183601665], [40.607881008493905, 103.85566907973777, 31.064449134018133, 93.00537618869137, 76.23647421018367, 69.1158447825099, 72.49827584156743, 98.03060746521976, 0.0, 18.027756377319946], [22.67156809750927, 86.83893136145792, 24.698178070456937, 79.90619500389191, 66.61080993352356, 60.01666435249463, 54.78138369920935, 84.52810183601665, 18.027756377319946, 0.0]], "task_locations": [[31, 55], [87, 88], [37, 25], [95, 50], [82, 29], [75, 27], [36, 89], [99, 54], [6, 23], [16, 38]], "precedence_constraints": [[5, 1], [5, 7]]}