{"Q": [[0, 1, 1], [0, 1, 0], [1, 1, 1]], "R": [[0.0, 0.0, 0.0], [0.0, 1.0, 0.0], [1.0, 1.0, 1.0], [0.0, 1.0, 0.0], [1.0, 1.0, 1.0], [0.0, 1.0, 0.0], [1.0, 0.0, 0.0], [0.0, 0.0, 1.0], [0.0, 1.0, 1.0], [0.0, 0.0, 0.0]], "T_e": [0, 56, 98, 53, 63, 66, 65, 68, 91, 0], "T_t": [[0.0, 89.49860334105779, 73.02739212103907, 55.072679252057455, 34.828149534535996, 96.87620966986684, 53.150729063673246, 69.57010852370435, 59.033888572581766, 47.75981574503821], [89.49860334105779, 0.0, 59.135437767890075, 36.61966684720111, 95.81753492967766, 11.0, 73.10950690573696, 47.853944456021594, 34.88552708502482, 85.84287972802403], [73.02739212103907, 59.135437767890075, 0.0, 38.28837943815329, 99.32774033471213, 70.11419257183242, 94.62557793746889, 85.0, 34.40930106817051, 100.64790112068906], [55.072679252057455, 36.61966684720111, 38.28837943815329, 0.0, 70.0, 46.06517122512408, 58.137767414994535, 46.87216658103186, 5.0990195135927845, 66.48308055437865], [34.828149534535996, 95.81753492967766, 99.32774033471213, 70.0, 0.0, 99.80981915623332, 31.622776601683793, 58.7962583843564, 75.0066663703967, 18.973665961010276], [96.87620966986684, 11.0, 70.11419257183242, 46.06517122512408, 99.80981915623332, 0.0, 74.52516353554684, 47.042533945356304, 44.94441010848846, 88.05679985100527], [53.150729063673246, 73.10950690573696, 94.62557793746889, 58.137767414994535, 31.622776601683793, 74.52516353554684, 0.0, 29.068883707497267, 63.071388124885914, 14.422205101855956], [69.57010852370435, 47.853944456021594, 85.0, 46.87216658103186, 58.7962583843564, 47.042533945356304, 29.068883707497267, 0.0, 50.60632371551998, 43.41658669218482], [59.033888572581766, 34.88552708502482, 34.40930106817051, 5.0990195135927845, 75.0066663703967, 44.94441010848846, 63.071388124885914, 50.60632371551998, 0.0, 71.56814934033156], [47.75981574503821, 85.84287972802403, 100.64790112068906, 66.48308055437865, 18.973665961010276, 88.05679985100527, 14.422205101855956, 43.41658669218482, 71.56814934033156, 0.0]], "task_locations": [[17, 76], [74, 7], [15, 3], [44, 28], [44, 98], [85, 7], [70, 80], [83, 54], [43, 23], [62, 92]], "precedence_constraints": [[5, 3], [7, 5], [8, 4], [1, 3], [5, 1], [7, 1]]}