{"Q": [[0, 1, 0], [1, 1, 1], [0, 0, 1]], "R": [[0.0, 0.0, 0.0], [0.0, 0.0, 1.0], [0.0, 0.0, 1.0], [1.0, 0.0, 1.0], [0.0, 0.0, 1.0], [1.0, 1.0, 1.0], [0.0, 1.0, 0.0], [0.0, 1.0, 1.0], [1.0, 0.0, 1.0], [0.0, 0.0, 0.0]], "T_e": [0, 58, 86, 87, 68, 72, 54, 96, 54, 0], "T_t": [[0.0, 46.389654018972806, 20.615528128088304, 49.16299421312742, 35.05709628591621, 68.00735254367721, 93.34345183246653, 4.0, 70.21395872616783, 26.30589287593181], [46.389654018972806, 0.0, 48.54894437575342, 3.605551275463989, 13.601470508735444, 87.66413177577246, 47.042533945356304, 46.04345773288535, 40.718546143004666, 20.09975124224178], [20.615528128088304, 48.54894437575342, 0.0, 50.11985634456667, 34.9857113690718, 48.373546489791295, 92.34717104492157, 24.515301344262525, 59.033888572581766, 31.89043743820395], [49.16299421312742, 3.605551275463989, 50.11985634456667, 0.0, 15.231546211727817, 87.65842800324451, 44.181444068749045, 49.0, 37.69615364994153, 23.0], [35.05709628591621, 13.601470508735444, 34.9857113690718, 15.231546211727817, 0.0, 75.17978451685, 58.855755878248644, 35.510561809129406, 40.311288741492746, 10.816653826391969], [68.00735254367721, 87.66413177577246, 48.373546489791295, 87.65842800324451, 75.17978451685, 0.0, 120.88010589009261, 72.00694410957877, 73.92563831310488, 76.89603370785778], [93.34345183246653, 47.042533945356304, 92.34717104492157, 44.181444068749045, 58.855755878248644, 120.88010589009261, 0.0, 93.08598175880189, 49.20365840057018, 67.11929677819934], [4.0, 46.04345773288535, 24.515301344262525, 49.0, 35.510561809129406, 72.00694410957877, 93.08598175880189, 0.0, 72.069410986909, 26.0], [70.21395872616783, 40.718546143004666, 59.033888572581766, 37.69615364994153, 40.311288741492746, 73.92563831310488, 49.20365840057018, 72.069410986909, 0.0, 50.93132631298737], [26.30589287593181, 20.09975124224178, 31.89043743820395, 23.0, 10.816653826391969, 76.89603370785778, 67.11929677819934, 26.0, 50.93132631298737, 0.0]], "task_locations": [[95, 73], [49, 79], [90, 53], [46, 77], [60, 71], [96, 5], [2, 81], [95, 77], [32, 42], [69, 77]], "precedence_constraints": [[7, 4], [8, 3], [8, 5], [4, 3]]}