{"Q": [[0, 0, 1], [1, 0, 0], [1, 1, 1]], "R": [[0.0, 0.0, 0.0], [1.0, 0.0, 1.0], [1.0, 0.0, 1.0], [1.0, 0.0, 1.0], [1.0, 0.0, 0.0], [0.0, 1.0, 1.0], [0.0, 0.0, 1.0], [0.0, 1.0, 0.0], [1.0, 1.0, 0.0], [0.0, 0.0, 0.0]], "T_e": [0, 52, 81, 63, 56, 53, 93, 60, 73, 0], "T_t": [[0.0, 67.06713054842886, 23.259406699226016, 17.204650534085253, 53.03772242470448, 66.27216610312357, 88.76936408468859, 10.770329614269007, 55.362442142665635, 101.25709851659784], [67.06713054842886, 0.0, 43.965895873961216, 73.55270219373317, 26.92582403567252, 81.30190649671138, 21.95449840010015, 77.83315488916018, 40.26164427839479, 40.311288741492746], [23.259406699226016, 43.965895873961216, 0.0, 31.25699921617557, 34.17601498127012, 62.16912416947821, 65.55150646628954, 34.0147027033899, 41.23105625617661, 78.40918313565064], [17.204650534085253, 73.55270219373317, 31.25699921617557, 0.0, 65.0, 52.15361924162119, 94.14881836751856, 18.0, 69.77822009767804, 102.88342918079665], [53.03772242470448, 26.92582403567252, 34.17601498127012, 65.0, 0.0, 90.02777349240623, 46.22769732530488, 63.0317380372777, 14.0, 67.08203932499369], [66.27216610312357, 81.30190649671138, 62.16912416947821, 52.15361924162119, 90.02777349240623, 0.0, 93.637599285757, 70.11419257183242, 101.01980003939822, 89.35882720806042], [88.76936408468859, 21.95449840010015, 65.55150646628954, 94.14881836751856, 46.22769732530488, 93.637599285757, 0.0, 99.53893710503444, 57.8013840664737, 24.020824298928627], [10.770329614269007, 77.83315488916018, 34.0147027033899, 18.0, 63.0317380372777, 70.11419257183242, 99.53893710503444, 0.0, 64.13267497929586, 111.77208953938367], [55.362442142665635, 40.26164427839479, 41.23105625617661, 69.77822009767804, 14.0, 101.01980003939822, 57.8013840664737, 64.13267497929586, 0.0, 79.84985911070852], [101.25709851659784, 40.311288741492746, 78.40918313565064, 102.88342918079665, 67.08203932499369, 89.35882720806042, 24.020824298928627, 111.77208953938367, 79.84985911070852, 0.0]], "task_locations": [[86, 82], [23, 59], [65, 72], [96, 68], [33, 84], [92, 16], [4, 48], [96, 86], [33, 98], [3, 24]], "precedence_constraints": [[6, 8], [7, 1], [3, 8], [6, 3]]}