{"Q": [[0, 1, 1], [1, 0, 0], [1, 0, 0]], "R": [[0.0, 0.0, 0.0], [0.0, 1.0, 0.0], [0.0, 1.0, 1.0], [1.0, 1.0, 1.0], [1.0, 0.0, 0.0], [1.0, 1.0, 1.0], [0.0, 1.0, 1.0], [0.0, 1.0, 0.0], [0.0, 1.0, 0.0], [0.0, 0.0, 0.0]], "T_e": [0, 52, 72, 51, 84, 85, 59, 93, 67, 0], "T_t": [[0.0, 39.05124837953327, 77.98717843338096, 79.2464510246358, 55.14526271584895, 25.079872407968907, 59.20304046246274, 79.76214641043707, 101.24228365658294, 77.46612162745726], [39.05124837953327, 0.0, 81.34494452638098, 86.40023148117139, 32.64965543462902, 16.55294535724685, 63.324560795950255, 60.802960454241045, 97.082439194738, 79.84985911070852], [77.98717843338096, 81.34494452638098, 0.0, 8.602325267042627, 55.14526271584895, 70.83078426785913, 19.209372712298546, 44.721359549995796, 26.30589287593181, 2.23606797749979], [79.2464510246358, 86.40023148117139, 8.602325267042627, 0.0, 62.00806399170998, 74.73285756613352, 23.08679276123039, 53.23532661682466, 31.144823004794873, 10.816653826391969], [55.14526271584895, 32.64965543462902, 55.14526271584895, 62.00806399170998, 0.0, 32.55764119219941, 40.792156108742276, 28.30194339616981, 66.18912297349165, 53.23532661682466], [25.079872407968907, 16.55294535724685, 70.83078426785913, 74.73285756613352, 32.55764119219941, 0.0, 51.884487084291386, 59.80802621722272, 89.8276126811795, 69.6419413859206], [59.20304046246274, 63.324560795950255, 19.209372712298546, 23.08679276123039, 40.792156108742276, 51.884487084291386, 0.0, 40.607881008493905, 42.485291572496, 18.384776310850235], [79.76214641043707, 60.802960454241045, 44.721359549995796, 53.23532661682466, 28.30194339616981, 59.80802621722272, 40.607881008493905, 0.0, 44.40720662234904, 42.485291572496], [101.24228365658294, 97.082439194738, 26.30589287593181, 31.144823004794873, 66.18912297349165, 89.8276126811795, 42.485291572496, 44.40720662234904, 0.0, 25.709920264364882], [77.46612162745726, 79.84985911070852, 2.23606797749979, 10.816653826391969, 53.23532661682466, 69.6419413859206, 18.384776310850235, 42.485291572496, 25.709920264364882, 0.0]], "task_locations": [[65, 89], [90, 59], [14, 30], [7, 35], [69, 34], [75, 66], [29, 42], [54, 10], [10, 4], [16, 29]], "precedence_constraints": [[4, 6], [5, 6], [8, 6]]}