{"Q": [[0, 1, 1], [1, 1, 0], [0, 1, 0]], "R": [[0.0, 0.0, 0.0], [1.0, 0.0, 1.0], [1.0, 0.0, 0.0], [1.0, 1.0, 0.0], [0.0, 1.0, 0.0], [1.0, 1.0, 1.0], [0.0, 1.0, 0.0], [1.0, 0.0, 1.0], [1.0, 0.0, 0.0], [0.0, 0.0, 0.0]], "T_e": [0, 72, 80, 79, 60, 97, 59, 78, 57, 0], "T_t": [[0.0, 98.59513172565875, 22.135943621178654, 42.01190307520001, 2.8284271247461903, 73.348483283569, 58.008620049092706, 47.095647357266465, 22.02271554554524, 31.240998703626616], [98.59513172565875, 0.0, 111.64676439557037, 57.982756057296896, 101.41498903022176, 89.35882720806042, 76.23647421018367, 72.61542535852834, 104.70912090166739, 68.00735254367721], [22.135943621178654, 111.64676439557037, 0.0, 53.71219600798314, 21.02379604162864, 65.37583651472461, 54.78138369920935, 68.73136110975832, 8.06225774829855, 44.384682042344295], [42.01190307520001, 57.982756057296896, 53.71219600798314, 0.0, 44.82186966202994, 55.86591089385369, 36.796738985948195, 41.677331968349414, 47.01063709417264, 10.816653826391969], [2.8284271247461903, 101.41498903022176, 21.02379604162864, 44.82186966202994, 0.0, 74.96665925596525, 60.00833275470999, 49.01020301937138, 21.93171219946131, 34.058772731852805], [73.348483283569, 89.35882720806042, 65.37583651472461, 55.86591089385369, 74.96665925596525, 0.0, 19.1049731745428, 96.67471230885562, 58.077534382926416, 58.82176467941097], [58.008620049092706, 76.23647421018367, 54.78138369920935, 36.796738985948195, 60.00833275470999, 19.1049731745428, 0.0, 77.62087348130012, 46.8187996428785, 39.96248240537617], [47.095647357266465, 72.61542535852834, 68.73136110975832, 41.677331968349414, 49.01020301937138, 96.67471230885562, 77.62087348130012, 0.0, 66.21933252457322, 38.18376618407357], [22.02271554554524, 104.70912090166739, 8.06225774829855, 47.01063709417264, 21.93171219946131, 58.077534382926416, 46.8187996428785, 66.21933252457322, 0.0, 38.3275357934736], [31.240998703626616, 68.00735254367721, 44.384682042344295, 10.816653826391969, 34.058772731852805, 58.82176467941097, 39.96248240537617, 38.18376618407357, 38.3275357934736, 0.0]], "task_locations": [[24, 4], [99, 68], [3, 11], [50, 37], [22, 2], [10, 76], [23, 62], [71, 1], [7, 18], [44, 28]], "precedence_constraints": [[1, 8], [4, 5], [8, 2], [6, 5], [8, 7], [7, 3]]}