{"Q": [[0, 1, 0], [0, 0, 1], [1, 0, 0]], "R": [[0.0, 0.0, 0.0], [1.0, 1.0, 0.0], [1.0, 0.0, 0.0], [0.0, 1.0, 0.0], [0.0, 0.0, 1.0], [1.0, 0.0, 1.0], [1.0, 1.0, 1.0], [1.0, 1.0, 1.0], [1.0, 0.0, 0.0], [0.0, 0.0, 0.0]], "T_e": [0, 93, 59, 58, 61, 76, 98, 59, 93, 0], "T_t": [[0.0, 35.0, 54.120236510939236, 52.32590180780452, 28.42534080710379, 26.1725046566048, 23.021728866442675, 13.601470508735444, 22.20360331117452, 29.546573405388315], [35.0, 0.0, 28.178005607210743, 37.05401462729781, 57.38466694161429, 46.04345773288535, 41.048751503547585, 33.61547262794322, 54.57105459856901, 14.422205101855956], [54.120236510939236, 28.178005607210743, 0.0, 62.96824596572466, 81.02468759581859, 72.12489168102785, 67.17886572427373, 58.137767414994535, 67.08203932499369, 24.698178070456937], [52.32590180780452, 37.05401462729781, 62.96824596572466, 0.0, 57.0087712549569, 41.48493702538308, 38.62641583165593, 40.80441152620633, 74.33034373659252, 50.00999900019995], [28.42534080710379, 57.38466694161429, 81.02468759581859, 57.0087712549569, 0.0, 15.524174696260024, 19.026297590440446, 23.769728648009426, 35.0, 56.4003546088143], [26.1725046566048, 46.04345773288535, 72.12489168102785, 41.48493702538308, 15.524174696260024, 0.0, 5.0, 14.7648230602334, 41.78516483155236, 48.41487374764082], [23.021728866442675, 41.048751503547585, 67.17886572427373, 38.62641583165593, 19.026297590440446, 5.0, 0.0, 10.44030650891055, 40.70626487409524, 43.60045871318328], [13.601470508735444, 33.61547262794322, 58.137767414994535, 40.80441152620633, 23.769728648009426, 14.7648230602334, 10.44030650891055, 0.0, 34.058772731852805, 33.97057550292606], [22.20360331117452, 54.57105459856901, 67.08203932499369, 74.33034373659252, 35.0, 41.78516483155236, 40.70626487409524, 34.058772731852805, 0.0, 45.0111097397076], [29.546573405388315, 14.422205101855956, 24.698178070456937, 50.00999900019995, 56.4003546088143, 48.41487374764082, 43.60045871318328, 33.97057550292606, 45.0111097397076, 0.0]], "task_locations": [[60, 55], [60, 20], [85, 7], [23, 18], [38, 73], [34, 58], [37, 54], [47, 51], [73, 73], [72, 28]], "precedence_constraints": [[8, 2], [1, 7], [6, 7]]}