{"Q": [[0, 0, 1], [1, 1, 0], [0, 0, 1]], "R": [[0.0, 0.0, 0.0], [0.0, 1.0, 0.0], [1.0, 0.0, 0.0], [0.0, 0.0, 1.0], [0.0, 1.0, 0.0], [1.0, 0.0, 1.0], [1.0, 1.0, 1.0], [0.0, 0.0, 1.0], [0.0, 1.0, 0.0], [0.0, 0.0, 0.0]], "T_e": [0, 93, 93, 74, 90, 81, 92, 67, 65, 0], "T_t": [[0.0, 66.12866246946176, 31.38470965295043, 36.05551275463989, 33.1058907144937, 81.70679286326198, 69.46221994724903, 68.87670143089025, 53.665631459994955, 50.695167422546305], [66.12866246946176, 0.0, 35.6931365951495, 33.421549934136806, 48.507731342539614, 61.91122676865643, 53.907327887774215, 99.92497185388645, 89.56003573022959, 44.598206241955516], [31.38470965295043, 35.6931365951495, 0.0, 16.64331697709324, 19.1049731745428, 60.07495318350236, 48.0, 73.24616030891995, 60.207972893961475, 40.311288741492746], [36.05551275463989, 33.421549934136806, 16.64331697709324, 0.0, 35.608987629529715, 74.24284477308234, 62.64982043070834, 89.19641248391103, 75.6042326857432, 23.706539182259394], [33.1058907144937, 48.507731342539614, 19.1049731745428, 35.608987629529715, 0.0, 48.703182647543684, 36.40054944640259, 54.405882034941776, 42.04759208325728, 59.07622195096772], [81.70679286326198, 61.91122676865643, 60.07495318350236, 74.24284477308234, 48.703182647543684, 0.0, 12.36931687685298, 61.61168720299745, 60.8276253029822, 96.5090669315583], [69.46221994724903, 53.907327887774215, 48.0, 62.64982043070834, 36.40054944640259, 12.36931687685298, 0.0, 57.0350769263968, 53.45091205957107, 85.37564055396598], [68.87670143089025, 99.92497185388645, 73.24616030891995, 89.19641248391103, 54.405882034941776, 61.61168720299745, 57.0350769263968, 0.0, 15.231546211727817, 111.75866856758807], [53.665631459994955, 89.56003573022959, 60.207972893961475, 75.6042326857432, 42.04759208325728, 60.8276253029822, 53.45091205957107, 15.231546211727817, 0.0, 97.62171889492625], [50.695167422546305, 44.598206241955516, 40.311288741492746, 23.706539182259394, 59.07622195096772, 96.5090669315583, 85.37564055396598, 111.75866856758807, 97.62171889492625, 0.0]], "task_locations": [[36, 21], [98, 44], [63, 37], [72, 23], [50, 51], [66, 97], [63, 85], [6, 83], [12, 69], [83, 2]], "precedence_constraints": [[4, 2], [6, 5], [4, 5], [3, 1], [3, 5], [7, 6]]}