{"Q": [[1, 1, 1], [0, 0, 1], [1, 1, 1]], "R": [[0.0, 0.0, 0.0], [0.0, 0.0, 1.0], [1.0, 0.0, 0.0], [1.0, 0.0, 1.0], [1.0, 0.0, 0.0], [1.0, 0.0, 0.0], [0.0, 1.0, 0.0], [0.0, 0.0, 1.0], [0.0, 1.0, 0.0], [0.0, 0.0, 0.0]], "T_e": [0, 64, 73, 61, 56, 84, 85, 58, 64, 0], "T_t": [[0.0, 80.05623023850174, 88.28363381737297, 90.13878188659973, 31.76476034853718, 40.19950248448356, 86.57944328765345, 41.593268686170845, 89.02246907382428, 65.12296062065974], [80.05623023850174, 0.0, 46.61544808322666, 36.76955262170047, 49.678969393496885, 52.92447448959697, 68.15423684555495, 54.3415126767741, 39.698866482558415, 49.25444142409901], [88.28363381737297, 46.61544808322666, 0.0, 12.041594578792296, 59.0, 48.27007354458868, 25.019992006393608, 84.11896337925236, 8.06225774829855, 24.596747752497688], [90.13878188659973, 36.76955262170047, 12.041594578792296, 0.0, 59.22837157984339, 51.42956348249516, 37.0, 80.23091673413684, 4.0, 31.144823004794873], [31.76476034853718, 49.678969393496885, 59.0, 59.22837157984339, 0.0, 16.278820596099706, 63.15853069855251, 33.421549934136806, 58.54912467321779, 38.600518131237564], [40.19950248448356, 52.92447448959697, 48.27007354458868, 51.42956348249516, 16.278820596099706, 0.0, 48.08326112068523, 49.57822102496216, 49.76946855251722, 25.0], [86.57944328765345, 68.15423684555495, 25.019992006393608, 37.0, 63.15853069855251, 48.08326112068523, 0.0, 94.03190947758107, 33.0, 25.238858928247925], [41.593268686170845, 54.3415126767741, 84.11896337925236, 80.23091673413684, 33.421549934136806, 49.57822102496216, 94.03190947758107, 0.0, 81.02468759581859, 68.79680225126747], [89.02246907382428, 39.698866482558415, 8.06225774829855, 4.0, 58.54912467321779, 49.76946855251722, 33.0, 81.02468759581859, 0.0, 28.319604517012593], [65.12296062065974, 49.25444142409901, 24.596747752497688, 31.144823004794873, 38.600518131237564, 25.0, 25.238858928247925, 68.79680225126747, 28.319604517012593, 0.0]], "task_locations": [[0, 88], [60, 35], [87, 73], [86, 61], [28, 73], [40, 84], [86, 98], [7, 47], [86, 65], [65, 84]], "precedence_constraints": [[6, 7], [4, 6], [3, 8], [3, 5], [4, 5], [2, 5]]}