{"Q": [[0, 1, 0], [0, 0, 1], [1, 1, 1]], "R": [[0.0, 0.0, 0.0], [1.0, 0.0, 0.0], [0.0, 1.0, 1.0], [1.0, 0.0, 0.0], [1.0, 0.0, 1.0], [0.0, 1.0, 0.0], [1.0, 0.0, 0.0], [0.0, 0.0, 1.0], [0.0, 0.0, 1.0], [0.0, 0.0, 0.0]], "T_e": [0, 91, 71, 63, 57, 60, 91, 71, 80, 0], "T_t": [[0.0, 46.09772228646444, 111.83022847155415, 76.05918747922567, 115.6027681329474, 86.33075929238663, 62.16912416947821, 78.64477096412705, 103.94229168149026, 69.92138442565336], [46.09772228646444, 0.0, 77.87810988975015, 37.57658845611187, 71.42128534267638, 40.792156108742276, 39.92492955535426, 41.23105625617661, 58.249463516842795, 52.80151512977634], [111.83022847155415, 77.87810988975015, 0.0, 93.55746896961247, 41.400483088968905, 71.78439941937245, 50.44799302251776, 36.6742416417845, 53.009433122794285, 48.010415536631214], [76.05918747922567, 37.57658845611187, 93.55746896961247, 0.0, 68.8839603971781, 24.73863375370596, 72.18032973047436, 60.92618484691127, 50.96076922496363, 85.0411665018772], [115.6027681329474, 71.42128534267638, 41.400483088968905, 68.8839603971781, 0.0, 44.14748010928823, 66.49060083951716, 41.48493702538308, 18.110770276274835, 72.06247289678588], [86.33075929238663, 40.792156108742276, 71.78439941937245, 24.73863375370596, 44.14748010928823, 0.0, 62.177166226839255, 43.86342439892262, 26.248809496813376, 73.78346698278686], [62.16912416947821, 39.92492955535426, 50.44799302251776, 72.18032973047436, 66.49060083951716, 62.177166226839255, 0.0, 25.179356624028344, 63.12685640834652, 13.038404810405298], [78.64477096412705, 41.23105625617661, 36.6742416417845, 60.92618484691127, 41.48493702538308, 43.86342439892262, 25.179356624028344, 0.0, 38.63935817272331, 32.984845004941285], [103.94229168149026, 58.249463516842795, 53.009433122794285, 50.96076922496363, 18.110770276274835, 26.248809496813376, 63.12685640834652, 38.63935817272331, 0.0, 71.58910531638176], [69.92138442565336, 52.80151512977634, 48.010415536631214, 85.0411665018772, 72.06247289678588, 73.78346698278686, 13.038404810405298, 32.984845004941285, 71.58910531638176, 0.0]], "task_locations": [[0, 3], [42, 22], [59, 98], [76, 6], [92, 73], [82, 30], [27, 59], [52, 62], [90, 55], [20, 70]], "precedence_constraints": [[1, 4], [2, 7], [1, 8], [4, 5], [3, 7], [1, 3]]}