{"Q": [[1, 0, 1], [1, 0, 1], [0, 1, 0]], "R": [[0.0, 0.0, 0.0], [1.0, 0.0, 0.0], [1.0, 0.0, 0.0], [0.0, 1.0, 1.0], [0.0, 0.0, 1.0], [0.0, 0.0, 1.0], [1.0, 1.0, 0.0], [1.0, 0.0, 0.0], [0.0, 1.0, 0.0], [0.0, 0.0, 0.0]], "T_e": [0, 71, 99, 71, 87, 75, 60, 88, 90, 0], "T_t": [[0.0, 13.892443989449804, 68.4470598345904, 81.68843247363729, 31.78049716414141, 23.600847442411894, 16.492422502470642, 31.38470965295043, 20.615528128088304, 27.586228448267445], [13.892443989449804, 0.0, 65.39113089708727, 68.81860213634101, 38.3275357934736, 22.135943621178654, 28.0178514522438, 41.30375285612676, 20.396078054371138, 27.202941017470888], [68.4470598345904, 65.39113089708727, 0.0, 66.12110101926616, 100.22474744293447, 87.46427842267951, 83.60023923410746, 57.0087712549569, 85.44003745317531, 92.47702417357513], [81.68843247363729, 68.81860213634101, 66.12110101926616, 0.0, 104.21612159354233, 83.773504164503, 96.83491106000976, 95.71833680126291, 84.09518416651456, 88.02272433866155], [31.78049716414141, 38.3275357934736, 100.22474744293447, 104.21612159354233, 0.0, 20.808652046684813, 18.601075237738275, 56.08029957123981, 20.12461179749811, 17.69180601295413], [23.600847442411894, 22.135943621178654, 87.46427842267951, 83.773504164503, 20.808652046684813, 0.0, 23.08679276123039, 54.589376255824725, 3.1622776601683795, 5.0990195135927845], [16.492422502470642, 28.0178514522438, 83.60023923410746, 96.83491106000976, 18.601075237738275, 23.08679276123039, 0.0, 37.53664875824692, 20.223748416156685, 24.186773244895647], [31.38470965295043, 41.30375285612676, 57.0087712549569, 95.71833680126291, 56.08029957123981, 54.589376255824725, 37.53664875824692, 0.0, 51.478150704935004, 57.982756057296896], [20.615528128088304, 20.396078054371138, 85.44003745317531, 84.09518416651456, 20.12461179749811, 3.1622776601683795, 20.223748416156685, 51.478150704935004, 0.0, 7.211102550927978], [27.586228448267445, 27.202941017470888, 92.47702417357513, 88.02272433866155, 17.69180601295413, 5.0990195135927845, 24.186773244895647, 57.982756057296896, 7.211102550927978, 0.0]], "task_locations": [[31, 43], [38, 55], [98, 29], [94, 95], [0, 50], [17, 62], [15, 39], [43, 14], [18, 59], [12, 63]], "precedence_constraints": [[5, 1], [5, 3], [5, 7], [4, 1], [2, 1]]}