{"Q": [[0, 1, 0], [1, 1, 1], [1, 1, 0]], "R": [[0.0, 0.0, 0.0], [0.0, 1.0, 1.0], [0.0, 1.0, 0.0], [0.0, 0.0, 1.0], [1.0, 1.0, 0.0], [1.0, 0.0, 0.0], [0.0, 0.0, 1.0], [0.0, 1.0, 1.0], [1.0, 1.0, 0.0], [0.0, 0.0, 0.0]], "T_e": [0, 74, 56, 64, 66, 60, 92, 56, 55, 0], "T_t": [[0.0, 19.79898987322333, 42.44997055358225, 61.00819617067857, 48.91829923454004, 13.892443989449804, 90.35485598461214, 83.6301381082203, 74.67261881037788, 65.0], [19.79898987322333, 0.0, 55.08175741568164, 76.11832893594026, 68.6804193347711, 26.92582403567252, 109.41663493271945, 103.39245620450265, 84.8528137423857, 77.02596964660685], [42.44997055358225, 55.08175741568164, 0.0, 22.360679774997898, 48.83646178829912, 53.225933528685054, 91.00549433962765, 69.57010852370435, 105.11898020814318, 93.40770846134703], [61.00819617067857, 76.11832893594026, 22.360679774997898, 0.0, 47.80167361086848, 69.2314957226839, 83.19855767980596, 56.0357029044876, 112.29425630903836, 100.12492197250393], [48.91829923454004, 68.6804193347711, 48.83646178829912, 47.80167361086848, 0.0, 46.32493928760188, 44.14748010928823, 35.84689665786984, 66.73080248281148, 54.589376255824725], [13.892443989449804, 26.92582403567252, 53.225933528685054, 69.2314957226839, 46.32493928760188, 0.0, 83.81527307120105, 82.15229759416349, 61.032778078668514, 51.78802950489621], [90.35485598461214, 109.41663493271945, 91.00549433962765, 83.19855767980596, 44.14748010928823, 83.81527307120105, 0.0, 32.64965543462902, 68.73136110975832, 60.440052945046304], [83.6301381082203, 103.39245620450265, 69.57010852370435, 56.0357029044876, 35.84689665786984, 82.15229759416349, 32.64965543462902, 0.0, 90.2551937563706, 79.40403012442127], [74.67261881037788, 84.8528137423857, 105.11898020814318, 112.29425630903836, 66.73080248281148, 61.032778078668514, 68.73136110975832, 90.2551937563706, 0.0, 12.206555615733702], [65.0, 77.02596964660685, 93.40770846134703, 100.12492197250393, 54.589376255824725, 51.78802950489621, 60.440052945046304, 79.40403012442127, 12.206555615733702, 0.0]], "task_locations": [[65, 82], [79, 96], [24, 93], [4, 83], [33, 45], [72, 70], [23, 2], [2, 27], [91, 12], [81, 19]], "precedence_constraints": [[3, 6], [5, 4], [4, 2], [5, 8]]}