{"Q": [[1, 0, 0], [1, 1, 1], [1, 1, 0]], "R": [[0.0, 0.0, 0.0], [1.0, 1.0, 1.0], [1.0, 0.0, 0.0], [1.0, 0.0, 1.0], [0.0, 1.0, 1.0], [1.0, 0.0, 1.0], [1.0, 0.0, 1.0], [0.0, 0.0, 1.0], [0.0, 1.0, 1.0], [0.0, 0.0, 0.0]], "T_e": [0, 91, 74, 54, 77, 65, 72, 86, 53, 0], "T_t": [[0.0, 73.10950690573696, 55.02726596879042, 53.009433122794285, 20.396078054371138, 33.24154027718932, 64.07807737440318, 54.230987451824994, 40.718546143004666, 58.05170109479997], [73.10950690573696, 0.0, 29.274562336608895, 25.317977802344327, 65.79513659838392, 55.94640292279746, 72.06247289678588, 68.26419266350405, 66.76076692189807, 67.7421582177598], [55.02726596879042, 29.274562336608895, 0.0, 32.64965543462902, 56.0357029044876, 29.068883707497267, 43.56604182158393, 39.05124837953327, 38.07886552931954, 74.09453421137081], [53.009433122794285, 25.317977802344327, 32.64965543462902, 0.0, 41.88078318274385, 47.042533945356304, 73.53910524340094, 66.76076692189807, 60.29925372672534, 44.27188724235731], [20.396078054371138, 65.79513659838392, 56.0357029044876, 41.88078318274385, 0.0, 44.10215414239989, 77.42092740338364, 67.80117993073571, 55.226805085936306, 37.656340767525464], [33.24154027718932, 55.94640292279746, 29.068883707497267, 47.042533945356304, 44.10215414239989, 0.0, 33.421549934136806, 24.041630560342615, 13.601470508735444, 75.21303078589507], [64.07807737440318, 72.06247289678588, 43.56604182158393, 73.53910524340094, 77.42092740338364, 33.421549934136806, 0.0, 9.848857801796104, 23.40939982143925, 107.81465577554843], [54.230987451824994, 68.26419266350405, 39.05124837953327, 66.76076692189807, 67.80117993073571, 24.041630560342615, 9.848857801796104, 0.0, 13.601470508735444, 99.02019995940222], [40.718546143004666, 66.76076692189807, 38.07886552931954, 60.29925372672534, 55.226805085936306, 13.601470508735444, 23.40939982143925, 13.601470508735444, 0.0, 88.20430828479978], [58.05170109479997, 67.7421582177598, 74.09453421137081, 44.27188724235731, 37.656340767525464, 75.21303078589507, 107.81465577554843, 99.02019995940222, 88.20430828479978, 0.0]], "task_locations": [[42, 69], [89, 13], [60, 17], [85, 38], [62, 73], [38, 36], [17, 10], [21, 19], [25, 32], [99, 80]], "precedence_constraints": [[3, 6], [5, 6], [3, 4]]}