{"Q": [[0, 0, 1], [0, 1, 0], [1, 0, 0]], "R": [[0.0, 0.0, 0.0], [1.0, 1.0, 1.0], [1.0, 1.0, 1.0], [0.0, 1.0, 1.0], [1.0, 0.0, 1.0], [1.0, 0.0, 1.0], [0.0, 1.0, 0.0], [0.0, 1.0, 0.0], [1.0, 1.0, 1.0], [0.0, 0.0, 0.0]], "T_e": [0, 60, 74, 88, 89, 73, 90, 91, 55, 0], "T_t": [[0.0, 19.924858845171276, 101.41498903022176, 2.8284271247461903, 105.0, 42.04759208325728, 79.88116173416608, 58.66856057549052, 18.384776310850235, 59.21148537234985], [19.924858845171276, 0.0, 95.38343671728336, 18.788294228055936, 100.17983829094555, 52.392747589718944, 76.55063683601855, 47.4236228055175, 19.924858845171276, 66.49060083951716], [101.41498903022176, 95.38343671728336, 0.0, 98.59513172565875, 7.615773105863909, 76.47875521999558, 23.706539182259394, 50.28916384272063, 83.09632964216891, 63.60031446463138], [2.8284271247461903, 18.788294228055936, 98.59513172565875, 0.0, 102.20078277586722, 40.19950248448356, 77.10382610480494, 55.94640292279746, 15.556349186104045, 57.07889277132134], [105.0, 100.17983829094555, 7.615773105863909, 102.20078277586722, 0.0, 77.38862965578342, 25.45584412271571, 56.293871780150276, 86.83893136145792, 63.15853069855251], [42.04759208325728, 52.392747589718944, 76.47875521999558, 40.19950248448356, 77.38862965578342, 0.0, 52.773099207835045, 54.57105459856901, 32.64965543462902, 18.384776310850235], [79.88116173416608, 76.55063683601855, 23.706539182259394, 77.10382610480494, 25.45584412271571, 52.773099207835045, 0.0, 37.48332962798263, 61.91122676865643, 40.607881008493905], [58.66856057549052, 47.4236228055175, 50.28916384272063, 55.94640292279746, 56.293871780150276, 54.57105459856901, 37.48332962798263, 0.0, 41.23105625617661, 54.91812087098393], [18.384776310850235, 19.924858845171276, 83.09632964216891, 15.556349186104045, 86.83893136145792, 32.64965543462902, 61.91122676865643, 41.23105625617661, 0.0, 46.69047011971501], [59.21148537234985, 66.49060083951716, 63.60031446463138, 57.07889277132134, 63.15853069855251, 18.384776310850235, 40.607881008493905, 54.91812087098393, 46.69047011971501, 0.0]], "task_locations": [[11, 67], [5, 48], [88, 1], [13, 65], [95, 4], [53, 69], [77, 22], [40, 16], [24, 54], [70, 62]], "precedence_constraints": [[2, 7], [5, 1], [3, 1], [8, 4], [5, 8], [3, 2]]}