{"Q": [[1, 0, 0], [1, 1, 0], [0, 0, 1]], "R": [[0.0, 0.0, 0.0], [0.0, 1.0, 1.0], [0.0, 0.0, 1.0], [1.0, 1.0, 0.0], [0.0, 1.0, 0.0], [1.0, 1.0, 1.0], [1.0, 1.0, 0.0], [1.0, 0.0, 1.0], [1.0, 0.0, 0.0], [0.0, 0.0, 0.0]], "T_e": [0, 75, 71, 79, 72, 99, 59, 61, 94, 0], "T_t": [[0.0, 35.22782990761707, 64.89992295835181, 69.02897942168927, 26.92582403567252, 23.08679276123039, 22.47220505424423, 50.47771785649585, 66.73080248281148, 69.33974329343886], [35.22782990761707, 0.0, 86.83893136145792, 43.382023926967726, 51.61395160225576, 49.39635614091387, 31.906112267087632, 32.7566787083184, 37.013511046643494, 54.08326913195984], [64.89992295835181, 86.83893136145792, 0.0, 90.6697303403953, 85.09406559801923, 81.34494452638098, 55.0, 113.17243480636087, 96.317184344228, 74.10802925459562], [69.02897942168927, 43.382023926967726, 90.6697303403953, 0.0, 92.09777413162601, 89.1403387922662, 50.99019513592785, 72.00694410957877, 10.770329614269007, 21.93171219946131], [26.92582403567252, 51.61395160225576, 85.09406559801923, 92.09777413162601, 0.0, 4.0, 49.33558553417604, 49.040799340956916, 87.78382538941898, 95.29428104561154], [23.08679276123039, 49.39635614091387, 81.34494452638098, 89.1403387922662, 4.0, 0.0, 45.5411901469428, 49.36598018878993, 85.14693182963201, 91.7877987534291], [22.47220505424423, 31.906112267087632, 55.0, 50.99019513592785, 49.33558553417604, 45.5411901469428, 0.0, 59.64059020499378, 51.419840528729765, 47.634021455258214], [50.47771785649585, 32.7566787083184, 113.17243480636087, 72.00694410957877, 49.040799340956916, 49.36598018878993, 59.64059020499378, 0.0, 63.06346010171025, 86.09297300012354], [66.73080248281148, 37.013511046643494, 96.317184344228, 10.770329614269007, 87.78382538941898, 85.14693182963201, 51.419840528729765, 63.06346010171025, 0.0, 32.01562118716424], [69.33974329343886, 54.08326913195984, 74.10802925459562, 21.93171219946131, 95.29428104561154, 91.7877987534291, 47.634021455258214, 86.09297300012354, 32.01562118716424, 0.0]], "task_locations": [[39, 39], [43, 74], [93, 3], [82, 93], [13, 32], [17, 32], [60, 47], [11, 81], [72, 97], [97, 77]], "precedence_constraints": [[2, 8]]}