{"Q": [[1, 0, 1], [0, 1, 0], [0, 0, 1]], "R": [[0.0, 0.0, 0.0], [0.0, 0.0, 1.0], [0.0, 1.0, 0.0], [0.0, 1.0, 1.0], [0.0, 1.0, 0.0], [1.0, 0.0, 0.0], [1.0, 1.0, 1.0], [1.0, 0.0, 1.0], [1.0, 1.0, 0.0], [0.0, 0.0, 0.0]], "T_e": [0, 65, 51, 60, 64, 85, 89, 84, 56, 0], "T_t": [[0.0, 56.61271941887264, 18.24828759089466, 78.24321056807422, 3.605551275463989, 123.43419299367578, 75.8946638440411, 108.07404868885037, 55.362442142665635, 60.08327554319921], [56.61271941887264, 0.0, 51.24451190127583, 21.93171219946131, 53.009433122794285, 69.83552104767315, 44.77722635447622, 51.66236541235796, 36.05551275463989, 17.804493814764857], [18.24828759089466, 51.24451190127583, 0.0, 71.11258679024411, 17.08800749063506, 112.53888216967503, 60.37383539249432, 100.34440691936945, 39.824615503479755, 60.00833275470999], [78.24321056807422, 21.93171219946131, 71.11258679024411, 0.0, 74.65252842335616, 48.84669896727925, 43.56604182158393, 29.832867780352597, 45.17742799230607, 30.265491900843113], [3.605551275463989, 53.009433122794285, 17.08800749063506, 74.65252842335616, 0.0, 119.97082978791136, 73.08214556237385, 104.48444860360799, 52.630789467763066, 56.61271941887264], [123.43419299367578, 69.83552104767315, 112.53888216967503, 48.84669896727925, 119.97082978791136, 0.0, 60.166435825965294, 26.30589287593181, 76.00657866263946, 78.44743462982075], [75.8946638440411, 44.77722635447622, 60.37383539249432, 43.56604182158393, 73.08214556237385, 60.166435825965294, 0.0, 60.13318551349163, 20.615528128088304, 62.433965115151864], [108.07404868885037, 51.66236541235796, 100.34440691936945, 29.832867780352597, 104.48444860360799, 26.30589287593181, 60.13318551349163, 0.0, 69.63476143421474, 55.94640292279746], [55.362442142665635, 36.05551275463989, 39.824615503479755, 45.17742799230607, 52.630789467763066, 76.00657866263946, 20.615528128088304, 69.63476143421474, 0.0, 53.2634959423431], [60.08327554319921, 17.804493814764857, 60.00833275470999, 30.265491900843113, 56.61271941887264, 78.44743462982075, 62.433965115151864, 55.94640292279746, 53.2634959423431, 0.0]], "task_locations": [[4, 96], [37, 50], [22, 99], [53, 35], [6, 93], [98, 16], [76, 72], [72, 12], [57, 80], [23, 39]], "precedence_constraints": [[8, 1], [8, 3], [7, 2]]}