{"Q": [[1, 0, 1], [0, 1, 1], [0, 0, 1]], "R": [[0.0, 0.0, 0.0], [0.0, 1.0, 1.0], [1.0, 1.0, 0.0], [0.0, 0.0, 1.0], [1.0, 1.0, 0.0], [0.0, 1.0, 0.0], [0.0, 1.0, 0.0], [1.0, 1.0, 0.0], [1.0, 1.0, 0.0], [0.0, 0.0, 0.0]], "T_e": [0, 55, 83, 72, 89, 83, 60, 81, 92, 0], "T_t": [[0.0, 88.09086218218096, 77.83315488916018, 26.870057685088806, 88.95504482602435, 82.97590011563598, 3.605551275463989, 66.21933252457322, 61.61168720299745, 90.6697303403953], [88.09086218218096, 0.0, 92.09777413162601, 72.73238618387272, 28.442925306655784, 55.90169943749474, 90.27181176868004, 92.9569792968769, 49.678969393496885, 7.280109889280518], [77.83315488916018, 92.09777413162601, 0.0, 92.34717104492157, 69.40461079784254, 40.70626487409524, 81.34494452638098, 13.45362404707371, 43.56604182158393, 88.3911760301898], [26.870057685088806, 72.73238618387272, 92.34717104492157, 0.0, 81.83520025025906, 85.23496934944014, 26.40075756488817, 83.02409288875127, 63.13477647065839, 77.07788269017254], [88.95504482602435, 28.442925306655784, 69.40461079784254, 81.83520025025906, 0.0, 29.732137494637012, 91.92388155425118, 73.348483283569, 33.24154027718932, 22.135943621178654], [82.97590011563598, 55.90169943749474, 40.70626487409524, 85.23496934944014, 29.732137494637012, 0.0, 86.45229898620394, 47.07440918375928, 22.20360331117452, 50.774009099144415], [3.605551275463989, 90.27181176868004, 81.34494452638098, 26.40075756488817, 91.92388155425118, 86.45229898620394, 0.0, 69.6419413859206, 65.0, 93.05912099305473], [66.21933252457322, 92.9569792968769, 13.45362404707371, 83.02409288875127, 73.348483283569, 47.07440918375928, 69.6419413859206, 0.0, 43.278170016764804, 90.21086409075129], [61.61168720299745, 49.678969393496885, 43.56604182158393, 63.13477647065839, 33.24154027718932, 22.20360331117452, 65.0, 43.278170016764804, 0.0, 47.16990566028302], [90.6697303403953, 7.280109889280518, 88.3911760301898, 77.07788269017254, 22.135943621178654, 50.774009099144415, 93.05912099305473, 90.21086409075129, 47.16990566028302, 0.0]], "task_locations": [[23, 2], [27, 90], [96, 29], [4, 21], [55, 85], [77, 65], [20, 0], [87, 19], [59, 52], [34, 92]], "precedence_constraints": [[7, 5], [4, 5], [8, 5]]}