{"Q": [[1, 1, 0], [0, 0, 1], [0, 1, 0]], "R": [[0.0, 0.0, 0.0], [0.0, 0.0, 1.0], [0.0, 0.0, 1.0], [0.0, 1.0, 0.0], [1.0, 0.0, 0.0], [0.0, 0.0, 1.0], [1.0, 1.0, 0.0], [1.0, 1.0, 0.0], [0.0, 0.0, 1.0], [0.0, 0.0, 0.0]], "T_e": [0, 63, 60, 71, 97, 74, 97, 60, 55, 0], "T_t": [[0.0, 57.0, 39.01281840626232, 10.198039027185569, 22.135943621178654, 67.26812023536856, 25.059928172283335, 46.2709412050371, 35.05709628591621, 31.78049716414141], [57.0, 0.0, 69.8927750200262, 59.841457201508724, 54.230987451824994, 15.811388300841896, 72.42237223399962, 69.42621983083913, 65.19202405202648, 58.83026432033091], [39.01281840626232, 69.8927750200262, 0.0, 29.017236257093817, 60.530983801686226, 84.81155581640984, 20.248456731316587, 9.219544457292887, 5.0, 70.45565981523414], [10.198039027185569, 59.841457201508724, 29.017236257093817, 0.0, 32.28002478313795, 71.78439941937245, 15.620499351813308, 36.6742416417845, 25.317977802344327, 41.97618372363071], [22.135943621178654, 54.230987451824994, 60.530983801686226, 32.28002478313795, 0.0, 59.53990258641679, 47.01063709417264, 67.02984409947557, 56.22277118748239, 10.0], [67.26812023536856, 15.811388300841896, 84.81155581640984, 71.78439941937245, 59.53990258641679, 0.0, 85.492689745966, 84.86459803710851, 80.0, 61.68468205316454], [25.059928172283335, 72.42237223399962, 20.248456731316587, 15.620499351813308, 47.01063709417264, 85.492689745966, 0.0, 29.410882339705484, 19.1049731745428, 56.302753041036986], [46.2709412050371, 69.42621983083913, 9.219544457292887, 36.6742416417845, 67.02984409947557, 84.86459803710851, 29.410882339705484, 0.0, 11.40175425099138, 77.02596964660685], [35.05709628591621, 65.19202405202648, 5.0, 25.317977802344327, 56.22277118748239, 80.0, 19.1049731745428, 11.40175425099138, 0.0, 66.18912297349165], [31.78049716414141, 58.83026432033091, 70.45565981523414, 41.97618372363071, 10.0, 61.68468205316454, 56.302753041036986, 77.02596964660685, 66.18912297349165, 0.0]], "task_locations": [[75, 46], [18, 46], [76, 85], [77, 56], [68, 25], [9, 33], [87, 68], [70, 92], [73, 81], [68, 15]], "precedence_constraints": [[1, 6], [5, 7], [2, 3]]}