{"Q": [[1, 1, 1], [1, 1, 0], [1, 0, 0]], "R": [[0.0, 0.0, 0.0], [0.0, 1.0, 0.0], [0.0, 1.0, 1.0], [1.0, 0.0, 1.0], [1.0, 0.0, 1.0], [0.0, 1.0, 0.0], [0.0, 0.0, 1.0], [0.0, 1.0, 0.0], [1.0, 0.0, 1.0], [0.0, 0.0, 0.0]], "T_e": [0, 61, 96, 72, 70, 59, 97, 50, 96, 0], "T_t": [[0.0, 52.478567053607705, 39.11521443121589, 27.80287754891569, 27.65863337187866, 32.38826948140329, 56.0357029044876, 74.81310045707235, 54.48853090330111, 70.09279563550022], [52.478567053607705, 0.0, 78.23042886243178, 80.15609770940699, 79.88116173416608, 83.38465086573187, 27.313000567495326, 86.00581375697809, 67.47592163134935, 79.02531240052139], [39.11521443121589, 78.23042886243178, 0.0, 33.301651610693426, 31.89043743820395, 48.79549159502341, 67.00746227100382, 47.4236228055175, 34.0147027033899, 45.880278987817846], [27.80287754891569, 80.15609770940699, 33.301651610693426, 0.0, 1.4142135623730951, 15.620499351813308, 80.2807573457052, 79.92496481075234, 63.324560795950255, 77.3692445355388], [27.65863337187866, 79.88116173416608, 31.89043743820395, 1.4142135623730951, 0.0, 17.029386365926403, 79.55501241279521, 78.54934754662193, 62.03224967708329, 76.02631123499285], [32.38826948140329, 83.38465086573187, 48.79549159502341, 15.620499351813308, 17.029386365926403, 0.0, 88.2779700718135, 94.86832980505137, 77.3692445355388, 91.92388155425118], [56.0357029044876, 27.313000567495326, 67.00746227100382, 80.2807573457052, 79.55501241279521, 88.2779700718135, 0.0, 61.814237842102365, 46.09772228646444, 54.74486277268398], [74.81310045707235, 86.00581375697809, 47.4236228055175, 79.92496481075234, 78.54934754662193, 94.86832980505137, 61.814237842102365, 0.0, 21.02379604162864, 7.0710678118654755], [54.48853090330111, 67.47592163134935, 34.0147027033899, 63.324560795950255, 62.03224967708329, 77.3692445355388, 46.09772228646444, 21.02379604162864, 0.0, 15.620499351813308], [70.09279563550022, 79.02531240052139, 45.880278987817846, 77.3692445355388, 76.02631123499285, 91.92388155425118, 54.74486277268398, 7.0710678118654755, 15.620499351813308, 0.0]], "task_locations": [[66, 62], [93, 17], [27, 59], [49, 84], [48, 83], [61, 94], [68, 6], [7, 16], [26, 25], [14, 15]], "precedence_constraints": [[8, 6]]}