{"Q": [[1, 1, 0], [0, 0, 1], [1, 0, 1]], "R": [[0.0, 0.0, 0.0], [1.0, 0.0, 1.0], [1.0, 0.0, 0.0], [0.0, 1.0, 0.0], [0.0, 1.0, 1.0], [1.0, 0.0, 0.0], [1.0, 1.0, 1.0], [0.0, 0.0, 1.0], [1.0, 0.0, 0.0], [0.0, 0.0, 0.0]], "T_e": [0, 90, 51, 77, 52, 86, 67, 74, 74, 0], "T_t": [[0.0, 29.410882339705484, 47.51841748206689, 13.038404810405298, 57.706152185014034, 24.041630560342615, 81.25269226308751, 64.07027391856539, 50.00999900019995, 78.71467461661771], [29.410882339705484, 0.0, 75.02666192761077, 29.0, 81.02468759581859, 16.76305461424021, 70.57619995437555, 63.13477647065839, 49.09175083453431, 88.41379982785493], [47.51841748206689, 75.02666192761077, 0.0, 56.92099788303083, 20.396078054371138, 71.386273190299, 97.67292357659824, 72.00694410957877, 64.4437739428721, 63.953107821277925], [13.038404810405298, 29.0, 56.92099788303083, 0.0, 69.33974329343886, 16.492422502470642, 90.79647570252934, 75.66372975210778, 61.29437168288782, 91.706052144883], [57.706152185014034, 81.02468759581859, 20.396078054371138, 69.33974329343886, 0.0, 81.43709228600933, 87.20091742636656, 60.60528029800704, 56.859475903318, 45.5411901469428], [24.041630560342615, 16.76305461424021, 71.386273190299, 16.492422502470642, 81.43709228600933, 0.0, 86.09297300012354, 75.61084578286372, 61.09828148156051, 97.0051545022222], [81.25269226308751, 70.57619995437555, 97.67292357659824, 90.79647570252934, 87.20091742636656, 86.09297300012354, 0.0, 26.627053911388696, 34.132096331752024, 55.731499172371095], [64.07027391856539, 63.13477647065839, 72.00694410957877, 75.66372975210778, 60.60528029800704, 75.61084578286372, 26.627053911388696, 0.0, 14.560219778561036, 33.54101966249684], [50.00999900019995, 49.09175083453431, 64.4437739428721, 61.29437168288782, 56.859475903318, 61.09828148156051, 34.132096331752024, 14.560219778561036, 0.0, 42.05948168962618], [78.71467461661771, 88.41379982785493, 63.953107821277925, 91.706052144883, 45.5411901469428, 97.0051545022222, 55.731499172371095, 33.54101966249684, 42.05948168962618, 0.0]], "task_locations": [[13, 47], [22, 19], [20, 94], [2, 40], [40, 98], [6, 24], [92, 28], [77, 50], [63, 46], [83, 83]], "precedence_constraints": [[7, 8], [2, 4], [8, 2], [3, 2], [6, 1], [6, 2]]}