{"Q": [[0, 0, 1], [1, 1, 0], [0, 1, 1]], "R": [[0.0, 0.0, 0.0], [1.0, 0.0, 1.0], [1.0, 1.0, 0.0], [0.0, 0.0, 1.0], [1.0, 0.0, 1.0], [1.0, 0.0, 1.0], [0.0, 0.0, 1.0], [0.0, 0.0, 1.0], [1.0, 1.0, 1.0], [0.0, 0.0, 0.0]], "T_e": [0, 93, 68, 58, 95, 96, 81, 91, 52, 0], "T_t": [[0.0, 32.0624390837628, 22.20360331117452, 51.03920062069938, 61.39218191268331, 43.56604182158393, 27.294688127912362, 40.80441152620633, 69.05070600652827, 96.25487000666512], [32.0624390837628, 0.0, 51.19570294468082, 28.792360097775937, 61.032778078668514, 12.083045973594572, 5.385164807134504, 15.652475842498529, 38.62641583165593, 81.49233092751734], [22.20360331117452, 51.19570294468082, 0.0, 62.0966987850401, 56.302753041036986, 61.29437168288782, 45.89117562233506, 62.24146527838174, 89.56003573022959, 97.59098319004681], [51.03920062069938, 28.792360097775937, 62.0966987850401, 0.0, 42.44997055358225, 22.02271554554524, 29.154759474226502, 41.10960958218893, 48.54894437575342, 52.952809179494906], [61.39218191268331, 61.032778078668514, 56.302753041036986, 42.44997055358225, 0.0, 60.90155991434045, 57.723478758647246, 76.55063683601855, 90.60353193998566, 44.294469180700204], [43.56604182158393, 12.083045973594572, 61.29437168288782, 22.02271554554524, 60.90155991434045, 0.0, 16.278820596099706, 19.4164878389476, 31.400636936215164, 74.54528824815154], [27.294688127912362, 5.385164807134504, 45.89117562233506, 29.154759474226502, 57.723478758647246, 16.278820596099706, 0.0, 20.0, 44.01136216933077, 80.95677859203639], [40.80441152620633, 15.652475842498529, 62.24146527838174, 41.10960958218893, 76.55063683601855, 19.4164878389476, 20.0, 0.0, 29.0, 93.90420650854784], [69.05070600652827, 38.62641583165593, 89.56003573022959, 48.54894437575342, 90.60353193998566, 31.400636936215164, 44.01136216933077, 29.0, 0.0, 94.36630754670864], [96.25487000666512, 81.49233092751734, 97.59098319004681, 52.952809179494906, 44.294469180700204, 74.54528824815154, 80.95677859203639, 93.90420650854784, 94.36630754670864, 0.0]], "task_locations": [[21, 84], [53, 82], [3, 71], [63, 55], [34, 24], [64, 77], [48, 80], [60, 96], [89, 96], [73, 3]], "precedence_constraints": [[6, 1], [8, 6], [8, 1], [6, 5]]}