{"Q": [[1, 1, 1], [0, 1, 0], [0, 0, 1]], "R": [[0.0, 0.0, 0.0], [0.0, 1.0, 1.0], [0.0, 1.0, 0.0], [1.0, 1.0, 0.0], [0.0, 0.0, 1.0], [0.0, 0.0, 1.0], [1.0, 0.0, 0.0], [1.0, 0.0, 1.0], [0.0, 1.0, 1.0], [0.0, 0.0, 0.0]], "T_e": [0, 60, 81, 99, 78, 77, 78, 57, 80, 0], "T_t": [[0.0, 35.608987629529715, 35.38361202590826, 58.137767414994535, 34.48187929913333, 17.11724276862369, 7.211102550927978, 29.410882339705484, 68.0, 7.280109889280518], [35.608987629529715, 0.0, 2.8284271247461903, 74.02702209328699, 53.150729063673246, 49.20365840057018, 36.87817782917155, 45.044422518220834, 103.24727599312246, 41.72529209005013], [35.38361202590826, 2.8284271247461903, 0.0, 76.0, 54.74486277268398, 49.64876634922564, 37.20215047547655, 43.0, 102.62553288534, 41.773197148410844], [58.137767414994535, 74.02702209328699, 76.0, 0.0, 23.769728648009426, 44.82186966202994, 50.99019513592785, 87.32124598286491, 88.29496021857646, 53.0], [34.48187929913333, 53.150729063673246, 54.74486277268398, 23.769728648009426, 0.0, 23.021728866442675, 27.294688127912362, 63.812224534175265, 77.02596964660685, 29.832867780352597], [17.11724276862369, 49.20365840057018, 49.64876634922564, 44.82186966202994, 23.021728866442675, 0.0, 12.529964086141668, 43.657759905886145, 59.90826320300064, 10.0], [7.211102550927978, 36.87817782917155, 37.20215047547655, 50.99019513592785, 27.294688127912362, 12.529964086141668, 0.0, 36.61966684720111, 69.07966415668217, 6.082762530298219], [29.410882339705484, 45.044422518220834, 43.0, 87.32124598286491, 63.812224534175265, 43.657759905886145, 36.61966684720111, 0.0, 70.60453243241541, 34.438350715445125], [68.0, 103.24727599312246, 102.62553288534, 88.29496021857646, 77.02596964660685, 59.90826320300064, 69.07966415668217, 70.60453243241541, 0.0, 63.15853069855251], [7.280109889280518, 41.72529209005013, 41.773197148410844, 53.0, 29.832867780352597, 10.0, 6.082762530298219, 34.438350715445125, 63.15853069855251, 0.0]], "task_locations": [[63, 53], [91, 75], [89, 77], [89, 1], [80, 23], [61, 36], [67, 47], [46, 77], [3, 21], [61, 46]], "precedence_constraints": [[2, 6], [2, 8], [3, 1]]}