{"Q": [[1, 0, 0], [1, 0, 1], [0, 1, 1]], "R": [[0.0, 0.0, 0.0], [1.0, 1.0, 0.0], [1.0, 1.0, 1.0], [1.0, 0.0, 0.0], [0.0, 1.0, 0.0], [1.0, 1.0, 0.0], [1.0, 0.0, 1.0], [1.0, 0.0, 0.0], [1.0, 1.0, 1.0], [0.0, 0.0, 0.0]], "T_e": [0, 83, 82, 91, 96, 74, 69, 84, 73, 0], "T_t": [[0.0, 29.966648127543394, 80.39900496896712, 77.15568676384133, 40.162171256046406, 76.53757247260981, 57.97413216254298, 79.12016177940993, 17.029386365926403, 43.18564576337837], [29.966648127543394, 0.0, 75.59100475585703, 49.20365840057018, 28.653097563788805, 47.07440918375928, 60.108235708594876, 61.00819617067857, 45.60701700396552, 23.345235059857504], [80.39900496896712, 75.59100475585703, 0.0, 70.77428911688199, 46.95742752749558, 99.04544411531506, 25.0, 36.49657518178932, 79.51100552753688, 98.2700361249552], [77.15568676384133, 49.20365840057018, 70.77428911688199, 0.0, 46.17358552246078, 33.12099032335839, 72.11102550927978, 36.40054944640259, 89.87213138676528, 57.723478758647246], [40.162171256046406, 28.653097563788805, 46.95742752749558, 46.17358552246078, 0.0, 61.84658438426491, 33.28663395418648, 39.0, 47.634021455258214, 51.61395160225576], [76.53757247260981, 47.07440918375928, 99.04544411531506, 33.12099032335839, 61.84658438426491, 0.0, 93.98404119849285, 68.01470429252781, 92.64987857520376, 40.36087214122113], [57.97413216254298, 60.108235708594876, 25.0, 72.11102550927978, 33.28663395418648, 93.98404119849285, 0.0, 46.61544808322666, 55.036351623268054, 83.45058418010026], [79.12016177940993, 61.00819617067857, 36.49657518178932, 36.40054944640259, 39.0, 68.01470429252781, 46.61544808322666, 0.0, 85.75546629807339, 79.42921376924235], [17.029386365926403, 45.60701700396552, 79.51100552753688, 89.87213138676528, 47.634021455258214, 92.64987857520376, 55.036351623268054, 85.75546629807339, 0.0, 60.207972893961475], [43.18564576337837, 23.345235059857504, 98.2700361249552, 57.723478758647246, 51.61395160225576, 40.36087214122113, 83.45058418010026, 79.42921376924235, 60.207972893961475, 0.0]], "task_locations": [[17, 74], [30, 47], [97, 82], [69, 17], [55, 61], [40, 1], [73, 89], [91, 46], [18, 91], [13, 31]], "precedence_constraints": [[2, 6]]}