{"Q": [[1, 0, 0], [0, 1, 1], [0, 0, 1]], "R": [[0.0, 0.0, 0.0], [1.0, 0.0, 1.0], [1.0, 0.0, 1.0], [0.0, 1.0, 1.0], [0.0, 1.0, 1.0], [1.0, 0.0, 0.0], [1.0, 1.0, 0.0], [1.0, 1.0, 0.0], [0.0, 1.0, 1.0], [0.0, 0.0, 0.0]], "T_e": [0, 75, 86, 97, 85, 91, 82, 64, 77, 0], "T_t": [[0.0, 18.601075237738275, 59.481089431852205, 35.17101079013795, 74.41102068914255, 36.013886210738214, 32.57299494980466, 25.632011235952593, 19.4164878389476, 80.43009387039157], [18.601075237738275, 0.0, 50.47771785649585, 27.586228448267445, 56.4003546088143, 28.653097563788805, 42.2965719651132, 42.43819034784589, 34.713109915419565, 61.84658438426491], [59.481089431852205, 50.47771785649585, 0.0, 24.351591323771842, 73.43704787094863, 77.10382610480494, 49.040799340956916, 66.37017402418047, 78.84795495128583, 67.26812023536856], [35.17101079013795, 27.586228448267445, 24.351591323771842, 0.0, 66.70832032063167, 55.80322571321482, 32.55764119219941, 45.5411901469428, 54.57105459856901, 65.7419196555744], [74.41102068914255, 56.4003546088143, 73.43704787094863, 66.70832032063167, 0.0, 52.0, 95.34149149242423, 98.812954616285, 85.60373823613078, 15.231546211727817], [36.013886210738214, 28.653097563788805, 77.10382610480494, 55.80322571321482, 52.0, 0.0, 67.60177512462228, 60.8276253029822, 37.73592452822641, 63.56099432828282], [32.57299494980466, 42.2965719651132, 49.040799340956916, 32.55764119219941, 95.34149149242423, 67.60177512462228, 0.0, 20.248456731316587, 45.45327270945405, 96.79876032264049], [25.632011235952593, 42.43819034784589, 66.37017402418047, 45.5411901469428, 98.812954616285, 60.8276253029822, 20.248456731316587, 0.0, 29.732137494637012, 103.24727599312246], [19.4164878389476, 34.713109915419565, 78.84795495128583, 54.57105459856901, 85.60373823613078, 37.73592452822641, 45.45327270945405, 29.732137494637012, 0.0, 94.02127418834527], [80.43009387039157, 61.84658438426491, 67.26812023536856, 65.7419196555744, 15.231546211727817, 63.56099432828282, 96.79876032264049, 103.24727599312246, 94.02127418834527, 0.0]], "task_locations": [[22, 58], [37, 47], [79, 75], [56, 67], [71, 2], [23, 22], [32, 89], [13, 82], [3, 54], [85, 8]], "precedence_constraints": [[2, 7], [7, 6], [3, 7], [8, 6]]}