{"Q": [[0, 1, 1], [0, 1, 1], [1, 1, 1]], "R": [[0.0, 0.0, 0.0], [0.0, 1.0, 1.0], [1.0, 1.0, 1.0], [0.0, 1.0, 1.0], [1.0, 0.0, 1.0], [0.0, 1.0, 0.0], [1.0, 1.0, 0.0], [0.0, 0.0, 1.0], [0.0, 0.0, 1.0], [0.0, 0.0, 0.0]], "T_e": [0, 74, 71, 55, 96, 82, 71, 75, 58, 0], "T_t": [[0.0, 25.298221281347036, 34.66987164671943, 48.02082881417188, 21.37755832643195, 64.66065264130884, 19.4164878389476, 49.658836071740545, 55.00909015790027, 7.0710678118654755], [25.298221281347036, 0.0, 54.12947441089743, 33.015148038438355, 12.36931687685298, 74.65252842335616, 43.18564576337837, 37.12142238654117, 41.012193308819754, 32.28002478313795], [34.66987164671943, 54.12947441089743, 0.0, 58.309518948453004, 55.036351623268054, 36.345563690772494, 18.027756377319946, 56.356011214421486, 61.773780845922005, 29.732137494637012], [48.02082881417188, 33.015148038438355, 58.309518948453004, 0.0, 45.17742799230607, 60.63827174318213, 57.48912940721924, 5.656854249492381, 8.0, 52.80151512977634], [21.37755832643195, 12.36931687685298, 55.036351623268054, 45.17742799230607, 0.0, 80.65977932030313, 40.792156108742276, 49.0, 53.150729063673246, 28.160255680657446], [64.66065264130884, 74.65252842335616, 36.345563690772494, 60.63827174318213, 80.65977932030313, 0.0, 53.16013544000805, 55.90169943749474, 59.30430001273095, 62.16912416947821], [19.4164878389476, 43.18564576337837, 18.027756377319946, 57.48912940721924, 40.792156108742276, 53.16013544000805, 0.0, 57.28001396647874, 62.93647591023825, 13.0], [49.658836071740545, 37.12142238654117, 56.356011214421486, 5.656854249492381, 49.0, 55.90169943749474, 57.28001396647874, 0.0, 5.656854249492381, 53.85164807134504], [55.00909015790027, 41.012193308819754, 61.773780845922005, 8.0, 53.150729063673246, 59.30430001273095, 62.93647591023825, 5.656854249492381, 0.0, 59.36328831862332], [7.0710678118654755, 32.28002478313795, 29.732137494637012, 52.80151512977634, 28.160255680657446, 62.16912416947821, 13.0, 53.85164807134504, 59.36328831862332, 0.0]], "task_locations": [[51, 20], [27, 28], [80, 39], [26, 61], [30, 16], [85, 75], [70, 24], [30, 65], [26, 69], [58, 19]], "precedence_constraints": [[6, 2], [4, 2], [1, 3]]}