{"Q": [[1, 0, 1], [1, 0, 1], [0, 1, 0]], "R": [[0.0, 0.0, 0.0], [1.0, 0.0, 1.0], [0.0, 1.0, 0.0], [1.0, 1.0, 1.0], [0.0, 0.0, 1.0], [1.0, 0.0, 0.0], [1.0, 1.0, 1.0], [1.0, 1.0, 0.0], [0.0, 1.0, 1.0], [0.0, 0.0, 0.0]], "T_e": [0, 65, 99, 62, 98, 69, 90, 57, 96, 0], "T_t": [[0.0, 29.068883707497267, 62.96824596572466, 49.09175083453431, 29.832867780352597, 55.94640292279746, 18.027756377319946, 27.65863337187866, 34.20526275297414, 47.853944456021594], [29.068883707497267, 0.0, 34.20526275297414, 20.518284528683193, 55.326304774492215, 36.013886210738214, 16.1245154965971, 47.265209192385896, 53.600373133029585, 55.758407437802596], [62.96824596572466, 34.20526275297414, 0.0, 13.892443989449804, 86.33075929238663, 30.01666203960727, 47.01063709417264, 75.7099729229908, 81.04936767180853, 74.54528824815154], [49.09175083453431, 20.518284528683193, 13.892443989449804, 0.0, 72.80109889280519, 26.076809620810597, 33.24154027718932, 62.64982043070834, 68.26419266350405, 64.03124237432849], [29.832867780352597, 55.326304774492215, 86.33075929238663, 72.80109889280519, 0.0, 70.0, 39.81205847478876, 13.601470508735444, 14.142135623730951, 36.87817782917155], [55.94640292279746, 36.013886210738214, 30.01666203960727, 26.076809620810597, 70.0, 0.0, 38.01315561749642, 57.14017850864661, 60.8276253029822, 48.373546489791295], [18.027756377319946, 16.1245154965971, 47.01063709417264, 33.24154027718932, 39.81205847478876, 38.01315561749642, 0.0, 31.144823004794873, 37.48332962798263, 41.773197148410844], [27.65863337187866, 47.265209192385896, 75.7099729229908, 62.64982043070834, 13.601470508735444, 57.14017850864661, 31.144823004794873, 0.0, 6.708203932499369, 25.0], [34.20526275297414, 53.600373133029585, 81.04936767180853, 68.26419266350405, 14.142135623730951, 60.8276253029822, 37.48332962798263, 6.708203932499369, 0.0, 22.80350850198276], [47.853944456021594, 55.758407437802596, 74.54528824815154, 64.03124237432849, 36.87817782917155, 48.373546489791295, 41.773197148410844, 25.0, 22.80350850198276, 0.0]], "task_locations": [[39, 46], [65, 59], [92, 80], [80, 73], [10, 53], [66, 95], [49, 61], [18, 64], [12, 67], [18, 89]], "precedence_constraints": [[5, 2], [4, 8], [7, 6], [8, 2], [5, 1]]}