{"Q": [[0, 0, 1], [0, 1, 0], [1, 0, 1]], "R": [[0.0, 0.0, 0.0], [1.0, 0.0, 0.0], [0.0, 1.0, 0.0], [0.0, 0.0, 1.0], [1.0, 0.0, 0.0], [0.0, 1.0, 1.0], [1.0, 1.0, 1.0], [1.0, 1.0, 0.0], [0.0, 1.0, 1.0], [0.0, 0.0, 0.0]], "T_e": [0, 72, 71, 83, 67, 51, 54, 69, 81, 0], "T_t": [[0.0, 59.481089431852205, 16.76305461424021, 21.840329667841555, 40.70626487409524, 17.0, 60.37383539249432, 38.897300677553446, 36.76955262170047, 74.73285756613352], [59.481089431852205, 0.0, 61.587336360651285, 81.32035415564789, 42.485291572496, 75.92759709091287, 47.634021455258214, 94.13288479590966, 91.0494371207203, 92.00543462209176], [16.76305461424021, 61.587336360651285, 0.0, 27.85677655436824, 53.85164807134504, 27.202941017470888, 73.37574531137656, 50.47771785649585, 49.20365840057018, 91.44397191723465], [21.840329667841555, 81.32035415564789, 27.85677655436824, 0.0, 58.0, 7.211102550927978, 76.83749084919418, 24.08318915758459, 23.853720883753127, 79.1580697086532], [40.70626487409524, 42.485291572496, 53.85164807134504, 58.0, 0.0, 50.91168824543142, 19.697715603592208, 60.92618484691127, 57.38466694161429, 50.93132631298737], [17.0, 75.92759709091287, 27.202941017470888, 7.211102550927978, 50.91168824543142, 0.0, 69.65629906907199, 23.323807579381203, 22.02271554554524, 73.00684899377592], [60.37383539249432, 47.634021455258214, 73.37574531137656, 76.83749084919418, 19.697715603592208, 69.65629906907199, 0.0, 76.55063683601855, 72.94518489934754, 47.01063709417264], [38.897300677553446, 94.13288479590966, 50.47771785649585, 24.08318915758459, 60.92618484691127, 23.323807579381203, 76.55063683601855, 0.0, 3.605551275463989, 64.51356446515724], [36.76955262170047, 91.0494371207203, 49.20365840057018, 23.853720883753127, 57.38466694161429, 22.02271554554524, 72.94518489934754, 3.605551275463989, 0.0, 61.68468205316454], [74.73285756613352, 92.00543462209176, 91.44397191723465, 79.1580697086532, 50.93132631298737, 73.00684899377592, 47.01063709417264, 64.51356446515724, 61.68468205316454, 0.0]], "task_locations": [[41, 79], [98, 62], [46, 95], [20, 85], [60, 43], [24, 79], [68, 25], [4, 67], [7, 65], [25, 6]], "precedence_constraints": [[7, 4], [5, 7]]}