{"Q": [[0, 0, 1], [1, 1, 0], [1, 1, 1]], "R": [[0.0, 0.0, 0.0], [1.0, 1.0, 1.0], [0.0, 0.0, 1.0], [0.0, 1.0, 0.0], [0.0, 1.0, 0.0], [1.0, 0.0, 0.0], [0.0, 1.0, 1.0], [1.0, 1.0, 1.0], [1.0, 0.0, 0.0], [0.0, 0.0, 0.0]], "T_e": [0, 77, 63, 90, 70, 59, 76, 86, 68, 0], "T_t": [[0.0, 10.295630140987, 109.12836478203089, 62.297672508690084, 94.72592042308166, 9.055385138137417, 95.58765610684259, 16.97056274847714, 111.40017953306898, 25.0], [10.295630140987, 0.0, 98.8382517044894, 55.10898293381942, 85.0, 4.0, 85.58621384311844, 7.615773105863909, 102.07840124139877, 14.866068747318506], [109.12836478203089, 98.8382517044894, 0.0, 77.52418977325722, 32.2490309931942, 100.72239075796404, 29.5296461204668, 93.1074647920348, 49.20365840057018, 84.581321815162], [62.297672508690084, 55.10898293381942, 77.52418977325722, 0.0, 83.72574275573791, 59.033888572581766, 51.24451190127583, 47.67598976424087, 55.758407437802596, 44.0], [94.72592042308166, 85.0, 32.2490309931942, 83.72574275573791, 0.0, 85.70297544426332, 50.99019513592785, 81.2219182240853, 75.61084578286372, 73.06161783043132], [9.055385138137417, 4.0, 100.72239075796404, 59.033888572581766, 85.70297544426332, 0.0, 88.3911760301898, 11.40175425099138, 105.39449701004318, 17.804493814764857], [95.58765610684259, 85.58621384311844, 29.5296461204668, 51.24451190127583, 50.99019513592785, 88.3911760301898, 0.0, 78.64477096412705, 25.317977802344327, 70.7248188403477], [16.97056274847714, 7.615773105863909, 93.1074647920348, 47.67598976424087, 81.2219182240853, 11.40175425099138, 78.64477096412705, 0.0, 94.62557793746889, 8.54400374531753], [111.40017953306898, 102.07840124139877, 49.20365840057018, 55.758407437802596, 75.61084578286372, 105.39449701004318, 25.317977802344327, 94.62557793746889, 0.0, 87.66413177577246], [25.0, 14.866068747318506, 84.581321815162, 44.0, 73.06161783043132, 17.804493814764857, 70.7248188403477, 8.54400374531753, 87.66413177577246, 0.0]], "task_locations": [[98, 97], [93, 88], [48, 0], [39, 77], [80, 4], [97, 88], [34, 26], [86, 85], [9, 30], [83, 77]], "precedence_constraints": [[4, 1], [5, 7], [6, 7]]}