{"Q": [[0, 0, 1], [1, 0, 0], [1, 1, 1]], "R": [[0.0, 0.0, 0.0], [1.0, 0.0, 0.0], [1.0, 1.0, 0.0], [1.0, 0.0, 0.0], [1.0, 1.0, 1.0], [0.0, 0.0, 1.0], [0.0, 1.0, 1.0], [1.0, 0.0, 0.0], [0.0, 1.0, 0.0], [0.0, 0.0, 0.0]], "T_e": [0, 72, 53, 54, 85, 91, 61, 89, 63, 0], "T_t": [[0.0, 71.02816342831905, 33.06055050963308, 90.08884503644167, 93.92017887546851, 74.04052944165107, 10.770329614269007, 43.01162633521314, 57.87054518492115, 20.248456731316587], [71.02816342831905, 0.0, 56.568542494923804, 79.02531240052139, 55.569775957799216, 47.634021455258214, 62.26556030423239, 45.0, 42.37924020083418, 80.77747210701756], [33.06055050963308, 56.568542494923804, 0.0, 57.3149195236284, 62.609903369994115, 42.485291572496, 23.08679276123039, 13.601470508735444, 27.202941017470888, 29.068883707497267], [90.08884503644167, 79.02531240052139, 57.3149195236284, 0.0, 34.0147027033899, 31.400636936215164, 80.39900496896712, 51.86520991955976, 41.340053217188775, 80.06247560499239], [93.92017887546851, 55.569775957799216, 62.609903369994115, 34.0147027033899, 0.0, 20.12461179749811, 83.16850365372699, 50.92150822589606, 36.05551275463989, 91.0659101969557], [74.04052944165107, 47.634021455258214, 42.485291572496, 31.400636936215164, 20.12461179749811, 0.0, 63.324560795950255, 31.04834939252005, 16.278820596099706, 71.02112361825881], [10.770329614269007, 62.26556030423239, 23.08679276123039, 80.39900496896712, 83.16850365372699, 63.324560795950255, 0.0, 32.28002478313795, 47.12748667179272, 21.02379604162864], [43.01162633521314, 45.0, 13.601470508735444, 51.86520991955976, 50.92150822589606, 31.04834939252005, 32.28002478313795, 0.0, 14.866068747318506, 42.42640687119285], [57.87054518492115, 42.37924020083418, 27.202941017470888, 41.340053217188775, 36.05551275463989, 16.278820596099706, 47.12748667179272, 14.866068747318506, 0.0, 56.22277118748239], [20.248456731316587, 80.77747210701756, 29.068883707497267, 80.06247560499239, 91.0659101969557, 71.02112361825881, 21.02379604162864, 42.42640687119285, 56.22277118748239, 0.0]], "task_locations": [[91, 69], [50, 11], [58, 67], [1, 73], [2, 39], [20, 48], [81, 65], [50, 56], [36, 51], [80, 86]], "precedence_constraints": [[2, 4], [5, 7], [3, 6], [5, 3], [4, 7]]}