{"Q": [[0, 0, 1], [1, 1, 1], [1, 1, 1]], "R": [[0.0, 0.0, 0.0], [1.0, 0.0, 1.0], [1.0, 1.0, 0.0], [0.0, 0.0, 1.0], [0.0, 1.0, 1.0], [0.0, 0.0, 1.0], [0.0, 1.0, 1.0], [1.0, 1.0, 0.0], [1.0, 1.0, 0.0], [0.0, 0.0, 0.0]], "T_e": [0, 56, 80, 94, 52, 68, 55, 78, 71, 0], "T_t": [[0.0, 69.35416353759881, 41.23105625617661, 55.71355310873648, 33.61547262794322, 15.524174696260024, 18.027756377319946, 29.68164415931166, 46.69047011971501, 17.4928556845359], [69.35416353759881, 0.0, 29.832867780352597, 83.19855767980596, 48.041648597857254, 54.378304497290095, 85.23496934944014, 60.802960454241045, 29.017236257093817, 79.6994353806851], [41.23105625617661, 29.832867780352597, 0.0, 58.137767414994535, 19.6468827043885, 27.80287754891569, 55.90169943749474, 42.579337712087536, 8.0, 49.9799959983992], [55.71355310873648, 83.19855767980596, 58.137767414994535, 0.0, 39.11521443121589, 59.405386961116584, 51.03920062069938, 81.54140052758476, 55.02726596879042, 43.289721643826724], [33.61547262794322, 48.041648597857254, 19.6468827043885, 39.11521443121589, 0.0, 27.073972741361768, 43.139309220245984, 48.507731342539614, 19.235384061671343, 35.608987629529715], [15.524174696260024, 54.378304497290095, 27.80287754891569, 59.405386961116584, 27.073972741361768, 0.0, 33.13608305156178, 22.360679774997898, 34.48187929913333, 30.4138126514911], [18.027756377319946, 85.23496934944014, 55.90169943749474, 51.03920062069938, 43.139309220245984, 33.13608305156178, 0.0, 46.238512086787566, 59.90826320300064, 8.54400374531753], [29.68164415931166, 60.802960454241045, 42.579337712087536, 81.54140052758476, 48.507731342539614, 22.360679774997898, 46.238512086787566, 0.0, 50.48762224545735, 47.16990566028302], [46.69047011971501, 29.017236257093817, 8.0, 55.02726596879042, 19.235384061671343, 34.48187929913333, 59.90826320300064, 50.48762224545735, 0.0, 53.23532661682466], [17.4928556845359, 79.6994353806851, 49.9799959983992, 43.289721643826724, 35.608987629529715, 30.4138126514911, 8.54400374531753, 47.16990566028302, 53.23532661682466, 0.0]], "task_locations": [[67, 18], [6, 51], [35, 44], [87, 70], [54, 49], [52, 22], [85, 19], [42, 2], [35, 52], [82, 27]], "precedence_constraints": [[7, 1], [2, 7], [8, 5], [1, 8], [7, 4]]}