{"Q": [[1, 0, 0], [0, 0, 1], [1, 1, 0]], "R": [[0.0, 0.0, 0.0], [0.0, 0.0, 1.0], [0.0, 1.0, 1.0], [1.0, 0.0, 1.0], [1.0, 0.0, 1.0], [0.0, 1.0, 1.0], [0.0, 1.0, 0.0], [1.0, 0.0, 0.0], [1.0, 1.0, 0.0], [0.0, 0.0, 0.0]], "T_e": [0, 99, 61, 51, 91, 79, 86, 89, 54, 0], "T_t": [[0.0, 73.00684899377592, 73.348483283569, 47.01063709417264, 112.8716084761797, 50.28916384272063, 44.10215414239989, 69.46221994724903, 74.73285756613352, 39.96248240537617], [73.00684899377592, 0.0, 76.8505042273634, 26.0, 98.47842403288143, 28.653097563788805, 42.720018726587654, 78.00640999302557, 30.4138126514911, 61.587336360651285], [73.348483283569, 76.8505042273634, 0.0, 66.70832032063167, 40.0, 53.45091205957107, 42.2965719651132, 5.385164807134504, 50.20956084253277, 33.83784863137726], [47.01063709417264, 26.0, 66.70832032063167, 0.0, 97.41663102366043, 14.035668847618199, 25.079872407968907, 66.09841147864296, 36.61966684720111, 42.01190307520001], [112.8716084761797, 98.47842403288143, 40.0, 97.41663102366043, 0.0, 83.38465086573187, 76.40026177965623, 44.68780594300866, 68.06614430096654, 72.94518489934754], [50.28916384272063, 28.653097563788805, 53.45091205957107, 14.035668847618199, 83.38465086573187, 0.0, 14.212670403551895, 53.31041174104736, 25.612496949731394, 33.015148038438355], [44.10215414239989, 42.720018726587654, 42.2965719651132, 25.079872407968907, 76.40026177965623, 14.212670403551895, 0.0, 41.23105625617661, 31.78049716414141, 18.867962264113206], [69.46221994724903, 78.00640999302557, 5.385164807134504, 66.09841147864296, 44.68780594300866, 53.31041174104736, 41.23105625617661, 0.0, 52.630789467763066, 30.59411708155671], [74.73285756613352, 30.4138126514911, 50.20956084253277, 36.61966684720111, 68.06614430096654, 25.612496949731394, 31.78049716414141, 52.630789467763066, 0.0, 47.095647357266465], [39.96248240537617, 61.587336360651285, 33.83784863137726, 42.01190307520001, 72.94518489934754, 33.015148038438355, 18.867962264113206, 30.59411708155671, 47.095647357266465, 0.0]], "task_locations": [[0, 13], [1, 86], [66, 45], [1, 60], [98, 69], [15, 61], [24, 50], [64, 40], [31, 81], [34, 34]], "precedence_constraints": [[6, 7], [5, 1], [7, 1], [7, 4], [2, 1], [3, 6]]}