{"Q": [[0, 0, 1], [1, 0, 0], [1, 1, 1]], "R": [[0.0, 0.0, 0.0], [0.0, 1.0, 1.0], [1.0, 0.0, 0.0], [1.0, 0.0, 1.0], [1.0, 0.0, 1.0], [1.0, 0.0, 1.0], [0.0, 1.0, 1.0], [0.0, 1.0, 0.0], [0.0, 1.0, 1.0], [0.0, 0.0, 0.0]], "T_e": [0, 65, 94, 53, 91, 78, 73, 59, 59, 0], "T_t": [[0.0, 69.92138442565336, 77.4919350642375, 64.47480127925948, 33.54101966249684, 86.76404785393545, 52.009614495783374, 41.88078318274385, 48.05205510693585, 31.400636936215164], [69.92138442565336, 0.0, 8.48528137423857, 10.0, 62.369864518050704, 59.033888572581766, 58.137767414994535, 32.14031735997639, 102.06860437960343, 48.25971404805462], [77.4919350642375, 8.48528137423857, 0.0, 14.0, 67.36467917239716, 64.19501538281614, 66.24198064671678, 38.118237105091836, 110.5350623105628, 54.00925846556311], [64.47480127925948, 10.0, 14.0, 0.0, 53.46026561849464, 66.76076692189807, 60.728905802755904, 24.186773244895647, 100.44899203078147, 40.01249804748511], [33.54101966249684, 62.369864518050704, 67.36467917239716, 53.46026561849464, 0.0, 101.11874208078342, 73.824115301167, 30.675723300355934, 81.58431221748455, 15.264337522473747], [86.76404785393545, 59.033888572581766, 64.19501538281614, 66.76076692189807, 101.11874208078342, 0.0, 37.48332962798263, 74.63243262818116, 88.45903006477066, 86.31338250816034], [52.009614495783374, 58.137767414994535, 66.24198064671678, 60.728905802755904, 73.824115301167, 37.48332962798263, 0.0, 55.326304774492215, 53.16013544000805, 61.09828148156051], [41.88078318274385, 32.14031735997639, 38.118237105091836, 24.186773244895647, 30.675723300355934, 74.63243262818116, 55.326304774492215, 0.0, 83.21658488546619, 16.1245154965971], [48.05205510693585, 102.06860437960343, 110.5350623105628, 100.44899203078147, 81.58431221748455, 88.45903006477066, 53.16013544000805, 83.21658488546619, 0.0, 77.62087348130012], [31.400636936215164, 48.25971404805462, 54.00925846556311, 40.01249804748511, 15.264337522473747, 86.31338250816034, 61.09828148156051, 16.1245154965971, 77.62087348130012, 0.0]], "task_locations": [[86, 64], [19, 84], [13, 90], [27, 90], [80, 97], [8, 26], [45, 32], [51, 87], [96, 17], [67, 89]], "precedence_constraints": [[3, 4], [6, 5], [6, 2], [1, 4], [5, 2]]}