{"Q": [[1, 0, 0], [1, 1, 1], [0, 0, 1]], "R": [[0.0, 0.0, 0.0], [1.0, 0.0, 1.0], [0.0, 1.0, 0.0], [0.0, 1.0, 1.0], [0.0, 1.0, 0.0], [1.0, 1.0, 0.0], [1.0, 1.0, 0.0], [0.0, 0.0, 1.0], [1.0, 0.0, 0.0], [0.0, 0.0, 0.0]], "T_e": [0, 75, 59, 52, 58, 66, 64, 67, 98, 0], "T_t": [[0.0, 89.56003573022959, 57.706152185014034, 39.408120990476064, 16.97056274847714, 42.15447781671598, 63.071388124885914, 88.52683209061533, 38.58756276314948, 42.44997055358225], [89.56003573022959, 0.0, 41.6293165929973, 65.86349520030045, 80.0812087820857, 56.356011214421486, 26.92582403567252, 31.144823004794873, 63.52952069707436, 93.1933474020544], [57.706152185014034, 41.6293165929973, 0.0, 53.48831648126533, 55.154328932550705, 44.64302857109943, 26.832815729997478, 59.405386961116584, 50.32891812864648, 78.89233169326408], [39.408120990476064, 65.86349520030045, 53.48831648126533, 0.0, 22.825424421026653, 9.899494936611665, 40.45985664828782, 54.037024344425184, 3.1622776601683795, 27.65863337187866], [16.97056274847714, 80.0812087820857, 55.154328932550705, 22.825424421026653, 0.0, 27.294688127912362, 53.16013544000805, 74.54528824815154, 22.47220505424423, 29.017236257093817], [42.15447781671598, 56.356011214421486, 44.64302857109943, 9.899494936611665, 27.294688127912362, 0.0, 30.610455730027933, 47.265209192385896, 7.211102550927978, 37.53664875824692], [63.071388124885914, 26.92582403567252, 26.832815729997478, 40.45985664828782, 53.16013544000805, 30.610455730027933, 0.0, 33.24154027718932, 37.8021163428716, 68.11754546370561], [88.52683209061533, 31.144823004794873, 59.405386961116584, 54.037024344425184, 74.54528824815154, 47.265209192385896, 33.24154027718932, 0.0, 53.009433122794285, 77.62087348130012], [38.58756276314948, 63.52952069707436, 50.32891812864648, 3.1622776601683795, 22.47220505424423, 7.211102550927978, 37.8021163428716, 53.009433122794285, 0.0, 30.4138126514911], [42.44997055358225, 93.1933474020544, 78.89233169326408, 27.65863337187866, 29.017236257093817, 37.53664875824692, 68.11754546370561, 77.62087348130012, 30.4138126514911, 0.0]], "task_locations": [[47, 89], [37, 0], [20, 38], [70, 57], [59, 77], [63, 50], [44, 26], [68, 3], [67, 56], [88, 78]], "precedence_constraints": [[5, 4], [8, 3], [6, 5]]}