{"Q": [[0, 1, 0], [1, 1, 1], [1, 0, 0]], "R": [[0.0, 0.0, 0.0], [0.0, 1.0, 1.0], [1.0, 1.0, 1.0], [1.0, 0.0, 1.0], [1.0, 0.0, 0.0], [0.0, 0.0, 1.0], [1.0, 1.0, 1.0], [0.0, 1.0, 0.0], [0.0, 1.0, 1.0], [0.0, 0.0, 0.0]], "T_e": [0, 91, 97, 53, 99, 82, 83, 71, 76, 0], "T_t": [[0.0, 87.6184911990614, 106.77546534667971, 81.2219182240853, 7.810249675906654, 55.226805085936306, 80.05623023850174, 77.17512552629896, 32.7566787083184, 82.365041127896], [87.6184911990614, 0.0, 22.135943621178654, 61.18823416311342, 95.26804291051643, 32.7566787083184, 46.06517122512408, 31.38470965295043, 81.98780397107853, 34.132096331752024], [106.77546534667971, 22.135943621178654, 0.0, 81.15417426109393, 114.5512985522207, 51.66236541235796, 48.0, 37.107950630558946, 103.76897416858277, 36.124783736376884], [81.2219182240853, 61.18823416311342, 81.15417426109393, 0.0, 86.0, 58.728187440104094, 96.79876032264049, 82.85529554590944, 54.12947441089743, 88.11923740024082], [7.810249675906654, 95.26804291051643, 114.5512985522207, 86.0, 0.0, 62.96824596572466, 87.46427842267951, 84.90583018850944, 34.785054261852174, 90.0499861188218], [55.226805085936306, 32.7566787083184, 51.66236541235796, 58.728187440104094, 62.96824596572466, 0.0, 40.162171256046406, 29.017236257093817, 55.54277630799526, 35.014282800023196], [80.05623023850174, 46.06517122512408, 48.0, 96.79876032264049, 87.46427842267951, 40.162171256046406, 0.0, 15.0, 92.0, 12.36931687685298], [77.17512552629896, 31.38470965295043, 37.107950630558946, 82.85529554590944, 84.90583018850944, 29.017236257093817, 15.0, 0.0, 83.86298349093002, 6.0], [32.7566787083184, 81.98780397107853, 103.76897416858277, 54.12947441089743, 34.785054261852174, 55.54277630799526, 92.0, 83.86298349093002, 0.0, 89.80534505250787], [82.365041127896, 34.132096331752024, 36.124783736376884, 88.11923740024082, 90.0499861188218, 35.014282800023196, 12.36931687685298, 6.0, 89.80534505250787, 0.0]], "task_locations": [[76, 92], [22, 23], [1, 16], [82, 11], [82, 97], [39, 51], [1, 64], [10, 52], [93, 64], [4, 52]], "precedence_constraints": [[1, 8], [6, 3], [6, 2]]}