{"Q": [[1, 0, 1], [1, 1, 0], [1, 0, 0]], "R": [[0.0, 0.0, 0.0], [1.0, 0.0, 0.0], [0.0, 1.0, 0.0], [0.0, 1.0, 1.0], [1.0, 0.0, 1.0], [1.0, 1.0, 1.0], [0.0, 1.0, 1.0], [1.0, 0.0, 0.0], [0.0, 1.0, 1.0], [0.0, 0.0, 0.0]], "T_e": [0, 53, 68, 97, 82, 79, 77, 51, 96, 0], "T_t": [[0.0, 37.12142238654117, 35.6931365951495, 55.17245689653489, 56.92099788303083, 29.017236257093817, 43.56604182158393, 33.52610922848042, 25.612496949731394, 36.24913792078372], [37.12142238654117, 0.0, 72.11102550927978, 74.63243262818116, 87.00574693662483, 64.03124237432849, 59.464274989274024, 45.5411901469428, 40.718546143004666, 24.08318915758459], [35.6931365951495, 72.11102550927978, 0.0, 47.095647357266465, 31.400636936215164, 10.0, 45.60701700396552, 46.32493928760188, 52.630789467763066, 64.03124237432849], [55.17245689653489, 74.63243262818116, 47.095647357266465, 0.0, 27.202941017470888, 40.024992192379, 15.297058540778355, 29.120439557122072, 80.72174428244226, 53.46026561849464], [56.92099788303083, 87.00574693662483, 31.400636936215164, 27.202941017470888, 0.0, 30.23243291566195, 36.359317925395686, 46.17358552246078, 79.64923100695951, 70.61161377563892], [29.017236257093817, 64.03124237432849, 10.0, 40.024992192379, 30.23243291566195, 0.0, 36.49657518178932, 36.359317925395686, 49.658836071740545, 54.405882034941776], [43.56604182158393, 59.464274989274024, 45.60701700396552, 15.297058540778355, 36.359317925395686, 36.49657518178932, 0.0, 13.92838827718412, 69.06518659932803, 38.2099463490856], [33.52610922848042, 45.5411901469428, 46.32493928760188, 29.120439557122072, 46.17358552246078, 36.359317925395686, 13.92838827718412, 0.0, 58.137767414994535, 25.019992006393608], [25.612496949731394, 40.718546143004666, 52.630789467763066, 80.72174428244226, 79.64923100695951, 49.658836071740545, 69.06518659932803, 58.137767414994535, 0.0, 53.009433122794285], [36.24913792078372, 24.08318915758459, 64.03124237432849, 53.46026561849464, 70.61161377563892, 54.405882034941776, 38.2099463490856, 25.019992006393608, 53.009433122794285, 0.0]], "task_locations": [[36, 57], [3, 40], [71, 64], [74, 17], [90, 39], [65, 56], [59, 20], [46, 25], [20, 77], [21, 24]], "precedence_constraints": [[3, 6], [8, 2], [6, 5]]}