{"Q": [[0, 0, 1], [0, 1, 1], [1, 0, 0]], "R": [[0.0, 0.0, 0.0], [1.0, 1.0, 1.0], [0.0, 1.0, 0.0], [1.0, 0.0, 1.0], [0.0, 0.0, 1.0], [1.0, 0.0, 0.0], [1.0, 1.0, 0.0], [1.0, 0.0, 0.0], [1.0, 0.0, 0.0], [0.0, 0.0, 0.0]], "T_e": [0, 78, 92, 80, 53, 63, 64, 64, 54, 0], "T_t": [[0.0, 23.53720459187964, 25.079872407968907, 44.41846462902562, 31.304951684997057, 44.384682042344295, 47.53945729601885, 27.294688127912362, 75.0, 31.064449134018133], [23.53720459187964, 0.0, 39.05124837953327, 43.0, 19.6468827043885, 66.27216610312357, 28.600699292150182, 9.848857801796104, 68.62215385719105, 21.840329667841555], [25.079872407968907, 39.05124837953327, 0.0, 28.178005607210743, 31.953090617340916, 54.56189146281496, 49.72926703662542, 35.805027579936315, 58.60034129593445, 54.42425929675111], [44.41846462902562, 43.0, 28.178005607210743, 0.0, 24.515301344262525, 82.20097323024831, 34.713109915419565, 34.23448553724738, 31.11269837220809, 64.28063471995279], [31.304951684997057, 19.6468827043885, 31.953090617340916, 24.515301344262525, 0.0, 75.27283706623525, 18.110770276274835, 10.04987562112089, 49.040799340956916, 41.48493702538308], [44.384682042344295, 66.27216610312357, 54.56189146281496, 82.20097323024831, 75.27283706623525, 0.0, 91.92388155425118, 71.58910531638176, 113.07077429645558, 61.84658438426491], [47.53945729601885, 28.600699292150182, 49.72926703662542, 34.713109915419565, 18.110770276274835, 91.92388155425118, 0.0, 20.615528128088304, 48.010415536631214, 47.80167361086848], [27.294688127912362, 9.848857801796104, 35.805027579936315, 34.23448553724738, 10.04987562112089, 71.58910531638176, 20.615528128088304, 0.0, 58.82176467941097, 31.622776601683793], [75.0, 68.62215385719105, 58.60034129593445, 31.11269837220809, 49.040799340956916, 113.07077429645558, 48.010415536631214, 58.82176467941097, 0.0, 90.44335243676011], [31.064449134018133, 21.840329667841555, 54.42425929675111, 64.28063471995279, 41.48493702538308, 61.84658438426491, 47.80167361086848, 31.622776601683793, 90.44335243676011, 0.0]], "task_locations": [[33, 49], [28, 26], [58, 51], [71, 26], [47, 21], [22, 92], [45, 3], [37, 22], [93, 4], [7, 32]], "precedence_constraints": [[1, 4]]}