{"Q": [[0, 1, 0], [1, 1, 1], [0, 1, 0]], "R": [[0.0, 0.0, 0.0], [1.0, 0.0, 0.0], [1.0, 0.0, 1.0], [1.0, 1.0, 0.0], [0.0, 0.0, 1.0], [1.0, 1.0, 1.0], [0.0, 1.0, 1.0], [0.0, 1.0, 0.0], [1.0, 0.0, 1.0], [0.0, 0.0, 0.0]], "T_e": [0, 80, 69, 63, 57, 52, 50, 52, 64, 0], "T_t": [[0.0, 42.43819034784589, 38.27531841800928, 59.481089431852205, 48.76474136094644, 37.64306044943742, 32.984845004941285, 46.0, 50.47771785649585, 83.23460818673925], [42.43819034784589, 0.0, 16.1245154965971, 37.589892258425, 38.897300677553446, 6.0, 28.160255680657446, 41.340053217188775, 19.313207915827967, 40.80441152620633], [38.27531841800928, 16.1245154965971, 0.0, 25.317977802344327, 51.97114584074513, 11.313708498984761, 13.0, 25.238858928247925, 12.206555615733702, 49.64876634922564], [59.481089431852205, 37.589892258425, 25.317977802344327, 0.0, 76.15773105863909, 35.11409973215888, 26.570660511172846, 20.248456731316587, 18.601075237738275, 51.78802950489621], [48.76474136094644, 38.897300677553446, 51.97114584074513, 76.15773105863909, 0.0, 41.14608122288197, 59.54829972383762, 75.43208866258443, 58.18934610390462, 64.51356446515724], [37.64306044943742, 6.0, 11.313708498984761, 35.11409973215888, 41.14608122288197, 0.0, 22.47220505424423, 36.40054944640259, 18.027756377319946, 45.79301256742124], [32.984845004941285, 28.160255680657446, 13.0, 26.570660511172846, 59.54829972383762, 22.47220505424423, 0.0, 16.1245154965971, 22.360679774997898, 62.0966987850401], [46.0, 41.340053217188775, 25.238858928247925, 20.248456731316587, 75.43208866258443, 36.40054944640259, 16.1245154965971, 0.0, 28.284271247461902, 68.0294054067798], [50.47771785649585, 19.313207915827967, 12.206555615733702, 18.601075237738275, 58.18934610390462, 18.027756377319946, 22.360679774997898, 28.284271247461902, 0.0, 40.44749683231337], [83.23460818673925, 40.80441152620633, 49.64876634922564, 51.78802950489621, 64.51356446515724, 45.79301256742124, 62.0966987850401, 68.0294054067798, 40.44749683231337, 0.0]], "task_locations": [[93, 36], [58, 60], [72, 68], [76, 93], [46, 23], [64, 60], [85, 68], [93, 82], [65, 78], [25, 84]], "precedence_constraints": [[6, 7], [5, 3], [2, 4]]}