{"Q": [[1, 1, 1], [0, 1, 0], [0, 1, 0]], "R": [[0.0, 0.0, 0.0], [1.0, 0.0, 1.0], [0.0, 0.0, 1.0], [0.0, 0.0, 1.0], [1.0, 1.0, 0.0], [0.0, 1.0, 0.0], [1.0, 1.0, 1.0], [0.0, 1.0, 0.0], [0.0, 0.0, 1.0], [0.0, 0.0, 0.0]], "T_e": [0, 97, 52, 58, 91, 73, 55, 81, 78, 0], "T_t": [[0.0, 55.08175741568164, 20.12461179749811, 44.01136216933077, 75.4254598925323, 20.12461179749811, 69.6419413859206, 14.560219778561036, 49.040799340956916, 22.20360331117452], [55.08175741568164, 0.0, 50.566787519082126, 71.58910531638176, 91.0659101969557, 48.38388161361178, 64.5600495662759, 41.593268686170845, 74.24957912338628, 40.311288741492746], [20.12461179749811, 50.566787519082126, 0.0, 27.202941017470888, 57.0087712549569, 36.0, 49.64876634922564, 14.866068747318506, 31.78049716414141, 10.295630140987], [44.01136216933077, 71.58910531638176, 27.202941017470888, 0.0, 31.78049716414141, 62.51399843235114, 39.0, 42.05948168962618, 5.0990195135927845, 35.35533905932738], [75.4254598925323, 91.0659101969557, 57.0087712549569, 31.78049716414141, 0.0, 93.00537618869137, 33.12099032335839, 71.25307010929424, 26.68332812825267, 62.80127387243033], [20.12461179749811, 48.38388161361178, 36.0, 62.51399843235114, 93.00537618869137, 0.0, 81.93289937503738, 22.561028345356956, 67.36467917239716, 32.28002478313795], [69.6419413859206, 64.5600495662759, 49.64876634922564, 39.0, 33.12099032335839, 81.93289937503738, 0.0, 59.61543424315552, 36.40054944640259, 49.76946855251722], [14.560219778561036, 41.593268686170845, 14.866068747318506, 42.05948168962618, 71.25307010929424, 22.561028345356956, 59.61543424315552, 0.0, 46.57252408878007, 9.848857801796104], [49.040799340956916, 74.24957912338628, 31.78049716414141, 5.0990195135927845, 26.68332812825267, 67.36467917239716, 36.40054944640259, 46.57252408878007, 0.0, 39.395431207184416], [22.20360331117452, 40.311288741492746, 10.295630140987, 35.35533905932738, 62.80127387243033, 32.28002478313795, 49.76946855251722, 9.848857801796104, 39.395431207184416, 0.0]], "task_locations": [[76, 73], [79, 18], [58, 64], [32, 72], [1, 65], [94, 64], [17, 36], [72, 59], [27, 71], [63, 55]], "precedence_constraints": [[1, 4]]}