{"Q": [[0, 0, 1], [1, 0, 1], [0, 1, 0]], "R": [[0.0, 0.0, 0.0], [1.0, 1.0, 0.0], [1.0, 0.0, 1.0], [1.0, 1.0, 1.0], [0.0, 1.0, 0.0], [0.0, 1.0, 1.0], [1.0, 1.0, 1.0], [1.0, 0.0, 0.0], [1.0, 1.0, 1.0], [0.0, 0.0, 0.0]], "T_e": [0, 75, 60, 88, 99, 60, 93, 97, 50, 0], "T_t": [[0.0, 49.49747468305833, 67.06713054842886, 52.009614495783374, 56.88585061331157, 91.35097153287424, 13.341664064126334, 28.844410203711913, 39.698866482558415, 83.7615663654877], [49.49747468305833, 0.0, 90.44335243676011, 8.54400374531753, 74.09453421137081, 75.95393340703298, 46.389654018972806, 73.55270219373317, 85.61541917201598, 77.05841939723393], [67.06713054842886, 90.44335243676011, 0.0, 85.9127464349732, 17.029386365926403, 64.00781202322104, 80.22468448052632, 85.61541917201598, 49.09175083453431, 49.09175083453431], [52.009614495783374, 8.54400374531753, 85.9127464349732, 0.0, 69.20260110718382, 67.60177512462228, 50.96076922496363, 77.87810988975015, 85.72630868059116, 69.26037828369117], [56.88585061331157, 74.09453421137081, 17.029386365926403, 69.20260110718382, 0.0, 52.392747589718944, 69.35416353759881, 79.62411694957753, 50.0, 38.62641583165593], [91.35097153287424, 75.95393340703298, 64.00781202322104, 67.60177512462228, 52.392747589718944, 0.0, 99.62429422585637, 119.50313803411188, 100.22474744293447, 15.132745950421556], [13.341664064126334, 46.389654018972806, 80.22468448052632, 50.96076922496363, 69.35416353759881, 99.62429422585637, 0.0, 27.16615541441225, 51.088159097779204, 93.47726996441435], [28.844410203711913, 73.55270219373317, 85.61541917201598, 77.87810988975015, 79.62411694957753, 119.50313803411188, 27.16615541441225, 0.0, 42.42640687119285, 110.8873302050329], [39.698866482558415, 85.61541917201598, 49.09175083453431, 85.72630868059116, 50.0, 100.22474744293447, 51.088159097779204, 42.42640687119285, 0.0, 87.8179936004006], [83.7615663654877, 77.05841939723393, 49.09175083453431, 69.26037828369117, 38.62641583165593, 15.132745950421556, 93.47726996441435, 110.8873302050329, 87.8179936004006, 0.0]], "task_locations": [[37, 73], [86, 80], [34, 6], [89, 72], [47, 17], [98, 5], [40, 86], [13, 89], [7, 47], [83, 3]], "precedence_constraints": [[7, 3], [1, 2], [6, 8]]}