{"Q": [[0, 1, 0], [1, 0, 0], [1, 0, 1]], "R": [[0.0, 0.0, 0.0], [0.0, 1.0, 1.0], [0.0, 1.0, 0.0], [1.0, 0.0, 1.0], [1.0, 1.0, 1.0], [1.0, 0.0, 1.0], [1.0, 0.0, 1.0], [0.0, 1.0, 0.0], [0.0, 1.0, 1.0], [0.0, 0.0, 0.0]], "T_e": [0, 93, 66, 93, 98, 85, 68, 95, 75, 0], "T_t": [[0.0, 67.62396025078685, 70.83784299369935, 44.10215414239989, 11.704699910719626, 53.33854141237835, 29.614185789921695, 10.770329614269007, 15.0, 33.83784863137726], [67.62396025078685, 0.0, 74.54528824815154, 92.31467922275417, 67.91170738539859, 16.0, 68.0294054067798, 60.53924347066124, 55.08175741568164, 81.00617260431454], [70.83784299369935, 74.54528824815154, 0.0, 50.08991914547278, 81.32035415564789, 74.33034373659252, 96.21330469326995, 60.81118318204309, 73.60027173862879, 103.96634070698074], [44.10215414239989, 92.31467922275417, 50.08991914547278, 0.0, 55.44366510251645, 83.00602387778854, 73.55270219373317, 40.607881008493905, 56.32051136131489, 75.28612089887484], [11.704699910719626, 67.91170738539859, 81.32035415564789, 55.44366510251645, 0.0, 52.49761899362675, 18.110770276274835, 20.518284528683193, 13.038404810405298, 22.67156809750927], [53.33854141237835, 16.0, 74.33034373659252, 83.00602387778854, 52.49761899362675, 0.0, 52.03844732503075, 47.50789408087881, 39.92492955535426, 65.00769185258002], [29.614185789921695, 68.0294054067798, 96.21330469326995, 73.55270219373317, 18.110770276274835, 52.03844732503075, 0.0, 36.6742416417845, 22.67156809750927, 13.038404810405298], [10.770329614269007, 60.53924347066124, 60.81118318204309, 40.607881008493905, 20.518284528683193, 47.50789408087881, 36.6742416417845, 0.0, 16.0312195418814, 43.18564576337837], [15.0, 55.08175741568164, 73.60027173862879, 56.32051136131489, 13.038404810405298, 39.92492955535426, 22.67156809750927, 16.0312195418814, 0.0, 32.2490309931942], [33.83784863137726, 81.00617260431454, 103.96634070698074, 75.28612089887484, 22.67156809750927, 65.00769185258002, 13.038404810405298, 43.18564576337837, 32.2490309931942, 0.0]], "task_locations": [[73, 50], [11, 23], [20, 97], [70, 94], [77, 39], [27, 23], [79, 21], [63, 54], [64, 38], [92, 22]], "precedence_constraints": [[4, 7], [3, 7], [4, 5], [3, 5]]}