{"Q": [[0, 1, 1], [1, 1, 0], [1, 0, 0]], "R": [[0.0, 0.0, 0.0], [1.0, 1.0, 1.0], [1.0, 1.0, 1.0], [1.0, 0.0, 0.0], [1.0, 0.0, 1.0], [0.0, 1.0, 1.0], [1.0, 0.0, 1.0], [1.0, 0.0, 1.0], [1.0, 0.0, 0.0], [0.0, 0.0, 0.0]], "T_e": [0, 94, 88, 79, 76, 61, 81, 71, 57, 0], "T_t": [[0.0, 15.297058540778355, 41.19465984809196, 47.885279575251516, 42.20189569201838, 47.92702786528704, 13.416407864998739, 61.40032573203501, 68.60029154456998, 44.10215414239989], [15.297058540778355, 0.0, 45.35416188179427, 54.45181356024793, 56.43580423808985, 41.19465984809196, 27.16615541441225, 76.6550715869472, 80.62257748298549, 51.73973328110612], [41.19465984809196, 45.35416188179427, 0.0, 87.28115489611719, 68.01470429252781, 86.31338250816034, 49.64876634922564, 73.35529974037323, 98.71676655968832, 82.87339742040264], [47.885279575251516, 54.45181356024793, 87.28115489611719, 0.0, 36.71511950137164, 42.04759208325728, 37.64306044943742, 62.00806399170998, 36.6742416417845, 5.0990195135927845], [42.20189569201838, 56.43580423808985, 68.01470429252781, 36.71511950137164, 0.0, 68.96375859826666, 29.274562336608895, 26.248809496813376, 30.805843601498726, 31.906112267087632], [47.92702786528704, 41.19465984809196, 86.31338250816034, 42.04759208325728, 68.96375859826666, 0.0, 49.040799340956916, 94.87360012142472, 78.5175139698144, 43.56604182158393], [13.416407864998739, 27.16615541441225, 49.64876634922564, 37.64306044943742, 29.274562336608895, 49.040799340956916, 0.0, 50.695167422546305, 55.226805085936306, 33.24154027718932], [61.40032573203501, 76.6550715869472, 73.35529974037323, 62.00806399170998, 26.248809496813376, 94.87360012142472, 50.695167422546305, 0.0, 42.04759208325728, 57.48912940721924], [68.60029154456998, 80.62257748298549, 98.71676655968832, 36.6742416417845, 30.805843601498726, 78.5175139698144, 55.226805085936306, 42.04759208325728, 0.0, 35.05709628591621], [44.10215414239989, 51.73973328110612, 82.87339742040264, 5.0990195135927845, 31.906112267087632, 43.56604182158393, 33.24154027718932, 57.48912940721924, 35.05709628591621, 0.0]], "task_locations": [[38, 43], [23, 46], [34, 2], [61, 85], [79, 53], [19, 87], [50, 49], [99, 36], [97, 78], [62, 80]], "precedence_constraints": [[3, 7], [1, 6], [2, 7], [4, 3], [2, 3]]}