{"Q": [[1, 1, 1], [0, 1, 0], [0, 1, 0]], "R": [[0.0, 0.0, 0.0], [1.0, 1.0, 0.0], [1.0, 1.0, 0.0], [0.0, 1.0, 0.0], [1.0, 1.0, 1.0], [1.0, 1.0, 1.0], [1.0, 1.0, 1.0], [1.0, 0.0, 0.0], [0.0, 1.0, 0.0], [0.0, 0.0, 0.0]], "T_e": [0, 71, 89, 76, 51, 78, 59, 53, 83, 0], "T_t": [[0.0, 29.068883707497267, 36.89173349139343, 19.235384061671343, 13.892443989449804, 39.01281840626232, 26.1725046566048, 35.84689665786984, 45.35416188179427, 11.180339887498949], [29.068883707497267, 0.0, 63.655321851358195, 23.769728648009426, 15.231546211727817, 37.48332962798263, 26.419689627245813, 64.88451279003334, 48.27007354458868, 39.92492955535426], [36.89173349139343, 63.655321851358195, 0.0, 43.04648650006177, 49.678969393496885, 72.53275122315436, 61.465437442517235, 17.029386365926403, 75.53806987208503, 30.364452901377952], [19.235384061671343, 23.769728648009426, 43.04648650006177, 0.0, 16.76305461424021, 51.264022471905186, 37.69615364994153, 48.83646178829912, 59.941638282582836, 28.861739379323623], [13.892443989449804, 15.231546211727817, 49.678969393496885, 16.76305461424021, 0.0, 34.539832078341085, 21.02379604162864, 49.73932046178355, 43.56604182158393, 24.698178070456937], [39.01281840626232, 37.48332962798263, 72.53275122315436, 51.264022471905186, 34.539832078341085, 0.0, 13.601470508735444, 64.41273166075166, 11.180339887498949, 42.20189569201838], [26.1725046566048, 26.419689627245813, 61.465437442517235, 37.69615364994153, 21.02379604162864, 13.601470508735444, 0.0, 55.60575509783138, 22.80350850198276, 31.304951684997057], [35.84689665786984, 64.88451279003334, 17.029386365926403, 48.83646178829912, 49.73932046178355, 64.41273166075166, 55.60575509783138, 0.0, 65.14598989960932, 25.612496949731394], [45.35416188179427, 48.27007354458868, 75.53806987208503, 59.941638282582836, 43.56604182158393, 11.180339887498949, 22.80350850198276, 65.14598989960932, 0.0, 46.0], [11.180339887498949, 39.92492955535426, 30.364452901377952, 28.861739379323623, 24.698178070456937, 42.20189569201838, 31.304951684997057, 25.612496949731394, 46.0, 0.0]], "task_locations": [[66, 72], [53, 98], [97, 52], [75, 89], [59, 84], [27, 71], [40, 75], [84, 41], [22, 61], [68, 61]], "precedence_constraints": [[5, 6], [8, 5], [2, 4], [6, 4], [1, 4], [2, 7]]}