{"Q": [[1, 0, 0], [1, 1, 0], [1, 0, 1]], "R": [[0.0, 0.0, 0.0], [0.0, 0.0, 1.0], [0.0, 1.0, 0.0], [0.0, 0.0, 1.0], [0.0, 1.0, 1.0], [1.0, 0.0, 0.0], [1.0, 0.0, 1.0], [0.0, 0.0, 1.0], [1.0, 1.0, 1.0], [0.0, 0.0, 0.0]], "T_e": [0, 89, 98, 58, 58, 86, 86, 80, 90, 0], "T_t": [[0.0, 36.76955262170047, 31.016124838541646, 33.61547262794322, 43.266615305567875, 23.430749027719962, 23.08679276123039, 38.118237105091836, 14.035668847618199, 30.4138126514911], [36.76955262170047, 0.0, 57.0087712549569, 49.9799959983992, 38.05259518088089, 49.16299421312742, 13.892443989449804, 44.10215414239989, 50.28916384272063, 52.69724850502159], [31.016124838541646, 57.0087712549569, 0.0, 63.150613615387776, 37.656340767525464, 50.96076922496363, 44.41846462902562, 69.02897942168927, 32.69556544854363, 6.082762530298219], [33.61547262794322, 49.9799959983992, 63.150613615387776, 0.0, 73.66138744281159, 13.152946437965905, 42.43819034784589, 12.206555615733702, 32.01562118716424, 63.60031446463138], [43.266615305567875, 38.05259518088089, 37.656340767525464, 73.66138744281159, 0.0, 66.06814663663572, 34.0147027033899, 73.24616030891995, 55.036351623268054, 31.575306807693888], [23.430749027719962, 49.16299421312742, 50.96076922496363, 13.152946437965905, 66.06814663663572, 0.0, 38.600518131237564, 23.323807579381203, 19.026297590440446, 52.0], [23.08679276123039, 13.892443989449804, 44.41846462902562, 42.43819034784589, 34.0147027033899, 38.600518131237564, 0.0, 39.824615503479755, 36.87817782917155, 40.718546143004666], [38.118237105091836, 44.10215414239989, 69.02897942168927, 12.206555615733702, 73.24616030891995, 23.323807579381203, 39.824615503479755, 0.0, 40.52159917870962, 68.46897107449476], [14.035668847618199, 50.28916384272063, 32.69556544854363, 32.01562118716424, 55.036351623268054, 19.026297590440446, 36.87817782917155, 40.52159917870962, 0.0, 34.66987164671943], [30.4138126514911, 52.69724850502159, 6.082762530298219, 63.60031446463138, 31.575306807693888, 52.0, 40.718546143004666, 68.46897107449476, 34.66987164671943, 0.0]], "task_locations": [[77, 44], [43, 30], [78, 75], [90, 13], [41, 68], [92, 26], [55, 37], [80, 6], [91, 45], [72, 74]], "precedence_constraints": [[6, 2], [4, 6], [6, 7]]}