{"Q": [[0, 0, 1], [1, 1, 1], [0, 1, 1]], "R": [[0.0, 0.0, 0.0], [0.0, 0.0, 1.0], [0.0, 0.0, 1.0], [1.0, 1.0, 0.0], [1.0, 0.0, 0.0], [1.0, 0.0, 1.0], [1.0, 0.0, 0.0], [0.0, 1.0, 1.0], [0.0, 1.0, 1.0], [0.0, 0.0, 0.0]], "T_e": [0, 69, 71, 59, 98, 70, 66, 71, 96, 0], "T_t": [[0.0, 63.28506932918696, 34.0147027033899, 95.44108130150245, 48.83646178829912, 54.037024344425184, 57.87054518492115, 34.17601498127012, 73.06161783043132, 60.4648658313239], [63.28506932918696, 0.0, 55.00909015790027, 45.0111097397076, 24.73863375370596, 35.0, 15.033296378372908, 30.4138126514911, 64.81512169239521, 26.248809496813376], [34.0147027033899, 55.00909015790027, 0.0, 71.21797525905943, 55.00909015790027, 65.73431371817918, 58.240879114244144, 39.66106403010388, 39.20459156782532, 38.48376280978771], [95.44108130150245, 45.0111097397076, 71.21797525905943, 0.0, 69.35416353759881, 80.00624975587844, 60.0, 69.8927750200262, 52.23983154643591, 35.0], [48.83646178829912, 24.73863375370596, 55.00909015790027, 69.35416353759881, 0.0, 12.529964086141668, 11.40175425099138, 16.278820596099706, 78.2368199762746, 43.32435804486894], [54.037024344425184, 35.0, 65.73431371817918, 80.00624975587844, 12.529964086141668, 0.0, 20.024984394500787, 26.076809620810597, 90.69729874698585, 55.71355310873648], [57.87054518492115, 15.033296378372908, 58.240879114244144, 60.0, 11.40175425099138, 20.024984394500787, 0.0, 23.769728648009426, 75.69015788066504, 38.27531841800928], [34.17601498127012, 30.4138126514911, 39.66106403010388, 69.8927750200262, 16.278820596099706, 26.076809620810597, 23.769728648009426, 0.0, 67.54257916307313, 38.05259518088089], [73.06161783043132, 64.81512169239521, 39.20459156782532, 52.23983154643591, 78.2368199762746, 90.69729874698585, 75.69015788066504, 67.54257916307313, 0.0, 38.600518131237564], [60.4648658313239, 26.248809496813376, 38.48376280978771, 35.0, 43.32435804486894, 55.71355310873648, 38.27531841800928, 38.05259518088089, 38.600518131237564, 0.0]], "task_locations": [[79, 55], [46, 1], [45, 56], [1, 0], [70, 7], [81, 1], [61, 0], [67, 23], [6, 52], [29, 21]], "precedence_constraints": [[6, 4], [8, 5], [1, 2], [4, 2]]}