{"Q": [[0, 0, 1], [1, 0, 0], [1, 1, 1]], "R": [[0.0, 0.0, 0.0], [0.0, 0.0, 1.0], [1.0, 0.0, 0.0], [1.0, 1.0, 0.0], [0.0, 0.0, 1.0], [0.0, 1.0, 1.0], [1.0, 1.0, 0.0], [0.0, 0.0, 1.0], [1.0, 0.0, 1.0], [0.0, 0.0, 0.0]], "T_e": [0, 59, 64, 89, 72, 75, 97, 77, 54, 0], "T_t": [[0.0, 35.11409973215888, 80.02499609497022, 31.016124838541646, 88.95504482602435, 72.80109889280519, 63.8200595424354, 46.52956049652737, 71.78439941937245, 27.459060435491963], [35.11409973215888, 0.0, 49.040799340956916, 47.16990566028302, 53.85164807134504, 59.43904440685432, 40.19950248448356, 31.016124838541646, 36.68787265568828, 9.219544457292887], [80.02499609497022, 49.040799340956916, 0.0, 96.13532129243653, 34.132096331752024, 93.72299611087985, 69.02897942168927, 72.20110802473879, 27.730849247724095, 53.46026561849464], [31.016124838541646, 47.16990566028302, 96.13532129243653, 0.0, 94.04786015641186, 51.40038910358559, 53.225933528685054, 35.11409973215888, 79.22752047110903, 44.94441010848846], [88.95504482602435, 53.85164807134504, 34.132096331752024, 94.04786015641186, 0.0, 73.57309290766564, 50.15974481593781, 61.66036003787198, 17.4928556845359, 62.16912416947821], [72.80109889280519, 59.43904440685432, 93.72299611087985, 51.40038910358559, 73.57309290766564, 0.0, 24.758836806279895, 29.068883707497267, 67.17886572427373, 65.37583651472461], [63.8200595424354, 40.19950248448356, 69.02897942168927, 53.225933528685054, 50.15974481593781, 24.758836806279895, 0.0, 18.601075237738275, 42.44997055358225, 48.05205510693585], [46.52956049652737, 31.016124838541646, 72.20110802473879, 35.11409973215888, 61.66036003787198, 29.068883707497267, 18.601075237738275, 0.0, 49.39635614091387, 36.345563690772494], [71.78439941937245, 36.68787265568828, 27.730849247724095, 79.22752047110903, 17.4928556845359, 67.17886572427373, 42.44997055358225, 49.39635614091387, 0.0, 44.77722635447622], [27.459060435491963, 9.219544457292887, 53.46026561849464, 44.94441010848846, 62.16912416947821, 65.37583651472461, 48.05205510693585, 36.345563690772494, 44.77722635447622, 0.0]], "task_locations": [[14, 87], [26, 54], [12, 7], [43, 98], [46, 4], [84, 67], [66, 50], [55, 65], [37, 19], [19, 60]], "precedence_constraints": [[5, 1], [3, 2], [8, 5]]}