{"Q": [[0, 1, 1], [1, 1, 1], [0, 1, 0]], "R": [[0.0, 0.0, 0.0], [1.0, 1.0, 0.0], [1.0, 1.0, 0.0], [0.0, 0.0, 1.0], [1.0, 1.0, 1.0], [0.0, 1.0, 1.0], [1.0, 0.0, 0.0], [1.0, 0.0, 0.0], [1.0, 0.0, 0.0], [0.0, 0.0, 0.0]], "T_e": [0, 71, 63, 77, 50, 72, 83, 92, 62, 0], "T_t": [[0.0, 15.297058540778355, 64.00781202322104, 87.96590248499699, 78.60025445251433, 85.80209787645055, 13.416407864998739, 69.26037828369117, 74.68600939935136, 79.25906888173743], [15.297058540778355, 0.0, 68.4470598345904, 94.25497334358543, 73.348483283569, 76.36753236814714, 25.80697580112788, 72.56031973468694, 63.245553203367585, 75.8946638440411], [64.00781202322104, 68.4470598345904, 0.0, 26.92582403567252, 46.010868281309364, 69.2314957226839, 52.46903848937962, 7.0710678118654755, 72.91776189653656, 38.3275357934736], [87.96590248499699, 94.25497334358543, 26.92582403567252, 0.0, 64.62197768561404, 89.55445270895244, 75.32595834106593, 26.1725046566048, 96.51942809610924, 55.02726596879042], [78.60025445251433, 73.348483283569, 46.010868281309364, 64.62197768561404, 0.0, 25.059928172283335, 73.55270219373317, 41.43669871020132, 36.05551275463989, 10.0], [85.80209787645055, 76.36753236814714, 69.2314957226839, 89.55445270895244, 25.059928172283335, 0.0, 84.53401682163222, 65.52098900352466, 18.110770276274835, 34.9857113690718], [13.416407864998739, 25.80697580112788, 52.46903848937962, 75.32595834106593, 73.55270219373317, 84.53401682163222, 0.0, 58.249463516842795, 75.96051605933177, 72.62231062146122], [69.26037828369117, 72.56031973468694, 7.0710678118654755, 26.1725046566048, 41.43669871020132, 65.52098900352466, 58.249463516842795, 0.0, 70.83078426785913, 33.0], [74.68600939935136, 63.245553203367585, 72.91776189653656, 96.51942809610924, 36.05551275463989, 18.110770276274835, 75.96051605933177, 70.83078426785913, 0.0, 45.60701700396552], [79.25906888173743, 75.8946638440411, 38.3275357934736, 55.02726596879042, 10.0, 34.9857113690718, 72.62231062146122, 33.0, 45.60701700396552, 0.0]], "task_locations": [[19, 8], [34, 5], [20, 72], [6, 95], [66, 71], [88, 59], [13, 20], [25, 77], [86, 41], [58, 77]], "precedence_constraints": [[7, 1], [8, 7], [7, 6], [3, 5], [4, 6]]}