{"Q": [[1, 0, 1], [1, 0, 1], [1, 1, 0]], "R": [[0.0, 0.0, 0.0], [1.0, 0.0, 1.0], [0.0, 1.0, 0.0], [0.0, 1.0, 0.0], [1.0, 0.0, 1.0], [1.0, 0.0, 1.0], [0.0, 0.0, 1.0], [1.0, 0.0, 0.0], [0.0, 1.0, 0.0], [0.0, 0.0, 0.0]], "T_e": [0, 57, 95, 71, 61, 93, 55, 59, 90, 0], "T_t": [[0.0, 22.20360331117452, 35.4682957019364, 49.040799340956916, 68.4470598345904, 31.064449134018133, 37.107950630558946, 49.8196748283246, 22.0, 34.539832078341085], [22.20360331117452, 0.0, 24.020824298928627, 44.721359549995796, 77.98717843338096, 53.009433122794285, 15.231546211727817, 55.47071299343465, 3.0, 56.32051136131489], [35.4682957019364, 24.020824298928627, 0.0, 21.93171219946131, 62.68173577685928, 59.50630218724736, 22.20360331117452, 38.8329756778952, 27.018512172212592, 68.00735254367721], [49.040799340956916, 44.721359549995796, 21.93171219946131, 0.0, 45.5411901469428, 63.63961030678928, 43.9089968002003, 23.08679276123039, 47.67598976424087, 75.6042326857432], [68.4470598345904, 77.98717843338096, 62.68173577685928, 45.5411901469428, 0.0, 60.03332407921454, 83.86894538504703, 23.853720883753127, 80.2807573457052, 75.05997601918082], [31.064449134018133, 53.009433122794285, 59.50630218724736, 63.63961030678928, 60.03332407921454, 0.0, 67.36467917239716, 51.894122981316485, 53.03772242470448, 15.033296378372908], [37.107950630558946, 15.231546211727817, 22.20360331117452, 43.9089968002003, 83.86894538504703, 67.36467917239716, 0.0, 60.207972893961475, 16.64331697709324, 71.47027354082255], [49.8196748283246, 55.47071299343465, 38.8329756778952, 23.08679276123039, 23.853720883753127, 51.894122981316485, 60.207972893961475, 0.0, 57.982756057296896, 66.12866246946176], [22.0, 3.0, 27.018512172212592, 47.67598976424087, 80.2807573457052, 53.03772242470448, 16.64331697709324, 57.982756057296896, 0.0, 55.54277630799526], [34.539832078341085, 56.32051136131489, 68.00735254367721, 75.6042326857432, 75.05997601918082, 15.033296378372908, 71.47027354082255, 66.12866246946176, 55.54277630799526, 0.0]], "task_locations": [[39, 68], [17, 65], [16, 41], [25, 21], [68, 6], [70, 66], [3, 59], [48, 19], [17, 68], [71, 81]], "precedence_constraints": [[2, 1], [3, 2], [5, 4], [2, 7]]}