{"Q": [[0, 1, 0], [1, 0, 1], [1, 0, 0]], "R": [[0.0, 0.0, 0.0], [1.0, 0.0, 1.0], [1.0, 0.0, 0.0], [1.0, 1.0, 1.0], [1.0, 1.0, 0.0], [1.0, 0.0, 0.0], [1.0, 1.0, 0.0], [1.0, 1.0, 0.0], [1.0, 0.0, 1.0], [0.0, 0.0, 0.0]], "T_e": [0, 65, 85, 85, 67, 78, 83, 64, 87, 0], "T_t": [[0.0, 42.44997055358225, 51.78802950489621, 34.828149534535996, 41.400483088968905, 83.00602387778854, 9.486832980505138, 38.05259518088089, 23.021728866442675, 23.769728648009426], [42.44997055358225, 0.0, 10.198039027185569, 17.804493814764857, 27.202941017470888, 83.35466393669883, 34.92849839314596, 50.774009099144415, 20.591260281974, 51.19570294468082], [51.78802950489621, 10.198039027185569, 0.0, 27.294688127912362, 35.38361202590826, 90.44335243676011, 43.68065933568311, 60.41522986797286, 29.120439557122072, 61.39218191268331], [34.828149534535996, 17.804493814764857, 27.294688127912362, 0.0, 11.180339887498949, 67.11929677819934, 30.805843601498726, 33.12099032335839, 21.37755832643195, 36.0], [41.400483088968905, 27.202941017470888, 35.38361202590826, 11.180339887498949, 0.0, 56.356011214421486, 39.395431207184416, 27.459060435491963, 32.0624390837628, 35.73513677041127], [83.00602387778854, 83.35466393669883, 90.44335243676011, 67.11929677819934, 56.356011214421486, 0.0, 86.57944328765345, 45.0111097397076, 85.44003745317531, 61.5223536610881], [9.486832980505138, 34.92849839314596, 43.68065933568311, 30.805843601498726, 39.395431207184416, 86.57944328765345, 0.0, 42.44997055358225, 14.560219778561036, 30.805843601498726], [38.05259518088089, 50.774009099144415, 60.41522986797286, 33.12099032335839, 27.459060435491963, 45.0111097397076, 42.44997055358225, 0.0, 44.654227123532216, 17.46424919657298], [23.021728866442675, 20.591260281974, 29.120439557122072, 21.37755832643195, 32.0624390837628, 85.44003745317531, 14.560219778561036, 44.654227123532216, 0.0, 38.27531841800928], [23.769728648009426, 51.19570294468082, 61.39218191268331, 36.0, 35.73513677041127, 61.5223536610881, 30.805843601498726, 17.46424919657298, 38.27531841800928, 0.0]], "task_locations": [[11, 38], [22, 79], [20, 89], [33, 65], [44, 63], [94, 37], [8, 47], [49, 36], [12, 61], [33, 29]], "precedence_constraints": [[1, 6], [5, 3]]}