{"Q": [[1, 0, 0], [1, 1, 1], [0, 1, 1]], "R": [[0.0, 0.0, 0.0], [1.0, 0.0, 1.0], [0.0, 0.0, 1.0], [1.0, 0.0, 1.0], [0.0, 1.0, 1.0], [0.0, 1.0, 0.0], [0.0, 1.0, 0.0], [1.0, 0.0, 1.0], [0.0, 1.0, 0.0], [0.0, 0.0, 0.0]], "T_e": [0, 85, 84, 75, 55, 76, 63, 73, 54, 0], "T_t": [[0.0, 42.20189569201838, 42.0, 31.400636936215164, 8.48528137423857, 46.04345773288535, 50.695167422546305, 33.06055050963308, 35.84689665786984, 72.00694410957877], [42.20189569201838, 0.0, 10.04987562112089, 26.627053911388696, 49.64876634922564, 87.36704184073076, 61.09828148156051, 74.43117626371358, 29.732137494637012, 74.43117626371358], [42.0, 10.04987562112089, 0.0, 33.97057550292606, 48.373546489791295, 88.02272433866155, 52.32590180780452, 75.02666192761077, 21.095023109728988, 64.6297145282261], [31.400636936215164, 26.627053911388696, 33.97057550292606, 0.0, 39.824615503479755, 68.9492567037528, 72.0, 56.859475903318, 44.64302857109943, 90.09439494219383], [8.48528137423857, 49.64876634922564, 48.373546489791295, 39.824615503479755, 0.0, 40.792156108742276, 48.02082881417188, 28.160255680657446, 38.897300677553446, 69.8927750200262], [46.04345773288535, 87.36704184073076, 88.02272433866155, 68.9492567037528, 40.792156108742276, 0.0, 81.40024569987489, 13.0, 79.55501241279521, 102.9417310909429], [50.695167422546305, 61.09828148156051, 52.32590180780452, 72.0, 48.02082881417188, 81.40024569987489, 0.0, 71.449282711585, 31.38470965295043, 22.02271554554524], [33.06055050963308, 74.43117626371358, 75.02666192761077, 56.859475903318, 28.160255680657446, 13.0, 71.449282711585, 0.0, 67.05221845696084, 93.33809511662427], [35.84689665786984, 29.732137494637012, 21.095023109728988, 44.64302857109943, 38.897300677553446, 79.55501241279521, 31.38470965295043, 67.05221845696084, 0.0, 46.04345773288535], [72.00694410957877, 74.43117626371358, 64.6297145282261, 90.09439494219383, 69.8927750200262, 102.9417310909429, 22.02271554554524, 93.33809511662427, 46.04345773288535, 0.0]], "task_locations": [[35, 53], [25, 94], [35, 95], [10, 72], [41, 47], [33, 7], [82, 72], [33, 20], [53, 84], [99, 86]], "precedence_constraints": [[3, 6], [3, 1], [3, 5], [2, 7], [6, 1], [4, 6]]}