{"Q": [[0, 1, 1], [0, 1, 1], [1, 0, 0]], "R": [[0.0, 0.0, 0.0], [1.0, 0.0, 0.0], [1.0, 1.0, 0.0], [1.0, 0.0, 0.0], [0.0, 1.0, 1.0], [1.0, 1.0, 1.0], [1.0, 0.0, 1.0], [1.0, 0.0, 1.0], [1.0, 1.0, 1.0], [0.0, 0.0, 0.0]], "T_e": [0, 86, 68, 82, 52, 56, 73, 73, 64, 0], "T_t": [[0.0, 42.44997055358225, 75.61084578286372, 79.07591289387686, 12.806248474865697, 16.278820596099706, 47.43416490252569, 24.166091947189145, 28.42534080710379, 78.87331614684399], [42.44997055358225, 0.0, 47.634021455258214, 59.033888572581766, 51.088159097779204, 26.248809496813376, 5.656854249492381, 45.27692569068709, 67.60177512462228, 43.829214001622255], [75.61084578286372, 47.634021455258214, 0.0, 16.492422502470642, 87.84645695758026, 62.177166226839255, 48.54894437575342, 61.1310068623117, 89.08984229416954, 76.6550715869472], [79.07591289387686, 59.033888572581766, 16.492422502470642, 0.0, 91.80958555619343, 68.01470429252781, 61.09828148156051, 60.40695324215582, 87.32124598286491, 92.19544457292888], [12.806248474865697, 51.088159097779204, 87.84645695758026, 91.80958555619343, 0.0, 26.476404589747453, 55.44366510251645, 36.05551275463989, 31.04834939252005, 82.49242389456137], [16.278820596099706, 26.248809496813376, 62.177166226839255, 68.01470429252781, 26.476404589747453, 0.0, 31.38470965295043, 25.709920264364882, 42.20189569201838, 65.06919393998976], [47.43416490252569, 5.656854249492381, 48.54894437575342, 61.09828148156051, 55.44366510251645, 31.38470965295043, 0.0, 50.93132631298737, 73.06161783043132, 38.48376280978771], [24.166091947189145, 45.27692569068709, 61.1310068623117, 60.40695324215582, 36.05551275463989, 25.709920264364882, 50.93132631298737, 0.0, 28.0, 88.23264701911646], [28.42534080710379, 67.60177512462228, 89.08984229416954, 87.32124598286491, 31.04834939252005, 42.20189569201838, 73.06161783043132, 28.0, 0.0, 106.88779163215975], [78.87331614684399, 43.829214001622255, 76.6550715869472, 92.19544457292888, 82.49242389456137, 65.06919393998976, 38.48376280978771, 88.23264701911646, 106.88779163215975, 0.0]], "task_locations": [[57, 28], [46, 69], [83, 99], [99, 95], [49, 18], [54, 44], [42, 73], [79, 38], [79, 10], [7, 89]], "precedence_constraints": [[6, 5]]}