{"Q": [[1, 1, 1], [0, 1, 1], [0, 0, 1]], "R": [[0.0, 0.0, 0.0], [1.0, 1.0, 1.0], [0.0, 1.0, 0.0], [0.0, 0.0, 1.0], [1.0, 0.0, 1.0], [1.0, 1.0, 1.0], [1.0, 0.0, 0.0], [0.0, 0.0, 1.0], [1.0, 0.0, 0.0], [0.0, 0.0, 0.0]], "T_e": [0, 65, 51, 76, 59, 73, 94, 67, 78, 0], "T_t": [[0.0, 15.652475842498529, 74.95331880577403, 39.6232255123179, 13.038404810405298, 72.42237223399962, 25.238858928247925, 54.3415126767741, 23.194827009486403, 91.43850392476902], [15.652475842498529, 0.0, 71.56116265125938, 25.0, 28.653097563788805, 66.52818951391959, 39.59797974644666, 60.03332407921454, 13.45362404707371, 88.83692925805124], [74.95331880577403, 71.56116265125938, 0.0, 61.61168720299745, 78.81624198095213, 12.529964086141668, 74.24957912338628, 41.0, 58.309518948453004, 17.46424919657298], [39.6232255123179, 25.0, 61.61168720299745, 0.0, 51.92301994298868, 52.92447448959697, 59.941638282582836, 65.79513659838392, 18.867962264113206, 78.84795495128583], [13.038404810405298, 28.653097563788805, 78.81624198095213, 51.92301994298868, 0.0, 78.26237921249263, 14.317821063276353, 51.42956348249516, 34.23448553724738, 94.26027795418386], [72.42237223399962, 66.52818951391959, 12.529964086141668, 52.92447448959697, 78.26237921249263, 0.0, 75.96051605933177, 48.27007354458868, 53.075418038862395, 27.018512172212592], [25.238858928247925, 39.59797974644666, 74.24957912338628, 59.941638282582836, 14.317821063276353, 75.96051605933177, 0.0, 41.23105625617661, 41.14608122288197, 88.20430828479978], [54.3415126767741, 60.03332407921454, 41.0, 65.79513659838392, 51.42956348249516, 48.27007354458868, 41.23105625617661, 0.0, 51.19570294468082, 50.59644256269407], [23.194827009486403, 13.45362404707371, 58.309518948453004, 18.867962264113206, 34.23448553724738, 53.075418038862395, 41.14608122288197, 51.19570294468082, 0.0, 75.66372975210778], [91.43850392476902, 88.83692925805124, 17.46424919657298, 78.84795495128583, 94.26027795418386, 27.018512172212592, 88.20430828479978, 50.59644256269407, 75.66372975210778, 0.0]], "task_locations": [[15, 61], [8, 47], [68, 8], [8, 22], [22, 72], [57, 2], [36, 75], [68, 49], [18, 38], [84, 1]], "precedence_constraints": [[8, 5], [7, 8], [8, 6], [6, 2], [4, 5]]}