{"Q": [[0, 1, 1], [0, 0, 1], [1, 1, 1]], "R": [[0.0, 0.0, 0.0], [1.0, 0.0, 0.0], [1.0, 0.0, 1.0], [0.0, 1.0, 1.0], [0.0, 0.0, 1.0], [0.0, 1.0, 1.0], [0.0, 1.0, 0.0], [0.0, 1.0, 0.0], [0.0, 1.0, 1.0], [0.0, 0.0, 0.0]], "T_e": [0, 50, 61, 99, 57, 66, 60, 63, 62, 0], "T_t": [[0.0, 10.816653826391969, 21.540659228538015, 25.553864678361276, 22.360679774997898, 53.009433122794285, 28.231188426986208, 40.01249804748511, 36.013886210738214, 58.249463516842795], [10.816653826391969, 0.0, 22.02271554554524, 35.608987629529715, 30.870698080866262, 47.67598976424087, 20.09975124224178, 34.92849839314596, 31.04834939252005, 48.373546489791295], [21.540659228538015, 22.02271554554524, 0.0, 42.2965719651132, 42.190046219457976, 34.20526275297414, 19.924858845171276, 21.93171219946131, 18.35755975068582, 49.64876634922564], [25.553864678361276, 35.608987629529715, 42.2965719651132, 0.0, 9.0, 76.2954782408499, 53.665631459994955, 63.56099432828282, 59.665735560705194, 83.7615663654877], [22.360679774997898, 30.870698080866262, 42.190046219457976, 9.0, 0.0, 75.16648189186454, 50.28916384272063, 62.20128616033595, 58.215118311311535, 79.17701686727027], [53.009433122794285, 47.67598976424087, 34.20526275297414, 76.2954782408499, 75.16648189186454, 0.0, 28.792360097775937, 13.0, 17.0, 32.38826948140329], [28.231188426986208, 20.09975124224178, 19.924858845171276, 53.665631459994955, 50.28916384272063, 28.792360097775937, 0.0, 17.204650534085253, 14.142135623730951, 31.11269837220809], [40.01249804748511, 34.92849839314596, 21.93171219946131, 63.56099432828282, 62.20128616033595, 13.0, 17.204650534085253, 0.0, 4.0, 32.984845004941285], [36.013886210738214, 31.04834939252005, 18.35755975068582, 59.665735560705194, 58.215118311311535, 17.0, 14.142135623730951, 4.0, 0.0, 34.17601498127012], [58.249463516842795, 48.373546489791295, 49.64876634922564, 83.7615663654877, 79.17701686727027, 32.38826948140329, 31.11269837220809, 32.984845004941285, 34.17601498127012, 0.0]], "task_locations": [[46, 44], [52, 53], [66, 36], [24, 31], [24, 40], [99, 45], [72, 55], [86, 45], [82, 45], [94, 77]], "precedence_constraints": [[5, 4], [6, 4]]}