{"Q": [[1, 0, 0], [0, 1, 0], [1, 0, 1]], "R": [[0.0, 0.0, 0.0], [1.0, 1.0, 0.0], [0.0, 1.0, 0.0], [1.0, 0.0, 0.0], [0.0, 1.0, 0.0], [1.0, 0.0, 0.0], [0.0, 1.0, 0.0], [0.0, 1.0, 0.0], [1.0, 1.0, 1.0], [0.0, 0.0, 0.0]], "T_e": [0, 54, 54, 98, 74, 81, 96, 53, 53, 0], "T_t": [[0.0, 29.0, 66.18912297349165, 44.598206241955516, 81.32035415564789, 83.60023923410746, 45.69463863518345, 28.178005607210743, 15.524174696260024, 72.69112738154499], [29.0, 0.0, 74.24284477308234, 72.56721022610694, 93.74433316206373, 91.706052144883, 73.24616030891995, 48.877397639399746, 44.181444068749045, 81.88406438373708], [66.18912297349165, 74.24284477308234, 0.0, 63.00793600809346, 21.633307652783937, 17.72004514666935, 60.60528029800704, 41.773197148410844, 70.71067811865476, 7.810249675906654], [44.598206241955516, 72.56721022610694, 63.00793600809346, 0.0, 65.80273550544841, 75.15317691222374, 3.0, 30.675723300355934, 33.015148038438355, 65.36818798161687], [81.32035415564789, 93.74433316206373, 21.633307652783937, 65.80273550544841, 0.0, 13.92838827718412, 62.93647591023825, 53.9351462406472, 82.38931969618392, 14.317821063276353], [83.60023923410746, 91.706052144883, 17.72004514666935, 75.15317691222374, 13.92838827718412, 0.0, 72.44998274671983, 58.077534382926416, 87.14355971613737, 11.0], [45.69463863518345, 73.24616030891995, 60.60528029800704, 3.0, 62.93647591023825, 72.44998274671983, 0.0, 29.832867780352597, 34.828149534535996, 62.76941930590086], [28.178005607210743, 48.877397639399746, 41.773197148410844, 30.675723300355934, 53.9351462406472, 58.077534382926416, 29.832867780352597, 0.0, 29.068883707497267, 47.095647357266465], [15.524174696260024, 44.181444068749045, 70.71067811865476, 33.015148038438355, 82.38931969618392, 87.14355971613737, 34.828149534535996, 29.068883707497267, 0.0, 76.16429609731846], [72.69112738154499, 81.88406438373708, 7.810249675906654, 65.36818798161687, 14.317821063276353, 11.0, 62.76941930590086, 47.095647357266465, 76.16429609731846, 0.0]], "task_locations": [[13, 40], [13, 11], [79, 45], [28, 82], [91, 63], [96, 50], [31, 82], [38, 53], [9, 55], [85, 50]], "precedence_constraints": [[5, 3], [6, 7], [6, 8], [1, 2], [8, 2], [1, 4]]}