{"Q": [[1, 1, 0], [1, 0, 1], [0, 1, 0]], "R": [[0.0, 0.0, 0.0], [0.0, 0.0, 1.0], [1.0, 0.0, 0.0], [1.0, 1.0, 1.0], [0.0, 1.0, 0.0], [0.0, 0.0, 1.0], [1.0, 1.0, 0.0], [0.0, 1.0, 0.0], [1.0, 0.0, 0.0], [0.0, 0.0, 0.0]], "T_e": [0, 53, 89, 89, 73, 80, 78, 66, 92, 0], "T_t": [[0.0, 59.135437767890075, 73.49829930005184, 100.7670581092849, 5.0990195135927845, 74.33034373659252, 34.828149534535996, 49.09175083453431, 82.20097323024831, 64.88451279003334], [59.135437767890075, 0.0, 97.30878685915265, 96.42095207992918, 63.60031446463138, 69.00724599634447, 50.21951811795888, 90.02777349240623, 68.73136110975832, 46.09772228646444], [73.49829930005184, 97.30878685915265, 0.0, 46.389654018972806, 75.8946638440411, 41.677331968349414, 49.64876634922564, 31.11269837220809, 51.894122981316485, 59.464274989274024], [100.7670581092849, 96.42095207992918, 46.389654018972806, 0.0, 104.80458005259122, 28.792360097775937, 66.85057965343307, 73.53910524340094, 28.0178514522438, 50.35871324805669], [5.0990195135927845, 63.60031446463138, 75.8946638440411, 104.80458005259122, 0.0, 78.74642849044012, 39.408120990476064, 50.039984012787215, 86.83893136145792, 69.85699678629192], [74.33034373659252, 69.00724599634447, 41.677331968349414, 28.792360097775937, 78.74642849044012, 0.0, 39.59797974644666, 58.008620049092706, 11.045361017187261, 23.345235059857504], [34.828149534535996, 50.21951811795888, 49.64876634922564, 66.85057965343307, 39.408120990476064, 39.59797974644666, 0.0, 40.36087214122113, 47.43416490252569, 32.38826948140329], [49.09175083453431, 90.02777349240623, 31.11269837220809, 73.53910524340094, 50.039984012787215, 58.008620049092706, 40.36087214122113, 0.0, 69.0, 65.7875368135941], [82.20097323024831, 68.73136110975832, 51.894122981316485, 28.0178514522438, 86.83893136145792, 11.045361017187261, 47.43416490252569, 69.0, 0.0, 23.08679276123039], [64.88451279003334, 46.09772228646444, 59.464274989274024, 50.35871324805669, 69.85699678629192, 23.345235059857504, 32.38826948140329, 65.7875368135941, 23.08679276123039, 0.0]], "task_locations": [[80, 77], [24, 96], [61, 6], [15, 0], [85, 78], [25, 27], [53, 55], [83, 28], [14, 28], [21, 50]], "precedence_constraints": [[1, 7], [5, 7], [1, 4], [5, 8], [8, 6], [7, 6]]}