{"Q": [[1, 0, 1], [1, 1, 0], [1, 0, 0]], "R": [[0.0, 0.0, 0.0], [0.0, 1.0, 1.0], [1.0, 1.0, 0.0], [0.0, 1.0, 0.0], [1.0, 1.0, 1.0], [0.0, 1.0, 0.0], [1.0, 1.0, 0.0], [0.0, 1.0, 1.0], [1.0, 1.0, 0.0], [0.0, 0.0, 0.0]], "T_e": [0, 65, 86, 83, 66, 58, 60, 72, 70, 0], "T_t": [[0.0, 110.5350623105628, 19.4164878389476, 56.859475903318, 50.47771785649585, 97.082439194738, 76.53757247260981, 48.16637831516918, 41.43669871020132, 73.87827826905551], [110.5350623105628, 0.0, 102.39628899525607, 58.83026432033091, 60.876925020897694, 18.24828759089466, 39.395431207184416, 84.581321815162, 94.57801012920498, 39.395431207184416], [19.4164878389476, 102.39628899525607, 0.0, 56.142675390472796, 46.87216658103186, 91.3892772703669, 73.24616030891995, 56.859475903318, 22.090722034374522, 63.60031446463138], [56.859475903318, 58.83026432033091, 56.142675390472796, 0.0, 11.180339887498949, 42.5205832509386, 20.518284528683193, 27.294688127912362, 60.728905802755904, 34.36568055487916], [50.47771785649585, 60.876925020897694, 46.87216658103186, 11.180339887498949, 0.0, 46.61544808322666, 26.570660511172846, 32.55764119219941, 49.72926703662542, 29.427877939124322], [97.082439194738, 18.24828759089466, 91.3892772703669, 42.5205832509386, 46.61544808322666, 0.0, 22.20360331117452, 67.11929677819934, 87.13208364316786, 33.06055050963308], [76.53757247260981, 39.395431207184416, 73.24616030891995, 20.518284528683193, 26.570660511172846, 22.20360331117452, 0.0, 45.18849411078001, 73.10950690573696, 28.284271247461902], [48.16637831516918, 84.581321815162, 56.859475903318, 27.294688127912362, 32.55764119219941, 67.11929677819934, 45.18849411078001, 0.0, 70.2922470831599, 61.00819617067857], [41.43669871020132, 94.57801012920498, 22.090722034374522, 60.728905802755904, 49.72926703662542, 87.13208364316786, 73.10950690573696, 70.2922470831599, 0.0, 55.362442142665635], [73.87827826905551, 39.395431207184416, 63.60031446463138, 34.36568055487916, 29.427877939124322, 33.06055050963308, 28.284271247461902, 61.00819617067857, 55.362442142665635, 0.0]], "task_locations": [[83, 12], [10, 95], [64, 8], [60, 64], [55, 54], [28, 92], [46, 79], [87, 60], [42, 6], [26, 59]], "precedence_constraints": [[6, 3], [7, 8]]}