{"Q": [[1, 1, 1], [0, 0, 1], [1, 0, 0]], "R": [[0.0, 0.0, 0.0], [1.0, 0.0, 1.0], [1.0, 1.0, 0.0], [1.0, 1.0, 0.0], [1.0, 0.0, 0.0], [0.0, 1.0, 0.0], [0.0, 0.0, 1.0], [1.0, 0.0, 1.0], [1.0, 0.0, 0.0], [0.0, 0.0, 0.0]], "T_e": [0, 59, 98, 53, 63, 98, 92, 90, 96, 0], "T_t": [[0.0, 55.90169943749474, 72.20110802473879, 44.0, 58.412327466040935, 64.25729530566937, 32.2490309931942, 6.082762530298219, 44.04543109109048, 13.0], [55.90169943749474, 0.0, 33.13608305156178, 77.07788269017254, 97.86214794290998, 33.37663853655727, 55.54277630799526, 56.32051136131489, 86.40023148117139, 68.65857557508748], [72.20110802473879, 33.13608305156178, 0.0, 104.5609869884557, 94.04786015641186, 66.03029607687671, 55.10898293381942, 75.16648189186454, 86.46964785403026, 84.87638069569178], [44.0, 77.07788269017254, 104.5609869884557, 0.0, 96.93296652842108, 63.56886030125127, 76.10519036176179, 38.01315561749642, 82.87339742040264, 40.80441152620633], [58.412327466040935, 97.86214794290998, 94.04786015641186, 96.93296652842108, 0.0, 118.22436297142819, 42.37924020083418, 63.8200595424354, 14.422205101855956, 56.36488268416781], [64.25729530566937, 33.37663853655727, 66.03029607687671, 63.56886030125127, 118.22436297142819, 0.0, 78.49203781276162, 61.40032573203501, 104.84750831564858, 74.21590126111789], [32.2490309931942, 55.54277630799526, 55.10898293381942, 76.10519036176179, 42.37924020083418, 78.49203781276162, 0.0, 38.118237105091836, 32.0624390837628, 40.311288741492746], [6.082762530298219, 56.32051136131489, 75.16648189186454, 38.01315561749642, 63.8200595424354, 61.40032573203501, 38.118237105091836, 0.0, 49.4064773081425, 13.038404810405298], [44.04543109109048, 86.40023148117139, 86.46964785403026, 82.87339742040264, 14.422205101855956, 104.84750831564858, 32.0624390837628, 49.4064773081425, 0.0, 42.15447781671598], [13.0, 68.65857557508748, 84.87638069569178, 40.80441152620633, 56.36488268416781, 74.21590126111789, 40.311288741492746, 13.038404810405298, 42.15447781671598, 0.0]], "task_locations": [[62, 52], [7, 62], [4, 95], [62, 8], [98, 98], [2, 29], [58, 84], [61, 46], [90, 86], [74, 47]], "precedence_constraints": [[6, 3], [2, 4]]}