{"Q": [[1, 0, 1], [0, 0, 1], [0, 1, 0]], "R": [[0.0, 0.0, 0.0], [0.0, 1.0, 0.0], [0.0, 0.0, 1.0], [0.0, 1.0, 0.0], [0.0, 1.0, 0.0], [1.0, 0.0, 0.0], [0.0, 1.0, 0.0], [1.0, 0.0, 0.0], [0.0, 1.0, 0.0], [0.0, 0.0, 0.0]], "T_e": [0, 61, 53, 50, 70, 72, 78, 69, 89, 0], "T_t": [[0.0, 91.44397191723465, 45.27692569068709, 26.1725046566048, 72.069410986909, 96.89685237405806, 64.35060217278468, 51.31276644267, 40.024992192379, 89.94442728707543], [91.44397191723465, 0.0, 51.10772935672255, 86.14522621712709, 29.5296461204668, 49.76946855251722, 50.60632371551998, 67.20863039818622, 51.419840528729765, 34.0], [45.27692569068709, 51.10772935672255, 0.0, 52.20153254455275, 43.86342439892262, 76.21679604916491, 51.0, 23.08679276123039, 15.231546211727817, 44.721359549995796], [26.1725046566048, 86.14522621712709, 52.20153254455275, 0.0, 60.67124524847005, 78.54934754662193, 46.51881339845203, 67.20119046564577, 39.81205847478876, 94.42986815621421], [72.069410986909, 29.5296461204668, 43.86342439892262, 60.67124524847005, 0.0, 32.7566787083184, 21.095023109728988, 66.09841147864296, 35.38361202590826, 54.589376255824725], [96.89685237405806, 49.76946855251722, 76.21679604916491, 78.54934754662193, 32.7566787083184, 0.0, 32.64965543462902, 98.76234100101111, 65.76473218982953, 82.22530024268686], [64.35060217278468, 50.60632371551998, 51.0, 46.51881339845203, 21.095023109728988, 32.64965543462902, 0.0, 74.02702209328699, 37.48332962798263, 73.60027173862879], [51.31276644267, 67.20863039818622, 23.08679276123039, 67.20119046564577, 66.09841147864296, 98.76234100101111, 74.02702209328699, 0.0, 37.21558813185679, 48.38388161361178], [40.024992192379, 51.419840528729765, 15.231546211727817, 39.81205847478876, 35.38361202590826, 65.76473218982953, 37.48332962798263, 37.21558813185679, 0.0, 54.62600113499065], [89.94442728707543, 34.0, 44.721359549995796, 94.42986815621421, 54.589376255824725, 82.22530024268686, 73.60027173862879, 48.38388161361178, 54.62600113499065, 0.0]], "task_locations": [[91, 30], [2, 51], [46, 25], [88, 56], [28, 65], [21, 97], [46, 76], [48, 2], [52, 39], [2, 17]], "precedence_constraints": [[1, 2]]}