{"Q": [[0, 1, 0], [0, 1, 1], [1, 1, 0]], "R": [[0.0, 0.0, 0.0], [1.0, 0.0, 0.0], [1.0, 1.0, 1.0], [0.0, 0.0, 1.0], [0.0, 0.0, 1.0], [1.0, 1.0, 1.0], [0.0, 1.0, 0.0], [1.0, 0.0, 1.0], [0.0, 1.0, 0.0], [0.0, 0.0, 0.0]], "T_e": [0, 85, 94, 92, 84, 74, 96, 59, 74, 0], "T_t": [[0.0, 65.80273550544841, 33.12099032335839, 75.02666192761077, 79.84985911070852, 89.04493247793498, 16.1245154965971, 69.6419413859206, 19.235384061671343, 30.265491900843113], [65.80273550544841, 0.0, 60.00833275470999, 46.52956049652737, 22.847319317591726, 89.73850901368932, 80.8084154033477, 65.11528238439882, 80.49844718999243, 49.8196748283246], [33.12099032335839, 60.00833275470999, 0.0, 48.08326112068523, 64.35060217278468, 56.0357029044876, 37.05401462729781, 37.107950630558946, 51.62363799656123, 52.354560450833695], [75.02666192761077, 46.52956049652737, 48.08326112068523, 0.0, 32.01562118716424, 46.0, 83.86298349093002, 25.079872407968907, 94.13288479590966, 77.87810988975015], [79.84985911070852, 22.847319317591726, 64.35060217278468, 32.01562118716424, 0.0, 78.00640999302557, 93.05912099305473, 55.731499172371095, 96.84007434941384, 70.0], [89.04493247793498, 89.73850901368932, 56.0357029044876, 46.0, 78.00640999302557, 0.0, 89.69392398596462, 25.079872407968907, 106.94391053257777, 105.47511554864494], [16.1245154965971, 80.8084154033477, 37.05401462729781, 83.86298349093002, 93.05912099305473, 89.69392398596462, 0.0, 73.824115301167, 20.248456731316587, 45.60701700396552], [69.6419413859206, 65.11528238439882, 37.107950630558946, 25.079872407968907, 55.731499172371095, 25.079872407968907, 73.824115301167, 0.0, 88.54377448471462, 82.13403679352427], [19.235384061671343, 80.49844718999243, 51.62363799656123, 94.13288479590966, 96.84007434941384, 106.94391053257777, 20.248456731316587, 88.54377448471462, 0.0, 35.4682957019364], [30.265491900843113, 49.8196748283246, 52.354560450833695, 77.87810988975015, 70.0, 105.47511554864494, 45.60701700396552, 82.13403679352427, 35.4682957019364, 0.0]], "task_locations": [[20, 48], [73, 87], [49, 32], [95, 46], [94, 78], [95, 0], [12, 34], [85, 23], [1, 51], [24, 78]], "precedence_constraints": [[1, 2]]}