{"Q": [[1, 1, 1], [0, 1, 1], [0, 1, 0]], "R": [[0.0, 0.0, 0.0], [1.0, 0.0, 1.0], [0.0, 0.0, 1.0], [1.0, 0.0, 1.0], [0.0, 1.0, 0.0], [0.0, 1.0, 0.0], [1.0, 0.0, 0.0], [1.0, 1.0, 1.0], [0.0, 1.0, 1.0], [0.0, 0.0, 0.0]], "T_e": [0, 52, 83, 62, 78, 76, 78, 62, 74, 0], "T_t": [[0.0, 64.63745044476924, 57.87054518492115, 58.82176467941097, 16.278820596099706, 52.20153254455275, 28.844410203711913, 56.0357029044876, 39.0, 90.78546139112804], [64.63745044476924, 0.0, 27.294688127912362, 71.17583859709698, 72.86288492778748, 12.529964086141668, 35.805027579936315, 8.602325267042627, 53.03772242470448, 97.32420048477151], [57.87054518492115, 27.294688127912362, 0.0, 44.91102314577124, 59.93329625508679, 25.80697580112788, 33.54101966249684, 24.596747752497688, 63.953107821277925, 70.03570517957252], [58.82176467941097, 71.17583859709698, 44.91102314577124, 0.0, 48.46648326421054, 65.27633568147036, 55.46169849544819, 66.03029607687671, 87.36704184073076, 32.64965543462902], [16.278820596099706, 72.86288492778748, 59.93329625508679, 48.46648326421054, 0.0, 61.07372593840988, 38.27531841800928, 64.4437739428721, 55.08175741568164, 78.77182237323191], [52.20153254455275, 12.529964086141668, 25.80697580112788, 65.27633568147036, 61.07372593840988, 0.0, 23.430749027719962, 4.123105625617661, 42.7551166528639, 93.96275858019496], [28.844410203711913, 35.805027579936315, 33.54101966249684, 55.46169849544819, 38.27531841800928, 23.430749027719962, 0.0, 27.202941017470888, 33.24154027718932, 87.46427842267951], [56.0357029044876, 8.602325267042627, 24.596747752497688, 66.03029607687671, 64.4437739428721, 4.123105625617661, 27.202941017470888, 0.0, 46.52956049652737, 93.86160024205851], [39.0, 53.03772242470448, 63.953107821277925, 87.36704184073076, 55.08175741568164, 42.7551166528639, 33.24154027718932, 46.52956049652737, 0.0, 119.85407794480753], [90.78546139112804, 97.32420048477151, 70.03570517957252, 32.64965543462902, 78.77182237323191, 93.96275858019496, 87.46427842267951, 93.86160024205851, 119.85407794480753, 0.0]], "task_locations": [[60, 28], [97, 81], [70, 85], [26, 76], [44, 31], [91, 70], [76, 52], [92, 74], [99, 28], [1, 97]], "precedence_constraints": [[5, 1], [3, 1], [4, 2], [4, 6], [7, 8], [1, 2]]}