{"Q": [[1, 0, 0], [0, 1, 1], [1, 1, 0]], "R": [[0.0, 0.0, 0.0], [1.0, 0.0, 1.0], [1.0, 1.0, 0.0], [1.0, 0.0, 1.0], [0.0, 0.0, 1.0], [1.0, 1.0, 1.0], [1.0, 0.0, 0.0], [1.0, 0.0, 0.0], [0.0, 0.0, 1.0], [0.0, 0.0, 0.0]], "T_e": [0, 68, 69, 98, 54, 94, 56, 94, 94, 0], "T_t": [[0.0, 60.14149981501958, 6.708203932499369, 8.246211251235321, 23.345235059857504, 54.78138369920935, 50.08991914547278, 82.29216244576394, 36.71511950137164, 26.1725046566048], [60.14149981501958, 0.0, 58.137767414994535, 56.08029957123981, 65.92419889539804, 64.77653896280658, 66.12110101926616, 33.95585369269929, 27.51363298439521, 65.7875368135941], [6.708203932499369, 58.137767414994535, 0.0, 2.23606797749979, 29.832867780352597, 59.93329625508679, 55.569775957799216, 82.63776376451628, 37.0, 32.55764119219941], [8.246211251235321, 56.08029957123981, 2.23606797749979, 0.0, 30.805843601498726, 59.941638282582836, 55.758407437802596, 80.99382692526635, 35.4400902933387, 33.421549934136806], [23.345235059857504, 65.92419889539804, 29.832867780352597, 30.805843601498726, 0.0, 35.12833614050059, 29.427877939124322, 78.56844150166147, 38.48376280978771, 3.1622776601683795], [54.78138369920935, 64.77653896280658, 59.93329625508679, 59.941638282582836, 35.12833614050059, 0.0, 6.324555320336759, 60.53924347066124, 42.485291572496, 32.0624390837628], [50.08991914547278, 66.12110101926616, 55.569775957799216, 55.758407437802596, 29.427877939124322, 6.324555320336759, 0.0, 64.8459713474939, 42.05948168962618, 26.30589287593181], [82.29216244576394, 33.95585369269929, 82.63776376451628, 80.99382692526635, 78.56844150166147, 60.53924347066124, 64.8459713474939, 0.0, 45.69463863518345, 77.07788269017254], [36.71511950137164, 27.51363298439521, 37.0, 35.4400902933387, 38.48376280978771, 42.485291572496, 42.05948168962618, 45.69463863518345, 0.0, 38.27531841800928], [26.1725046566048, 65.7875368135941, 32.55764119219941, 33.421549934136806, 3.1622776601683795, 32.0624390837628, 26.30589287593181, 77.07788269017254, 38.27531841800928, 0.0]], "task_locations": [[46, 7], [90, 48], [52, 4], [54, 5], [29, 23], [26, 58], [24, 52], [82, 81], [64, 39], [28, 26]], "precedence_constraints": [[1, 6], [3, 1], [3, 4], [5, 7], [3, 5], [4, 6]]}