{"Q": [[1, 1, 1], [0, 1, 0], [1, 0, 0]], "R": [[0.0, 0.0, 0.0], [1.0, 0.0, 0.0], [1.0, 1.0, 1.0], [0.0, 1.0, 0.0], [1.0, 1.0, 0.0], [1.0, 1.0, 1.0], [0.0, 1.0, 0.0], [0.0, 1.0, 1.0], [0.0, 1.0, 0.0], [0.0, 0.0, 0.0]], "T_e": [0, 95, 53, 71, 53, 89, 92, 87, 89, 0], "T_t": [[0.0, 77.0, 34.713109915419565, 80.06247560499239, 79.1580697086532, 80.02499609497022, 85.0, 60.14149981501958, 24.351591323771842, 45.5411901469428], [77.0, 0.0, 59.93329625508679, 37.48332962798263, 5.385164807134504, 3.605551275463989, 14.7648230602334, 52.630789467763066, 72.73238618387272, 75.45197147855052], [34.713109915419565, 59.93329625508679, 0.0, 49.24428900898052, 59.80802621722272, 61.84658438426491, 72.40165743959182, 25.80697580112788, 51.24451190127583, 18.788294228055936], [80.06247560499239, 37.48332962798263, 49.24428900898052, 0.0, 32.984845004941285, 36.138621999185304, 51.66236541235796, 27.294688127912362, 87.0, 56.32051136131489], [79.1580697086532, 5.385164807134504, 59.80802621722272, 32.984845004941285, 0.0, 3.1622776601683795, 18.681541692269406, 50.20956084253277, 76.32168761236873, 74.43117626371358], [80.02499609497022, 3.605551275463989, 61.84658438426491, 36.138621999185304, 3.1622776601683795, 0.0, 15.524174696260024, 53.075418038862395, 76.21679604916491, 76.8505042273634], [85.0, 14.7648230602334, 72.40165743959182, 51.66236541235796, 18.681541692269406, 15.524174696260024, 0.0, 67.20119046564577, 76.6550715869472, 88.86506625215557], [60.14149981501958, 52.630789467763066, 25.80697580112788, 27.294688127912362, 50.20956084253277, 53.075418038862395, 67.20119046564577, 0.0, 73.43023900274328, 29.068883707497267], [24.351591323771842, 72.73238618387272, 51.24451190127583, 87.0, 76.32168761236873, 76.21679604916491, 76.6550715869472, 73.43023900274328, 0.0, 66.37017402418047], [45.5411901469428, 75.45197147855052, 18.788294228055936, 56.32051136131489, 74.43117626371358, 76.8505042273634, 88.86506625215557, 29.068883707497267, 66.37017402418047, 0.0]], "task_locations": [[52, 85], [52, 8], [78, 62], [89, 14], [57, 6], [54, 5], [39, 1], [93, 41], [29, 77], [95, 70]], "precedence_constraints": [[2, 8], [7, 8], [7, 1], [6, 2]]}