{"Q": [[1, 1, 1], [0, 1, 0], [1, 1, 1]], "R": [[0.0, 0.0, 0.0], [1.0, 1.0, 0.0], [0.0, 0.0, 1.0], [0.0, 1.0, 0.0], [1.0, 0.0, 1.0], [0.0, 0.0, 1.0], [0.0, 1.0, 0.0], [1.0, 0.0, 1.0], [1.0, 1.0, 0.0], [0.0, 0.0, 0.0]], "T_e": [0, 84, 69, 67, 52, 54, 72, 60, 61, 0], "T_t": [[0.0, 65.0, 42.44997055358225, 30.4138126514911, 41.10960958218893, 14.422205101855956, 59.135437767890075, 39.59797974644666, 16.278820596099706, 55.154328932550705], [65.0, 0.0, 93.2148056909416, 95.34149149242423, 39.0, 61.71709649683789, 12.649110640673518, 56.22277118748239, 59.0592922409336, 13.0], [42.44997055358225, 93.2148056909416, 0.0, 36.013886210738214, 56.0, 56.72741841473134, 92.04890004774636, 82.03657720797473, 58.728187440104094, 80.62257748298549], [30.4138126514911, 95.34149149242423, 36.013886210738214, 0.0, 67.4166151627327, 38.63935817272331, 89.45389874119518, 62.39390995922599, 41.593268686170845, 85.07055894961546], [41.10960958218893, 39.0, 56.0, 67.4166151627327, 0.0, 47.01063709417264, 41.86884283091664, 59.00847396772772, 45.880278987817846, 26.0], [14.422205101855956, 61.71709649683789, 56.72741841473134, 38.63935817272331, 47.01063709417264, 0.0, 53.45091205957107, 25.612496949731394, 3.0, 54.20332093147061], [59.135437767890075, 12.649110640673518, 92.04890004774636, 89.45389874119518, 41.86884283091664, 53.45091205957107, 0.0, 44.553338819890925, 50.59644256269407, 18.788294228055936], [39.59797974644666, 56.22277118748239, 82.03657720797473, 62.39390995922599, 59.00847396772772, 25.612496949731394, 44.553338819890925, 0.0, 23.345235059857504, 54.12947441089743], [16.278820596099706, 59.0592922409336, 58.728187440104094, 41.593268686170845, 45.880278987817846, 3.0, 50.59644256269407, 23.345235059857504, 0.0, 51.85556864985669], [55.154328932550705, 13.0, 80.62257748298549, 85.07055894961546, 26.0, 54.20332093147061, 18.788294228055936, 54.12947441089743, 51.85556864985669, 0.0]], "task_locations": [[32, 33], [95, 17], [3, 2], [2, 38], [59, 2], [40, 45], [91, 29], [60, 61], [43, 45], [83, 12]], "precedence_constraints": [[5, 4], [1, 7], [6, 8], [5, 3], [1, 8]]}