{"Q": [[1, 1, 0], [0, 0, 1], [1, 1, 0]], "R": [[0.0, 0.0, 0.0], [0.0, 1.0, 1.0], [0.0, 1.0, 0.0], [0.0, 1.0, 0.0], [1.0, 1.0, 1.0], [0.0, 1.0, 0.0], [0.0, 1.0, 0.0], [1.0, 0.0, 1.0], [1.0, 1.0, 0.0], [0.0, 0.0, 0.0]], "T_e": [0, 61, 74, 86, 87, 62, 66, 93, 70, 0], "T_t": [[0.0, 41.23105625617661, 39.395431207184416, 26.0, 98.11218069128827, 60.00833275470999, 67.80117993073571, 80.26207074328447, 61.0, 17.804493814764857], [41.23105625617661, 0.0, 18.867962264113206, 26.68332812825267, 61.40032573203501, 23.08679276123039, 29.410882339705484, 39.92492955535426, 31.76476034853718, 24.186773244895647], [39.395431207184416, 18.867962264113206, 0.0, 37.36308338453881, 59.07622195096772, 40.80441152620633, 30.805843601498726, 53.23532661682466, 50.60632371551998, 22.561028345356956], [26.0, 26.68332812825267, 37.36308338453881, 0.0, 88.05679985100527, 37.64306044943742, 56.04462507680822, 59.413803110051795, 35.73513677041127, 20.518284528683193], [98.11218069128827, 61.40032573203501, 59.07622195096772, 88.05679985100527, 0.0, 61.29437168288782, 32.01562118716424, 48.33218389437829, 74.81310045707235, 80.52949770115296], [60.00833275470999, 23.08679276123039, 40.80441152620633, 37.64306044943742, 61.29437168288782, 0.0, 33.1058907144937, 22.02271554554524, 13.92838827718412, 45.12205669071391], [67.80117993073571, 29.410882339705484, 30.805843601498726, 56.04462507680822, 32.01562118716424, 33.1058907144937, 0.0, 30.870698080866262, 47.01063709417264, 50.0], [80.26207074328447, 39.92492955535426, 53.23532661682466, 59.413803110051795, 48.33218389437829, 22.02271554554524, 30.870698080866262, 0.0, 31.32091952673165, 63.97655820689325], [61.0, 31.76476034853718, 50.60632371551998, 35.73513677041127, 74.81310045707235, 13.92838827718412, 47.01063709417264, 31.32091952673165, 0.0, 49.09175083453431], [17.804493814764857, 24.186773244895647, 22.561028345356956, 20.518284528683193, 80.52949770115296, 45.12205669071391, 50.0, 63.97655820689325, 49.09175083453431, 0.0]], "task_locations": [[74, 99], [42, 73], [58, 63], [48, 99], [25, 14], [19, 75], [33, 45], [5, 58], [14, 88], [63, 85]], "precedence_constraints": [[2, 4], [2, 1], [5, 7], [5, 1], [2, 8], [5, 4]]}