{"Q": [[1, 0, 0], [0, 1, 0], [0, 0, 1]], "R": [[0.0, 0.0, 0.0], [1.0, 0.0, 1.0], [0.0, 1.0, 1.0], [1.0, 0.0, 0.0], [1.0, 1.0, 0.0], [0.0, 1.0, 0.0], [1.0, 1.0, 0.0], [0.0, 0.0, 1.0], [1.0, 1.0, 1.0], [0.0, 0.0, 0.0]], "T_e": [0, 50, 69, 76, 56, 66, 73, 74, 79, 0], "T_t": [[0.0, 44.654227123532216, 27.294688127912362, 78.56844150166147, 51.088159097779204, 15.231546211727817, 48.84669896727925, 13.038404810405298, 4.123105625617661, 46.09772228646444], [44.654227123532216, 0.0, 70.26378868236469, 95.85927185202274, 8.246211251235321, 44.384682042344295, 44.721359549995796, 52.3450093132096, 48.54894437575342, 17.0], [27.294688127912362, 70.26378868236469, 0.0, 67.23094525588644, 75.66372975210778, 27.65863337187866, 73.54590403278758, 29.410882339705484, 23.194827009486403, 73.348483283569], [78.56844150166147, 95.85927185202274, 67.23094525588644, 0.0, 95.33624704172071, 64.38167441127949, 124.63145670335399, 89.20201791439474, 76.69419795525604, 109.12378292562992], [51.088159097779204, 8.246211251235321, 75.66372975210778, 95.33624704172071, 0.0, 48.84669896727925, 52.3450093132096, 59.665735560705194, 54.817880294662984, 23.769728648009426], [15.231546211727817, 44.384682042344295, 27.65863337187866, 64.38167441127949, 48.84669896727925, 0.0, 60.74537019394976, 27.892651361962706, 15.132745950421556, 51.15662224971465], [48.84669896727925, 44.721359549995796, 73.54590403278758, 124.63145670335399, 52.3450093132096, 60.74537019394976, 0.0, 44.40720662234904, 52.20153254455275, 29.0], [13.038404810405298, 52.3450093132096, 29.410882339705484, 89.20201791439474, 59.665735560705194, 27.892651361962706, 44.40720662234904, 0.0, 13.0, 49.64876634922564], [4.123105625617661, 48.54894437575342, 23.194827009486403, 76.69419795525604, 54.817880294662984, 15.132745950421556, 52.20153254455275, 13.0, 0.0, 50.21951811795888], [46.09772228646444, 17.0, 73.348483283569, 109.12378292562992, 23.769728648009426, 51.15662224971465, 29.0, 49.64876634922564, 50.21951811795888, 0.0]], "task_locations": [[61, 54], [36, 91], [65, 27], [3, 1], [28, 93], [47, 48], [80, 99], [74, 55], [62, 50], [51, 99]], "precedence_constraints": [[1, 7]]}