{"Q": [[1, 1, 1], [0, 1, 0], [0, 1, 0]], "R": [[0.0, 0.0, 0.0], [0.0, 0.0, 1.0], [0.0, 1.0, 0.0], [1.0, 1.0, 0.0], [1.0, 0.0, 0.0], [1.0, 1.0, 0.0], [1.0, 0.0, 1.0], [0.0, 1.0, 0.0], [1.0, 0.0, 1.0], [0.0, 0.0, 0.0]], "T_e": [0, 66, 66, 71, 85, 98, 75, 93, 84, 0], "T_t": [[0.0, 55.00909015790027, 11.045361017187261, 17.46424919657298, 126.90547663517127, 57.0701322935211, 46.486557196677836, 80.00624975587844, 61.05735008989499, 38.07886552931954], [55.00909015790027, 0.0, 44.0, 64.28841264178172, 100.96038827183659, 72.00694410957877, 19.4164878389476, 98.4733466477097, 33.13608305156178, 53.81449618829484], [11.045361017187261, 44.0, 0.0, 24.758836806279895, 120.80149005703531, 57.0, 36.6742416417845, 81.88406438373708, 52.630789467763066, 36.22154055254967], [17.46424919657298, 64.28841264178172, 24.758836806279895, 0.0, 120.41594578792295, 43.86342439892262, 51.0098029794274, 64.28063471995279, 61.1310068623117, 29.068883707497267], [126.90547663517127, 100.96038827183659, 120.80149005703531, 120.41594578792295, 0.0, 82.365041127896, 89.89994438263018, 85.5102333057278, 71.11258679024411, 91.35097153287424], [57.0701322935211, 72.00694410957877, 57.0, 43.86342439892262, 82.365041127896, 0.0, 52.630789467763066, 26.832815729997478, 47.50789408087881, 21.37755832643195], [46.486557196677836, 19.4164878389476, 36.6742416417845, 51.0098029794274, 89.89994438263018, 52.630789467763066, 0.0, 79.05694150420949, 18.788294228055936, 35.22782990761707], [80.00624975587844, 98.4733466477097, 81.88406438373708, 64.28063471995279, 85.5102333057278, 26.832815729997478, 79.05694150420949, 0.0, 71.50524456289902, 47.75981574503821], [61.05735008989499, 33.13608305156178, 52.630789467763066, 61.1310068623117, 71.11258679024411, 47.50789408087881, 18.788294228055936, 71.50524456289902, 0.0, 37.12142238654117], [38.07886552931954, 53.81449618829484, 36.22154055254967, 29.068883707497267, 91.35097153287424, 21.37755832643195, 35.22782990761707, 47.75981574503821, 37.12142238654117, 0.0]], "task_locations": [[98, 85], [99, 30], [99, 74], [82, 92], [2, 2], [42, 74], [83, 41], [18, 86], [66, 33], [63, 70]], "precedence_constraints": [[2, 6], [5, 1], [2, 3], [1, 8], [1, 6]]}