{"Q": [[0, 1, 0], [0, 0, 1], [1, 0, 1]], "R": [[0.0, 0.0, 0.0], [0.0, 1.0, 0.0], [1.0, 0.0, 0.0], [0.0, 0.0, 1.0], [1.0, 1.0, 1.0], [1.0, 0.0, 0.0], [0.0, 0.0, 1.0], [0.0, 1.0, 0.0], [0.0, 1.0, 0.0], [0.0, 0.0, 0.0]], "T_e": [0, 68, 79, 52, 68, 91, 57, 53, 58, 0], "T_t": [[0.0, 43.657759905886145, 65.92419889539804, 56.00892785976178, 36.71511950137164, 61.40032573203501, 65.92419889539804, 95.13148795220224, 77.82030583337487, 57.0087712549569], [43.657759905886145, 0.0, 95.4148835350125, 20.518284528683193, 52.32590180780452, 89.88882021697692, 22.360679774997898, 82.46211251235322, 85.28774824088158, 37.94733192202055], [65.92419889539804, 95.4148835350125, 0.0, 94.04786015641186, 43.93176527297759, 5.656854249492381, 115.25623627379127, 84.09518416651456, 45.27692569068709, 77.6659513557904], [56.00892785976178, 20.518284528683193, 94.04786015641186, 0.0, 50.32891812864648, 88.3911760301898, 24.515301344262525, 64.28841264178172, 74.33034373659252, 22.20360331117452], [36.71511950137164, 52.32590180780452, 43.93176527297759, 50.32891812864648, 0.0, 38.28837943815329, 71.40028011149536, 62.177166226839255, 41.23105625617661, 36.68787265568828], [61.40032573203501, 89.88882021697692, 5.656854249492381, 88.3911760301898, 38.28837943815329, 0.0, 109.63576058932597, 80.0, 41.97618372363071, 72.11102550927978], [65.92419889539804, 22.360679774997898, 115.25623627379127, 24.515301344262525, 71.40028011149536, 109.63576058932597, 0.0, 86.83317338436964, 98.76234100101111, 46.69047011971501], [95.13148795220224, 82.46211251235322, 84.09518416651456, 64.28841264178172, 62.177166226839255, 80.0, 86.83317338436964, 0.0, 40.024992192379, 44.721359549995796], [77.82030583337487, 85.28774824088158, 45.27692569068709, 74.33034373659252, 41.23105625617661, 41.97618372363071, 98.76234100101111, 40.024992192379, 0.0, 52.55473337388365], [57.0087712549569, 37.94733192202055, 77.6659513557904, 22.20360331117452, 36.68787265568828, 72.11102550927978, 46.69047011971501, 44.721359549995796, 52.55473337388365, 0.0]], "task_locations": [[72, 19], [87, 60], [7, 8], [73, 75], [40, 37], [11, 12], [97, 80], [11, 92], [2, 53], [51, 72]], "precedence_constraints": [[2, 1], [4, 1], [2, 3], [7, 4]]}