{"Q": [[0, 0, 1], [1, 1, 1], [1, 1, 0]], "R": [[0.0, 0.0, 0.0], [0.0, 1.0, 0.0], [1.0, 0.0, 1.0], [1.0, 0.0, 1.0], [1.0, 1.0, 0.0], [0.0, 1.0, 1.0], [1.0, 1.0, 0.0], [1.0, 1.0, 0.0], [0.0, 1.0, 1.0], [0.0, 0.0, 0.0]], "T_e": [0, 67, 68, 64, 72, 61, 96, 54, 79, 0], "T_t": [[0.0, 87.92041856133307, 67.00746227100382, 17.204650534085253, 36.40054944640259, 90.91754506144565, 48.33218389437829, 14.142135623730951, 70.0, 54.56189146281496], [87.92041856133307, 0.0, 34.0, 94.2019108086455, 96.13012014972206, 62.80127387243033, 40.024992192379, 75.43208866258443, 92.57429448826494, 34.36568055487916], [67.00746227100382, 34.0, 0.0, 78.44743462982075, 87.32124598286491, 82.96987405076617, 31.144823004794873, 58.05170109479997, 97.62171889492625, 30.805843601498726], [17.204650534085253, 94.2019108086455, 78.44743462982075, 0.0, 20.223748416156685, 85.14693182963201, 54.3323108288245, 20.396078054371138, 56.88585061331157, 59.841457201508724], [36.40054944640259, 96.13012014972206, 87.32124598286491, 20.223748416156685, 0.0, 73.40980860893181, 58.69412236331676, 33.24154027718932, 38.27531841800928, 62.80127387243033], [90.91754506144565, 62.80127387243033, 82.96987405076617, 85.14693182963201, 73.40980860893181, 0.0, 59.00847396772772, 77.3692445355388, 45.89117562233506, 55.14526271584895], [48.33218389437829, 40.024992192379, 31.144823004794873, 54.3323108288245, 58.69412236331676, 59.00847396772772, 0.0, 35.4400902933387, 66.60330322138685, 6.4031242374328485], [14.142135623730951, 75.43208866258443, 58.05170109479997, 20.396078054371138, 33.24154027718932, 77.3692445355388, 35.4400902933387, 0.0, 60.8276253029822, 41.43669871020132], [70.0, 92.57429448826494, 97.62171889492625, 56.88585061331157, 38.27531841800928, 45.89117562233506, 66.60330322138685, 60.8276253029822, 0.0, 67.20863039818622], [54.56189146281496, 34.36568055487916, 30.805843601498726, 59.841457201508724, 62.80127387243033, 55.14526271584895, 6.4031242374328485, 41.43669871020132, 67.20863039818622, 0.0]], "task_locations": [[94, 86], [65, 3], [95, 19], [80, 96], [60, 99], [15, 41], [74, 42], [84, 76], [24, 86], [70, 37]], "precedence_constraints": [[3, 6], [3, 4], [4, 7], [3, 7], [3, 2], [7, 8]]}