{"Q": [[1, 1, 0], [1, 1, 0], [0, 1, 1]], "R": [[0.0, 0.0, 0.0], [1.0, 0.0, 0.0], [0.0, 0.0, 1.0], [1.0, 0.0, 1.0], [1.0, 1.0, 0.0], [0.0, 1.0, 1.0], [1.0, 0.0, 1.0], [0.0, 0.0, 1.0], [1.0, 0.0, 0.0], [0.0, 0.0, 0.0]], "T_e": [0, 97, 59, 66, 67, 58, 77, 55, 98, 0], "T_t": [[0.0, 42.0, 30.0, 32.526911934581186, 50.24937810560445, 19.924858845171276, 14.866068747318506, 65.11528238439882, 45.5411901469428, 47.01063709417264], [42.0, 0.0, 12.0, 68.9492567037528, 62.20128616033595, 40.70626487409524, 32.57299494980466, 70.68238818828917, 7.615773105863909, 19.026297590440446], [30.0, 12.0, 0.0, 57.77542730261716, 55.90169943749474, 30.610455730027933, 21.470910553583888, 66.48308055437865, 16.55294535724685, 23.021728866442675], [32.526911934581186, 68.9492567037528, 57.77542730261716, 0.0, 38.897300677553446, 51.03920062069938, 47.38143096192854, 53.907327887774215, 74.32361670424818, 78.23042886243178], [50.24937810560445, 62.20128616033595, 55.90169943749474, 38.897300677553446, 0.0, 69.00724599634447, 60.29925372672534, 15.652475842498529, 69.63476143421474, 78.77182237323191], [19.924858845171276, 40.70626487409524, 30.610455730027933, 51.03920062069938, 69.00724599634447, 0.0, 10.295630140987, 83.21658488546619, 40.80441152620633, 37.0], [14.866068747318506, 32.57299494980466, 21.470910553583888, 47.38143096192854, 60.29925372672534, 10.295630140987, 0.0, 74.00675644831355, 34.132096331752024, 33.24154027718932], [65.11528238439882, 70.68238818828917, 66.48308055437865, 53.907327887774215, 15.652475842498529, 83.21658488546619, 74.00675644831355, 0.0, 78.29431652425353, 88.60022573334675], [45.5411901469428, 7.615773105863909, 16.55294535724685, 74.32361670424818, 69.63476143421474, 40.80441152620633, 34.132096331752024, 78.29431652425353, 0.0, 12.165525060596439], [47.01063709417264, 19.026297590440446, 23.021728866442675, 78.23042886243178, 78.77182237323191, 37.0, 33.24154027718932, 88.60022573334675, 12.165525060596439, 0.0]], "task_locations": [[43, 65], [85, 65], [73, 65], [20, 42], [48, 15], [49, 84], [54, 75], [55, 1], [88, 72], [86, 84]], "precedence_constraints": [[1, 4]]}