{"Q": [[0, 0, 1], [1, 1, 1], [0, 0, 1]], "R": [[0.0, 0.0, 0.0], [1.0, 1.0, 1.0], [1.0, 1.0, 1.0], [1.0, 0.0, 1.0], [1.0, 0.0, 0.0], [0.0, 1.0, 0.0], [1.0, 0.0, 0.0], [0.0, 0.0, 1.0], [1.0, 1.0, 0.0], [0.0, 0.0, 0.0]], "T_e": [0, 60, 59, 70, 51, 51, 75, 80, 51, 0], "T_t": [[0.0, 41.97618372363071, 44.9221548904324, 15.231546211727817, 9.219544457292887, 70.45565981523414, 38.2099463490856, 60.40695324215582, 60.207972893961475, 54.644304369257], [41.97618372363071, 0.0, 74.96665925596525, 30.886890422961002, 38.48376280978771, 92.9623579735368, 59.81638571495272, 89.87213138676528, 60.67124524847005, 90.0], [44.9221548904324, 74.96665925596525, 0.0, 45.803929962395145, 40.70626487409524, 27.459060435491963, 17.72004514666935, 15.652475842498529, 45.70557952810576, 18.110770276274835], [15.231546211727817, 30.886890422961002, 45.803929962395145, 0.0, 8.06225774829855, 67.67569726275453, 33.52610922848042, 61.29437168288782, 48.46648326421054, 59.54829972383762], [9.219544457292887, 38.48376280978771, 40.70626487409524, 8.06225774829855, 0.0, 64.53681120105021, 31.064449134018133, 56.356011214421486, 51.10772935672255, 53.03772242470448], [70.45565981523414, 92.9623579735368, 27.459060435491963, 67.67569726275453, 64.53681120105021, 0.0, 34.17601498127012, 17.69180601295413, 44.28317965096906, 33.97057550292606], [38.2099463490856, 59.81638571495272, 17.72004514666935, 33.52610922848042, 31.064449134018133, 34.17601498127012, 0.0, 30.610455730027933, 30.870698080866262, 35.6931365951495], [60.40695324215582, 89.87213138676528, 15.652475842498529, 61.29437168288782, 56.356011214421486, 17.69180601295413, 30.610455730027933, 0.0, 52.3450093132096, 16.278820596099706], [60.207972893961475, 60.67124524847005, 45.70557952810576, 48.46648326421054, 51.10772935672255, 44.28317965096906, 30.870698080866262, 52.3450093132096, 0.0, 63.28506932918696], [54.644304369257, 90.0, 18.110770276274835, 59.54829972383762, 53.03772242470448, 33.97057550292606, 35.6931365951495, 16.278820596099706, 63.28506932918696, 0.0]], "task_locations": [[90, 68], [99, 27], [47, 81], [84, 54], [83, 62], [20, 76], [52, 64], [33, 88], [39, 36], [45, 99]], "precedence_constraints": [[6, 1], [1, 8], [1, 3]]}