{"Q": [[0, 0, 1], [1, 0, 1], [1, 1, 0]], "R": [[0.0, 0.0, 0.0], [0.0, 1.0, 0.0], [1.0, 1.0, 1.0], [0.0, 0.0, 1.0], [1.0, 1.0, 1.0], [1.0, 1.0, 1.0], [1.0, 0.0, 1.0], [1.0, 1.0, 1.0], [1.0, 1.0, 0.0], [0.0, 0.0, 0.0]], "T_e": [0, 75, 54, 78, 87, 94, 66, 86, 53, 0], "T_t": [[0.0, 53.75872022286245, 82.41965784932621, 80.30566605165541, 32.984845004941285, 92.13576938409967, 86.46964785403026, 103.96634070698074, 62.81719509815764, 110.25878649794764], [53.75872022286245, 0.0, 41.43669871020132, 27.073972741361768, 27.018512172212592, 43.139309220245984, 33.0, 68.6804193347711, 10.0, 78.64477096412705], [82.41965784932621, 41.43669871020132, 0.0, 43.01162633521314, 66.03786792439622, 17.88854381999832, 43.382023926967726, 27.459060435491963, 33.54101966249684, 38.05259518088089], [80.30566605165541, 27.073972741361768, 43.01162633521314, 0.0, 50.28916384272063, 33.13608305156178, 6.324555320336759, 68.46897107449476, 20.615528128088304, 79.76214641043707], [32.984845004941285, 27.018512172212592, 66.03786792439622, 50.28916384272063, 0.0, 70.03570517957252, 56.61271941887264, 92.13576938409967, 37.013511046643494, 101.01980003939822], [92.13576938409967, 43.139309220245984, 17.88854381999832, 33.13608305156178, 70.03570517957252, 0.0, 31.144823004794873, 36.68787265568828, 33.301651610693426, 48.08326112068523], [86.46964785403026, 33.0, 43.382023926967726, 6.324555320336759, 56.61271941887264, 31.144823004794873, 0.0, 67.468511173732, 25.709920264364882, 78.85429601486528], [103.96634070698074, 68.6804193347711, 27.459060435491963, 68.46897107449476, 92.13576938409967, 36.68787265568828, 67.468511173732, 0.0, 61.0, 11.40175425099138], [62.81719509815764, 10.0, 33.54101966249684, 20.615528128088304, 37.013511046643494, 33.301651610693426, 25.709920264364882, 61.0, 0.0, 71.449282711585], [110.25878649794764, 78.64477096412705, 38.05259518088089, 79.76214641043707, 101.01980003939822, 48.08326112068523, 78.85429601486528, 11.40175425099138, 71.449282711585, 0.0]], "task_locations": [[8, 4], [17, 57], [56, 71], [15, 84], [0, 36], [48, 87], [17, 90], [83, 76], [23, 65], [94, 73]], "precedence_constraints": [[4, 5], [7, 4], [7, 6], [7, 2], [4, 8]]}