{"Q": [[0, 1, 0], [1, 1, 1], [1, 0, 1]], "R": [[0.0, 0.0, 0.0], [0.0, 1.0, 0.0], [1.0, 0.0, 1.0], [1.0, 1.0, 1.0], [0.0, 1.0, 0.0], [1.0, 0.0, 1.0], [0.0, 1.0, 0.0], [0.0, 1.0, 1.0], [0.0, 1.0, 0.0], [0.0, 0.0, 0.0]], "T_e": [0, 90, 66, 70, 96, 75, 87, 69, 82, 0], "T_t": [[0.0, 57.97413216254298, 48.16637831516918, 20.248456731316587, 3.0, 65.11528238439882, 70.57619995437555, 24.20743687382041, 49.4064773081425, 19.72308292331602], [57.97413216254298, 0.0, 51.07837115648854, 78.16009211867653, 60.876925020897694, 64.13267497929586, 14.142135623730951, 75.0, 61.26989472816156, 56.0357029044876], [48.16637831516918, 51.07837115648854, 0.0, 60.41522986797286, 50.44799302251776, 17.88854381999832, 64.41273166075166, 72.34638899074369, 10.63014581273465, 30.01666203960727], [20.248456731316587, 78.16009211867653, 60.41522986797286, 0.0, 17.46424919657298, 75.16648189186454, 90.82400563727631, 22.0, 58.249463516842795, 30.675723300355934], [3.0, 60.876925020897694, 50.44799302251776, 17.46424919657298, 0.0, 67.17886572427373, 73.38937252763509, 21.93171219946131, 51.22499389946279, 21.400934559032695], [65.11528238439882, 64.13267497929586, 17.88854381999832, 75.16648189186454, 67.17886572427373, 0.0, 76.24303246854758, 89.09545442950498, 17.0, 46.010868281309364], [70.57619995437555, 14.142135623730951, 64.41273166075166, 90.82400563727631, 73.38937252763509, 76.24303246854758, 0.0, 85.58621384311844, 74.79304780526061, 70.0], [24.20743687382041, 75.0, 72.34638899074369, 22.0, 21.93171219946131, 89.09545442950498, 85.58621384311844, 0.0, 73.0, 43.18564576337837], [49.4064773081425, 61.26989472816156, 10.63014581273465, 58.249463516842795, 51.22499389946279, 17.0, 74.79304780526061, 73.0, 0.0, 29.832867780352597], [19.72308292331602, 56.0357029044876, 30.01666203960727, 30.675723300355934, 21.400934559032695, 46.010868281309364, 70.0, 43.18564576337837, 29.832867780352597, 0.0]], "task_locations": [[73, 67], [88, 11], [41, 31], [66, 86], [73, 70], [25, 23], [98, 1], [88, 86], [33, 38], [56, 57]], "precedence_constraints": [[5, 3], [1, 4], [3, 2], [1, 2], [6, 4], [3, 8]]}