{"Q": [[1, 1, 1], [1, 0, 1], [0, 1, 0]], "R": [[0.0, 0.0, 0.0], [0.0, 0.0, 1.0], [0.0, 0.0, 1.0], [1.0, 0.0, 0.0], [1.0, 1.0, 0.0], [0.0, 1.0, 0.0], [1.0, 1.0, 0.0], [1.0, 1.0, 1.0], [0.0, 1.0, 1.0], [0.0, 0.0, 0.0]], "T_e": [0, 63, 75, 98, 93, 52, 80, 85, 80, 0], "T_t": [[0.0, 41.340053217188775, 39.0, 44.01136216933077, 60.00833275470999, 76.27581530209953, 50.21951811795888, 39.05124837953327, 12.727922061357855, 67.80117993073571], [41.340053217188775, 0.0, 24.413111231467404, 22.847319317591726, 34.785054261852174, 35.0, 9.219544457292887, 20.396078054371138, 40.45985664828782, 26.870057685088806], [39.0, 24.413111231467404, 0.0, 45.45327270945405, 21.02379604162864, 48.507731342539614, 26.92582403567252, 41.617304093369626, 45.39823785126467, 39.319206502675], [44.01136216933077, 22.847319317591726, 45.45327270945405, 0.0, 57.584720195551874, 46.09772228646444, 28.160255680657446, 5.0990195135927845, 36.40054944640259, 41.23105625617661], [60.00833275470999, 34.785054261852174, 21.02379604162864, 57.584720195551874, 0.0, 40.80441152620633, 31.064449134018133, 55.08175741568164, 65.73431371817918, 33.1058907144937], [76.27581530209953, 35.0, 48.507731342539614, 46.09772228646444, 40.80441152620633, 0.0, 26.076809620810597, 47.50789408087881, 74.96665925596525, 9.219544457292887], [50.21951811795888, 9.219544457292887, 26.92582403567252, 28.160255680657446, 31.064449134018133, 26.076809620810597, 0.0, 27.073972741361768, 49.678969393496885, 17.69180601295413], [39.05124837953327, 20.396078054371138, 41.617304093369626, 5.0990195135927845, 55.08175741568164, 47.50789408087881, 27.073972741361768, 0.0, 31.953090617340916, 41.78516483155236], [12.727922061357855, 40.45985664828782, 45.39823785126467, 36.40054944640259, 65.73431371817918, 74.96665925596525, 49.678969393496885, 31.953090617340916, 0.0, 67.26812023536856], [67.80117993073571, 26.870057685088806, 39.319206502675, 41.23105625617661, 33.1058907144937, 9.219544457292887, 17.69180601295413, 41.78516483155236, 67.26812023536856, 0.0]], "task_locations": [[57, 65], [35, 30], [21, 50], [56, 21], [2, 41], [14, 2], [28, 24], [55, 26], [66, 56], [16, 11]], "precedence_constraints": [[5, 6], [8, 6], [4, 6], [5, 8], [8, 2], [3, 2]]}