{"Q": [[1, 1, 1], [0, 1, 0], [1, 0, 1]], "R": [[0.0, 0.0, 0.0], [1.0, 0.0, 0.0], [0.0, 1.0, 0.0], [1.0, 1.0, 1.0], [0.0, 1.0, 0.0], [1.0, 1.0, 0.0], [0.0, 1.0, 0.0], [1.0, 1.0, 1.0], [0.0, 0.0, 1.0], [0.0, 0.0, 0.0]], "T_e": [0, 79, 71, 92, 90, 70, 67, 75, 79, 0], "T_t": [[0.0, 29.068883707497267, 42.05948168962618, 30.066592756745816, 65.12296062065974, 27.65863337187866, 43.08131845707603, 55.78530272392541, 89.80534505250787, 23.430749027719962], [29.068883707497267, 0.0, 54.57105459856901, 32.7566787083184, 42.5440947723653, 56.302753041036986, 53.9351462406472, 28.0178514522438, 85.42833253669417, 51.40038910358559], [42.05948168962618, 54.57105459856901, 0.0, 71.58910531638176, 63.245553203367585, 40.496913462633174, 3.0, 67.80117993073571, 55.46169849544819, 35.608987629529715], [30.066592756745816, 32.7566787083184, 71.58910531638176, 0.0, 75.13321502504735, 51.62363799656123, 72.27724399837061, 58.240879114244144, 114.28473213863697, 49.72926703662542], [65.12296062065974, 42.5440947723653, 63.245553203367585, 75.13321502504735, 0.0, 87.13208364316786, 60.802960454241045, 21.095023109728988, 60.03332407921454, 81.21576201698781], [27.65863337187866, 56.302753041036986, 40.496913462633174, 51.62363799656123, 87.13208364316786, 0.0, 43.04648650006177, 81.54140052758476, 95.77055915050303, 6.0], [43.08131845707603, 53.9351462406472, 3.0, 72.27724399837061, 60.802960454241045, 43.04648650006177, 0.0, 66.03029607687671, 52.773099207835045, 38.01315561749642], [55.78530272392541, 28.0178514522438, 67.80117993073571, 58.240879114244144, 21.095023109728988, 81.54140052758476, 66.03029607687671, 0.0, 78.5175139698144, 76.05918747922567], [89.80534505250787, 85.42833253669417, 55.46169849544819, 114.28473213863697, 60.03332407921454, 95.77055915050303, 52.773099207835045, 78.5175139698144, 0.0, 90.55385138137417], [23.430749027719962, 51.40038910358559, 35.608987629529715, 49.72926703662542, 81.21576201698781, 6.0, 38.01315561749642, 76.05918747922567, 90.55385138137417, 0.0]], "task_locations": [[22, 35], [48, 22], [35, 75], [20, 5], [87, 39], [1, 53], [38, 75], [76, 21], [85, 99], [7, 53]], "precedence_constraints": [[3, 1], [8, 5], [3, 5], [3, 2], [6, 2], [7, 5]]}