{"Q": [[1, 0, 1], [1, 1, 1], [1, 1, 0]], "R": [[0.0, 0.0, 0.0], [0.0, 0.0, 1.0], [0.0, 1.0, 0.0], [1.0, 1.0, 1.0], [1.0, 0.0, 0.0], [0.0, 1.0, 0.0], [1.0, 1.0, 0.0], [0.0, 1.0, 1.0], [0.0, 1.0, 1.0], [0.0, 0.0, 0.0]], "T_e": [0, 66, 73, 95, 62, 52, 54, 61, 80, 0], "T_t": [[0.0, 62.51399843235114, 76.57675887630658, 34.058772731852805, 60.41522986797286, 6.4031242374328485, 76.94153624668537, 61.204574992397426, 61.204574992397426, 34.20526275297414], [62.51399843235114, 0.0, 58.137767414994535, 28.635642126552707, 107.41508273980894, 58.249463516842795, 28.635642126552707, 96.17692030835673, 13.038404810405298, 53.907327887774215], [76.57675887630658, 58.137767414994535, 0.0, 57.271284253105414, 83.15046602394962, 70.178344238091, 86.57944328765345, 63.953107821277925, 45.09988913511872, 43.56604182158393], [34.058772731852805, 28.635642126552707, 57.271284253105414, 0.0, 82.03657720797473, 29.614185789921695, 48.08326112068523, 74.09453421137081, 27.892651361962706, 31.78049716414141], [60.41522986797286, 107.41508273980894, 83.15046602394962, 82.03657720797473, 0.0, 59.16924876994806, 130.11533345459327, 20.8806130178211, 99.4786409235671, 53.85164807134504], [6.4031242374328485, 58.249463516842795, 70.178344238091, 29.614185789921695, 59.16924876994806, 0.0, 74.62573282722254, 57.87054518492115, 56.00892785976178, 28.0178514522438], [76.94153624668537, 28.635642126552707, 86.57944328765345, 48.08326112068523, 130.11533345459327, 74.62573282722254, 0.0, 121.40016474453401, 41.593268686170845, 78.60025445251433], [61.204574992397426, 96.17692030835673, 63.953107821277925, 74.09453421137081, 20.8806130178211, 57.87054518492115, 121.40016474453401, 0.0, 86.55634003352961, 42.80186911806539], [61.204574992397426, 13.038404810405298, 45.09988913511872, 27.892651361962706, 99.4786409235671, 56.00892785976178, 41.593268686170845, 86.55634003352961, 0.0, 45.65084884205331], [34.20526275297414, 53.907327887774215, 43.56604182158393, 31.78049716414141, 53.85164807134504, 28.0178514522438, 78.60025445251433, 42.80186911806539, 45.65084884205331, 0.0]], "task_locations": [[25, 37], [87, 29], [83, 87], [59, 35], [0, 92], [30, 41], [93, 1], [20, 98], [86, 42], [46, 64]], "precedence_constraints": [[8, 4], [8, 7], [8, 6], [1, 7], [5, 6], [6, 4]]}