{"Q": [[0, 1, 1], [1, 1, 1], [0, 0, 1]], "R": [[0.0, 0.0, 0.0], [0.0, 1.0, 0.0], [1.0, 1.0, 0.0], [1.0, 0.0, 1.0], [1.0, 0.0, 1.0], [1.0, 0.0, 0.0], [1.0, 1.0, 0.0], [0.0, 0.0, 1.0], [1.0, 0.0, 0.0], [0.0, 0.0, 0.0]], "T_e": [0, 86, 64, 93, 72, 75, 85, 74, 55, 0], "T_t": [[0.0, 64.03124237432849, 77.00649323271382, 89.09545442950498, 35.22782990761707, 51.62363799656123, 79.20227269466452, 68.4470598345904, 90.47098982546837, 80.05623023850174], [64.03124237432849, 0.0, 21.213203435596427, 79.00632886041473, 83.40863264674707, 86.05230967266364, 92.65527507918802, 84.69356528095862, 102.35721762533407, 112.6809655620682], [77.00649323271382, 21.213203435596427, 0.0, 65.5133574166368, 88.63972021616495, 86.40023148117139, 85.23496934944014, 79.20227269466452, 93.47192091746055, 109.71326264403953], [89.09545442950498, 79.00632886041473, 65.5133574166368, 0.0, 72.61542535852834, 56.293871780150276, 31.32091952673165, 34.0147027033899, 33.60059523282288, 62.36184731067546], [35.22782990761707, 83.40863264674707, 88.63972021616495, 72.61542535852834, 0.0, 20.0, 52.32590180780452, 42.638011210655684, 62.48199740725323, 45.5411901469428], [51.62363799656123, 86.05230967266364, 86.40023148117139, 56.293871780150276, 20.0, 0.0, 32.64965543462902, 23.706539182259394, 42.5205832509386, 29.427877939124322], [79.20227269466452, 92.65527507918802, 85.23496934944014, 31.32091952673165, 52.32590180780452, 32.64965543462902, 0.0, 10.770329614269007, 11.40175425099138, 31.04834939252005], [68.4470598345904, 84.69356528095862, 79.20227269466452, 34.0147027033899, 42.638011210655684, 23.706539182259394, 10.770329614269007, 0.0, 22.135943621178654, 31.622776601683793], [90.47098982546837, 102.35721762533407, 93.47192091746055, 33.60059523282288, 62.48199740725323, 42.5205832509386, 11.40175425099138, 22.135943621178654, 0.0, 33.13608305156178], [80.05623023850174, 112.6809655620682, 109.71326264403953, 62.36184731067546, 45.5411901469428, 29.427877939124322, 31.04834939252005, 31.622776601683793, 33.13608305156178, 0.0]], "task_locations": [[83, 83], [21, 99], [6, 84], [20, 20], [87, 48], [75, 32], [50, 11], [54, 21], [47, 0], [80, 3]], "precedence_constraints": [[4, 8], [5, 8], [2, 1]]}