{"Q": [[1, 1, 1], [1, 0, 0], [0, 0, 1]], "R": [[0.0, 0.0, 0.0], [0.0, 1.0, 1.0], [0.0, 1.0, 1.0], [1.0, 0.0, 0.0], [1.0, 1.0, 1.0], [1.0, 0.0, 0.0], [0.0, 0.0, 1.0], [1.0, 0.0, 1.0], [0.0, 1.0, 0.0], [0.0, 0.0, 0.0]], "T_e": [0, 57, 73, 98, 55, 67, 94, 84, 62, 0], "T_t": [[0.0, 90.80198235721508, 43.0, 87.46427842267951, 64.4980619863884, 55.08175741568164, 75.28612089887484, 45.617978911828175, 93.08598175880189, 35.17101079013795], [90.80198235721508, 0.0, 51.10772935672255, 35.0, 87.66413177577246, 88.86506625215557, 50.28916384272063, 68.65857557508748, 53.85164807134504, 63.51377803280167], [43.0, 51.10772935672255, 0.0, 44.91102314577124, 72.94518489934754, 68.00735254367721, 36.40054944640259, 47.01063709417264, 73.7563556583431, 12.727922061357855], [87.46427842267951, 35.0, 44.91102314577124, 0.0, 107.56393447619885, 105.60303025955268, 19.849433241279208, 83.60023923410746, 85.70297544426332, 53.0], [64.4980619863884, 87.66413177577246, 72.94518489934754, 107.56393447619885, 0.0, 10.295630140987, 107.20074626605917, 25.942243542145693, 51.62363799656123, 77.4919350642375], [55.08175741568164, 88.86506625215557, 68.00735254367721, 105.60303025955268, 10.295630140987, 0.0, 103.39245620450265, 22.02271554554524, 58.52349955359813, 71.11258679024411], [75.28612089887484, 50.28916384272063, 36.40054944640259, 19.849433241279208, 107.20074626605917, 103.39245620450265, 0.0, 81.68843247363729, 94.89467845985885, 40.162171256046406], [45.617978911828175, 68.65857557508748, 47.01063709417264, 83.60023923410746, 25.942243542145693, 22.02271554554524, 81.68843247363729, 0.0, 49.8196748283246, 51.92301994298868], [93.08598175880189, 53.85164807134504, 73.7563556583431, 85.70297544426332, 51.62363799656123, 58.52349955359813, 94.89467845985885, 49.8196748283246, 0.0, 84.77027781009096], [35.17101079013795, 63.51377803280167, 12.727922061357855, 53.0, 77.4919350642375, 71.11258679024411, 40.162171256046406, 51.92301994298868, 84.77027781009096, 0.0]], "task_locations": [[2, 72], [89, 46], [45, 72], [89, 81], [10, 8], [5, 17], [74, 94], [22, 31], [61, 0], [36, 81]], "precedence_constraints": [[1, 6], [7, 6], [7, 5]]}