{"Q": [[0, 1, 1], [1, 1, 1], [0, 0, 1]], "R": [[0.0, 0.0, 0.0], [0.0, 0.0, 1.0], [0.0, 0.0, 1.0], [0.0, 0.0, 1.0], [1.0, 0.0, 0.0], [1.0, 0.0, 0.0], [1.0, 0.0, 1.0], [0.0, 0.0, 1.0], [0.0, 0.0, 1.0], [0.0, 0.0, 0.0]], "T_e": [0, 57, 68, 84, 51, 56, 87, 99, 75, 0], "T_t": [[0.0, 56.04462507680822, 61.09828148156051, 29.068883707497267, 33.06055050963308, 47.16990566028302, 31.064449134018133, 30.01666203960727, 73.53910524340094, 53.0], [56.04462507680822, 0.0, 37.12142238654117, 71.21797525905943, 55.02726596879042, 13.038404810405298, 28.600699292150182, 69.87131027825369, 37.05401462729781, 66.03029607687671], [61.09828148156051, 37.12142238654117, 0.0, 59.413803110051795, 77.78174593052023, 27.85677655436824, 32.802438933713454, 86.53323061113575, 74.16872656315464, 94.2019108086455], [29.068883707497267, 71.21797525905943, 59.413803110051795, 0.0, 62.12889826803627, 59.07622195096772, 42.638011210655684, 56.515484603779164, 97.3498844375277, 82.02438661763951], [33.06055050963308, 55.02726596879042, 77.78174593052023, 62.12889826803627, 0.0, 53.53503525729669, 45.45327270945405, 18.384776310850235, 53.48831648126533, 20.09975124224178], [47.16990566028302, 13.038404810405298, 27.85677655436824, 59.07622195096772, 53.53503525729669, 0.0, 17.08800749063506, 65.7875368135941, 48.25971404805462, 67.89698078707183], [31.064449134018133, 28.600699292150182, 32.802438933713454, 42.638011210655684, 45.45327270945405, 17.08800749063506, 0.0, 53.85164807134504, 57.9396237474839, 63.13477647065839], [30.01666203960727, 69.87131027825369, 86.53323061113575, 56.515484603779164, 18.384776310850235, 65.7875368135941, 53.85164807134504, 0.0, 71.8679344353238, 30.886890422961002], [73.53910524340094, 37.05401462729781, 74.16872656315464, 97.3498844375277, 53.48831648126533, 48.25971404805462, 57.9396237474839, 71.8679344353238, 0.0, 52.009614495783374], [53.0, 66.03029607687671, 94.2019108086455, 82.02438661763951, 20.09975124224178, 67.89698078707183, 63.13477647065839, 30.886890422961002, 52.009614495783374, 0.0]], "task_locations": [[56, 63], [41, 9], [78, 6], [85, 65], [23, 61], [52, 16], [58, 32], [30, 78], [4, 11], [3, 63]], "precedence_constraints": [[8, 6], [3, 1], [8, 5]]}