{"Q": [[0, 1, 1], [1, 0, 1], [1, 1, 0]], "R": [[0.0, 0.0, 0.0], [1.0, 0.0, 0.0], [0.0, 0.0, 1.0], [1.0, 1.0, 0.0], [1.0, 0.0, 0.0], [0.0, 0.0, 1.0], [0.0, 1.0, 1.0], [0.0, 1.0, 0.0], [1.0, 0.0, 0.0], [0.0, 0.0, 0.0]], "T_e": [0, 87, 61, 79, 70, 88, 90, 83, 82, 0], "T_t": [[0.0, 42.80186911806539, 38.948684188300895, 8.94427190999916, 14.0, 14.866068747318506, 37.69615364994153, 56.22277118748239, 65.14598989960932, 35.0], [42.80186911806539, 0.0, 53.600373133029585, 47.41307836451879, 52.49761899362675, 57.14017850864661, 48.83646178829912, 38.01315561749642, 53.85164807134504, 13.152946437965905], [38.948684188300895, 53.600373133029585, 0.0, 31.953090617340916, 51.62363799656123, 39.319206502675, 5.0990195135927845, 84.53401682163222, 97.3498844375277, 40.44749683231337], [8.94427190999916, 47.41307836451879, 31.953090617340916, 0.0, 19.697715603592208, 10.816653826391969, 31.575306807693888, 64.6297145282261, 74.0, 37.64306044943742], [14.0, 52.49761899362675, 51.62363799656123, 19.697715603592208, 0.0, 16.64331697709324, 50.96076922496363, 56.71860364994893, 62.289646009589745, 46.95742752749558], [14.866068747318506, 57.14017850864661, 39.319206502675, 10.816653826391969, 16.64331697709324, 0.0, 40.0, 70.0, 77.46612162745726, 48.104053883222775], [37.69615364994153, 48.83646178829912, 5.0990195135927845, 31.575306807693888, 50.96076922496363, 40.0, 0.0, 80.62257748298549, 93.81364506296512, 35.6931365951495], [56.22277118748239, 38.01315561749642, 84.53401682163222, 64.6297145282261, 56.71860364994893, 70.0, 80.62257748298549, 0.0, 16.15549442140351, 48.104053883222775], [65.14598989960932, 53.85164807134504, 97.3498844375277, 74.0, 62.289646009589745, 77.46612162745726, 93.81364506296512, 16.15549442140351, 0.0, 63.12685640834652], [35.0, 13.152946437965905, 40.44749683231337, 37.64306044943742, 46.95742752749558, 48.104053883222775, 35.6931365951495, 48.104053883222775, 63.12685640834652, 0.0]], "task_locations": [[79, 53], [45, 27], [98, 19], [87, 49], [79, 67], [93, 58], [93, 18], [23, 58], [17, 73], [58, 25]], "precedence_constraints": [[4, 5], [4, 8], [3, 2], [3, 5]]}