{"Q": [[1, 1, 0], [0, 1, 1], [0, 1, 0]], "R": [[0.0, 0.0, 0.0], [1.0, 1.0, 0.0], [1.0, 0.0, 0.0], [1.0, 0.0, 0.0], [0.0, 1.0, 1.0], [1.0, 0.0, 0.0], [1.0, 0.0, 0.0], [0.0, 1.0, 0.0], [0.0, 1.0, 0.0], [0.0, 0.0, 0.0]], "T_e": [0, 85, 94, 98, 68, 80, 95, 79, 63, 0], "T_t": [[0.0, 49.20365840057018, 20.615528128088304, 73.40980860893181, 52.81098370604357, 52.839379254491625, 17.88854381999832, 67.7421582177598, 41.012193308819754, 79.05694150420949], [49.20365840057018, 0.0, 64.07807737440318, 38.07886552931954, 17.029386365926403, 8.06225774829855, 49.040799340956916, 61.40032573203501, 68.00735254367721, 78.2368199762746], [20.615528128088304, 64.07807737440318, 0.0, 79.64923100695951, 71.02112361825881, 69.26037828369117, 16.278820596099706, 62.80127387243033, 25.632011235952593, 70.178344238091], [73.40980860893181, 38.07886552931954, 79.64923100695951, 0.0, 53.85164807134504, 44.01136216933077, 63.60031446463138, 40.0, 70.178344238091, 55.57877292636101], [52.81098370604357, 17.029386365926403, 71.02112361825881, 53.85164807134504, 0.0, 9.848857801796104, 58.008620049092706, 78.10249675906654, 79.90619500389191, 94.81033698917012], [52.839379254491625, 8.06225774829855, 69.26037828369117, 44.01136216933077, 9.848857801796104, 0.0, 54.91812087098393, 69.40461079784254, 75.05997601918082, 86.2670273047588], [17.88854381999832, 49.040799340956916, 16.278820596099706, 63.60031446463138, 58.008620049092706, 54.91812087098393, 0.0, 51.03920062069938, 24.698178070456937, 61.40032573203501], [67.7421582177598, 61.40032573203501, 62.80127387243033, 40.0, 78.10249675906654, 69.40461079784254, 51.03920062069938, 0.0, 42.485291572496, 17.0], [41.012193308819754, 68.00735254367721, 25.632011235952593, 70.178344238091, 79.90619500389191, 75.05997601918082, 24.698178070456937, 42.485291572496, 0.0, 46.17358552246078], [79.05694150420949, 78.2368199762746, 70.178344238091, 55.57877292636101, 94.81033698917012, 86.2670273047588, 61.40032573203501, 17.0, 46.17358552246078, 0.0]], "task_locations": [[97, 45], [67, 84], [92, 25], [30, 75], [80, 95], [71, 91], [81, 37], [30, 35], [68, 16], [22, 20]], "precedence_constraints": [[4, 3], [1, 3], [1, 2], [5, 2], [8, 7], [5, 3]]}