{"Q": [[0, 1, 0], [0, 1, 1], [1, 1, 0]], "R": [[0.0, 0.0, 0.0], [1.0, 1.0, 0.0], [1.0, 1.0, 1.0], [1.0, 1.0, 1.0], [0.0, 1.0, 0.0], [1.0, 1.0, 1.0], [1.0, 0.0, 1.0], [1.0, 1.0, 0.0], [0.0, 1.0, 0.0], [0.0, 0.0, 0.0]], "T_e": [0, 82, 82, 64, 98, 59, 51, 74, 92, 0], "T_t": [[0.0, 106.83164325236227, 13.152946437965905, 54.589376255824725, 60.03332407921454, 76.05918747922567, 53.600373133029585, 34.66987164671943, 42.7551166528639, 89.02246907382428], [106.83164325236227, 0.0, 101.59724405711013, 62.5859409132754, 57.87054518492115, 60.01666435249463, 53.25410782277739, 113.6001760562016, 70.2922470831599, 64.03124237432849], [13.152946437965905, 101.59724405711013, 0.0, 44.82186966202994, 50.44799302251776, 78.63841300535, 48.84669896727925, 46.95742752749558, 44.28317965096906, 92.22797840135064], [54.589376255824725, 62.5859409132754, 44.82186966202994, 0.0, 5.656854249492381, 67.26812023536856, 23.345235059857504, 77.31752712031083, 43.08131845707603, 80.43009387039157], [60.03332407921454, 57.87054518492115, 50.44799302251776, 5.656854249492381, 0.0, 67.20863039818622, 23.853720883753127, 81.74350127074322, 45.60701700396552, 79.98124780221924], [76.05918747922567, 60.01666435249463, 78.63841300535, 67.26812023536856, 67.20863039818622, 0.0, 43.93176527297759, 65.36818798161687, 34.36568055487916, 13.92838827718412], [53.600373133029585, 53.25410782277739, 48.84669896727925, 23.345235059857504, 23.853720883753127, 43.93176527297759, 0.0, 65.55150646628954, 24.020824298928627, 57.201398584300364], [34.66987164671943, 113.6001760562016, 46.95742752749558, 77.31752712031083, 81.74350127074322, 65.36818798161687, 65.55150646628954, 0.0, 43.56604182158393, 75.02666192761077], [42.7551166528639, 70.2922470831599, 44.28317965096906, 43.08131845707603, 45.60701700396552, 34.36568055487916, 24.020824298928627, 43.56604182158393, 0.0, 48.05205510693585], [89.02246907382428, 64.03124237432849, 92.22797840135064, 80.43009387039157, 79.98124780221924, 13.92838827718412, 57.201398584300364, 75.02666192761077, 48.05205510693585, 0.0]], "task_locations": [[96, 69], [9, 7], [98, 56], [70, 21], [66, 17], [20, 66], [53, 37], [77, 98], [54, 61], [7, 71]], "precedence_constraints": [[1, 5], [7, 4], [2, 8]]}