{"Q": [[0, 0, 1], [1, 0, 1], [0, 1, 1]], "R": [[0.0, 0.0, 0.0], [1.0, 1.0, 0.0], [1.0, 1.0, 1.0], [0.0, 1.0, 0.0], [1.0, 0.0, 0.0], [1.0, 0.0, 1.0], [1.0, 1.0, 1.0], [0.0, 0.0, 1.0], [1.0, 1.0, 1.0], [0.0, 0.0, 0.0]], "T_e": [0, 93, 61, 95, 71, 96, 92, 71, 89, 0], "T_t": [[0.0, 72.67048919609665, 43.104524124504614, 35.608987629529715, 79.40403012442127, 23.0, 53.23532661682466, 35.90264614203248, 8.602325267042627, 81.43709228600933], [72.67048919609665, 0.0, 47.16990566028302, 40.162171256046406, 26.419689627245813, 62.6418390534633, 66.09841147864296, 106.89246933250256, 73.35529974037323, 99.62429422585637], [43.104524124504614, 47.16990566028302, 0.0, 37.44329045369811, 67.11929677819934, 50.24937810560445, 73.7563556583431, 78.16009211867653, 49.03060268852505, 108.89444430272832], [35.608987629529715, 40.162171256046406, 37.44329045369811, 0.0, 43.829214001622255, 22.561028345356956, 36.796738985948195, 67.4166151627327, 34.20526275297414, 72.47068372797375], [79.40403012442127, 26.419689627245813, 67.11929677819934, 43.829214001622255, 0.0, 62.369864518050704, 53.150729063673246, 109.12378292562992, 77.15568676384133, 81.61494961096282], [23.0, 62.6418390534633, 50.24937810560445, 22.561028345356956, 62.369864518050704, 0.0, 30.4138126514911, 46.75467891024384, 16.76305461424021, 61.29437168288782], [53.23532661682466, 66.09841147864296, 73.7563556583431, 36.796738985948195, 53.150729063673246, 30.4138126514911, 0.0, 67.97793759742936, 46.0, 35.805027579936315], [35.90264614203248, 106.89246933250256, 78.16009211867653, 67.4166151627327, 109.12378292562992, 46.75467891024384, 67.97793759742936, 0.0, 33.54101966249684, 82.00609733428362], [8.602325267042627, 73.35529974037323, 49.03060268852505, 34.20526275297414, 77.15568676384133, 16.76305461424021, 46.0, 33.54101966249684, 0.0, 73.00684899377592], [81.43709228600933, 99.62429422585637, 108.89444430272832, 72.47068372797375, 81.61494961096282, 61.29437168288782, 35.805027579936315, 82.00609733428362, 73.00684899377592, 0.0]], "task_locations": [[36, 89], [96, 48], [79, 92], [58, 61], [83, 25], [36, 66], [31, 36], [1, 97], [31, 82], [2, 15]], "precedence_constraints": [[8, 1], [3, 2], [4, 6]]}