{"Q": [[0, 0, 1], [1, 0, 0], [1, 1, 0]], "R": [[0.0, 0.0, 0.0], [1.0, 0.0, 0.0], [1.0, 0.0, 0.0], [1.0, 0.0, 0.0], [1.0, 1.0, 0.0], [1.0, 0.0, 0.0], [1.0, 0.0, 1.0], [0.0, 0.0, 1.0], [1.0, 0.0, 0.0], [0.0, 0.0, 0.0]], "T_e": [0, 85, 91, 92, 67, 51, 76, 79, 95, 0], "T_t": [[0.0, 34.66987164671943, 46.75467891024384, 47.16990566028302, 35.805027579936315, 36.40054944640259, 28.30194339616981, 21.095023109728988, 25.96150997149434, 40.049968789001575], [34.66987164671943, 0.0, 16.1245154965971, 52.354560450833695, 48.662100242385755, 70.66116330771806, 14.866068747318506, 41.14608122288197, 56.85068161420758, 37.44329045369811], [46.75467891024384, 16.1245154965971, 0.0, 48.83646178829912, 64.77653896280658, 80.80222769206304, 19.4164878389476, 56.64803615307419, 71.02112361825881, 33.37663853655727], [47.16990566028302, 52.354560450833695, 48.83646178829912, 0.0, 82.29823813423954, 59.481089431852205, 37.73592452822641, 68.0294054067798, 69.72087205421343, 15.524174696260024], [35.805027579936315, 48.662100242385755, 64.77653896280658, 82.29823813423954, 0.0, 57.28001396647874, 53.33854141237835, 14.866068747318506, 28.284271247461902, 72.73238618387272], [36.40054944640259, 70.66116330771806, 80.80222769206304, 59.481089431852205, 57.28001396647874, 0.0, 61.40032573203501, 45.27692569068709, 29.546573405388315, 61.91122676865643], [28.30194339616981, 14.866068747318506, 19.4164878389476, 37.73592452822641, 53.33854141237835, 61.40032573203501, 0.0, 42.190046219457976, 53.71219600798314, 23.345235059857504], [21.095023109728988, 41.14608122288197, 56.64803615307419, 68.0294054067798, 14.866068747318506, 45.27692569068709, 42.190046219457976, 0.0, 19.313207915827967, 59.43904440685432], [25.96150997149434, 56.85068161420758, 71.02112361825881, 69.72087205421343, 28.284271247461902, 29.546573405388315, 53.71219600798314, 19.313207915827967, 0.0, 65.19202405202648], [40.049968789001575, 37.44329045369811, 33.37663853655727, 15.524174696260024, 72.73238618387272, 61.91122676865643, 23.345235059857504, 59.43904440685432, 65.19202405202648, 0.0]], "task_locations": [[47, 46], [76, 65], [78, 81], [30, 90], [68, 17], [13, 33], [62, 70], [58, 28], [40, 21], [45, 86]], "precedence_constraints": [[2, 6], [3, 5]]}