{"Q": [[1, 1, 0], [0, 0, 1], [1, 0, 0]], "R": [[0.0, 0.0, 0.0], [0.0, 0.0, 1.0], [1.0, 1.0, 0.0], [0.0, 1.0, 1.0], [1.0, 0.0, 0.0], [0.0, 1.0, 1.0], [1.0, 0.0, 0.0], [0.0, 1.0, 1.0], [1.0, 1.0, 1.0], [0.0, 0.0, 0.0]], "T_e": [0, 97, 85, 77, 85, 80, 89, 60, 78, 0], "T_t": [[0.0, 35.608987629529715, 83.21658488546619, 118.86967653695369, 43.9089968002003, 76.05918747922567, 42.15447781671598, 17.46424919657298, 8.06225774829855, 82.76472678623425], [35.608987629529715, 0.0, 69.83552104767315, 83.43860018001261, 10.0, 45.70557952810576, 20.808652046684813, 35.510561809129406, 41.677331968349414, 53.23532661682466], [83.21658488546619, 69.83552104767315, 0.0, 93.02150289046077, 75.21303078589507, 44.94441010848846, 49.193495504995376, 67.00746227100382, 82.02438661763951, 109.20164833920778], [118.86967653695369, 83.43860018001261, 93.02150289046077, 0.0, 76.69419795525604, 52.88667128870941, 82.49242389456137, 114.28473213863697, 124.19742348374221, 64.28063471995279], [43.9089968002003, 10.0, 75.21303078589507, 76.69419795525604, 0.0, 45.044422518220834, 27.80287754891569, 45.39823785126467, 50.566787519082126, 43.289721643826724], [76.05918747922567, 45.70557952810576, 44.94441010848846, 52.88667128870941, 45.044422518220834, 0.0, 34.40930106817051, 66.70832032063167, 79.32212806020776, 67.26812023536856], [42.15447781671598, 20.808652046684813, 49.193495504995376, 82.49242389456137, 27.80287754891569, 34.40930106817051, 0.0, 32.526911934581186, 44.94441010848846, 68.62215385719105], [17.46424919657298, 35.510561809129406, 67.00746227100382, 114.28473213863697, 45.39823785126467, 66.70832032063167, 32.526911934581186, 0.0, 15.033296378372908, 88.0056816347672], [8.06225774829855, 41.677331968349414, 82.02438661763951, 124.19742348374221, 50.566787519082126, 79.32212806020776, 44.94441010848846, 15.033296378372908, 0.0, 90.4267659490264], [82.76472678623425, 53.23532661682466, 109.20164833920778, 64.28063471995279, 43.289721643826724, 67.26812023536856, 68.62215385719105, 88.0056816347672, 90.4267659490264, 0.0]], "task_locations": [[88, 88], [66, 60], [5, 94], [7, 1], [66, 50], [21, 52], [49, 72], [72, 95], [87, 96], [71, 7]], "precedence_constraints": [[2, 6]]}