{"Q": [[0, 0, 1], [1, 0, 0], [0, 1, 0]], "R": [[0.0, 0.0, 0.0], [0.0, 0.0, 1.0], [0.0, 1.0, 1.0], [1.0, 1.0, 1.0], [0.0, 1.0, 1.0], [1.0, 1.0, 0.0], [1.0, 0.0, 0.0], [1.0, 0.0, 0.0], [0.0, 1.0, 0.0], [0.0, 0.0, 0.0]], "T_e": [0, 54, 78, 88, 81, 98, 89, 93, 70, 0], "T_t": [[0.0, 37.107950630558946, 36.796738985948195, 64.40496875241847, 45.0, 41.88078318274385, 45.60701700396552, 63.8200595424354, 45.880278987817846, 35.84689665786984], [37.107950630558946, 0.0, 65.0, 85.58621384311844, 74.21590126111789, 29.068883707497267, 80.05623023850174, 92.34717104492157, 39.44616584663204, 5.830951894845301], [36.796738985948195, 65.0, 0.0, 29.154759474226502, 9.219544457292887, 50.99019513592785, 21.400934559032695, 27.730849247724095, 46.61544808322666, 61.0], [64.40496875241847, 85.58621384311844, 29.154759474226502, 0.0, 25.079872407968907, 63.324560795950255, 40.44749683231337, 20.518284528683193, 54.74486277268398, 80.52949770115296], [45.0, 74.21590126111789, 9.219544457292887, 25.079872407968907, 0.0, 59.53990258641679, 17.0, 18.867962264113206, 54.405882034941776, 70.21395872616783], [41.88078318274385, 29.068883707497267, 50.99019513592785, 63.324560795950255, 59.53990258641679, 0.0, 70.83784299369935, 75.02666192761077, 10.63014581273465, 23.259406699226016], [45.60701700396552, 80.05623023850174, 21.400934559032695, 40.44749683231337, 17.0, 70.83784299369935, 0.0, 26.248809496813376, 67.53517601961218, 77.02596964660685], [63.8200595424354, 92.34717104492157, 27.730849247724095, 20.518284528683193, 18.867962264113206, 75.02666192761077, 26.248809496813376, 0.0, 68.26419266350405, 88.05679985100527], [45.880278987817846, 39.44616584663204, 46.61544808322666, 54.74486277268398, 54.405882034941776, 10.63014581273465, 67.53517601961218, 68.26419266350405, 0.0, 33.61547262794322], [35.84689665786984, 5.830951894845301, 61.0, 80.52949770115296, 70.21395872616783, 23.259406699226016, 77.02596964660685, 88.05679985100527, 33.61547262794322, 0.0]], "task_locations": [[86, 37], [77, 1], [61, 64], [34, 75], [59, 73], [51, 14], [74, 81], [49, 89], [43, 21], [72, 4]], "precedence_constraints": [[2, 5], [2, 6], [2, 3]]}