{"Q": [[1, 0, 0], [1, 1, 1], [1, 1, 0]], "R": [[0.0, 0.0, 0.0], [1.0, 1.0, 1.0], [1.0, 1.0, 0.0], [0.0, 1.0, 0.0], [0.0, 0.0, 1.0], [1.0, 0.0, 0.0], [1.0, 0.0, 1.0], [0.0, 1.0, 1.0], [1.0, 1.0, 0.0], [0.0, 0.0, 0.0]], "T_e": [0, 76, 69, 92, 78, 98, 64, 73, 50, 0], "T_t": [[0.0, 25.495097567963924, 9.219544457292887, 78.77182237323191, 58.008620049092706, 29.427877939124322, 76.8505042273634, 33.61547262794322, 73.824115301167, 65.60487786742691], [25.495097567963924, 0.0, 24.758836806279895, 55.0, 51.894122981316485, 33.28663395418648, 51.61395160225576, 28.635642126552707, 48.373546489791295, 44.384682042344295], [9.219544457292887, 24.758836806279895, 0.0, 74.21590126111789, 65.19202405202648, 37.64306044943742, 76.05918747922567, 25.079872407968907, 72.42237223399962, 68.09552114493287], [78.77182237323191, 55.0, 74.21590126111789, 0.0, 90.21086409075129, 84.92938243034621, 32.69556544854363, 56.43580423808985, 27.294688127912362, 55.90169943749474], [58.008620049092706, 51.894122981316485, 65.19202405202648, 90.21086409075129, 0.0, 29.614185789921695, 66.21933252457322, 80.05623023850174, 68.00735254367721, 39.45883931389772], [29.427877939124322, 33.28663395418648, 37.64306044943742, 84.92938243034621, 29.614185789921695, 0.0, 71.02112361825881, 57.201398584300364, 70.25667228100119, 50.53711507397311], [76.8505042273634, 51.61395160225576, 76.05918747922567, 32.69556544854363, 66.21933252457322, 71.02112361825881, 0.0, 68.26419266350405, 6.0, 27.313000567495326], [33.61547262794322, 28.635642126552707, 25.079872407968907, 56.43580423808985, 80.05623023850174, 57.201398584300364, 68.26419266350405, 0.0, 63.245553203367585, 69.87131027825369], [73.824115301167, 48.373546489791295, 72.42237223399962, 27.294688127912362, 68.00735254367721, 70.25667228100119, 6.0, 63.245553203367585, 0.0, 30.23243291566195], [65.60487786742691, 44.384682042344295, 68.09552114493287, 55.90169943749474, 39.45883931389772, 50.53711507397311, 27.313000567495326, 69.87131027825369, 30.23243291566195, 0.0]], "task_locations": [[11, 19], [34, 30], [17, 12], [89, 30], [12, 77], [6, 48], [76, 60], [40, 2], [76, 54], [51, 71]], "precedence_constraints": [[3, 2], [5, 1], [5, 2]]}