{"Q": [[0, 1, 1], [0, 0, 1], [1, 0, 1]], "R": [[0.0, 0.0, 0.0], [0.0, 1.0, 0.0], [1.0, 0.0, 0.0], [1.0, 0.0, 1.0], [0.0, 1.0, 1.0], [0.0, 1.0, 0.0], [0.0, 1.0, 1.0], [0.0, 1.0, 0.0], [1.0, 0.0, 1.0], [0.0, 0.0, 0.0]], "T_e": [0, 53, 66, 91, 93, 66, 60, 53, 51, 0], "T_t": [[0.0, 63.06346010171025, 21.213203435596427, 38.948684188300895, 48.91829923454004, 72.80109889280519, 79.75587752636166, 27.294688127912362, 39.66106403010388, 30.59411708155671], [63.06346010171025, 0.0, 72.3671196055225, 37.33630940518894, 25.298221281347036, 56.293871780150276, 70.21395872616783, 43.93176527297759, 78.10249675906654, 62.00806399170998], [21.213203435596427, 72.3671196055225, 0.0, 38.948684188300895, 51.894122981316485, 92.57429448826494, 100.40418317978589, 46.09772228646444, 19.313207915827967, 17.4928556845359], [38.948684188300895, 37.33630940518894, 38.948684188300895, 0.0, 13.341664064126334, 77.46612162745726, 89.30845424706443, 38.8329756778952, 41.012193308819754, 25.317977802344327], [48.91829923454004, 25.298221281347036, 51.894122981316485, 13.341664064126334, 0.0, 72.56031973468694, 85.42833253669417, 41.30375285612676, 54.147945482723536, 38.63935817272331], [72.80109889280519, 56.293871780150276, 92.57429448826494, 77.46612162745726, 72.56031973468694, 0.0, 14.035668847618199, 46.52956049652737, 107.61505470890214, 92.80086206496145], [79.75587752636166, 70.21395872616783, 100.40418317978589, 89.30845424706443, 85.42833253669417, 14.035668847618199, 0.0, 55.31726674375732, 116.66190466471906, 102.59142264341595], [27.294688127912362, 43.93176527297759, 46.09772228646444, 38.8329756778952, 41.30375285612676, 46.52956049652737, 55.31726674375732, 0.0, 61.40032573203501, 47.38143096192854], [39.66106403010388, 78.10249675906654, 19.313207915827967, 41.012193308819754, 54.147945482723536, 107.61505470890214, 116.66190466471906, 61.40032573203501, 0.0, 16.278820596099706], [30.59411708155671, 62.00806399170998, 17.4928556845359, 25.317977802344327, 38.63935817272331, 92.80086206496145, 102.59142264341595, 47.38143096192854, 16.278820596099706, 0.0]], "task_locations": [[39, 74], [10, 18], [24, 89], [5, 55], [2, 42], [65, 6], [79, 5], [43, 47], [6, 96], [9, 80]], "precedence_constraints": [[3, 4], [6, 8], [1, 3], [7, 8]]}