{"Q": [[0, 1, 1], [1, 0, 0], [1, 0, 0]], "R": [[0.0, 0.0, 0.0], [1.0, 0.0, 1.0], [1.0, 1.0, 0.0], [0.0, 0.0, 1.0], [0.0, 1.0, 1.0], [1.0, 0.0, 1.0], [1.0, 1.0, 1.0], [0.0, 1.0, 1.0], [0.0, 1.0, 1.0], [0.0, 0.0, 0.0]], "T_e": [0, 96, 65, 68, 59, 61, 60, 98, 93, 0], "T_t": [[0.0, 115.31261856362468, 91.09335870413386, 104.10091258005379, 39.6232255123179, 93.30058949438637, 89.19641248391103, 92.5418824100742, 92.5418824100742, 83.16850365372699], [115.31261856362468, 0.0, 57.55866572463264, 31.622776601683793, 86.76981041814025, 56.88585061331157, 49.0, 94.89467845985885, 94.89467845985885, 58.0], [91.09335870413386, 57.55866572463264, 0.0, 27.073972741361768, 52.0, 2.23606797749979, 80.61017305526642, 37.33630940518894, 37.33630940518894, 8.06225774829855], [104.10091258005379, 31.622776601683793, 27.073972741361768, 0.0, 68.62215385719105, 26.0, 66.18912297349165, 64.07027391856539, 64.07027391856539, 29.732137494637012], [39.6232255123179, 86.76981041814025, 52.0, 68.62215385719105, 0.0, 54.230987451824994, 77.52418977325722, 55.65968020030299, 55.65968020030299, 44.28317965096906], [93.30058949438637, 56.88585061331157, 2.23606797749979, 26.0, 54.230987451824994, 0.0, 81.34494452638098, 38.118237105091836, 38.118237105091836, 10.198039027185569], [89.19641248391103, 49.0, 80.61017305526642, 66.18912297349165, 77.52418977325722, 81.34494452638098, 0.0, 112.60550608207397, 112.60550608207397, 75.92759709091287], [92.5418824100742, 94.89467845985885, 37.33630940518894, 64.07027391856539, 55.65968020030299, 38.118237105091836, 112.60550608207397, 0.0, 0.0, 38.27531841800928], [92.5418824100742, 94.89467845985885, 37.33630940518894, 64.07027391856539, 55.65968020030299, 38.118237105091836, 112.60550608207397, 0.0, 0.0, 38.27531841800928], [83.16850365372699, 58.0, 8.06225774829855, 29.732137494637012, 44.28317965096906, 10.198039027185569, 75.92759709091287, 38.27531841800928, 38.27531841800928, 0.0]], "task_locations": [[93, 12], [14, 96], [6, 39], [4, 66], [54, 19], [4, 40], [63, 96], [1, 2], [1, 2], [14, 38]], "precedence_constraints": [[4, 5], [2, 8], [6, 5], [1, 3], [2, 7]]}