{"Q": [[0, 0, 1], [1, 1, 0], [1, 1, 0]], "R": [[0.0, 0.0, 0.0], [0.0, 1.0, 1.0], [0.0, 0.0, 1.0], [1.0, 1.0, 0.0], [0.0, 1.0, 1.0], [0.0, 1.0, 0.0], [1.0, 0.0, 1.0], [0.0, 1.0, 0.0], [1.0, 1.0, 0.0], [0.0, 0.0, 0.0]], "T_e": [0, 86, 65, 54, 78, 91, 98, 81, 77, 0], "T_t": [[0.0, 58.59180830116101, 16.76305461424021, 76.05918747922567, 14.317821063276353, 46.06517122512408, 37.36308338453881, 39.81205847478876, 31.622776601683793, 86.6083136886985], [58.59180830116101, 0.0, 48.16637831516918, 17.4928556845359, 68.30812543175226, 34.0147027033899, 62.64982043070834, 36.138621999185304, 27.80287754891569, 43.01162633521314], [16.76305461424021, 48.16637831516918, 0.0, 65.43699259593154, 31.016124838541646, 46.2709412050371, 48.54894437575342, 41.012193308819754, 20.518284528683193, 82.76472678623425], [76.05918747922567, 17.4928556845359, 65.43699259593154, 0.0, 85.44003745317531, 46.2709412050371, 77.0, 50.0, 45.221676218380054, 37.57658845611187], [14.317821063276353, 68.30812543175226, 31.016124838541646, 85.44003745317531, 0.0, 48.79549159502341, 30.14962686336267, 42.42640687119285, 43.18564576337837, 90.50966799187809], [46.06517122512408, 34.0147027033899, 46.2709412050371, 46.2709412050371, 48.79549159502341, 0.0, 31.400636936215164, 6.4031242374328485, 32.28002478313795, 41.72529209005013], [37.36308338453881, 62.64982043070834, 48.54894437575342, 77.0, 30.14962686336267, 31.400636936215164, 0.0, 27.0, 47.70744176750625, 69.83552104767315], [39.81205847478876, 36.138621999185304, 41.012193308819754, 50.0, 42.42640687119285, 6.4031242374328485, 27.0, 0.0, 29.068883707497267, 48.08326112068523], [31.622776601683793, 27.80287754891569, 20.518284528683193, 45.221676218380054, 43.18564576337837, 32.28002478313795, 47.70744176750625, 29.068883707497267, 0.0, 63.56886030125127], [86.6083136886985, 43.01162633521314, 82.76472678623425, 37.57658845611187, 90.50966799187809, 41.72529209005013, 69.83552104767315, 48.08326112068523, 63.56886030125127, 0.0]], "task_locations": [[28, 81], [55, 29], [23, 65], [64, 14], [34, 94], [69, 60], [64, 91], [64, 64], [38, 51], [98, 30]], "precedence_constraints": [[2, 5], [8, 3]]}