{"Q": [[1, 1, 1], [0, 0, 1], [0, 0, 1]], "R": [[0.0, 0.0, 0.0], [0.0, 1.0, 1.0], [1.0, 1.0, 1.0], [1.0, 0.0, 0.0], [0.0, 0.0, 1.0], [1.0, 0.0, 1.0], [1.0, 0.0, 0.0], [1.0, 1.0, 0.0], [1.0, 1.0, 1.0], [0.0, 0.0, 0.0]], "T_e": [0, 79, 95, 69, 89, 92, 86, 91, 71, 0], "T_t": [[0.0, 79.2464510246358, 58.249463516842795, 18.0, 54.42425929675111, 43.93176527297759, 8.06225774829855, 27.892651361962706, 39.81205847478876, 65.0], [79.2464510246358, 0.0, 91.19758768739445, 93.23089616645332, 39.11521443121589, 35.35533905932738, 73.24616030891995, 68.42514157822401, 117.15374513859982, 87.02298546935747], [58.249463516842795, 91.19758768739445, 0.0, 50.28916384272063, 52.08646657242167, 68.6804193347711, 52.49761899362675, 81.39410298049853, 85.5102333057278, 120.34118164618461], [18.0, 93.23089616645332, 50.28916384272063, 0.0, 63.00793600809346, 58.66856057549052, 20.615528128088304, 45.5411901469428, 36.013886210738214, 81.02468759581859], [54.42425929675111, 39.11521443121589, 52.08646657242167, 63.00793600809346, 0.0, 26.076809620810597, 46.61544808322666, 58.54912467321779, 94.15412895885129, 91.7877987534291], [43.93176527297759, 35.35533905932738, 68.6804193347711, 58.66856057549052, 26.076809620810597, 0.0, 38.27531841800928, 36.49657518178932, 82.00609733428362, 66.12866246946176], [8.06225774829855, 73.24616030891995, 52.49761899362675, 20.615528128088304, 46.61544808322666, 38.27531841800928, 0.0, 30.01666203960727, 47.53945729601885, 68.60029154456998], [27.892651361962706, 68.42514157822401, 81.39410298049853, 45.5411901469428, 58.54912467321779, 36.49657518178932, 30.01666203960727, 0.0, 52.69724850502159, 38.948684188300895], [39.81205847478876, 117.15374513859982, 85.5102333057278, 36.013886210738214, 94.15412895885129, 82.00609733428362, 47.53945729601885, 52.69724850502159, 0.0, 73.06161783043132], [65.0, 87.02298546935747, 120.34118164618461, 81.02468759581859, 91.7877987534291, 66.12866246946176, 68.60029154456998, 38.948684188300895, 73.06161783043132, 0.0]], "task_locations": [[36, 66], [90, 8], [84, 99], [36, 84], [87, 47], [65, 33], [44, 65], [29, 39], [0, 83], [3, 10]], "precedence_constraints": [[6, 7]]}