{"Q": [[0, 1, 0], [1, 1, 0], [1, 0, 1]], "R": [[0.0, 0.0, 0.0], [1.0, 0.0, 0.0], [1.0, 0.0, 0.0], [0.0, 0.0, 1.0], [1.0, 0.0, 0.0], [1.0, 1.0, 1.0], [0.0, 0.0, 1.0], [1.0, 0.0, 0.0], [1.0, 0.0, 1.0], [0.0, 0.0, 0.0]], "T_e": [0, 96, 63, 84, 93, 57, 97, 79, 61, 0], "T_t": [[0.0, 79.83107164506812, 32.2490309931942, 84.92938243034621, 104.10091258005379, 85.15867542417507, 37.33630940518894, 50.00999900019995, 62.289646009589745, 78.44743462982075], [79.83107164506812, 0.0, 75.50496672405067, 35.35533905932738, 38.600518131237564, 6.708203932499369, 75.69015788066504, 29.832867780352597, 19.4164878389476, 79.93122043357026], [32.2490309931942, 75.50496672405067, 0.0, 93.49331526906082, 87.80091115700337, 82.0, 5.0990195135927845, 50.08991914547278, 63.56099432828282, 47.01063709417264], [84.92938243034621, 35.35533905932738, 93.49331526906082, 0.0, 72.24956747275377, 32.01562118716424, 95.44108130150245, 44.04543109109048, 31.89043743820395, 110.6752004741803], [104.10091258005379, 38.600518131237564, 87.80091115700337, 72.24956747275377, 0.0, 40.311288741492746, 85.70297544426332, 59.464274989274024, 55.072679252057455, 69.26037828369117], [85.15867542417507, 6.708203932499369, 82.0, 32.01562118716424, 40.311288741492746, 0.0, 82.28000972289685, 35.22782990761707, 23.40939982143925, 86.2670273047588], [37.33630940518894, 75.69015788066504, 5.0990195135927845, 95.44108130150245, 85.70297544426332, 82.28000972289685, 0.0, 51.62363799656123, 64.88451279003334, 42.04759208325728], [50.00999900019995, 29.832867780352597, 50.08991914547278, 44.04543109109048, 59.464274989274024, 35.22782990761707, 51.62363799656123, 0.0, 13.601470508735444, 70.00714249274856], [62.289646009589745, 19.4164878389476, 63.56099432828282, 31.89043743820395, 55.072679252057455, 23.40939982143925, 64.88451279003334, 13.601470508735444, 0.0, 79.25906888173743], [78.44743462982075, 79.93122043357026, 47.01063709417264, 110.6752004741803, 69.26037828369117, 86.2670273047588, 42.04759208325728, 70.00714249274856, 79.25906888173743, 0.0]], "task_locations": [[96, 78], [18, 61], [92, 46], [13, 96], [7, 24], [12, 64], [91, 41], [47, 68], [34, 72], [73, 3]], "precedence_constraints": [[6, 4], [6, 5], [6, 7], [8, 7], [8, 4]]}