{"Q": [[1, 0, 0], [1, 1, 1], [0, 0, 1]], "R": [[0.0, 0.0, 0.0], [1.0, 0.0, 1.0], [0.0, 1.0, 1.0], [0.0, 1.0, 1.0], [0.0, 1.0, 1.0], [1.0, 1.0, 0.0], [0.0, 0.0, 1.0], [0.0, 1.0, 0.0], [0.0, 0.0, 1.0], [0.0, 0.0, 0.0]], "T_e": [0, 97, 83, 99, 69, 69, 50, 73, 69, 0], "T_t": [[0.0, 33.06055050963308, 13.038404810405298, 35.84689665786984, 40.496913462633174, 32.7566787083184, 13.152946437965905, 66.94027188471824, 68.6804193347711, 9.848857801796104], [33.06055050963308, 0.0, 44.91102314577124, 56.302753041036986, 40.70626487409524, 30.528675044947494, 32.89376840679705, 34.92849839314596, 51.264022471905186, 42.04759208325728], [13.038404810405298, 44.91102314577124, 0.0, 40.11234224026316, 51.478150704935004, 44.82186966202994, 23.853720883753127, 79.40403012442127, 73.24616030891995, 11.180339887498949], [35.84689665786984, 56.302753041036986, 40.11234224026316, 0.0, 28.442925306655784, 31.400636936215164, 25.612496949731394, 80.8084154033477, 102.30347012687302, 29.427877939124322], [40.496913462633174, 40.70626487409524, 51.478150704935004, 28.442925306655784, 0.0, 10.44030650891055, 27.730849247724095, 55.54277630799526, 91.7877987534291, 41.048751503547585], [32.7566787083184, 30.528675044947494, 44.82186966202994, 31.400636936215164, 10.44030650891055, 0.0, 21.213203435596427, 49.47726750741192, 81.43709228600933, 35.38361202590826], [13.152946437965905, 32.89376840679705, 23.853720883753127, 25.612496949731394, 27.730849247724095, 21.213203435596427, 0.0, 63.071388124885914, 76.69419795525604, 14.212670403551895], [66.94027188471824, 34.92849839314596, 79.40403012442127, 80.8084154033477, 55.54277630799526, 49.47726750741192, 63.071388124885914, 0.0, 63.56099432828282, 74.96665925596525], [68.6804193347711, 51.264022471905186, 73.24616030891995, 102.30347012687302, 91.7877987534291, 81.43709228600933, 76.69419795525604, 63.56099432828282, 0.0, 78.10249675906654], [9.848857801796104, 42.04759208325728, 11.180339887498949, 29.427877939124322, 41.048751503547585, 35.38361202590826, 14.212670403551895, 74.96665925596525, 78.10249675906654, 0.0]], "task_locations": [[53, 29], [55, 62], [46, 18], [86, 15], [91, 43], [81, 46], [66, 31], [69, 94], [7, 80], [57, 20]], "precedence_constraints": [[1, 3], [3, 2], [1, 5], [1, 6], [5, 4]]}