{"Q": [[0, 0, 1], [1, 1, 1], [0, 1, 0]], "R": [[0.0, 0.0, 0.0], [1.0, 1.0, 1.0], [1.0, 0.0, 1.0], [0.0, 1.0, 1.0], [1.0, 0.0, 0.0], [0.0, 0.0, 1.0], [0.0, 1.0, 1.0], [0.0, 0.0, 1.0], [0.0, 1.0, 1.0], [0.0, 0.0, 0.0]], "T_e": [0, 95, 96, 74, 83, 71, 82, 77, 91, 0], "T_t": [[0.0, 49.64876634922564, 62.0966987850401, 67.36467917239716, 25.612496949731394, 80.30566605165541, 62.64982043070834, 36.05551275463989, 60.67124524847005, 97.20082304178294], [49.64876634922564, 0.0, 13.0, 30.479501308256342, 63.12685640834652, 40.22437072223753, 96.02083107326243, 21.095023109728988, 14.7648230602334, 94.64142856064674], [62.0966987850401, 13.0, 0.0, 24.041630560342615, 76.10519036176179, 30.479501308256342, 104.1393297462587, 30.0, 7.0, 94.02127418834527], [67.36467917239716, 30.479501308256342, 24.041630560342615, 0.0, 87.28115489611719, 13.0, 93.81364506296512, 31.400636936215164, 17.46424919657298, 71.56814934033156], [25.612496949731394, 63.12685640834652, 76.10519036176179, 87.28115489611719, 0.0, 99.72462083156798, 82.29823813423954, 56.462376853972415, 76.79192665899195, 122.80065146407001], [80.30566605165541, 40.22437072223753, 30.479501308256342, 13.0, 99.72462083156798, 0.0, 104.62313319720452, 44.28317965096906, 25.612496949731394, 74.33034373659252], [62.64982043070834, 96.02083107326243, 104.1393297462587, 93.81364506296512, 82.29823813423954, 104.62313319720452, 0.0, 75.0, 99.00505037623081, 68.8839603971781], [36.05551275463989, 21.095023109728988, 30.0, 31.400636936215164, 56.462376853972415, 44.28317965096906, 75.0, 0.0, 26.40075756488817, 79.12016177940993], [60.67124524847005, 14.7648230602334, 7.0, 17.46424919657298, 76.79192665899195, 25.612496949731394, 99.00505037623081, 26.40075756488817, 0.0, 87.02298546935747], [97.20082304178294, 94.64142856064674, 94.02127418834527, 71.56814934033156, 122.80065146407001, 74.33034373659252, 68.8839603971781, 79.12016177940993, 87.02298546935747, 0.0]], "task_locations": [[20, 81], [4, 34], [4, 21], [27, 14], [0, 97], [27, 1], [82, 90], [22, 45], [11, 21], [98, 23]], "precedence_constraints": [[7, 1], [8, 2], [5, 1], [6, 5], [4, 8]]}