{"Q": [[0, 1, 0], [1, 1, 0], [1, 1, 1]], "R": [[0.0, 0.0, 0.0], [1.0, 0.0, 0.0], [0.0, 1.0, 1.0], [1.0, 1.0, 1.0], [1.0, 1.0, 0.0], [1.0, 0.0, 1.0], [0.0, 1.0, 0.0], [1.0, 0.0, 1.0], [1.0, 1.0, 0.0], [0.0, 0.0, 0.0]], "T_e": [0, 93, 89, 81, 64, 78, 74, 57, 99, 0], "T_t": [[0.0, 39.408120990476064, 60.207972893961475, 67.36467917239716, 79.93122043357026, 7.0710678118654755, 46.17358552246078, 16.15549442140351, 38.600518131237564, 58.463663928973865], [39.408120990476064, 0.0, 99.48869282486326, 93.40770846134703, 118.86967653695369, 34.88552708502482, 80.2807573457052, 53.74011537017761, 34.36568055487916, 91.7877987534291], [60.207972893961475, 99.48869282486326, 0.0, 58.59180830116101, 20.591260281974, 65.76473218982953, 44.01136216933077, 46.32493928760188, 86.97700845625813, 36.235341863986875], [67.36467917239716, 93.40770846134703, 58.59180830116101, 0.0, 62.64982043070834, 74.24284477308234, 88.60022573334675, 53.600373133029585, 63.52952069707436, 22.360679774997898], [79.93122043357026, 118.86967653695369, 20.591260281974, 62.64982043070834, 0.0, 85.7962703152066, 62.64982043070834, 65.19202405202648, 103.31021246711285, 42.01190307520001], [7.0710678118654755, 34.88552708502482, 65.76473218982953, 74.24284477308234, 85.7962703152066, 0.0, 47.095647357266465, 23.08679276123039, 40.24922359499622, 65.5133574166368], [46.17358552246078, 80.2807573457052, 44.01136216933077, 88.60022573334675, 62.64982043070834, 47.095647357266465, 0.0, 44.28317965096906, 84.34453153583817, 69.35416353759881], [16.15549442140351, 53.74011537017761, 46.32493928760188, 53.600373133029585, 65.19202405202648, 23.08679276123039, 44.28317965096906, 0.0, 43.18564576337837, 42.579337712087536], [38.600518131237564, 34.36568055487916, 86.97700845625813, 63.52952069707436, 103.31021246711285, 40.24922359499622, 84.34453153583817, 43.18564576337837, 0.0, 67.94115100585212], [58.463663928973865, 91.7877987534291, 36.235341863986875, 22.360679774997898, 42.01190307520001, 65.5133574166368, 69.35416353759881, 42.579337712087536, 67.94115100585212, 0.0]], "task_locations": [[60, 29], [92, 6], [15, 69], [67, 96], [5, 87], [61, 22], [14, 25], [54, 44], [97, 40], [47, 86]], "precedence_constraints": [[5, 6], [4, 2]]}