{"Q": [[0, 1, 1], [1, 1, 0], [0, 0, 1]], "R": [[0.0, 0.0, 0.0], [0.0, 0.0, 1.0], [0.0, 1.0, 0.0], [1.0, 1.0, 0.0], [1.0, 0.0, 1.0], [1.0, 0.0, 0.0], [1.0, 0.0, 0.0], [1.0, 1.0, 0.0], [0.0, 0.0, 1.0], [0.0, 0.0, 0.0]], "T_e": [0, 77, 78, 68, 70, 61, 81, 60, 96, 0], "T_t": [[0.0, 74.72616676907762, 57.87054518492115, 43.04648650006177, 16.55294535724685, 29.68164415931166, 30.610455730027933, 34.0147027033899, 52.20153254455275, 33.734255586866], [74.72616676907762, 0.0, 17.11724276862369, 54.67174773134658, 63.071388124885914, 98.8382517044894, 103.61949623502326, 77.23341245859851, 64.41273166075166, 47.43416490252569], [57.87054518492115, 17.11724276862369, 0.0, 43.86342439892262, 47.16990566028302, 83.00602387778854, 87.23531395025755, 63.89053137985315, 51.22499389946279, 33.301651610693426], [43.04648650006177, 54.67174773134658, 43.86342439892262, 0.0, 26.627053911388696, 53.08483775994799, 61.07372593840988, 24.698178070456937, 75.28612089887484, 15.524174696260024], [16.55294535724685, 63.071388124885914, 47.16990566028302, 26.627053911388696, 0.0, 35.84689665786984, 40.80441152620633, 24.020824298928627, 57.0, 18.0], [29.68164415931166, 98.8382517044894, 83.00602387778854, 53.08483775994799, 35.84689665786984, 0.0, 10.0, 30.59411708155671, 81.15417426109393, 52.20153254455275], [30.610455730027933, 103.61949623502326, 87.23531395025755, 61.07372593840988, 40.80441152620633, 10.0, 0.0, 39.84971769034255, 79.25906888173743, 58.249463516842795], [34.0147027033899, 77.23341245859851, 63.89053137985315, 24.698178070456937, 24.020824298928627, 30.59411708155671, 39.84971769034255, 0.0, 81.00617260431454, 30.610455730027933], [52.20153254455275, 64.41273166075166, 51.22499389946279, 75.28612089887484, 57.0, 81.15417426109393, 79.25906888173743, 81.00617260431454, 0.0, 59.77457653551382], [33.734255586866, 47.43416490252569, 33.301651610693426, 15.524174696260024, 18.0, 52.20153254455275, 58.249463516842795, 30.610455730027933, 59.77457653551382, 0.0]], "task_locations": [[24, 62], [96, 42], [79, 44], [61, 84], [39, 69], [8, 87], [0, 81], [38, 93], [39, 12], [57, 69]], "precedence_constraints": [[3, 2], [7, 8], [4, 3], [5, 2], [7, 5]]}