{"Q": [[1, 1, 1], [1, 0, 0], [1, 1, 0]], "R": [[0.0, 0.0, 0.0], [1.0, 1.0, 0.0], [1.0, 1.0, 1.0], [1.0, 1.0, 0.0], [0.0, 1.0, 1.0], [1.0, 0.0, 1.0], [1.0, 1.0, 0.0], [0.0, 0.0, 1.0], [0.0, 0.0, 1.0], [0.0, 0.0, 0.0]], "T_e": [0, 63, 73, 82, 51, 66, 50, 80, 59, 0], "T_t": [[0.0, 102.90286682109493, 83.81527307120105, 80.80222769206304, 114.54693361238441, 30.805843601498726, 84.87638069569178, 84.38009243891595, 62.297672508690084, 22.02271554554524], [102.90286682109493, 0.0, 33.37663853655727, 22.360679774997898, 42.5440947723653, 82.87339742040264, 38.897300677553446, 50.00999900019995, 65.00769185258002, 86.31338250816034], [83.81527307120105, 33.37663853655727, 0.0, 27.459060435491963, 71.80529228406496, 73.17103251970687, 55.21775076911409, 17.46424919657298, 68.96375859826666, 63.56099432828282], [80.80222769206304, 22.360679774997898, 27.459060435491963, 0.0, 47.01063709417264, 60.728905802755904, 27.80287754891569, 44.28317965096906, 46.32493928760188, 65.19202405202648], [114.54693361238441, 42.5440947723653, 71.80529228406496, 47.01063709417264, 0.0, 86.45229898620394, 29.68164415931166, 89.26925562588724, 56.85068161420758, 104.78549517943789], [30.805843601498726, 82.87339742040264, 73.17103251970687, 60.728905802755904, 86.45229898620394, 0.0, 57.28001396647874, 80.0812087820857, 31.78049716414141, 34.438350715445125], [84.87638069569178, 38.897300677553446, 55.21775076911409, 27.80287754891569, 29.68164415931166, 57.28001396647874, 0.0, 71.69379331573968, 30.083217912982647, 75.61084578286372], [84.38009243891595, 50.00999900019995, 17.46424919657298, 44.28317965096906, 89.26925562588724, 80.0812087820857, 71.69379331573968, 0.0, 81.83520025025906, 62.64982043070834], [62.297672508690084, 65.00769185258002, 68.96375859826666, 46.32493928760188, 56.85068161420758, 31.78049716414141, 30.083217912982647, 81.83520025025906, 0.0, 60.03332407921454], [22.02271554554524, 86.31338250816034, 63.56099432828282, 65.19202405202648, 104.78549517943789, 34.438350715445125, 75.61084578286372, 62.64982043070834, 60.03332407921454, 0.0]], "task_locations": [[93, 97], [8, 39], [13, 72], [28, 49], [29, 2], [86, 67], [45, 27], [9, 89], [73, 38], [71, 98]], "precedence_constraints": [[3, 5], [2, 7]]}