{"Q": [[1, 1, 0], [0, 1, 0], [1, 1, 1]], "R": [[0.0, 0.0, 0.0], [0.0, 1.0, 0.0], [0.0, 0.0, 1.0], [1.0, 1.0, 0.0], [0.0, 1.0, 1.0], [0.0, 1.0, 1.0], [0.0, 1.0, 1.0], [0.0, 0.0, 1.0], [0.0, 1.0, 1.0], [0.0, 0.0, 0.0]], "T_e": [0, 79, 55, 95, 53, 57, 78, 94, 68, 0], "T_t": [[0.0, 98.48857801796105, 30.066592756745816, 52.773099207835045, 51.78802950489621, 50.15974481593781, 81.88406438373708, 43.382023926967726, 16.401219466856727, 106.01886624558857], [98.48857801796105, 0.0, 75.07329751649384, 81.88406438373708, 66.88796603276258, 56.85068161420758, 16.64331697709324, 67.60177512462228, 83.6719785830358, 14.0], [30.066592756745816, 75.07329751649384, 0.0, 27.80287754891569, 22.135943621178654, 20.8806130178211, 58.69412236331676, 42.44997055358225, 25.0, 85.0411665018772], [52.773099207835045, 81.88406438373708, 27.80287754891569, 0.0, 15.524174696260024, 28.160255680657446, 67.77905281132217, 68.94200461257273, 52.32590180780452, 94.42986815621421], [51.78802950489621, 66.88796603276258, 22.135943621178654, 15.524174696260024, 0.0, 13.038404810405298, 52.392747589718944, 57.688820407423826, 46.52956049652737, 79.1580697086532], [50.15974481593781, 56.85068161420758, 20.8806130178211, 28.160255680657446, 13.038404810405298, 0.0, 41.340053217188775, 46.75467891024384, 41.0, 68.26419266350405], [81.88406438373708, 16.64331697709324, 58.69412236331676, 67.77905281132217, 52.392747589718944, 41.340053217188775, 0.0, 53.0, 67.23094525588644, 26.92582403567252], [43.382023926967726, 67.60177512462228, 42.44997055358225, 68.94200461257273, 57.688820407423826, 46.75467891024384, 53.0, 0.0, 27.51363298439521, 70.83784299369935], [16.401219466856727, 83.6719785830358, 25.0, 52.32590180780452, 46.52956049652737, 41.0, 67.23094525588644, 27.51363298439521, 0.0, 90.4267659490264], [106.01886624558857, 14.0, 85.0411665018772, 94.42986815621421, 79.1580697086532, 68.26419266350405, 26.92582403567252, 70.83784299369935, 90.4267659490264, 0.0]], "task_locations": [[3, 36], [89, 84], [33, 34], [50, 12], [54, 27], [53, 40], [75, 75], [22, 75], [13, 49], [89, 98]], "precedence_constraints": [[8, 6]]}