{"Q": [[0, 1, 0], [1, 0, 1], [0, 1, 0]], "R": [[0.0, 0.0, 0.0], [0.0, 0.0, 1.0], [0.0, 0.0, 1.0], [0.0, 0.0, 1.0], [0.0, 0.0, 1.0], [1.0, 0.0, 1.0], [0.0, 0.0, 1.0], [0.0, 1.0, 0.0], [1.0, 1.0, 1.0], [0.0, 0.0, 0.0]], "T_e": [0, 58, 92, 56, 68, 78, 52, 78, 87, 0], "T_t": [[0.0, 49.64876634922564, 31.064449134018133, 12.806248474865697, 31.016124838541646, 66.09841147864296, 15.811388300841896, 64.63745044476924, 40.0, 55.00909015790027], [49.64876634922564, 0.0, 52.32590180780452, 57.0350769263968, 53.225933528685054, 31.304951684997057, 40.311288741492746, 62.16912416947821, 83.24061508662703, 33.0], [31.064449134018133, 52.32590180780452, 0.0, 23.259406699226016, 1.0, 79.51100552753688, 19.313207915827967, 91.0, 68.15423684555495, 73.10950690573696], [12.806248474865697, 57.0350769263968, 23.259406699226016, 0.0, 22.847319317591726, 77.07788269017254, 17.26267650163207, 77.42092740338364, 44.94441010848846, 66.88796603276258], [31.016124838541646, 53.225933528685054, 1.0, 22.847319317591726, 0.0, 80.2807573457052, 19.697715603592208, 91.3892772703669, 67.77905281132217, 73.7563556583431], [66.09841147864296, 31.304951684997057, 79.51100552753688, 77.07788269017254, 80.2807573457052, 0.0, 63.28506932918696, 42.01190307520001, 87.82368700982668, 14.866068747318506], [15.811388300841896, 40.311288741492746, 19.313207915827967, 17.26267650163207, 19.697715603592208, 63.28506932918696, 0.0, 71.69379331573968, 55.80322571321482, 55.17245689653489], [64.63745044476924, 62.16912416947821, 91.0, 77.42092740338364, 91.3892772703669, 42.01190307520001, 71.69379331573968, 0.0, 64.51356446515724, 30.463092423455635], [40.0, 83.24061508662703, 68.15423684555495, 44.94441010848846, 67.77905281132217, 87.82368700982668, 55.80322571321482, 64.51356446515724, 0.0, 73.33484846919642], [55.00909015790027, 33.0, 73.10950690573696, 66.88796603276258, 73.7563556583431, 14.866068747318506, 55.17245689653489, 30.463092423455635, 73.33484846919642, 0.0]], "task_locations": [[61, 73], [69, 24], [92, 71], [71, 81], [92, 72], [41, 10], [74, 64], [8, 36], [29, 97], [36, 24]], "precedence_constraints": [[7, 5], [2, 4], [6, 5]]}