{"Q": [[0, 1, 0], [1, 0, 0], [1, 0, 1]], "R": [[0.0, 0.0, 0.0], [0.0, 1.0, 0.0], [0.0, 0.0, 1.0], [0.0, 1.0, 0.0], [0.0, 0.0, 1.0], [0.0, 1.0, 1.0], [1.0, 1.0, 1.0], [1.0, 0.0, 0.0], [1.0, 0.0, 0.0], [0.0, 0.0, 0.0]], "T_e": [0, 52, 78, 53, 81, 65, 96, 66, 95, 0], "T_t": [[0.0, 54.230987451824994, 54.00925846556311, 87.96590248499699, 43.41658669218482, 5.830951894845301, 24.698178070456937, 26.40075756488817, 35.0, 32.526911934581186], [54.230987451824994, 0.0, 4.0, 72.06247289678588, 15.556349186104045, 59.033888572581766, 75.4254598925323, 30.59411708155671, 83.54639429682169, 41.773197148410844], [54.00925846556311, 4.0, 0.0, 68.06614430096654, 13.038404810405298, 59.033888572581766, 75.95393340703298, 31.622776601683793, 84.40379138403677, 39.20459156782532], [87.96590248499699, 72.06247289678588, 68.06614430096654, 0.0, 62.5859409132754, 93.50935782048768, 111.73182178770737, 84.69356528095862, 122.34786471369249, 55.60575509783138], [43.41658669218482, 15.556349186104045, 13.038404810405298, 62.5859409132754, 0.0, 48.83646178829912, 66.76076692189807, 25.495097567963924, 75.96051605933177, 26.248809496813376], [5.830951894845301, 59.033888572581766, 59.033888572581766, 93.50935782048768, 48.83646178829912, 0.0, 18.867962264113206, 30.083217912982647, 29.206163733020468, 38.2099463490856], [24.698178070456937, 75.4254598925323, 75.95393340703298, 111.73182178770737, 66.76076692189807, 18.867962264113206, 0.0, 45.044422518220834, 10.63014581273465, 56.85068161420758], [26.40075756488817, 30.59411708155671, 31.622776601683793, 84.69356528095862, 25.495097567963924, 30.083217912982647, 45.044422518220834, 0.0, 52.952809179494906, 34.0147027033899], [35.0, 83.54639429682169, 84.40379138403677, 122.34786471369249, 75.96051605933177, 29.206163733020468, 10.63014581273465, 52.952809179494906, 0.0, 67.35725647619564], [32.526911934581186, 41.773197148410844, 39.20459156782532, 55.60575509783138, 26.248809496813376, 38.2099463490856, 56.85068161420758, 34.0147027033899, 67.35725647619564, 0.0]], "task_locations": [[32, 27], [86, 22], [86, 26], [89, 94], [75, 33], [27, 24], [11, 14], [56, 16], [4, 6], [55, 50]], "precedence_constraints": [[8, 2], [6, 8], [1, 8]]}