{"Q": [[1, 0, 0], [0, 1, 1], [1, 1, 1]], "R": [[0.0, 0.0, 0.0], [0.0, 0.0, 1.0], [1.0, 1.0, 1.0], [1.0, 1.0, 1.0], [1.0, 1.0, 1.0], [1.0, 0.0, 1.0], [1.0, 1.0, 0.0], [1.0, 0.0, 0.0], [1.0, 0.0, 0.0], [0.0, 0.0, 0.0]], "T_e": [0, 70, 60, 58, 57, 71, 92, 99, 97, 0], "T_t": [[0.0, 48.83646178829912, 85.75546629807339, 44.64302857109943, 87.68124086713189, 14.317821063276353, 84.17244204607586, 28.635642126552707, 13.601470508735444, 2.23606797749979], [48.83646178829912, 0.0, 82.05485969764375, 79.39773296511683, 72.3671196055225, 38.07886552931954, 87.13208364316786, 30.4138126514911, 59.464274989274024, 50.21951811795888], [85.75546629807339, 82.05485969764375, 0.0, 64.41273166075166, 20.248456731316587, 74.24957912338628, 11.704699910719626, 63.89053137985315, 81.5659242576212, 84.59905436823747], [44.64302857109943, 79.39773296511683, 64.41273166075166, 0.0, 76.40026177965623, 44.654227123532216, 57.201398584300364, 49.040799340956916, 32.2490309931942, 42.44997055358225], [87.68124086713189, 72.3671196055225, 20.248456731316587, 76.40026177965623, 0.0, 74.41102068914255, 31.76476034853718, 61.61168720299745, 86.6083136886985, 87.0], [14.317821063276353, 38.07886552931954, 74.24957912338628, 44.654227123532216, 74.41102068914255, 0.0, 74.04052944165107, 14.317821063276353, 21.587033144922902, 14.560219778561036], [84.17244204607586, 87.13208364316786, 11.704699910719626, 57.201398584300364, 31.76476034853718, 74.04052944165107, 0.0, 65.49045732013177, 78.23042886243178, 82.76472678623425], [28.635642126552707, 30.4138126514911, 63.89053137985315, 49.040799340956916, 61.61168720299745, 14.317821063276353, 65.49045732013177, 0.0, 34.0147027033899, 28.792360097775937], [13.601470508735444, 59.464274989274024, 81.5659242576212, 32.2490309931942, 86.6083136886985, 21.587033144922902, 78.23042886243178, 34.0147027033899, 0.0, 11.40175425099138], [2.23606797749979, 50.21951811795888, 84.59905436823747, 42.44997055358225, 87.0, 14.560219778561036, 82.76472678623425, 28.792360097775937, 11.40175425099138, 0.0]], "task_locations": [[30, 19], [78, 10], [75, 92], [18, 62], [92, 81], [43, 25], [64, 96], [56, 31], [22, 30], [29, 21]], "precedence_constraints": [[5, 2], [5, 1], [4, 3], [6, 8], [4, 2], [7, 3]]}