{"Q": [[0, 1, 1], [1, 0, 0], [1, 0, 0]], "R": [[0.0, 0.0, 0.0], [0.0, 0.0, 1.0], [1.0, 0.0, 0.0], [1.0, 0.0, 1.0], [1.0, 1.0, 0.0], [1.0, 1.0, 0.0], [1.0, 1.0, 1.0], [0.0, 1.0, 0.0], [1.0, 0.0, 1.0], [0.0, 0.0, 0.0]], "T_e": [0, 66, 93, 53, 89, 65, 89, 82, 94, 0], "T_t": [[0.0, 14.317821063276353, 70.178344238091, 25.495097567963924, 19.313207915827967, 45.044422518220834, 101.07423014794622, 54.70831746635972, 82.38931969618392, 37.94733192202055], [14.317821063276353, 0.0, 83.72574275573791, 26.1725046566048, 22.135943621178654, 50.59644256269407, 110.6752004741803, 63.13477647065839, 85.21150157109074, 52.20153254455275], [70.178344238091, 83.72574275573791, 0.0, 71.58910531638176, 68.96375859826666, 57.42821606144492, 53.600373133029585, 44.27188724235731, 80.15609770940699, 34.713109915419565], [25.495097567963924, 26.1725046566048, 71.58910531638176, 0.0, 6.4031242374328485, 25.553864678361276, 87.96590248499699, 40.311288741492746, 59.07622195096772, 48.27007354458868], [19.313207915827967, 22.135943621178654, 68.96375859826666, 6.4031242374328485, 0.0, 28.460498941515414, 89.40357934669059, 41.617304093369626, 64.00781202322104, 43.41658669218482], [45.044422518220834, 50.59644256269407, 57.42821606144492, 25.553864678361276, 28.460498941515414, 0.0, 62.93647591023825, 16.55294535724685, 38.3275357934736, 47.38143096192854], [101.07423014794622, 110.6752004741803, 53.600373133029585, 87.96590248499699, 89.40357934669059, 62.93647591023825, 0.0, 47.80167361086848, 54.589376255824725, 78.63841300535], [54.70831746635972, 63.13477647065839, 44.27188724235731, 40.311288741492746, 41.617304093369626, 16.55294535724685, 47.80167361086848, 0.0, 39.05124837953327, 44.28317965096906], [82.38931969618392, 85.21150157109074, 80.15609770940699, 59.07622195096772, 64.00781202322104, 38.3275357934736, 54.589376255824725, 39.05124837953327, 0.0, 82.68010643437755], [37.94733192202055, 52.20153254455275, 34.713109915419565, 48.27007354458868, 43.41658669218482, 47.38143096192854, 78.63841300535, 44.28317965096906, 82.68010643437755, 0.0]], "task_locations": [[8, 32], [5, 18], [46, 91], [31, 21], [26, 25], [53, 34], [98, 78], [60, 49], [90, 24], [20, 68]], "precedence_constraints": [[2, 6], [3, 5], [8, 4], [1, 6], [5, 7]]}