{"Q": [[0, 0, 1], [1, 0, 0], [0, 1, 0]], "R": [[0.0, 0.0, 0.0], [1.0, 1.0, 1.0], [1.0, 1.0, 0.0], [1.0, 1.0, 1.0], [0.0, 0.0, 1.0], [0.0, 1.0, 0.0], [0.0, 1.0, 1.0], [0.0, 1.0, 1.0], [1.0, 1.0, 1.0], [0.0, 0.0, 0.0]], "T_e": [0, 78, 95, 96, 70, 60, 93, 58, 98, 0], "T_t": [[0.0, 34.058772731852805, 32.802438933713454, 24.698178070456937, 56.0357029044876, 16.1245154965971, 48.84669896727925, 28.635642126552707, 8.94427190999916, 34.9857113690718], [34.058772731852805, 0.0, 19.697715603592208, 28.319604517012593, 79.32212806020776, 34.92849839314596, 20.248456731316587, 47.70744176750625, 30.59411708155671, 65.96969000988257], [32.802438933713454, 19.697715603592208, 0.0, 13.038404810405298, 63.56099432828282, 24.331050121192877, 19.026297590440446, 32.984845004941285, 25.059928172283335, 56.0357029044876], [24.698178070456937, 28.319604517012593, 13.038404810405298, 0.0, 51.478150704935004, 12.083045973594572, 32.0624390837628, 20.248456731316587, 15.811388300841896, 43.104524124504614], [56.0357029044876, 79.32212806020776, 63.56099432828282, 51.478150704935004, 0.0, 45.34313619501854, 81.59656855530139, 31.622776601683793, 52.3450093132096, 28.071337695236398], [16.1245154965971, 34.92849839314596, 24.331050121192877, 12.083045973594572, 45.34313619501854, 0.0, 43.104524124504614, 14.422205101855956, 8.246211251235321, 32.0624390837628], [48.84669896727925, 20.248456731316587, 19.026297590440446, 32.0624390837628, 81.59656855530139, 43.104524124504614, 0.0, 51.78802950489621, 42.44997055358225, 75.0066663703967], [28.635642126552707, 47.70744176750625, 32.984845004941285, 20.248456731316587, 31.622776601683793, 14.422205101855956, 51.78802950489621, 0.0, 22.360679774997898, 26.0], [8.94427190999916, 30.59411708155671, 25.059928172283335, 15.811388300841896, 52.3450093132096, 8.246211251235321, 42.44997055358225, 22.360679774997898, 0.0, 35.4400902933387], [34.9857113690718, 65.96969000988257, 56.0357029044876, 43.104524124504614, 28.071337695236398, 32.0624390837628, 75.0066663703967, 26.0, 35.4400902933387, 0.0]], "task_locations": [[58, 65], [56, 31], [38, 39], [37, 52], [12, 97], [42, 63], [39, 20], [30, 71], [50, 61], [40, 95]], "precedence_constraints": [[6, 4], [2, 5], [5, 1]]}