{"Q": [[1, 0, 1], [1, 0, 1], [0, 1, 0]], "R": [[0.0, 0.0, 0.0], [1.0, 0.0, 1.0], [0.0, 1.0, 1.0], [0.0, 0.0, 1.0], [0.0, 1.0, 1.0], [0.0, 1.0, 1.0], [1.0, 1.0, 0.0], [1.0, 0.0, 0.0], [1.0, 0.0, 1.0], [0.0, 0.0, 0.0]], "T_e": [0, 94, 64, 51, 71, 77, 59, 91, 53, 0], "T_t": [[0.0, 71.16881339463234, 65.80273550544841, 30.479501308256342, 25.80697580112788, 6.324555320336759, 29.154759474226502, 24.020824298928627, 33.24154027718932, 61.84658438426491], [71.16881339463234, 0.0, 43.18564576337837, 44.181444068749045, 68.76772498781678, 71.58910531638176, 82.00609733428362, 66.0, 58.54912467321779, 39.6232255123179], [65.80273550544841, 43.18564576337837, 0.0, 55.86591089385369, 48.041648597857254, 62.369864518050704, 89.55445270895244, 75.45197147855052, 74.27651041883968, 5.0], [30.479501308256342, 44.181444068749045, 55.86591089385369, 0.0, 41.773197148410844, 33.421549934136806, 38.3275357934736, 22.360679774997898, 18.439088914585774, 50.93132631298737], [25.80697580112788, 68.76772498781678, 48.041648597857254, 41.773197148410844, 0.0, 19.849433241279208, 54.91812087098393, 47.12748667179272, 53.33854141237835, 45.39823785126467], [6.324555320336759, 71.58910531638176, 62.369864518050704, 33.421549934136806, 19.849433241279208, 0.0, 35.35533905932738, 30.01666203960727, 38.63935817272331, 58.69412236331676], [29.154759474226502, 82.00609733428362, 89.55445270895244, 38.3275357934736, 54.91812087098393, 35.35533905932738, 0.0, 16.0312195418814, 25.0, 85.0], [24.020824298928627, 66.0, 75.45197147855052, 22.360679774997898, 47.12748667179272, 30.01666203960727, 16.0312195418814, 0.0, 11.313708498984761, 70.7248188403477], [33.24154027718932, 58.54912467321779, 74.27651041883968, 18.439088914585774, 53.33854141237835, 38.63935817272331, 25.0, 11.313708498984761, 0.0, 69.35416353759881], [61.84658438426491, 39.6232255123179, 5.0, 50.93132631298737, 45.39823785126467, 58.69412236331676, 85.0, 70.7248188403477, 69.35416353759881, 0.0]], "task_locations": [[29, 46], [96, 70], [92, 27], [52, 66], [44, 25], [31, 40], [14, 71], [30, 70], [38, 78], [89, 31]], "precedence_constraints": [[3, 8], [2, 6], [4, 5], [8, 6], [4, 1]]}