{"Q": [[0, 1, 0], [0, 0, 1], [1, 0, 1]], "R": [[0.0, 0.0, 0.0], [0.0, 1.0, 0.0], [0.0, 0.0, 1.0], [1.0, 0.0, 0.0], [1.0, 1.0, 0.0], [1.0, 0.0, 0.0], [1.0, 0.0, 0.0], [1.0, 0.0, 0.0], [1.0, 0.0, 1.0], [0.0, 0.0, 0.0]], "T_e": [0, 79, 77, 72, 56, 94, 83, 91, 59, 0], "T_t": [[0.0, 40.311288741492746, 32.01562118716424, 55.90169943749474, 52.15361924162119, 33.54101966249684, 45.48626166217664, 38.3275357934736, 43.139309220245984, 44.04543109109048], [40.311288741492746, 0.0, 15.811388300841896, 57.0087712549569, 88.45903006477066, 57.982756057296896, 65.7875368135941, 21.02379604162864, 46.389654018972806, 83.52843827104634], [32.01562118716424, 15.811388300841896, 0.0, 42.42640687119285, 75.0, 42.80186911806539, 67.95586803212802, 8.48528137423857, 31.016124838541646, 72.09022125087424], [55.90169943749474, 57.0087712549569, 42.42640687119285, 0.0, 66.06814663663572, 32.984845004941285, 101.04454463255303, 36.0, 13.038404810405298, 73.16419889536138], [52.15361924162119, 88.45903006477066, 75.0, 66.06814663663572, 0.0, 35.73513677041127, 82.05485969764375, 76.66159403508382, 60.63827174318213, 17.08800749063506], [33.54101966249684, 57.982756057296896, 42.80186911806539, 32.984845004941285, 35.73513677041127, 0.0, 77.47257579298626, 42.5205832509386, 25.179356624028344, 40.311288741492746], [45.48626166217664, 65.7875368135941, 67.95586803212802, 101.04454463255303, 82.05485969764375, 77.47257579298626, 0.0, 76.27581530209953, 88.09086218218096, 66.61080993352356], [38.3275357934736, 21.02379604162864, 8.48528137423857, 36.0, 76.66159403508382, 42.5205832509386, 76.27581530209953, 0.0, 25.96150997149434, 75.58438992278762], [43.139309220245984, 46.389654018972806, 31.016124838541646, 13.038404810405298, 60.63827174318213, 25.179356624028344, 88.09086218218096, 25.96150997149434, 0.0, 65.03076195155643], [44.04543109109048, 83.52843827104634, 72.09022125087424, 73.16419889536138, 17.08800749063506, 40.311288741492746, 66.61080993352356, 75.58438992278762, 65.03076195155643, 0.0]], "task_locations": [[49, 52], [12, 68], [17, 53], [11, 11], [77, 8], [43, 19], [74, 90], [11, 47], [18, 22], [83, 24]], "precedence_constraints": [[2, 5], [7, 4], [5, 3], [1, 4], [5, 8], [8, 7]]}