{"Q": [[1, 0, 0], [1, 0, 1], [1, 1, 0]], "R": [[0.0, 0.0, 0.0], [0.0, 1.0, 1.0], [1.0, 0.0, 1.0], [1.0, 1.0, 0.0], [0.0, 1.0, 0.0], [0.0, 1.0, 0.0], [0.0, 0.0, 1.0], [1.0, 1.0, 1.0], [0.0, 0.0, 1.0], [0.0, 0.0, 0.0]], "T_e": [0, 70, 97, 92, 50, 64, 64, 90, 93, 0], "T_t": [[0.0, 62.80127387243033, 35.35533905932738, 56.753854494650845, 30.01666203960727, 32.69556544854363, 12.529964086141668, 39.45883931389772, 60.60528029800704, 95.63472172804185], [62.80127387243033, 0.0, 39.92492955535426, 8.06225774829855, 33.83784863137726, 39.408120990476064, 71.16881339463234, 74.41102068914255, 49.040799340956916, 52.478567053607705], [35.35533905932738, 39.92492955535426, 0.0, 31.953090617340916, 26.476404589747453, 38.3275357934736, 47.50789408087881, 66.76076692189807, 66.12866246946176, 87.72684879784524], [56.753854494650845, 8.06225774829855, 31.953090617340916, 0.0, 29.154759474226502, 36.796738985948195, 65.92419889539804, 72.18032973047436, 51.478150704935004, 59.64059020499378], [30.01666203960727, 33.83784863137726, 26.476404589747453, 29.154759474226502, 0.0, 12.0, 37.36308338453881, 44.94441010848846, 40.24922359499622, 68.09552114493287], [32.69556544854363, 39.408120990476064, 38.3275357934736, 36.796738985948195, 12.0, 0.0, 36.05551275463989, 35.38361202590826, 30.0, 62.96824596572466], [12.529964086141668, 71.16881339463234, 47.50789408087881, 65.92419889539804, 37.36308338453881, 36.05551275463989, 0.0, 30.463092423455635, 59.93329625508679, 97.98469268207153], [39.45883931389772, 74.41102068914255, 66.76076692189807, 72.18032973047436, 44.94441010848846, 35.38361202590826, 30.463092423455635, 0.0, 42.04759208325728, 83.09632964216891], [60.60528029800704, 49.040799340956916, 66.12866246946176, 51.478150704935004, 40.24922359499622, 30.0, 59.93329625508679, 42.04759208325728, 0.0, 41.048751503547585], [95.63472172804185, 52.478567053607705, 87.72684879784524, 59.64059020499378, 68.09552114493287, 62.96824596572466, 97.98469268207153, 83.09632964216891, 41.048751503547585, 0.0]], "task_locations": [[45, 89], [35, 27], [20, 64], [31, 34], [46, 59], [58, 59], [56, 95], [84, 83], [82, 41], [80, 0]], "precedence_constraints": [[6, 1], [3, 4], [2, 8]]}