{"Q": [[0, 1, 1], [1, 0, 1], [0, 1, 0]], "R": [[0.0, 0.0, 0.0], [1.0, 0.0, 0.0], [0.0, 1.0, 1.0], [0.0, 1.0, 0.0], [1.0, 1.0, 1.0], [1.0, 0.0, 0.0], [0.0, 1.0, 0.0], [1.0, 0.0, 0.0], [1.0, 1.0, 0.0], [0.0, 0.0, 0.0]], "T_e": [0, 91, 54, 90, 71, 90, 75, 74, 51, 0], "T_t": [[0.0, 67.06713054842886, 49.64876634922564, 35.510561809129406, 69.6419413859206, 93.15041599477696, 75.66372975210778, 60.40695324215582, 72.03471385380801, 74.63243262818116], [67.06713054842886, 0.0, 30.479501308256342, 68.8839603971781, 110.9414259868693, 80.77747210701756, 69.77822009767804, 71.58910531638176, 83.60023923410746, 40.44749683231337], [49.64876634922564, 30.479501308256342, 0.0, 39.84971769034255, 80.77747210701756, 58.034472514187634, 43.56604182158393, 41.617304093369626, 54.20332093147061, 26.248809496813376], [35.510561809129406, 68.8839603971781, 39.84971769034255, 0.0, 43.139309220245984, 60.959002616512684, 43.840620433565945, 26.076809620810597, 36.68787265568828, 55.57877292636101], [69.6419413859206, 110.9414259868693, 80.77747210701756, 43.139309220245984, 0.0, 72.78049189171504, 62.00806399170998, 45.70557952810576, 42.2965719651132, 88.76936408468859], [93.15041599477696, 80.77747210701756, 58.034472514187634, 60.959002616512684, 72.78049189171504, 0.0, 17.4928556845359, 35.38361202590826, 31.016124838541646, 40.85339643163099], [75.66372975210778, 69.77822009767804, 43.56604182158393, 43.840620433565945, 62.00806399170998, 17.4928556845359, 0.0, 19.235384061671343, 20.396078054371138, 33.24154027718932], [60.40695324215582, 71.58910531638176, 41.617304093369626, 26.076809620810597, 45.70557952810576, 35.38361202590826, 19.235384061671343, 0.0, 13.341664064126334, 43.32435804486894], [72.03471385380801, 83.60023923410746, 54.20332093147061, 36.68787265568828, 42.2965719651132, 31.016124838541646, 20.396078054371138, 13.341664064126334, 0.0, 51.62363799656123], [74.63243262818116, 40.44749683231337, 26.248809496813376, 55.57877292636101, 88.76936408468859, 40.85339643163099, 33.24154027718932, 43.32435804486894, 51.62363799656123, 0.0]], "task_locations": [[28, 99], [95, 96], [72, 76], [34, 64], [3, 34], [74, 18], [65, 33], [48, 42], [45, 29], [89, 56]], "precedence_constraints": [[4, 1], [6, 2], [3, 4], [2, 5], [4, 7], [6, 7]]}