{"Q": [[1, 1, 1], [1, 0, 0], [1, 0, 0]], "R": [[0.0, 0.0, 0.0], [0.0, 1.0, 0.0], [0.0, 0.0, 1.0], [0.0, 1.0, 1.0], [1.0, 1.0, 1.0], [1.0, 0.0, 1.0], [1.0, 1.0, 0.0], [1.0, 0.0, 0.0], [1.0, 0.0, 1.0], [0.0, 0.0, 0.0]], "T_e": [0, 55, 85, 85, 65, 69, 87, 80, 70, 0], "T_t": [[0.0, 37.656340767525464, 71.7007670809734, 95.88013350011565, 25.0, 59.481089431852205, 36.22154055254967, 30.083217912982647, 90.87353850269065, 67.11929677819934], [37.656340767525464, 0.0, 106.17438485811914, 123.79418403139947, 13.0, 87.72684879784524, 59.413803110051795, 59.405386961116584, 116.51609330903607, 63.0], [71.7007670809734, 106.17438485811914, 0.0, 37.656340767525464, 95.13148795220224, 28.861739379323623, 51.97114584074513, 47.53945729601885, 41.14608122288197, 92.5418824100742], [95.88013350011565, 123.79418403139947, 37.656340767525464, 0.0, 115.25623627379127, 36.61966684720111, 64.38167441127949, 66.2872536767062, 11.0, 89.1852005660132], [25.0, 13.0, 95.13148795220224, 115.25623627379127, 0.0, 78.74642849044012, 51.31276644267, 49.49747468305833, 108.72442227944924, 64.32728814430156], [59.481089431852205, 87.72684879784524, 28.861739379323623, 36.61966684720111, 78.74642849044012, 0.0, 28.600699292150182, 29.68164415931166, 31.622776601683793, 64.07027391856539], [36.22154055254967, 59.413803110051795, 51.97114584074513, 64.38167441127949, 51.31276644267, 28.600699292150182, 0.0, 10.63014581273465, 57.42821606144492, 45.617978911828175], [30.083217912982647, 59.405386961116584, 47.53945729601885, 66.2872536767062, 49.49747468305833, 29.68164415931166, 10.63014581273465, 0.0, 60.83584469702052, 55.569775957799216], [90.87353850269065, 116.51609330903607, 41.14608122288197, 11.0, 108.72442227944924, 31.622776601683793, 57.42821606144492, 60.83584469702052, 0.0, 78.77182237323191], [67.11929677819934, 63.0, 92.5418824100742, 89.1852005660132, 64.32728814430156, 64.07027391856539, 45.617978911828175, 55.569775957799216, 78.77182237323191, 0.0]], "task_locations": [[13, 38], [6, 1], [59, 93], [96, 86], [6, 14], [66, 65], [49, 42], [41, 49], [96, 75], [69, 1]], "precedence_constraints": [[8, 4], [3, 7], [6, 2], [5, 8]]}