{"Q": [[0, 1, 1], [1, 1, 1], [1, 1, 1]], "R": [[0.0, 0.0, 0.0], [0.0, 1.0, 0.0], [1.0, 1.0, 1.0], [1.0, 1.0, 1.0], [1.0, 0.0, 0.0], [1.0, 1.0, 1.0], [1.0, 0.0, 0.0], [0.0, 0.0, 1.0], [1.0, 1.0, 1.0], [0.0, 0.0, 0.0]], "T_e": [0, 61, 68, 63, 89, 58, 96, 91, 56, 0], "T_t": [[0.0, 83.48652585896721, 55.036351623268054, 54.67174773134658, 40.311288741492746, 73.43704787094863, 31.04834939252005, 67.95586803212802, 20.615528128088304, 22.47220505424423], [83.48652585896721, 0.0, 93.15041599477696, 48.54894437575342, 66.85057965343307, 19.72308292331602, 53.009433122794285, 66.48308055437865, 70.34912934784623, 62.00806399170998], [55.036351623268054, 93.15041599477696, 0.0, 44.721359549995796, 87.93179174792243, 94.92101980067429, 54.70831746635972, 35.05709628591621, 40.52159917870962, 50.695167422546305], [54.67174773134658, 48.54894437575342, 44.721359549995796, 0.0, 65.5133574166368, 53.009433122794285, 29.546573405388315, 22.561028345356956, 34.66987164671943, 34.20526275297414], [40.311288741492746, 66.85057965343307, 87.93179174792243, 65.5133574166368, 0.0, 49.658836071740545, 37.05401462729781, 86.46964785403026, 47.43416490252569, 37.656340767525464], [73.43704787094863, 19.72308292331602, 94.92101980067429, 53.009433122794285, 49.658836071740545, 0.0, 45.880278987817846, 74.30343195303969, 64.62197768561404, 54.405882034941776], [31.04834939252005, 53.009433122794285, 54.70831746635972, 29.546573405388315, 37.05401462729781, 45.880278987817846, 0.0, 49.49747468305833, 18.788294228055936, 9.0], [67.95586803212802, 66.48308055437865, 35.05709628591621, 22.561028345356956, 86.46964785403026, 74.30343195303969, 49.49747468305833, 0.0, 47.50789408087881, 51.54609587543949], [20.615528128088304, 70.34912934784623, 40.52159917870962, 34.66987164671943, 47.43416490252569, 64.62197768561404, 18.788294228055936, 47.50789408087881, 0.0, 11.313708498984761], [22.47220505424423, 62.00806399170998, 50.695167422546305, 34.20526275297414, 37.656340767525464, 54.405882034941776, 9.0, 51.54609587543949, 11.313708498984761, 0.0]], "task_locations": [[86, 57], [3, 48], [84, 2], [44, 22], [58, 86], [13, 65], [56, 49], [49, 0], [73, 41], [65, 49]], "precedence_constraints": [[5, 1], [7, 2], [3, 5], [7, 3], [4, 6], [8, 1]]}