{"Q": [[1, 0, 1], [0, 1, 0], [1, 0, 1]], "R": [[0.0, 0.0, 0.0], [1.0, 0.0, 1.0], [0.0, 1.0, 1.0], [1.0, 0.0, 1.0], [1.0, 1.0, 0.0], [1.0, 0.0, 0.0], [1.0, 1.0, 0.0], [0.0, 1.0, 1.0], [0.0, 1.0, 0.0], [0.0, 0.0, 0.0]], "T_e": [0, 95, 97, 88, 85, 60, 74, 88, 81, 0], "T_t": [[0.0, 41.593268686170845, 30.01666203960727, 53.9351462406472, 41.10960958218893, 1.4142135623730951, 33.54101966249684, 59.09314681077663, 56.32051136131489, 23.600847442411894], [41.593268686170845, 0.0, 37.64306044943742, 85.98255637046388, 65.11528238439882, 42.941821107167776, 75.13321502504735, 74.14849964766651, 75.96051605933177, 37.589892258425], [30.01666203960727, 37.64306044943742, 0.0, 83.72574275573791, 28.0178514522438, 31.064449134018133, 54.644304369257, 87.09190547921202, 85.32877591996736, 47.53945729601885], [53.9351462406472, 85.98255637046388, 83.72574275573791, 0.0, 85.70297544426332, 52.773099207835045, 42.941821107167776, 34.0147027033899, 26.019223662515376, 48.60041152089147], [41.10960958218893, 65.11528238439882, 28.0178514522438, 85.70297544426332, 0.0, 41.23105625617661, 46.09772228646444, 99.12618221237011, 95.25754563287887, 64.35060217278468], [1.4142135623730951, 42.941821107167776, 31.064449134018133, 52.773099207835045, 41.23105625617661, 0.0, 32.202484376209235, 58.60034129593445, 55.65968020030299, 23.853720883753127], [33.54101966249684, 75.13321502504735, 54.644304369257, 42.941821107167776, 46.09772228646444, 32.202484376209235, 0.0, 66.61080993352356, 60.30754513325841, 49.01020301937138], [59.09314681077663, 74.14849964766651, 87.09190547921202, 34.0147027033899, 99.12618221237011, 58.60034129593445, 66.61080993352356, 0.0, 8.0, 40.311288741492746], [56.32051136131489, 75.96051605933177, 85.32877591996736, 26.019223662515376, 95.25754563287887, 55.65968020030299, 60.30754513325841, 8.0, 0.0, 40.11234224026316], [23.600847442411894, 37.589892258425, 47.53945729601885, 48.60041152089147, 64.35060217278468, 23.853720883753127, 49.01020301937138, 40.311288741492746, 40.11234224026316, 0.0]], "task_locations": [[41, 59], [22, 96], [11, 60], [94, 49], [10, 32], [42, 58], [56, 29], [95, 83], [95, 75], [55, 78]], "precedence_constraints": [[3, 5], [3, 4]]}