{"Q": [[0, 1, 0], [0, 0, 1], [1, 0, 0]], "R": [[0.0, 0.0, 0.0], [0.0, 1.0, 1.0], [1.0, 1.0, 1.0], [1.0, 1.0, 0.0], [0.0, 0.0, 1.0], [0.0, 1.0, 1.0], [0.0, 1.0, 1.0], [0.0, 1.0, 1.0], [0.0, 1.0, 1.0], [0.0, 0.0, 0.0]], "T_e": [0, 78, 83, 71, 51, 52, 70, 56, 74, 0], "T_t": [[0.0, 64.77653896280658, 88.76936408468859, 48.041648597857254, 83.3606621854697, 70.21395872616783, 43.41658669218482, 93.43446901438462, 6.4031242374328485, 57.4543296888929], [64.77653896280658, 0.0, 25.059928172283335, 20.0, 18.681541692269406, 77.98717843338096, 51.31276644267, 53.23532661682466, 60.207972893961475, 51.73973328110612], [88.76936408468859, 25.059928172283335, 0.0, 44.94441010848846, 8.06225774829855, 86.82165628459296, 66.94027188471824, 44.384682042344295, 83.74365647617735, 62.16912416947821], [48.041648597857254, 20.0, 44.94441010848846, 0.0, 38.01315561749642, 79.1580697086532, 48.25971404805462, 68.30812543175226, 44.553338819890925, 54.08326913195984], [83.3606621854697, 18.681541692269406, 8.06225774829855, 38.01315561749642, 0.0, 87.6184911990614, 65.19202405202648, 49.72926703662542, 78.63841300535, 62.12889826803627], [70.21395872616783, 77.98717843338096, 86.82165628459296, 79.1580697086532, 87.6184911990614, 0.0, 32.01562118716424, 56.32051136131489, 64.6297145282261, 26.248809496813376], [43.41658669218482, 51.31276644267, 66.94027188471824, 48.25971404805462, 65.19202405202648, 32.01562118716424, 0.0, 54.120236510939236, 37.12142238654117, 14.212670403551895], [93.43446901438462, 53.23532661682466, 44.384682042344295, 68.30812543175226, 49.72926703662542, 56.32051136131489, 54.120236510939236, 0.0, 87.11486669908874, 41.43669871020132], [6.4031242374328485, 60.207972893961475, 83.74365647617735, 44.553338819890925, 78.63841300535, 64.6297145282261, 37.12142238654117, 87.11486669908874, 0.0, 51.10772935672255], [57.4543296888929, 51.73973328110612, 62.16912416947821, 54.08326913195984, 62.12889826803627, 26.248809496813376, 14.212670403551895, 41.43669871020132, 51.10772935672255, 0.0]], "task_locations": [[4, 7], [14, 71], [26, 93], [2, 55], [19, 89], [73, 20], [42, 28], [67, 76], [9, 11], [53, 37]], "precedence_constraints": [[6, 3], [8, 5], [4, 8]]}