{"Q": [[0, 1, 1], [1, 1, 0], [1, 0, 1]], "R": [[0.0, 0.0, 0.0], [0.0, 1.0, 0.0], [0.0, 1.0, 1.0], [0.0, 1.0, 0.0], [0.0, 0.0, 1.0], [0.0, 0.0, 1.0], [0.0, 0.0, 1.0], [1.0, 0.0, 0.0], [1.0, 1.0, 1.0], [0.0, 0.0, 0.0]], "T_e": [0, 52, 79, 79, 87, 67, 76, 88, 78, 0], "T_t": [[0.0, 27.730849247724095, 92.11405973031478, 68.24954212300622, 11.661903789690601, 73.824115301167, 64.40496875241847, 81.00617260431454, 69.85699678629192, 58.59180830116101], [27.730849247724095, 0.0, 64.63745044476924, 44.77722635447622, 19.1049731745428, 48.010415536631214, 36.6742416417845, 57.0701322935211, 56.71860364994893, 30.886890422961002], [92.11405973031478, 64.63745044476924, 0.0, 35.22782990761707, 81.88406438373708, 38.3275357934736, 29.0, 48.093658625644196, 64.8459713474939, 34.058772731852805], [68.24954212300622, 44.77722635447622, 35.22782990761707, 0.0, 56.72741841473134, 51.61395160225576, 29.154759474226502, 64.40496875241847, 30.886890422961002, 27.51363298439521], [11.661903789690601, 19.1049731745428, 81.88406438373708, 56.72741841473134, 0.0, 67.00746227100382, 55.02726596879042, 75.53806987208503, 58.855755878248644, 49.040799340956916], [73.824115301167, 48.010415536631214, 38.3275357934736, 51.61395160225576, 67.00746227100382, 0.0, 22.67156809750927, 12.806248474865697, 80.61017305526642, 26.40075756488817], [64.40496875241847, 36.6742416417845, 29.0, 29.154759474226502, 55.02726596879042, 22.67156809750927, 0.0, 35.4682957019364, 58.0, 6.082762530298219], [81.00617260431454, 57.0701322935211, 48.093658625644196, 64.40496875241847, 75.53806987208503, 12.806248474865697, 35.4682957019364, 0.0, 93.34880824091971, 38.948684188300895], [69.85699678629192, 56.71860364994893, 64.8459713474939, 30.886890422961002, 58.855755878248644, 80.61017305526642, 58.0, 93.34880824091971, 0.0, 54.56189146281496], [58.59180830116101, 30.886890422961002, 34.058772731852805, 27.51363298439521, 49.040799340956916, 26.40075756488817, 6.082762530298219, 38.948684188300895, 54.56189146281496, 0.0]], "task_locations": [[74, 10], [62, 35], [25, 88], [21, 53], [64, 16], [63, 83], [46, 68], [73, 91], [6, 26], [47, 62]], "precedence_constraints": [[7, 8], [7, 5], [3, 2]]}