{"Q": [[1, 0, 0], [0, 1, 1], [1, 0, 0]], "R": [[0.0, 0.0, 0.0], [1.0, 1.0, 1.0], [1.0, 0.0, 0.0], [0.0, 1.0, 1.0], [1.0, 1.0, 0.0], [0.0, 0.0, 1.0], [0.0, 0.0, 1.0], [1.0, 0.0, 1.0], [1.0, 1.0, 1.0], [0.0, 0.0, 0.0]], "T_e": [0, 50, 53, 63, 93, 87, 92, 95, 55, 0], "T_t": [[0.0, 110.98198051936178, 21.540659228538015, 92.61749294814668, 104.29285689825551, 82.365041127896, 4.0, 69.3757882838098, 11.045361017187261, 55.57877292636101], [110.98198051936178, 0.0, 116.77756633874505, 39.56008088970496, 8.0, 29.068883707497267, 113.1591799192624, 76.4198926981712, 104.65658125507444, 77.52418977325722], [21.540659228538015, 116.77756633874505, 0.0, 105.11898020814318, 111.01801655587259, 87.72684879784524, 17.88854381999832, 87.5728268357257, 31.78049716414141, 48.507731342539614], [92.61749294814668, 39.56008088970496, 105.11898020814318, 0.0, 32.202484376209235, 36.24913792078372, 95.80187889597991, 39.45883931389772, 83.54639429682169, 81.02468759581859], [104.29285689825551, 8.0, 111.01801655587259, 32.202484376209235, 0.0, 23.600847442411894, 106.60675400742676, 68.46897107449476, 97.6165969494942, 73.824115301167], [82.365041127896, 29.068883707497267, 87.72684879784524, 36.24913792078372, 23.600847442411894, 0.0, 84.38009243891595, 60.37383539249432, 76.69419795525604, 50.92150822589606], [4.0, 113.1591799192624, 17.88854381999832, 95.80187889597991, 106.60675400742676, 84.38009243891595, 0.0, 73.24616030891995, 15.033296378372908, 55.14526271584895], [69.3757882838098, 76.4198926981712, 87.5728268357257, 39.45883931389772, 68.46897107449476, 60.37383539249432, 73.24616030891995, 0.0, 58.52349955359813, 83.6301381082203], [11.045361017187261, 104.65658125507444, 31.78049716414141, 83.54639429682169, 97.6165969494942, 76.69419795525604, 15.033296378372908, 58.52349955359813, 0.0, 57.245087125446844], [55.57877292636101, 77.52418977325722, 48.507731342539614, 81.02468759581859, 73.824115301167, 50.92150822589606, 55.14526271584895, 83.6301381082203, 57.245087125446844, 0.0]], "task_locations": [[22, 5], [81, 99], [2, 13], [95, 62], [81, 91], [62, 77], [18, 5], [89, 23], [33, 6], [14, 60]], "precedence_constraints": [[1, 5]]}