{"Q": [[0, 1, 1], [0, 1, 0], [1, 0, 0]], "R": [[0.0, 0.0, 0.0], [1.0, 0.0, 0.0], [1.0, 0.0, 0.0], [1.0, 0.0, 1.0], [1.0, 1.0, 0.0], [0.0, 0.0, 1.0], [1.0, 0.0, 1.0], [1.0, 1.0, 1.0], [1.0, 1.0, 1.0], [0.0, 0.0, 0.0]], "T_e": [0, 68, 87, 61, 98, 75, 94, 62, 66, 0], "T_t": [[0.0, 10.198039027185569, 47.38143096192854, 81.32035415564789, 76.11832893594026, 25.612496949731394, 87.82368700982668, 38.897300677553446, 53.46026561849464, 62.64982043070834], [10.198039027185569, 0.0, 56.08029957123981, 91.48223871331527, 86.31338250816034, 31.622776601683793, 97.51410154434076, 48.05205510693585, 63.198101237299845, 72.3394774656273], [47.38143096192854, 56.08029957123981, 0.0, 46.32493928760188, 46.95742752749558, 56.61271941887264, 70.9365914038728, 46.17358552246078, 45.617978911828175, 51.86520991955976], [81.32035415564789, 91.48223871331527, 46.32493928760188, 0.0, 10.44030650891055, 75.45197147855052, 36.138621999185304, 53.907327887774215, 39.05124837953327, 35.77708763999664], [76.11832893594026, 86.31338250816034, 46.95742752749558, 10.44030650891055, 0.0, 67.60177512462228, 27.730849247724095, 45.48626166217664, 29.732137494637012, 25.553864678361276], [25.612496949731394, 31.622776601683793, 56.61271941887264, 75.45197147855052, 67.60177512462228, 0.0, 71.449282711585, 22.47220505424423, 39.21734310225516, 47.29693436154187], [87.82368700982668, 97.51410154434076, 70.9365914038728, 36.138621999185304, 27.730849247724095, 71.449282711585, 0.0, 50.0, 34.36568055487916, 25.179356624028344], [38.897300677553446, 48.05205510693585, 46.17358552246078, 53.907327887774215, 45.48626166217664, 22.47220505424423, 50.0, 0.0, 16.76305461424021, 25.179356624028344], [53.46026561849464, 63.198101237299845, 45.617978911828175, 39.05124837953327, 29.732137494637012, 39.21734310225516, 34.36568055487916, 16.76305461424021, 0.0, 9.219544457292887], [62.64982043070834, 72.3394774656273, 51.86520991955976, 35.77708763999664, 25.553864678361276, 47.29693436154187, 25.179356624028344, 25.179356624028344, 9.219544457292887, 0.0]], "task_locations": [[89, 78], [99, 80], [56, 44], [11, 55], [14, 65], [73, 98], [2, 90], [52, 90], [36, 85], [27, 87]], "precedence_constraints": [[6, 7], [2, 4], [4, 6], [6, 3]]}