{"Q": [[1, 0, 1], [0, 1, 0], [1, 0, 0]], "R": [[0.0, 0.0, 0.0], [1.0, 1.0, 1.0], [1.0, 0.0, 0.0], [0.0, 0.0, 1.0], [1.0, 0.0, 0.0], [1.0, 1.0, 1.0], [1.0, 0.0, 1.0], [1.0, 0.0, 0.0], [1.0, 1.0, 1.0], [0.0, 0.0, 0.0]], "T_e": [0, 87, 50, 57, 53, 80, 55, 52, 68, 0], "T_t": [[0.0, 38.948684188300895, 47.80167361086848, 30.0, 43.86342439892262, 22.847319317591726, 47.16990566028302, 26.019223662515376, 42.20189569201838, 58.54912467321779], [38.948684188300895, 0.0, 57.21887800367987, 52.23983154643591, 51.15662224971465, 43.04648650006177, 86.09297300012354, 19.697715603592208, 80.99382692526635, 92.65527507918802], [47.80167361086848, 57.21887800367987, 0.0, 77.80102827083971, 6.082762530298219, 70.178344238091, 70.21395872616783, 39.11521443121589, 64.32728814430156, 98.41239759298622], [30.0, 52.23983154643591, 77.80102827083971, 0.0, 73.7563556583431, 9.486832980505138, 53.71219600798314, 49.64876634922564, 51.54609587543949, 43.08131845707603], [43.86342439892262, 51.15662224971465, 6.082762530298219, 73.7563556583431, 0.0, 65.80273550544841, 70.34912934784623, 33.24154027718932, 64.38167441127949, 96.66436778875658], [22.847319317591726, 43.04648650006177, 70.178344238091, 9.486832980505138, 65.80273550544841, 0.0, 55.47071299343465, 40.311288741492746, 52.354560450833695, 50.695167422546305], [47.16990566028302, 86.09297300012354, 70.21395872616783, 53.71219600798314, 70.34912934784623, 55.47071299343465, 0.0, 70.9365914038728, 6.0, 37.589892258425], [26.019223662515376, 19.697715603592208, 39.11521443121589, 49.64876634922564, 33.24154027718932, 40.311288741492746, 70.9365914038728, 0.0, 65.39113089708727, 84.29116205154607], [42.20189569201838, 80.99382692526635, 64.32728814430156, 51.54609587543949, 64.38167441127949, 52.354560450833695, 6.0, 65.39113089708727, 0.0, 40.80441152620633], [58.54912467321779, 92.65527507918802, 98.41239759298622, 43.08131845707603, 96.66436778875658, 50.695167422546305, 37.589892258425, 84.29116205154607, 40.80441152620633, 0.0]], "task_locations": [[57, 38], [76, 4], [19, 9], [81, 56], [25, 8], [78, 47], [32, 78], [58, 12], [32, 72], [65, 96]], "precedence_constraints": [[6, 3], [4, 2], [8, 1], [3, 7], [4, 1], [1, 3]]}