{"Q": [[1, 0, 1], [0, 1, 0], [1, 0, 0]], "R": [[0.0, 0.0, 0.0], [0.0, 1.0, 0.0], [0.0, 1.0, 1.0], [0.0, 1.0, 0.0], [1.0, 0.0, 0.0], [0.0, 0.0, 1.0], [0.0, 1.0, 0.0], [1.0, 0.0, 1.0], [0.0, 0.0, 1.0], [0.0, 0.0, 0.0]], "T_e": [0, 68, 72, 71, 72, 81, 59, 51, 50, 0], "T_t": [[0.0, 29.154759474226502, 34.828149534535996, 37.8549864614954, 34.539832078341085, 12.36931687685298, 52.0, 62.64982043070834, 38.41874542459709, 65.19202405202648], [29.154759474226502, 0.0, 16.76305461424021, 43.60045871318328, 5.385164807134504, 20.518284528683193, 27.313000567495326, 72.00694410957877, 54.42425929675111, 38.8329756778952], [34.828149534535996, 16.76305461424021, 0.0, 31.622776601683793, 17.204650534085253, 31.622776601683793, 40.36087214122113, 59.0592922409336, 46.09772228646444, 31.38470965295043], [37.8549864614954, 43.60045871318328, 31.622776601683793, 0.0, 46.647615158762406, 44.721359549995796, 70.49113419430843, 28.42534080710379, 17.46424919657298, 57.3149195236284], [34.539832078341085, 5.385164807134504, 17.204650534085253, 46.647615158762406, 0.0, 25.612496949731394, 23.853720883753127, 74.88658090739622, 58.52349955359813, 34.48187929913333], [12.36931687685298, 20.518284528683193, 31.622776601683793, 44.721359549995796, 25.612496949731394, 0.0, 40.11234224026316, 71.61005515987263, 48.83646178829912, 59.033888572581766], [52.0, 27.313000567495326, 40.36087214122113, 70.49113419430843, 23.853720883753127, 40.11234224026316, 0.0, 98.73702446397704, 81.70679286326198, 43.104524124504614], [62.64982043070834, 72.00694410957877, 59.0592922409336, 28.42534080710379, 74.88658090739622, 71.61005515987263, 98.73702446397704, 0.0, 25.709920264364882, 79.90619500389191], [38.41874542459709, 54.42425929675111, 46.09772228646444, 17.46424919657298, 58.52349955359813, 48.83646178829912, 81.70679286326198, 25.709920264364882, 0.0, 74.14849964766651], [65.19202405202648, 38.8329756778952, 31.38470965295043, 57.3149195236284, 34.48187929913333, 59.033888572581766, 43.104524124504614, 79.90619500389191, 74.14849964766651, 0.0]], "task_locations": [[62, 26], [35, 37], [40, 53], [70, 63], [30, 39], [50, 23], [10, 26], [92, 81], [86, 56], [13, 69]], "precedence_constraints": [[1, 5], [4, 8], [4, 2]]}