{"Q": [[1, 1, 0], [0, 1, 1], [0, 1, 0]], "R": [[0.0, 0.0, 0.0], [1.0, 1.0, 0.0], [0.0, 1.0, 1.0], [1.0, 0.0, 1.0], [0.0, 1.0, 0.0], [1.0, 1.0, 0.0], [0.0, 1.0, 0.0], [1.0, 1.0, 1.0], [0.0, 1.0, 0.0], [0.0, 0.0, 0.0]], "T_e": [0, 50, 66, 90, 71, 97, 96, 91, 93, 0], "T_t": [[0.0, 35.0, 60.530983801686226, 59.22837157984339, 55.00909015790027, 62.64982043070834, 64.19501538281614, 68.96375859826666, 88.88756943465155, 49.24428900898052], [35.0, 0.0, 73.81734213584231, 62.39390995922599, 64.66065264130884, 57.706152185014034, 32.802438933713454, 36.89173349139343, 56.356011214421486, 53.665631459994955], [60.530983801686226, 73.81734213584231, 0.0, 20.09975124224178, 10.295630140987, 34.132096331752024, 79.75587752636166, 108.97706180660222, 99.02019995940222, 22.47220505424423], [59.22837157984339, 62.39390995922599, 20.09975124224178, 0.0, 11.40175425099138, 14.035668847618199, 62.00806399170998, 94.86832980505137, 79.7057087039567, 10.04987562112089], [55.00909015790027, 64.66065264130884, 10.295630140987, 11.40175425099138, 0.0, 25.079872407968907, 69.46221994724903, 99.24716620639605, 88.86506625215557, 12.206555615733702], [62.64982043070834, 57.706152185014034, 34.132096331752024, 14.035668847618199, 25.079872407968907, 0.0, 50.93132631298737, 86.76981041814025, 66.64833081180653, 17.4928556845359], [64.19501538281614, 32.802438933713454, 79.75587752636166, 62.00806399170998, 69.46221994724903, 50.93132631298737, 0.0, 40.311288741492746, 24.73863375370596, 57.30619512757761], [68.96375859826666, 36.89173349139343, 108.97706180660222, 94.86832980505137, 99.24716620639605, 86.76981041814025, 40.311288741492746, 0.0, 49.76946855251722, 87.45856161634491], [88.88756943465155, 56.356011214421486, 99.02019995940222, 79.7057087039567, 88.86506625215557, 66.64833081180653, 24.73863375370596, 49.76946855251722, 0.0, 77.20103626247513], [49.24428900898052, 53.665631459994955, 22.47220505424423, 10.04987562112089, 12.206555615733702, 17.4928556845359, 57.30619512757761, 87.45856161634491, 77.20103626247513, 0.0]], "task_locations": [[69, 87], [69, 52], [9, 95], [11, 75], [14, 86], [12, 61], [49, 26], [89, 21], [43, 2], [21, 76]], "precedence_constraints": [[4, 1], [3, 8], [7, 2]]}