{"Q": [[0, 0, 1], [1, 0, 1], [1, 1, 0]], "R": [[0.0, 0.0, 0.0], [0.0, 1.0, 0.0], [1.0, 1.0, 1.0], [1.0, 0.0, 1.0], [0.0, 1.0, 0.0], [1.0, 0.0, 0.0], [0.0, 0.0, 1.0], [0.0, 0.0, 1.0], [0.0, 1.0, 1.0], [0.0, 0.0, 0.0]], "T_e": [0, 79, 84, 79, 76, 95, 53, 83, 92, 0], "T_t": [[0.0, 33.52610922848042, 97.86214794290998, 63.00793600809346, 30.886890422961002, 64.62197768561404, 73.68174807915459, 48.507731342539614, 57.271284253105414, 14.422205101855956], [33.52610922848042, 0.0, 64.47480127925948, 33.015148038438355, 24.041630560342615, 44.04543109109048, 40.162171256046406, 63.15853069855251, 32.55764119219941, 24.08318915758459], [97.86214794290998, 64.47480127925948, 0.0, 40.01249804748511, 76.53103945458993, 67.53517601961218, 24.698178070456937, 118.79393923933998, 59.405386961116584, 86.40023148117139], [63.00793600809346, 33.015148038438355, 40.01249804748511, 0.0, 37.36308338453881, 61.66036003787198, 23.600847442411894, 95.71311299921238, 49.25444142409901, 49.73932046178355], [30.886890422961002, 24.041630560342615, 76.53103945458993, 37.36308338453881, 0.0, 68.01470429252781, 55.14526271584895, 75.4254598925323, 56.586217403180434, 16.55294535724685], [64.62197768561404, 44.04543109109048, 67.53517601961218, 61.66036003787198, 68.01470429252781, 0.0, 48.05205510693585, 58.180752831155424, 12.649110640673518, 63.245553203367585], [73.68174807915459, 40.162171256046406, 24.698178070456937, 23.600847442411894, 55.14526271584895, 48.05205510693585, 0.0, 94.92101980067429, 37.69615364994153, 62.96824596572466], [48.507731342539614, 63.15853069855251, 118.79393923933998, 95.71311299921238, 75.4254598925323, 58.180752831155424, 94.92101980067429, 0.0, 60.802960454241045, 60.00833275470999], [57.271284253105414, 32.55764119219941, 59.405386961116584, 49.25444142409901, 56.586217403180434, 12.649110640673518, 37.69615364994153, 60.802960454241045, 0.0, 53.665631459994955], [14.422205101855956, 24.08318915758459, 86.40023148117139, 49.73932046178355, 16.55294535724685, 63.245553203367585, 62.96824596572466, 60.00833275470999, 53.665631459994955, 0.0]], "task_locations": [[50, 95], [60, 63], [86, 4], [87, 44], [77, 80], [26, 35], [73, 25], [2, 88], [38, 39], [62, 87]], "precedence_constraints": [[4, 7], [4, 5], [7, 1], [8, 7], [2, 5], [3, 7]]}