{"Q": [[0, 1, 1], [0, 0, 1], [1, 1, 1]], "R": [[0.0, 0.0, 0.0], [0.0, 0.0, 1.0], [0.0, 0.0, 1.0], [0.0, 1.0, 1.0], [0.0, 0.0, 1.0], [1.0, 0.0, 0.0], [0.0, 1.0, 0.0], [1.0, 1.0, 1.0], [0.0, 0.0, 1.0], [0.0, 0.0, 0.0]], "T_e": [0, 80, 59, 51, 96, 50, 60, 79, 59, 0], "T_t": [[0.0, 87.31551981177229, 60.802960454241045, 90.33825324855468, 19.924858845171276, 54.589376255824725, 31.78049716414141, 59.682493245507096, 88.11923740024082, 55.71355310873648], [87.31551981177229, 0.0, 73.79024325749306, 10.04987562112089, 67.4166151627327, 35.608987629529715, 69.00724599634447, 31.016124838541646, 71.11258679024411, 65.7875368135941], [60.802960454241045, 73.79024325749306, 0.0, 82.46211251235322, 51.61395160225576, 44.28317965096906, 74.30343195303969, 67.02984409947557, 29.427877939124322, 92.65527507918802], [90.33825324855468, 10.04987562112089, 82.46211251235322, 0.0, 70.71067811865476, 41.86884283091664, 68.8839603971781, 31.32091952673165, 81.05553651663777, 62.16912416947821], [19.924858845171276, 67.4166151627327, 51.61395160225576, 70.71067811865476, 0.0, 35.05709628591621, 23.769728648009426, 40.607881008493905, 75.43208866258443, 46.010868281309364], [54.589376255824725, 35.608987629529715, 44.28317965096906, 41.86884283091664, 35.05709628591621, 0.0, 46.06517122512408, 23.194827009486403, 54.56189146281496, 55.60575509783138], [31.78049716414141, 69.00724599634447, 74.30343195303969, 68.8839603971781, 23.769728648009426, 46.06517122512408, 0.0, 38.05259518088089, 95.524865872714, 24.041630560342615], [59.682493245507096, 31.016124838541646, 67.02984409947557, 31.32091952673165, 40.607881008493905, 23.194827009486403, 38.05259518088089, 0.0, 76.89603370785778, 37.44329045369811], [88.11923740024082, 71.11258679024411, 29.427877939124322, 81.05553651663777, 75.43208866258443, 54.56189146281496, 95.524865872714, 76.89603370785778, 0.0, 109.60383204979651], [55.71355310873648, 65.7875368135941, 92.65527507918802, 62.16912416947821, 46.010868281309364, 55.60575509783138, 24.041630560342615, 37.44329045369811, 109.60383204979651, 0.0]], "task_locations": [[6, 44], [88, 74], [55, 8], [87, 84], [25, 50], [60, 52], [19, 73], [57, 75], [84, 3], [26, 96]], "precedence_constraints": [[8, 7], [8, 3], [6, 7], [8, 2], [7, 2]]}