{"Q": [[1, 1, 1], [1, 0, 0], [0, 1, 0]], "R": [[0.0, 0.0, 0.0], [1.0, 1.0, 0.0], [1.0, 1.0, 1.0], [0.0, 1.0, 1.0], [1.0, 0.0, 0.0], [1.0, 1.0, 1.0], [0.0, 1.0, 0.0], [1.0, 1.0, 0.0], [1.0, 1.0, 0.0], [0.0, 0.0, 0.0]], "T_e": [0, 65, 53, 86, 77, 53, 64, 52, 86, 0], "T_t": [[0.0, 112.50777750893491, 52.61178575186362, 29.068883707497267, 21.18962010041709, 71.58910531638176, 80.06247560499239, 49.040799340956916, 26.1725046566048, 71.449282711585], [112.50777750893491, 0.0, 66.52818951391959, 89.5377015563835, 91.80958555619343, 44.14748010928823, 47.53945729601885, 65.94694837519019, 108.2081327812286, 70.00714249274856], [52.61178575186362, 66.52818951391959, 0.0, 42.95346318982906, 32.01562118716424, 39.05124837953327, 27.459060435491963, 7.810249675906654, 42.01190307520001, 24.839484696748443], [29.068883707497267, 89.5377015563835, 42.95346318982906, 0.0, 20.248456731316587, 46.06517122512408, 67.26812023536856, 36.05551275463989, 44.40720662234904, 67.23094525588644], [21.18962010041709, 91.80958555619343, 32.01562118716424, 20.248456731316587, 0.0, 52.49761899362675, 59.30430001273095, 27.892651361962706, 25.019992006393608, 53.16013544000805], [71.58910531638176, 44.14748010928823, 39.05124837953327, 46.06517122512408, 52.49761899362675, 0.0, 42.20189569201838, 33.734255586866, 73.824115301167, 57.56735185849702], [80.06247560499239, 47.53945729601885, 27.459060435491963, 67.26812023536856, 59.30430001273095, 42.20189569201838, 0.0, 32.01562118716424, 67.53517601961218, 22.47220505424423], [49.040799340956916, 65.94694837519019, 7.810249675906654, 36.05551275463989, 27.892651361962706, 33.734255586866, 32.01562118716424, 0.0, 42.5205832509386, 32.55764119219941], [26.1725046566048, 108.2081327812286, 42.01190307520001, 44.40720662234904, 25.019992006393608, 73.824115301167, 67.53517601961218, 42.5205832509386, 0.0, 52.952809179494906], [71.449282711585, 70.00714249274856, 24.839484696748443, 67.23094525588644, 53.16013544000805, 57.56735185849702, 22.47220505424423, 32.55764119219941, 52.952809179494906, 0.0]], "task_locations": [[27, 2], [84, 99], [35, 54], [53, 15], [34, 22], [74, 56], [40, 81], [41, 49], [9, 21], [19, 73]], "precedence_constraints": [[5, 7], [5, 1]]}