{"Q": [[0, 1, 0], [0, 0, 1], [1, 1, 0]], "R": [[0.0, 0.0, 0.0], [0.0, 0.0, 1.0], [1.0, 0.0, 0.0], [0.0, 1.0, 0.0], [0.0, 1.0, 1.0], [1.0, 0.0, 1.0], [1.0, 0.0, 0.0], [1.0, 1.0, 0.0], [0.0, 1.0, 0.0], [0.0, 0.0, 0.0]], "T_e": [0, 68, 80, 55, 71, 50, 78, 69, 64, 0], "T_t": [[0.0, 20.223748416156685, 65.30696746902278, 92.57429448826494, 51.088159097779204, 32.55764119219941, 62.76941930590086, 43.18564576337837, 35.73513677041127, 86.05230967266364], [20.223748416156685, 0.0, 45.12205669071391, 73.57309290766564, 35.510561809129406, 25.317977802344327, 44.68780594300866, 36.138621999185304, 32.28002478313795, 66.0], [65.30696746902278, 45.12205669071391, 0.0, 33.83784863137726, 32.01562118716424, 53.150729063673246, 21.470910553583888, 57.0087712549569, 57.0087712549569, 24.166091947189145], [92.57429448826494, 73.57309290766564, 33.83784863137726, 0.0, 44.721359549995796, 86.31338250816034, 30.364452901377952, 90.80198235721508, 72.3394774656273, 38.118237105091836], [51.088159097779204, 35.510561809129406, 32.01562118716424, 44.721359549995796, 0.0, 57.0087712549569, 15.033296378372908, 65.76473218982953, 28.0178514522438, 55.758407437802596], [32.55764119219941, 25.317977802344327, 53.150729063673246, 86.31338250816034, 57.0087712549569, 0.0, 61.773780845922005, 11.180339887498949, 57.48912940721924, 66.85057965343307], [62.76941930590086, 44.68780594300866, 21.470910553583888, 30.364452901377952, 15.033296378372908, 61.773780845922005, 0.0, 68.70953354520753, 43.04648650006177, 43.18564576337837], [43.18564576337837, 36.138621999185304, 57.0087712549569, 90.80198235721508, 65.76473218982953, 11.180339887498949, 68.70953354520753, 0.0, 68.41052550594829, 66.88796603276258], [35.73513677041127, 32.28002478313795, 57.0087712549569, 72.3394774656273, 28.0178514522438, 57.48912940721924, 43.04648650006177, 68.41052550594829, 0.0, 81.15417426109393], [86.05230967266364, 66.0, 24.166091947189145, 38.118237105091836, 55.758407437802596, 66.85057965343307, 43.18564576337837, 66.88796603276258, 81.15417426109393, 0.0]], "task_locations": [[53, 13], [50, 33], [40, 77], [12, 96], [20, 52], [75, 37], [21, 67], [85, 42], [19, 24], [50, 99]], "precedence_constraints": [[6, 5], [6, 4]]}