{"Q": [[1, 1, 0], [1, 0, 1], [0, 1, 0]], "R": [[0.0, 0.0, 0.0], [1.0, 1.0, 0.0], [0.0, 1.0, 1.0], [1.0, 0.0, 0.0], [0.0, 0.0, 1.0], [0.0, 1.0, 1.0], [0.0, 1.0, 1.0], [1.0, 0.0, 0.0], [1.0, 0.0, 1.0], [0.0, 0.0, 0.0]], "T_e": [0, 65, 82, 60, 64, 79, 86, 70, 97, 0], "T_t": [[0.0, 58.180752831155424, 51.86520991955976, 27.65863337187866, 66.60330322138685, 79.40403012442127, 12.36931687685298, 80.0, 40.22437072223753, 46.09772228646444], [58.180752831155424, 0.0, 11.180339887498949, 79.20858539325141, 16.0312195418814, 23.021728866442675, 56.32051136131489, 40.311288741492746, 28.442925306655784, 76.96752561957543], [51.86520991955976, 11.180339887498949, 0.0, 70.43436661176133, 27.018512172212592, 33.54101966249684, 52.23983154643591, 35.35533905932738, 30.528675044947494, 66.18912297349165], [27.65863337187866, 79.20858539325141, 70.43436661176133, 0.0, 90.4267659490264, 101.86265262597475, 39.11521443121589, 90.13878188659973, 66.64082832618455, 29.154759474226502], [66.60330322138685, 16.0312195418814, 27.018512172212592, 90.4267659490264, 0.0, 14.317821063276353, 61.91122676865643, 53.25410782277739, 29.154759474226502, 91.4166286842826], [79.40403012442127, 23.021728866442675, 33.54101966249684, 101.86265262597475, 14.317821063276353, 0.0, 75.59100475585703, 49.64876634922564, 43.32435804486894, 99.72963451251589], [12.36931687685298, 56.32051136131489, 52.23983154643591, 39.11521443121589, 61.91122676865643, 75.59100475585703, 0.0, 83.86298349093002, 33.421549934136806, 58.309518948453004], [80.0, 40.311288741492746, 35.35533905932738, 90.13878188659973, 53.25410782277739, 49.64876634922564, 83.86298349093002, 0.0, 65.86349520030045, 74.06078584514209], [40.22437072223753, 28.442925306655784, 30.528675044947494, 66.64082832618455, 29.154759474226502, 43.32435804486894, 33.421549934136806, 65.86349520030045, 0.0, 75.1065909225016], [46.09772228646444, 76.96752561957543, 66.18912297349165, 29.154759474226502, 91.4166286842826, 99.72963451251589, 58.309518948453004, 74.06078584514209, 75.1065909225016, 0.0]], "task_locations": [[10, 56], [61, 28], [59, 39], [4, 83], [60, 12], [74, 9], [7, 44], [90, 56], [33, 23], [29, 98]], "precedence_constraints": [[3, 4], [2, 1], [3, 1]]}