{"Q": [[0, 1, 0], [1, 1, 1], [0, 0, 1]], "R": [[0.0, 0.0, 0.0], [0.0, 1.0, 1.0], [0.0, 0.0, 1.0], [1.0, 0.0, 0.0], [1.0, 1.0, 0.0], [1.0, 1.0, 0.0], [1.0, 0.0, 0.0], [0.0, 1.0, 0.0], [1.0, 0.0, 1.0], [0.0, 0.0, 0.0]], "T_e": [0, 94, 70, 75, 67, 57, 89, 84, 94, 0], "T_t": [[0.0, 70.00714249274856, 26.570660511172846, 11.045361017187261, 55.94640292279746, 91.21951545584969, 15.0, 110.39021695784459, 9.486832980505138, 81.39410298049853], [70.00714249274856, 0.0, 65.55150646628954, 72.00694410957877, 68.62215385719105, 63.198101237299845, 55.00909015790027, 80.15609770940699, 67.47592163134935, 17.204650534085253], [26.570660511172846, 65.55150646628954, 0.0, 37.36308338453881, 29.5296461204668, 68.24221567329127, 25.709920264364882, 86.55634003352961, 17.08800749063506, 71.7007670809734], [11.045361017187261, 72.00694410957877, 37.36308338453881, 0.0, 66.48308055437865, 99.90495483208028, 19.4164878389476, 119.33147112141039, 20.396078054371138, 85.07055894961546], [55.94640292279746, 68.62215385719105, 29.5296461204668, 66.48308055437865, 0.0, 43.965895873961216, 51.62363799656123, 60.03332407921454, 46.51881339845203, 67.4166151627327], [91.21951545584969, 63.198101237299845, 68.24221567329127, 99.90495483208028, 43.965895873961216, 0.0, 81.21576201698781, 19.72308292331602, 82.87943049997388, 51.24451190127583], [15.0, 55.00909015790027, 25.709920264364882, 19.4164878389476, 51.62363799656123, 81.21576201698781, 0.0, 100.80178569846865, 15.0, 66.70832032063167], [110.39021695784459, 80.15609770940699, 86.55634003352961, 119.33147112141039, 60.03332407921454, 19.72308292331602, 100.80178569846865, 0.0, 101.82337649086284, 66.18912297349165], [9.486832980505138, 67.47592163134935, 17.08800749063506, 20.396078054371138, 46.51881339845203, 82.87943049997388, 15.0, 101.82337649086284, 0.0, 77.23341245859851], [81.39410298049853, 17.204650534085253, 71.7007670809734, 85.07055894961546, 67.4166151627327, 51.24451190127583, 66.70832032063167, 66.18912297349165, 77.23341245859851, 0.0]], "task_locations": [[17, 2], [18, 72], [42, 11], [6, 1], [68, 25], [81, 67], [17, 17], [98, 77], [26, 5], [32, 82]], "precedence_constraints": [[6, 8], [2, 6], [4, 3], [7, 3], [1, 8]]}