{"Q": [[1, 1, 0], [1, 1, 1], [1, 1, 1]], "R": [[0.0, 0.0, 0.0], [0.0, 1.0, 0.0], [0.0, 1.0, 1.0], [1.0, 1.0, 1.0], [1.0, 0.0, 1.0], [0.0, 0.0, 1.0], [0.0, 1.0, 1.0], [0.0, 0.0, 1.0], [0.0, 1.0, 1.0], [0.0, 0.0, 0.0]], "T_e": [0, 77, 78, 63, 98, 52, 79, 70, 53, 0], "T_t": [[0.0, 53.45091205957107, 27.294688127912362, 68.42514157822401, 68.6804193347711, 70.45565981523414, 34.20526275297414, 78.74642849044012, 52.80151512977634, 72.56721022610694], [53.45091205957107, 0.0, 75.05997601918082, 48.05205510693585, 88.02272433866155, 74.81310045707235, 44.10215414239989, 67.60177512462228, 101.25709851659784, 109.20164833920778], [27.294688127912362, 75.05997601918082, 0.0, 95.71311299921238, 89.94442728707543, 95.58765610684259, 61.29437168288782, 105.60303025955268, 55.57877292636101, 84.48076704197234], [68.42514157822401, 48.05205510693585, 95.71311299921238, 0.0, 54.67174773134658, 34.20526275297414, 35.4400902933387, 20.024984394500787, 93.64827814754524, 85.88364221433555], [68.6804193347711, 88.02272433866155, 89.94442728707543, 54.67174773134658, 0.0, 22.47220505424423, 45.70557952810576, 43.657759905886145, 56.36488268416781, 34.36568055487916], [70.45565981523414, 74.81310045707235, 95.58765610684259, 34.20526275297414, 22.47220505424423, 0.0, 39.21734310225516, 21.18962010041709, 73.7563556583431, 56.515484603779164], [34.20526275297414, 44.10215414239989, 61.29437168288782, 35.4400902933387, 45.70557952810576, 39.21734310225516, 0.0, 44.598206241955516, 62.625873247404705, 65.29931086925804], [78.74642849044012, 67.60177512462228, 105.60303025955268, 20.024984394500787, 43.657759905886145, 21.18962010041709, 44.598206241955516, 0.0, 92.43916918709297, 77.62087348130012], [52.80151512977634, 101.25709851659784, 55.57877292636101, 93.64827814754524, 56.36488268416781, 73.7563556583431, 62.625873247404705, 92.43916918709297, 0.0, 33.61547262794322], [72.56721022610694, 109.20164833920778, 84.48076704197234, 85.88364221433555, 34.36568055487916, 56.515484603779164, 65.29931086925804, 77.62087348130012, 33.61547262794322, 0.0]], "task_locations": [[27, 63], [11, 12], [14, 87], [58, 2], [93, 44], [85, 23], [48, 36], [78, 3], [69, 95], [98, 78]], "precedence_constraints": [[8, 2], [6, 3], [4, 6], [5, 2]]}