{"Q": [[1, 1, 0], [0, 1, 1], [0, 1, 0]], "R": [[0.0, 0.0, 0.0], [1.0, 1.0, 0.0], [0.0, 1.0, 1.0], [0.0, 1.0, 0.0], [0.0, 1.0, 0.0], [1.0, 1.0, 1.0], [1.0, 1.0, 0.0], [0.0, 1.0, 0.0], [0.0, 1.0, 1.0], [0.0, 0.0, 0.0]], "T_e": [0, 69, 92, 56, 75, 82, 52, 80, 66, 0], "T_t": [[0.0, 60.74537019394976, 79.20227269466452, 17.4928556845359, 85.23496934944014, 43.68065933568311, 74.24957912338628, 73.348483283569, 66.40783086353596, 53.75872022286245], [60.74537019394976, 0.0, 42.95346318982906, 66.27216610312357, 28.0178514522438, 72.12489168102785, 31.25699921617557, 16.55294535724685, 6.0, 79.84985911070852], [79.20227269466452, 42.95346318982906, 0.0, 74.51845409024533, 31.400636936215164, 63.56886030125127, 12.083045973594572, 54.56189146281496, 44.598206241955516, 66.09841147864296], [17.4928556845359, 66.27216610312357, 74.51845409024533, 0.0, 86.97700845625813, 27.16615541441225, 72.20110802473879, 81.00617260431454, 72.24956747275377, 36.87817782917155], [85.23496934944014, 28.0178514522438, 31.400636936215164, 86.97700845625813, 0.0, 85.0235261559999, 21.540659228538015, 30.01666203960727, 25.079872407968907, 90.27181176868004], [43.68065933568311, 72.12489168102785, 63.56886030125127, 27.16615541441225, 85.0235261559999, 0.0, 65.76473218982953, 88.54377448471462, 77.88452991448301, 10.295630140987], [74.24957912338628, 31.25699921617557, 12.083045973594572, 72.20110802473879, 21.540659228538015, 65.76473218982953, 0.0, 42.485291572496, 32.57299494980466, 70.00714249274856], [73.348483283569, 16.55294535724685, 54.56189146281496, 81.00617260431454, 30.01666203960727, 88.54377448471462, 42.485291572496, 0.0, 11.40175425099138, 96.38464608017192], [66.40783086353596, 6.0, 44.598206241955516, 72.24956747275377, 25.079872407968907, 77.88452991448301, 32.57299494980466, 11.40175425099138, 0.0, 85.44003745317531], [53.75872022286245, 79.84985911070852, 66.09841147864296, 36.87817782917155, 90.27181176868004, 10.295630140987, 70.00714249274856, 96.38464608017192, 85.44003745317531, 0.0]], "task_locations": [[76, 95], [19, 74], [28, 32], [85, 80], [3, 51], [88, 53], [23, 43], [4, 81], [13, 74], [93, 44]], "precedence_constraints": [[3, 1], [8, 5], [2, 4], [2, 6], [3, 6], [1, 8]]}