{"Q": [[1, 1, 1], [1, 1, 1], [0, 0, 1]], "R": [[0.0, 0.0, 0.0], [1.0, 1.0, 1.0], [1.0, 1.0, 0.0], [1.0, 0.0, 0.0], [1.0, 0.0, 1.0], [0.0, 1.0, 0.0], [0.0, 1.0, 0.0], [0.0, 1.0, 1.0], [0.0, 1.0, 0.0], [0.0, 0.0, 0.0]], "T_e": [0, 58, 67, 95, 75, 80, 65, 55, 93, 0], "T_t": [[0.0, 67.77905281132217, 26.92582403567252, 52.81098370604357, 65.85590330410783, 26.92582403567252, 35.90264614203248, 60.07495318350236, 60.00833275470999, 61.84658438426491], [67.77905281132217, 0.0, 94.57801012920498, 43.965895873961216, 23.600847442411894, 48.91829923454004, 55.90169943749474, 22.20360331117452, 49.64876634922564, 40.11234224026316], [26.92582403567252, 94.57801012920498, 0.0, 76.6550715869472, 90.69729874698585, 52.0, 54.037024344425184, 86.57944328765345, 82.76472678623425, 86.37129152675674], [52.81098370604357, 43.965895873961216, 76.6550715869472, 0.0, 61.00819617067857, 26.0, 66.84309986827361, 22.360679774997898, 8.602325267042627, 10.198039027185569], [65.85590330410783, 23.600847442411894, 90.69729874698585, 61.00819617067857, 0.0, 55.94640292279746, 41.97618372363071, 42.44997055358225, 68.26419266350405, 60.01666435249463], [26.92582403567252, 48.91829923454004, 52.0, 26.0, 55.94640292279746, 0.0, 45.69463863518345, 35.4400902933387, 33.61547262794322, 34.92849839314596], [35.90264614203248, 55.90169943749474, 54.037024344425184, 66.84309986827361, 41.97618372363071, 45.69463863518345, 0.0, 61.05735008989499, 75.43208866258443, 72.13875518748573], [60.07495318350236, 22.20360331117452, 86.57944328765345, 22.360679774997898, 42.44997055358225, 35.4400902933387, 61.05735008989499, 0.0, 27.459060435491963, 18.0], [60.00833275470999, 49.64876634922564, 82.76472678623425, 8.602325267042627, 68.26419266350405, 33.61547262794322, 75.43208866258443, 27.459060435491963, 0.0, 10.295630140987], [61.84658438426491, 40.11234224026316, 86.37129152675674, 10.198039027185569, 60.01666435249463, 34.92849839314596, 72.13875518748573, 18.0, 10.295630140987, 0.0]], "task_locations": [[66, 25], [3, 50], [92, 18], [16, 8], [17, 69], [40, 18], [58, 60], [6, 28], [11, 1], [6, 10]], "precedence_constraints": [[4, 8], [7, 4], [5, 8]]}