{"Q": [[0, 1, 1], [0, 0, 1], [1, 1, 1]], "R": [[0.0, 0.0, 0.0], [0.0, 1.0, 0.0], [0.0, 1.0, 1.0], [0.0, 1.0, 0.0], [0.0, 0.0, 1.0], [1.0, 1.0, 1.0], [0.0, 0.0, 1.0], [1.0, 1.0, 1.0], [0.0, 1.0, 0.0], [0.0, 0.0, 0.0]], "T_e": [0, 67, 74, 87, 53, 73, 60, 80, 58, 0], "T_t": [[0.0, 25.495097567963924, 54.74486277268398, 38.0, 82.76472678623425, 45.69463863518345, 100.72239075796404, 80.26207074328447, 26.476404589747453, 47.70744176750625], [25.495097567963924, 0.0, 31.064449134018133, 18.601075237738275, 57.30619512757761, 53.23532661682466, 75.23961722390672, 54.91812087098393, 16.278820596099706, 40.718546143004666], [54.74486277268398, 31.064449134018133, 0.0, 18.35755975068582, 35.510561809129406, 62.42595614005443, 49.678969393496885, 35.34119409414458, 31.304951684997057, 37.69615364994153], [38.0, 18.601075237738275, 18.35755975068582, 0.0, 52.40229002629561, 46.51881339845203, 67.80117993073571, 51.40038910358559, 13.0, 26.076809620810597], [82.76472678623425, 57.30619512757761, 35.510561809129406, 52.40229002629561, 0.0, 97.9081201943945, 19.1049731745428, 4.47213595499958, 64.38167441127949, 72.89718787443039], [45.69463863518345, 53.23532661682466, 62.42595614005443, 46.51881339845203, 97.9081201943945, 0.0, 111.19802156513397, 97.41663102366043, 37.8549864614954, 27.202941017470888], [100.72239075796404, 75.23961722390672, 49.678969393496885, 67.80117993073571, 19.1049731745428, 111.19802156513397, 0.0, 23.0, 80.44874144447506, 84.81155581640984], [80.26207074328447, 54.91812087098393, 35.34119409414458, 51.40038910358559, 4.47213595499958, 97.41663102366043, 23.0, 0.0, 62.96824596572466, 73.00684899377592], [26.476404589747453, 16.278820596099706, 31.304951684997057, 13.0, 64.38167441127949, 37.8549864614954, 80.44874144447506, 62.96824596572466, 0.0, 25.238858928247925], [47.70744176750625, 40.718546143004666, 37.69615364994153, 26.076809620810597, 72.89718787443039, 27.202941017470888, 84.81155581640984, 73.00684899377592, 25.238858928247925, 0.0]], "task_locations": [[55, 95], [66, 72], [64, 41], [55, 57], [94, 22], [13, 77], [96, 3], [96, 26], [50, 69], [29, 55]], "precedence_constraints": [[3, 2], [7, 3], [1, 8]]}