{"Q": [[1, 0, 1], [1, 1, 0], [1, 1, 0]], "R": [[0.0, 0.0, 0.0], [1.0, 0.0, 1.0], [0.0, 1.0, 1.0], [1.0, 0.0, 1.0], [1.0, 0.0, 1.0], [1.0, 1.0, 1.0], [0.0, 1.0, 1.0], [1.0, 1.0, 0.0], [0.0, 1.0, 0.0], [0.0, 0.0, 0.0]], "T_e": [0, 66, 63, 54, 92, 78, 59, 82, 59, 0], "T_t": [[0.0, 6.0, 29.410882339705484, 22.360679774997898, 43.01162633521314, 41.677331968349414, 23.021728866442675, 33.28663395418648, 24.698178070456937, 36.0], [6.0, 0.0, 23.769728648009426, 17.204650534085253, 37.33630940518894, 39.0, 23.53720459187964, 36.87817782917155, 23.194827009486403, 36.49657518178932], [29.410882339705484, 23.769728648009426, 0.0, 8.06225774829855, 13.601470508735444, 27.892651361962706, 30.4138126514911, 59.033888572581766, 23.600847442411894, 38.897300677553446], [22.360679774997898, 17.204650534085253, 8.06225774829855, 0.0, 21.213203435596427, 26.019223662515376, 23.021728866442675, 53.74011537017761, 17.029386365926403, 32.802438933713454], [43.01162633521314, 37.33630940518894, 13.601470508735444, 21.213203435596427, 0.0, 30.479501308256342, 41.23105625617661, 71.84705978674423, 33.52610922848042, 47.01063709417264], [41.677331968349414, 39.0, 27.892651361962706, 26.019223662515376, 30.479501308256342, 0.0, 23.853720883753127, 74.94664769020693, 17.69180601295413, 21.0], [23.021728866442675, 23.53720459187964, 30.4138126514911, 23.021728866442675, 41.23105625617661, 23.853720883753127, 0.0, 54.42425929675111, 8.0, 13.038404810405298], [33.28663395418648, 36.87817782917155, 59.033888572581766, 53.74011537017761, 71.84705978674423, 74.94664769020693, 54.42425929675111, 0.0, 57.706152185014034, 66.48308055437865], [24.698178070456937, 23.194827009486403, 23.600847442411894, 17.029386365926403, 33.52610922848042, 17.69180601295413, 8.0, 57.706152185014034, 0.0, 15.811388300841896], [36.0, 36.49657518178932, 38.897300677553446, 32.802438933713454, 47.01063709417264, 21.0, 13.038404810405298, 66.48308055437865, 15.811388300841896, 0.0]], "task_locations": [[64, 71], [58, 71], [36, 62], [44, 61], [23, 58], [43, 35], [63, 48], [82, 99], [55, 48], [64, 35]], "precedence_constraints": [[1, 7], [3, 6], [4, 2], [1, 5]]}