{"Q": [[1, 1, 0], [1, 0, 0], [1, 0, 1]], "R": [[0.0, 0.0, 0.0], [1.0, 1.0, 1.0], [0.0, 0.0, 1.0], [1.0, 1.0, 1.0], [1.0, 0.0, 0.0], [0.0, 0.0, 1.0], [0.0, 1.0, 1.0], [1.0, 0.0, 1.0], [1.0, 0.0, 0.0], [0.0, 0.0, 0.0]], "T_e": [0, 88, 54, 56, 72, 96, 61, 54, 89, 0], "T_t": [[0.0, 65.92419889539804, 58.240879114244144, 37.94733192202055, 23.430749027719962, 48.08326112068523, 14.560219778561036, 57.706152185014034, 22.02271554554524, 50.0], [65.92419889539804, 0.0, 10.295630140987, 29.017236257093817, 57.8013840664737, 97.41663102366043, 53.16013544000805, 88.09086218218096, 64.93843238021688, 48.02082881417188], [58.240879114244144, 10.295630140987, 0.0, 20.396078054371138, 53.2634959423431, 93.50935782048768, 46.51881339845203, 86.82165628459296, 55.326304774492215, 48.703182647543684], [37.94733192202055, 29.017236257093817, 20.396078054371138, 0.0, 36.61966684720111, 76.57675887630658, 27.202941017470888, 74.09453421137081, 36.40054944640259, 42.190046219457976], [23.430749027719962, 57.8013840664737, 53.2634959423431, 36.61966684720111, 0.0, 40.311288741492746, 14.035668847618199, 39.45883931389772, 42.37924020083418, 27.730849247724095], [48.08326112068523, 97.41663102366043, 93.50935782048768, 76.57675887630658, 40.311288741492746, 0.0, 50.47771785649585, 25.495097567963924, 69.63476143421474, 56.32051136131489], [14.560219778561036, 53.16013544000805, 46.51881339845203, 27.202941017470888, 14.035668847618199, 50.47771785649585, 0.0, 53.23532661682466, 29.068883707497267, 36.76955262170047], [57.706152185014034, 88.09086218218096, 86.82165628459296, 74.09453421137081, 39.45883931389772, 25.495097567963924, 53.23532661682466, 0.0, 79.40403012442127, 41.10960958218893], [22.02271554554524, 64.93843238021688, 55.326304774492215, 36.40054944640259, 42.37924020083418, 69.63476143421474, 29.068883707497267, 79.40403012442127, 0.0, 65.0], [50.0, 48.02082881417188, 48.703182647543684, 42.190046219457976, 27.730849247724095, 56.32051136131489, 36.76955262170047, 41.10960958218893, 65.0, 0.0]], "task_locations": [[75, 35], [10, 24], [19, 19], [39, 23], [60, 53], [89, 81], [61, 39], [66, 92], [74, 13], [35, 65]], "precedence_constraints": [[6, 5], [4, 1], [3, 2], [1, 7], [5, 3], [5, 1]]}