{"Q": [[0, 0, 1], [1, 1, 0], [1, 1, 1]], "R": [[0.0, 0.0, 0.0], [1.0, 1.0, 0.0], [1.0, 0.0, 0.0], [1.0, 0.0, 0.0], [0.0, 0.0, 1.0], [1.0, 0.0, 1.0], [0.0, 1.0, 1.0], [0.0, 0.0, 1.0], [0.0, 1.0, 0.0], [0.0, 0.0, 0.0]], "T_e": [0, 69, 61, 88, 72, 68, 78, 57, 86, 0], "T_t": [[0.0, 22.80350850198276, 29.614185789921695, 20.09975124224178, 63.13477647065839, 52.80151512977634, 73.824115301167, 74.27651041883968, 3.1622776601683795, 75.95393340703298], [22.80350850198276, 0.0, 13.601470508735444, 37.57658845611187, 40.718546143004666, 34.23448553724738, 51.478150704935004, 51.85556864985669, 21.95449840010015, 57.0350769263968], [29.614185789921695, 13.601470508735444, 0.0, 37.48332962798263, 36.069377593742864, 42.579337712087536, 46.22769732530488, 52.80151512977634, 30.14962686336267, 46.389654018972806], [20.09975124224178, 37.57658845611187, 37.48332962798263, 0.0, 73.55270219373317, 70.8801805866774, 83.6301381082203, 88.75246475450696, 23.194827009486403, 79.7057087039567], [63.13477647065839, 40.718546143004666, 36.069377593742864, 73.55270219373317, 0.0, 37.12142238654117, 10.770329614269007, 23.345235059857504, 62.609903369994115, 27.586228448267445], [52.80151512977634, 34.23448553724738, 42.579337712087536, 70.8801805866774, 37.12142238654117, 0.0, 44.9221548904324, 29.614185789921695, 50.53711507397311, 64.07027391856539], [73.824115301167, 51.478150704935004, 46.22769732530488, 83.6301381082203, 10.770329614269007, 44.9221548904324, 0.0, 23.600847442411894, 73.348483283569, 25.079872407968907], [74.27651041883968, 51.85556864985669, 52.80151512977634, 88.75246475450696, 23.345235059857504, 29.614185789921695, 23.600847442411894, 0.0, 72.83543093852057, 48.373546489791295], [3.1622776601683795, 21.95449840010015, 30.14962686336267, 23.194827009486403, 62.609903369994115, 50.53711507397311, 73.348483283569, 72.83543093852057, 0.0, 76.53103945458993], [75.95393340703298, 57.0350769263968, 46.389654018972806, 79.7057087039567, 27.586228448267445, 64.07027391856539, 25.079872407968907, 48.373546489791295, 76.53103945458993, 0.0]], "task_locations": [[72, 17], [58, 35], [66, 46], [92, 19], [41, 72], [24, 39], [37, 82], [18, 68], [69, 16], [60, 92]], "precedence_constraints": [[4, 8], [1, 8], [6, 8]]}