{"Q": [[1, 1, 1], [1, 0, 1], [0, 1, 0]], "R": [[0.0, 0.0, 0.0], [1.0, 0.0, 1.0], [0.0, 1.0, 0.0], [0.0, 1.0, 1.0], [0.0, 1.0, 0.0], [1.0, 1.0, 1.0], [1.0, 1.0, 0.0], [1.0, 1.0, 1.0], [1.0, 0.0, 1.0], [0.0, 0.0, 0.0]], "T_e": [0, 56, 80, 91, 84, 53, 69, 79, 79, 0], "T_t": [[0.0, 70.0, 61.35144660071187, 66.2872536767062, 61.61980201201558, 80.02499609497022, 71.8679344353238, 20.09975124224178, 46.57252408878007, 27.65863337187866], [70.0, 0.0, 62.03224967708329, 5.0990195135927845, 10.04987562112089, 50.11985634456667, 68.8839603971781, 56.85068161420758, 68.06614430096654, 56.08029957123981], [61.35144660071187, 62.03224967708329, 0.0, 57.07889277132134, 62.16912416947821, 28.42534080710379, 10.816653826391969, 42.04759208325728, 95.524865872714, 34.0147027033899], [66.2872536767062, 5.0990195135927845, 57.07889277132134, 0.0, 9.848857801796104, 46.32493928760188, 64.13267497929586, 52.40229002629561, 67.47592163134935, 51.31276644267], [61.61980201201558, 10.04987562112089, 62.16912416947821, 9.848857801796104, 0.0, 54.817880294662984, 70.21395872616783, 50.24937810560445, 58.137767414994535, 50.695167422546305], [80.02499609497022, 50.11985634456667, 28.42534080710379, 46.32493928760188, 54.817880294662984, 0.0, 27.294688127912362, 60.0, 103.31021246711285, 53.150729063673246], [71.8679344353238, 68.8839603971781, 10.816653826391969, 64.13267497929586, 70.21395872616783, 27.294688127912362, 0.0, 52.773099207835045, 106.21675950620975, 44.721359549995796], [20.09975124224178, 56.85068161420758, 42.04759208325728, 52.40229002629561, 50.24937810560445, 60.0, 52.773099207835045, 0.0, 56.859475903318, 8.06225774829855], [46.57252408878007, 68.06614430096654, 95.524865872714, 67.47592163134935, 58.137767414994535, 103.31021246711285, 106.21675950620975, 56.859475903318, 0.0, 64.20280367709809], [27.65863337187866, 56.08029957123981, 34.0147027033899, 51.31276644267, 50.695167422546305, 53.150729063673246, 44.721359549995796, 8.06225774829855, 64.20280367709809, 0.0]], "task_locations": [[17, 58], [73, 16], [75, 78], [72, 21], [63, 17], [97, 60], [84, 84], [37, 60], [5, 13], [44, 64]], "precedence_constraints": [[4, 6], [1, 5], [6, 5]]}