{"Q": [[1, 1, 1], [0, 1, 1], [1, 0, 1]], "R": [[0.0, 0.0, 0.0], [1.0, 0.0, 0.0], [1.0, 0.0, 0.0], [0.0, 1.0, 1.0], [0.0, 0.0, 1.0], [0.0, 1.0, 1.0], [1.0, 0.0, 0.0], [1.0, 0.0, 0.0], [0.0, 1.0, 0.0], [0.0, 0.0, 0.0]], "T_e": [0, 98, 94, 83, 83, 98, 89, 84, 88, 0], "T_t": [[0.0, 9.486832980505138, 50.24937810560445, 24.73863375370596, 28.284271247461902, 53.41348144429457, 8.94427190999916, 3.605551275463989, 61.18823416311342, 35.608987629529715], [9.486832980505138, 0.0, 49.040799340956916, 30.886890422961002, 20.248456731316587, 48.83646178829912, 7.0710678118654755, 6.082762530298219, 51.78802950489621, 43.840620433565945], [50.24937810560445, 49.040799340956916, 0.0, 37.21558813185679, 63.28506932918696, 18.867962264113206, 42.95346318982906, 50.53711507397311, 64.66065264130884, 50.28916384272063], [24.73863375370596, 30.886890422961002, 37.21558813185679, 0.0, 51.10772935672255, 48.83646178829912, 24.413111231467404, 27.51363298439521, 75.17978451685, 16.492422502470642], [28.284271247461902, 20.248456731316587, 63.28506932918696, 51.10772935672255, 0.0, 57.38466694161429, 26.832815729997478, 24.758836806279895, 40.792156108742276, 63.7808748764079], [53.41348144429457, 48.83646178829912, 18.867962264113206, 48.83646178829912, 57.38466694161429, 0.0, 44.68780594300866, 52.40229002629561, 48.46648326421054, 64.19501538281614], [8.94427190999916, 7.0710678118654755, 42.95346318982906, 24.413111231467404, 26.832815729997478, 44.68780594300866, 0.0, 7.810249675906654, 54.405882034941776, 38.41874542459709], [3.605551275463989, 6.082762530298219, 50.53711507397311, 27.51363298439521, 24.758836806279895, 52.40229002629561, 7.810249675906654, 0.0, 57.87054518492115, 39.05124837953327], [61.18823416311342, 51.78802950489621, 64.66065264130884, 75.17978451685, 40.792156108742276, 48.46648326421054, 54.405882034941776, 57.87054518492115, 0.0, 91.23595782365635], [35.608987629529715, 43.840620433565945, 50.28916384272063, 16.492422502470642, 63.7808748764079, 64.19501538281614, 38.41874542459709, 39.05124837953327, 91.23595782365635, 0.0]], "task_locations": [[48, 61], [45, 52], [91, 35], [72, 67], [28, 41], [81, 19], [52, 53], [46, 58], [36, 1], [76, 83]], "precedence_constraints": [[4, 3], [6, 8], [7, 5], [8, 5], [1, 4]]}