{"Q": [[0, 0, 1], [1, 0, 0], [0, 1, 1]], "R": [[0.0, 0.0, 0.0], [0.0, 1.0, 1.0], [1.0, 0.0, 0.0], [1.0, 0.0, 0.0], [0.0, 1.0, 0.0], [0.0, 0.0, 1.0], [1.0, 0.0, 0.0], [1.0, 0.0, 1.0], [0.0, 0.0, 1.0], [0.0, 0.0, 0.0]], "T_e": [0, 90, 86, 73, 76, 52, 78, 63, 82, 0], "T_t": [[0.0, 14.035668847618199, 50.60632371551998, 94.36630754670864, 26.832815729997478, 74.67261881037788, 57.38466694161429, 58.309518948453004, 29.068883707497267, 64.88451279003334], [14.035668847618199, 0.0, 59.54829972383762, 91.26883367283708, 34.713109915419565, 79.75587752636166, 67.95586803212802, 65.85590330410783, 43.104524124504614, 71.84010022264724], [50.60632371551998, 59.54829972383762, 0.0, 73.53910524340094, 24.839484696748443, 30.4138126514911, 12.165525060596439, 10.04987562112089, 42.04759208325728, 17.0], [94.36630754670864, 91.26883367283708, 73.53910524340094, 0.0, 75.58438992278762, 51.894122981316485, 83.73768566183328, 66.06814663663572, 106.47065323364932, 62.68173577685928], [26.832815729997478, 34.713109915419565, 24.839484696748443, 75.58438992278762, 0.0, 48.08326112068523, 34.0147027033899, 31.622776601683793, 31.064449134018133, 38.07886552931954], [74.67261881037788, 79.75587752636166, 30.4138126514911, 51.894122981316485, 48.08326112068523, 0.0, 36.235341863986875, 20.396078054371138, 72.06247289678588, 13.92838827718412], [57.38466694161429, 67.95586803212802, 12.165525060596439, 83.73768566183328, 34.0147027033899, 36.235341863986875, 0.0, 17.69180601295413, 42.37924020083418, 22.47220505424423], [58.309518948453004, 65.85590330410783, 10.04987562112089, 66.06814663663572, 31.622776601683793, 20.396078054371138, 17.69180601295413, 0.0, 52.009614495783374, 7.0710678118654755], [29.068883707497267, 43.104524124504614, 42.04759208325728, 106.47065323364932, 31.064449134018133, 72.06247289678588, 42.37924020083418, 52.009614495783374, 0.0, 59.033888572581766], [64.88451279003334, 71.84010022264724, 17.0, 62.68173577685928, 38.07886552931954, 13.92838827718412, 22.47220505424423, 7.0710678118654755, 59.033888572581766, 0.0]], "task_locations": [[41, 95], [27, 94], [72, 55], [20, 3], [53, 71], [67, 25], [84, 57], [71, 45], [70, 97], [72, 38]], "precedence_constraints": [[8, 2], [8, 6]]}