{"Q": [[1, 0, 1], [0, 1, 1], [0, 1, 1]], "R": [[0.0, 0.0, 0.0], [0.0, 1.0, 1.0], [1.0, 0.0, 1.0], [0.0, 0.0, 1.0], [1.0, 1.0, 1.0], [0.0, 0.0, 1.0], [0.0, 1.0, 0.0], [0.0, 0.0, 1.0], [0.0, 1.0, 0.0], [0.0, 0.0, 0.0]], "T_e": [0, 94, 78, 70, 60, 82, 50, 73, 93, 0], "T_t": [[0.0, 87.32124598286491, 36.6742416417845, 67.1863081289633, 10.0, 27.16615541441225, 61.5223536610881, 51.66236541235796, 53.23532661682466, 32.14031735997639], [87.32124598286491, 0.0, 83.2946576918352, 61.0, 97.24710792614863, 74.73285756613352, 70.3420215802759, 89.27485648266257, 51.15662224971465, 73.824115301167], [36.6742416417845, 83.2946576918352, 0.0, 89.40357934669059, 42.01190307520001, 13.45362404707371, 29.154759474226502, 15.231546211727817, 33.83784863137726, 10.770329614269007], [67.1863081289633, 61.0, 89.40357934669059, 0.0, 73.824115301167, 76.02631123499285, 96.60745312862771, 102.82509421342633, 75.47184905645283, 79.02531240052139], [10.0, 97.24710792614863, 42.01190307520001, 73.824115301167, 0.0, 34.785054261852174, 68.8839603971781, 56.22277118748239, 62.433965115151864, 39.56008088970496], [27.16615541441225, 74.73285756613352, 13.45362404707371, 76.02631123499285, 34.785054261852174, 0.0, 34.36568055487916, 28.0178514522438, 29.732137494637012, 5.0], [61.5223536610881, 70.3420215802759, 29.154759474226502, 96.60745312862771, 68.8839603971781, 34.36568055487916, 0.0, 23.706539182259394, 22.02271554554524, 29.427877939124322], [51.66236541235796, 89.27485648266257, 15.231546211727817, 102.82509421342633, 56.22277118748239, 28.0178514522438, 23.706539182259394, 0.0, 38.118237105091836, 24.08318915758459], [53.23532661682466, 51.15662224971465, 33.83784863137726, 75.47184905645283, 62.433965115151864, 29.732137494637012, 22.02271554554524, 38.118237105091836, 0.0, 26.627053911388696], [32.14031735997639, 73.824115301167, 10.770329614269007, 79.02531240052139, 39.56008088970496, 5.0, 29.427877939124322, 24.08318915758459, 26.627053911388696, 0.0]], "task_locations": [[72, 82], [29, 6], [36, 89], [89, 17], [78, 90], [45, 79], [11, 74], [22, 95], [25, 57], [40, 79]], "precedence_constraints": [[6, 7], [4, 5], [1, 8], [8, 6], [4, 3]]}