{"Q": [[0, 1, 0], [1, 0, 0], [0, 1, 1]], "R": [[0.0, 0.0, 0.0], [0.0, 0.0, 1.0], [1.0, 1.0, 0.0], [0.0, 0.0, 1.0], [1.0, 0.0, 0.0], [0.0, 1.0, 1.0], [1.0, 0.0, 0.0], [1.0, 0.0, 1.0], [1.0, 0.0, 0.0], [0.0, 0.0, 0.0]], "T_e": [0, 81, 84, 77, 63, 83, 72, 95, 88, 0], "T_t": [[0.0, 79.05694150420949, 63.13477647065839, 75.64390259630977, 64.51356446515724, 28.071337695236398, 83.00602387778854, 56.142675390472796, 49.24428900898052, 62.76941930590086], [79.05694150420949, 0.0, 20.8806130178211, 56.32051136131489, 101.54801819828883, 73.06161783043132, 74.43117626371358, 34.66987164671943, 30.4138126514911, 51.86520991955976], [63.13477647065839, 20.8806130178211, 0.0, 63.56099432828282, 98.08159868191383, 53.08483775994799, 80.89499366462674, 35.014282800023196, 14.866068747318506, 55.08175741568164], [75.64390259630977, 56.32051136131489, 63.56099432828282, 0.0, 56.60388679233962, 89.27485648266257, 18.110770276274835, 29.966648127543394, 56.36488268416781, 13.038404810405298], [64.51356446515724, 101.54801819828883, 98.08159868191383, 56.60388679233962, 0.0, 91.00549433962765, 47.53945729601885, 66.88796603276258, 84.48076704197234, 52.32590180780452], [28.071337695236398, 73.06161783043132, 53.08483775994799, 89.27485648266257, 91.00549433962765, 0.0, 100.7670581092849, 62.76941930590086, 43.73785545725808, 76.4198926981712], [83.00602387778854, 74.43117626371358, 80.89499366462674, 18.110770276274835, 47.53945729601885, 100.7670581092849, 0.0, 46.32493928760188, 72.42237223399962, 26.570660511172846], [56.142675390472796, 34.66987164671943, 35.014282800023196, 29.966648127543394, 66.88796603276258, 62.76941930590086, 46.32493928760188, 0.0, 26.40075756488817, 20.09975124224178], [49.24428900898052, 30.4138126514911, 14.866068747318506, 56.36488268416781, 84.48076704197234, 43.73785545725808, 72.42237223399962, 26.40075756488817, 0.0, 45.880278987817846], [62.76941930590086, 51.86520991955976, 55.08175741568164, 13.038404810405298, 52.32590180780452, 76.4198926981712, 26.570660511172846, 20.09975124224178, 45.880278987817846, 0.0]], "task_locations": [[12, 62], [87, 87], [67, 93], [81, 31], [33, 1], [14, 90], [79, 13], [68, 58], [57, 82], [70, 38]], "precedence_constraints": [[1, 6], [1, 8], [3, 6], [6, 7], [2, 8]]}