{"Q": [[1, 0, 0], [1, 1, 1], [0, 1, 0]], "R": [[0.0, 0.0, 0.0], [0.0, 1.0, 0.0], [0.0, 0.0, 1.0], [1.0, 0.0, 0.0], [1.0, 0.0, 1.0], [1.0, 1.0, 0.0], [1.0, 1.0, 0.0], [1.0, 0.0, 0.0], [1.0, 0.0, 1.0], [0.0, 0.0, 0.0]], "T_e": [0, 55, 99, 99, 52, 66, 83, 63, 77, 0], "T_t": [[0.0, 70.32780389006896, 77.4919350642375, 90.47098982546837, 55.47071299343465, 36.05551275463989, 83.02409288875127, 66.46803743153546, 30.59411708155671, 21.633307652783937], [70.32780389006896, 0.0, 54.45181356024793, 22.02271554554524, 15.0, 34.438350715445125, 67.17886572427373, 18.439088914585774, 67.1863081289633, 51.86520991955976], [77.4919350642375, 54.45181356024793, 0.0, 71.02112361825881, 54.589376255824725, 54.45181356024793, 12.806248474865697, 36.124783736376884, 52.69724850502159, 57.0701322935211], [90.47098982546837, 22.02271554554524, 71.02112361825881, 0.0, 35.4400902933387, 55.362442142665635, 83.7615663654877, 37.64306044943742, 89.20201791439474, 73.24616030891995], [55.47071299343465, 15.0, 54.589376255824725, 35.4400902933387, 0.0, 19.924858845171276, 66.57326790837296, 21.095023109728988, 55.14526271584895, 37.8549864614954], [36.05551275463989, 34.438350715445125, 54.45181356024793, 55.362442142665635, 19.924858845171276, 0.0, 64.28841264178172, 31.906112267087632, 37.36308338453881, 18.110770276274835], [83.02409288875127, 67.17886572427373, 12.806248474865697, 83.7615663654877, 66.57326790837296, 64.28841264178172, 0.0, 48.79549159502341, 55.362442142665635, 64.00781202322104], [66.46803743153546, 18.439088914585774, 36.124783736376884, 37.64306044943742, 21.095023109728988, 31.906112267087632, 48.79549159502341, 0.0, 55.65968020030299, 45.45327270945405], [30.59411708155671, 67.1863081289633, 52.69724850502159, 89.20201791439474, 55.14526271584895, 37.36308338453881, 55.362442142665635, 55.65968020030299, 0.0, 21.633307652783937], [21.633307652783937, 51.86520991955976, 57.0701322935211, 73.24616030891995, 37.8549864614954, 18.110770276274835, 64.00781202322104, 45.45327270945405, 21.633307652783937, 0.0]], "task_locations": [[16, 95], [77, 60], [39, 21], [99, 59], [65, 69], [46, 75], [29, 13], [63, 48], [10, 65], [28, 77]], "precedence_constraints": [[2, 1]]}