{"Q": [[0, 1, 0], [0, 0, 1], [1, 0, 1]], "R": [[0.0, 0.0, 0.0], [0.0, 1.0, 1.0], [1.0, 0.0, 0.0], [1.0, 0.0, 0.0], [1.0, 1.0, 1.0], [1.0, 0.0, 1.0], [1.0, 1.0, 1.0], [1.0, 1.0, 0.0], [1.0, 0.0, 0.0], [0.0, 0.0, 0.0]], "T_e": [0, 82, 88, 69, 73, 55, 82, 71, 58, 0], "T_t": [[0.0, 74.65252842335616, 32.2490309931942, 50.0, 44.598206241955516, 54.70831746635972, 39.0, 62.177166226839255, 68.01470429252781, 101.83319694480774], [74.65252842335616, 0.0, 56.04462507680822, 61.814237842102365, 35.77708763999664, 30.59411708155671, 73.824115301167, 18.24828759089466, 13.601470508735444, 29.068883707497267], [32.2490309931942, 56.04462507680822, 0.0, 63.655321851358195, 41.6293165929973, 50.28916384272063, 19.4164878389476, 51.088159097779204, 45.18849411078001, 78.54934754662193], [50.0, 61.814237842102365, 63.655321851358195, 0.0, 29.614185789921695, 31.25699921617557, 80.43009387039157, 43.56604182158393, 65.06919393998976, 89.98888820293314], [44.598206241955516, 35.77708763999664, 41.6293165929973, 29.614185789921695, 0.0, 10.198039027185569, 60.74537019394976, 19.1049731745428, 36.124783736376884, 64.8459713474939], [54.70831746635972, 30.59411708155671, 50.28916384272063, 31.25699921617557, 10.198039027185569, 0.0, 69.6419413859206, 12.36931687685298, 34.713109915419565, 59.135437767890075], [39.0, 73.824115301167, 19.4164878389476, 80.43009387039157, 60.74537019394976, 69.6419413859206, 0.0, 70.34912934784623, 61.84658438426491, 93.62157870918435], [62.177166226839255, 18.24828759089466, 51.088159097779204, 43.56604182158393, 19.1049731745428, 12.36931687685298, 70.34912934784623, 0.0, 24.166091947189145, 46.8187996428785], [68.01470429252781, 13.601470508735444, 45.18849411078001, 65.06919393998976, 36.124783736376884, 34.713109915419565, 61.84658438426491, 24.166091947189145, 0.0, 34.058772731852805], [101.83319694480774, 29.068883707497267, 78.54934754662193, 89.98888820293314, 64.8459713474939, 59.135437767890075, 93.62157870918435, 46.8187996428785, 34.058772731852805, 0.0]], "task_locations": [[71, 26], [13, 73], [67, 58], [23, 12], [29, 41], [19, 43], [86, 62], [16, 55], [26, 77], [0, 99]], "precedence_constraints": [[2, 7], [4, 7], [2, 5]]}