{"Q": [[0, 1, 0], [0, 1, 0], [1, 1, 1]], "R": [[0.0, 0.0, 0.0], [0.0, 1.0, 1.0], [1.0, 1.0, 1.0], [0.0, 0.0, 1.0], [1.0, 1.0, 1.0], [0.0, 1.0, 0.0], [0.0, 0.0, 1.0], [0.0, 1.0, 1.0], [0.0, 1.0, 0.0], [0.0, 0.0, 0.0]], "T_e": [0, 91, 79, 84, 87, 67, 51, 94, 86, 0], "T_t": [[0.0, 41.19465984809196, 22.0, 88.0056816347672, 104.06248123122954, 73.10950690573696, 41.6293165929973, 51.24451190127583, 95.77577981932593, 59.07622195096772], [41.19465984809196, 0.0, 19.4164878389476, 63.52952069707436, 82.29216244576394, 85.42833253669417, 21.213203435596427, 13.45362404707371, 73.348483283569, 76.84399781375251], [22.0, 19.4164878389476, 0.0, 71.449282711585, 89.02246907382428, 75.18643494673756, 23.345235059857504, 29.427877939124322, 80.2807573457052, 64.07807737440318], [88.0056816347672, 63.52952069707436, 71.449282711585, 0.0, 18.973665961010276, 70.21395872616783, 48.104053883222775, 51.07837115648854, 10.198039027185569, 74.33034373659252], [104.06248123122954, 82.29216244576394, 89.02246907382428, 18.973665961010276, 0.0, 73.06161783043132, 65.80273550544841, 70.00714249274856, 8.94427190999916, 80.75270893288967], [73.10950690573696, 85.42833253669417, 75.18643494673756, 70.21395872616783, 73.06161783043132, 0.0, 65.5133574166368, 82.66196223173026, 69.87131027825369, 15.652475842498529], [41.6293165929973, 21.213203435596427, 23.345235059857504, 48.104053883222775, 65.80273550544841, 65.5133574166368, 0.0, 17.69180601295413, 57.0087712549569, 58.69412236331676], [51.24451190127583, 13.45362404707371, 29.427877939124322, 51.07837115648854, 70.00714249274856, 82.66196223173026, 17.69180601295413, 0.0, 61.09828148156051, 76.36753236814714], [95.77577981932593, 73.348483283569, 80.2807573457052, 10.198039027185569, 8.94427190999916, 69.87131027825369, 57.0087712549569, 61.09828148156051, 0.0, 76.05918747922567], [59.07622195096772, 76.84399781375251, 64.07807737440318, 74.33034373659252, 80.75270893288967, 15.652475842498529, 58.69412236331676, 76.36753236814714, 76.05918747922567, 0.0]], "task_locations": [[80, 18], [39, 14], [58, 18], [9, 70], [3, 88], [76, 91], [42, 35], [29, 23], [7, 80], [83, 77]], "precedence_constraints": [[4, 1], [2, 7], [5, 8]]}