{"Q": [[1, 1, 0], [0, 1, 0], [1, 1, 1]], "R": [[0.0, 0.0, 0.0], [1.0, 0.0, 1.0], [1.0, 1.0, 0.0], [1.0, 1.0, 1.0], [0.0, 0.0, 1.0], [1.0, 1.0, 0.0], [0.0, 0.0, 1.0], [0.0, 1.0, 1.0], [1.0, 1.0, 1.0], [0.0, 0.0, 0.0]], "T_e": [0, 56, 93, 76, 91, 88, 52, 63, 77, 0], "T_t": [[0.0, 81.05553651663777, 73.66138744281159, 91.2414379544733, 49.39635614091387, 106.0, 83.54639429682169, 48.25971404805462, 24.839484696748443, 71.00704190430693], [81.05553651663777, 0.0, 14.560219778561036, 45.0, 32.64965543462902, 27.459060435491963, 69.6419413859206, 58.077534382926416, 84.31488599292535, 65.14598989960932], [73.66138744281159, 14.560219778561036, 0.0, 57.28001396647874, 29.832867780352597, 41.012193308819754, 78.29431652425353, 44.553338819890925, 81.02468759581859, 50.59644256269407], [91.2414379544733, 45.0, 57.28001396647874, 0.0, 49.24428900898052, 41.0, 32.01562118716424, 91.18113840043894, 81.43709228600933, 105.152270541344], [49.39635614091387, 32.64965543462902, 29.832867780352597, 49.24428900898052, 0.0, 56.60388679233962, 58.0, 43.04648650006177, 51.97114584074513, 60.876925020897694], [106.0, 27.459060435491963, 41.012193308819754, 41.0, 56.60388679233962, 0.0, 72.44308110509934, 85.37564055396598, 105.3612832116238, 90.2551937563706], [83.54639429682169, 69.6419413859206, 78.29431652425353, 32.01562118716424, 58.0, 72.44308110509934, 0.0, 100.12492197250393, 66.06814663663572, 118.86967653695369], [48.25971404805462, 58.077534382926416, 44.553338819890925, 91.18113840043894, 43.04648650006177, 85.37564055396598, 100.12492197250393, 0.0, 67.89698078707183, 23.345235059857504], [24.839484696748443, 84.31488599292535, 81.02468759581859, 81.43709228600933, 51.97114584074513, 105.3612832116238, 66.06814663663572, 67.89698078707183, 0.0, 91.2414379544733], [71.00704190430693, 65.14598989960932, 50.59644256269407, 105.152270541344, 60.876925020897694, 90.2551937563706, 118.86967653695369, 23.345235059857504, 91.2414379544733, 0.0]], "task_locations": [[27, 99], [78, 36], [82, 50], [42, 9], [53, 57], [83, 9], [11, 17], [75, 94], [8, 83], [98, 98]], "precedence_constraints": [[1, 6], [5, 1], [4, 5], [1, 3], [7, 2], [2, 6]]}