{"Q": [[0, 1, 0], [0, 1, 0], [1, 0, 1]], "R": [[0.0, 0.0, 0.0], [1.0, 0.0, 1.0], [0.0, 0.0, 1.0], [0.0, 1.0, 1.0], [1.0, 0.0, 1.0], [1.0, 0.0, 0.0], [0.0, 1.0, 0.0], [0.0, 1.0, 1.0], [1.0, 1.0, 0.0], [0.0, 0.0, 0.0]], "T_e": [0, 63, 73, 81, 76, 85, 89, 68, 82, 0], "T_t": [[0.0, 32.7566787083184, 50.08991914547278, 11.661903789690601, 45.17742799230607, 42.720018726587654, 43.104524124504614, 49.92995093127971, 49.64876634922564, 48.79549159502341], [32.7566787083184, 0.0, 66.88796603276258, 25.553864678361276, 73.348483283569, 75.28612089887484, 50.20956084253277, 35.35533905932738, 81.00617260431454, 72.2357252334328], [50.08991914547278, 66.88796603276258, 0.0, 45.880278987817846, 80.06247560499239, 50.93132631298737, 93.0, 96.76776322722355, 74.02702209328699, 89.88882021697692], [11.661903789690601, 25.553864678361276, 45.880278987817846, 0.0, 56.824290580701486, 50.80354318352215, 50.695167422546305, 50.92150822589606, 60.63827174318213, 60.207972893961475], [45.17742799230607, 73.348483283569, 80.06247560499239, 56.824290580701486, 0.0, 36.0, 43.04648650006177, 70.21395872616783, 15.811388300841896, 13.92838827718412], [42.720018726587654, 75.28612089887484, 50.93132631298737, 50.80354318352215, 36.0, 0.0, 68.79680225126747, 87.96590248499699, 24.698178070456937, 49.25444142409901], [43.104524124504614, 50.20956084253277, 93.0, 50.695167422546305, 43.04648650006177, 68.79680225126747, 0.0, 30.01666203960727, 57.8013840664737, 33.24154027718932], [49.92995093127971, 35.35533905932738, 96.76776322722355, 50.92150822589606, 70.21395872616783, 87.96590248499699, 30.01666203960727, 0.0, 83.2586331859946, 62.51399843235114], [49.64876634922564, 81.00617260431454, 74.02702209328699, 60.63827174318213, 15.811388300841896, 24.698178070456937, 57.8013840664737, 83.2586331859946, 0.0, 29.5296461204668], [48.79549159502341, 72.2357252334328, 89.88882021697692, 60.207972893961475, 13.92838827718412, 49.25444142409901, 33.24154027718932, 62.51399843235114, 29.5296461204668, 0.0]], "task_locations": [[52, 33], [59, 1], [2, 36], [46, 23], [73, 73], [37, 73], [95, 36], [94, 6], [60, 82], [86, 68]], "precedence_constraints": [[3, 4], [3, 1], [7, 8], [2, 8], [6, 5]]}