{"Q": [[1, 1, 1], [0, 0, 1], [0, 1, 1]], "R": [[0.0, 0.0, 0.0], [0.0, 1.0, 0.0], [0.0, 1.0, 0.0], [1.0, 1.0, 0.0], [0.0, 1.0, 0.0], [0.0, 0.0, 1.0], [1.0, 1.0, 0.0], [0.0, 0.0, 1.0], [0.0, 1.0, 1.0], [0.0, 0.0, 0.0]], "T_e": [0, 60, 66, 70, 65, 90, 73, 86, 84, 0], "T_t": [[0.0, 29.410882339705484, 75.6042326857432, 3.0, 93.86160024205851, 27.018512172212592, 26.68332812825267, 85.70880934886448, 119.97082978791136, 91.92388155425118], [29.410882339705484, 0.0, 48.91829923454004, 28.635642126552707, 71.11258679024411, 10.63014581273465, 38.01315561749642, 77.87810988975015, 93.38094023943002, 80.15609770940699], [75.6042326857432, 48.91829923454004, 0.0, 73.81734213584231, 27.018512172212592, 48.60041152089147, 68.96375859826666, 62.625873247404705, 44.553338819890925, 56.72741841473134], [3.0, 28.635642126552707, 73.81734213584231, 0.0, 91.54780172128658, 25.238858928247925, 23.769728648009426, 82.73451516749222, 118.06777714516353, 89.02246907382428], [93.86160024205851, 71.11258679024411, 27.018512172212592, 91.54780172128658, 0.0, 67.67569726275453, 80.2122185206219, 49.47726750741192, 33.24154027718932, 39.395431207184416], [27.018512172212592, 10.63014581273465, 48.60041152089147, 25.238858928247925, 67.67569726275453, 0.0, 28.460498941515414, 68.73136110975832, 92.9569792968769, 72.02777242147643], [26.68332812825267, 38.01315561749642, 68.96375859826666, 23.769728648009426, 80.2122185206219, 28.460498941515414, 0.0, 61.40032573203501, 110.47624178980746, 69.35416353759881], [85.70880934886448, 77.87810988975015, 62.625873247404705, 82.73451516749222, 49.47726750741192, 68.73136110975832, 61.40032573203501, 0.0, 81.39410298049853, 12.649110640673518], [119.97082978791136, 93.38094023943002, 44.553338819890925, 118.06777714516353, 33.24154027718932, 92.9569792968769, 110.47624178980746, 81.39410298049853, 0.0, 70.03570517957252], [91.92388155425118, 80.15609770940699, 56.72741841473134, 89.02246907382428, 39.395431207184416, 72.02777242147643, 69.35416353759881, 12.649110640673518, 70.03570517957252, 0.0]], "task_locations": [[6, 98], [34, 89], [66, 52], [6, 95], [65, 25], [27, 81], [0, 72], [17, 13], [98, 21], [29, 9]], "precedence_constraints": [[3, 7], [5, 6]]}