{"Q": [[0, 0, 1], [1, 0, 1], [1, 1, 0]], "R": [[0.0, 0.0, 0.0], [0.0, 0.0, 1.0], [0.0, 1.0, 0.0], [0.0, 0.0, 1.0], [1.0, 1.0, 0.0], [1.0, 0.0, 0.0], [1.0, 1.0, 1.0], [1.0, 1.0, 0.0], [1.0, 0.0, 0.0], [0.0, 0.0, 0.0]], "T_e": [0, 55, 62, 81, 67, 52, 66, 91, 76, 0], "T_t": [[0.0, 57.62811813689564, 13.038404810405298, 30.01666203960727, 60.530983801686226, 40.80441152620633, 64.38167441127949, 63.56099432828282, 33.60059523282288, 44.28317965096906], [57.62811813689564, 0.0, 57.697486947006624, 31.622776601683793, 46.486557196677836, 16.97056274847714, 47.20169488482379, 40.45985664828782, 26.570660511172846, 41.012193308819754], [13.038404810405298, 57.697486947006624, 0.0, 26.627053911388696, 69.6419413859206, 42.05948168962618, 54.817880294662984, 55.154328932550705, 31.38470965295043, 53.45091205957107], [30.01666203960727, 31.622776601683793, 26.627053911388696, 0.0, 56.4003546088143, 18.110770276274835, 38.8329756778952, 36.013886210738214, 5.0990195135927845, 42.44997055358225], [60.530983801686226, 46.486557196677836, 69.6419413859206, 56.4003546088143, 0.0, 41.86884283091664, 89.40357934669059, 83.7615663654877, 53.150729063673246, 16.278820596099706], [40.80441152620633, 16.97056274847714, 42.05948168962618, 18.110770276274835, 41.86884283091664, 0.0, 47.70744176750625, 42.485291572496, 13.341664064126334, 31.016124838541646], [64.38167441127949, 47.20169488482379, 54.817880294662984, 38.8329756778952, 89.40357934669059, 47.70744176750625, 0.0, 7.280109889280518, 39.21734310225516, 78.29431652425353], [63.56099432828282, 40.45985664828782, 55.154328932550705, 36.013886210738214, 83.7615663654877, 42.485291572496, 7.280109889280518, 0.0, 35.510561809129406, 73.40980860893181], [33.60059523282288, 26.570660511172846, 31.38470965295043, 5.0990195135927845, 53.150729063673246, 13.341664064126334, 39.21734310225516, 35.510561809129406, 0.0, 40.0], [44.28317965096906, 41.012193308819754, 53.45091205957107, 42.44997055358225, 16.278820596099706, 31.016124838541646, 78.29431652425353, 73.40980860893181, 40.0, 0.0]], "task_locations": [[16, 10], [61, 46], [9, 21], [31, 36], [76, 2], [49, 34], [23, 74], [30, 72], [36, 37], [60, 5]], "precedence_constraints": [[4, 8]]}