{"Q": [[1, 1, 0], [0, 0, 1], [1, 0, 1]], "R": [[0.0, 0.0, 0.0], [0.0, 1.0, 1.0], [0.0, 0.0, 1.0], [1.0, 1.0, 0.0], [1.0, 0.0, 1.0], [1.0, 1.0, 1.0], [1.0, 0.0, 1.0], [0.0, 0.0, 1.0], [0.0, 1.0, 0.0], [0.0, 0.0, 0.0]], "T_e": [0, 54, 56, 55, 82, 71, 75, 74, 80, 0], "T_t": [[0.0, 42.01190307520001, 85.72630868059116, 77.69813382572325, 61.204574992397426, 52.61178575186362, 105.55093557141026, 79.81227975693966, 42.05948168962618, 76.16429609731846], [42.01190307520001, 0.0, 84.72307831990054, 48.373546489791295, 19.924858845171276, 13.45362404707371, 84.75848040166836, 54.230987451824994, 50.21951811795888, 90.21086409075129], [85.72630868059116, 84.72307831990054, 0.0, 57.982756057296896, 85.0, 78.77182237323191, 45.09988913511872, 50.32891812864648, 43.68065933568311, 30.59411708155671], [77.69813382572325, 48.373546489791295, 57.982756057296896, 0.0, 36.345563690772494, 35.84689665786984, 38.2099463490856, 8.54400374531753, 53.009433122794285, 79.1580697086532], [61.204574992397426, 19.924858845171276, 85.0, 36.345563690772494, 0.0, 9.486832980505138, 74.54528824815154, 44.04543109109048, 59.405386961116584, 96.93812459502195], [52.61178575186362, 13.45362404707371, 78.77182237323191, 35.84689665786984, 9.486832980505138, 0.0, 73.24616030891995, 42.44997055358225, 50.44799302251776, 88.72992730753249], [105.55093557141026, 84.75848040166836, 45.09988913511872, 38.2099463490856, 74.54528824815154, 73.24616030891995, 0.0, 30.805843601498726, 69.06518659932803, 75.05997601918082], [79.81227975693966, 54.230987451824994, 50.32891812864648, 8.54400374531753, 44.04543109109048, 42.44997055358225, 30.805843601498726, 0.0, 50.80354318352215, 73.16419889536138], [42.05948168962618, 50.21951811795888, 43.68065933568311, 53.009433122794285, 59.405386961116584, 50.44799302251776, 69.06518659932803, 50.80354318352215, 0.0, 40.24922359499622], [76.16429609731846, 90.21086409075129, 30.59411708155671, 79.1580697086532, 96.93812459502195, 88.72992730753249, 75.05997601918082, 73.16419889536138, 40.24922359499622, 0.0]], "task_locations": [[76, 9], [34, 8], [51, 91], [10, 50], [15, 14], [24, 17], [6, 88], [13, 58], [63, 49], [81, 85]], "precedence_constraints": [[8, 4], [3, 7], [8, 5]]}