{"Q": [[0, 1, 1], [1, 1, 1], [0, 0, 1]], "R": [[0.0, 0.0, 0.0], [0.0, 0.0, 1.0], [1.0, 0.0, 1.0], [0.0, 1.0, 0.0], [0.0, 1.0, 1.0], [1.0, 1.0, 1.0], [0.0, 0.0, 1.0], [1.0, 1.0, 1.0], [1.0, 1.0, 0.0], [0.0, 0.0, 0.0]], "T_e": [0, 85, 67, 74, 61, 95, 84, 80, 79, 0], "T_t": [[0.0, 21.37755832643195, 11.180339887498949, 75.13321502504735, 48.27007354458868, 61.09828148156051, 19.0, 22.47220505424423, 58.137767414994535, 23.706539182259394], [21.37755832643195, 0.0, 21.2602916254693, 77.82030583337487, 26.92582403567252, 53.009433122794285, 25.80697580112788, 42.190046219457976, 56.61271941887264, 36.235341863986875], [11.180339887498949, 21.2602916254693, 0.0, 85.90692637965812, 46.95742752749558, 69.12307863514182, 29.427877939124322, 31.622776601683793, 68.00735254367721, 34.88552708502482], [75.13321502504735, 77.82030583337487, 85.90692637965812, 0.0, 87.0, 38.91015291668744, 56.515484603779164, 66.48308055437865, 23.345235059857504, 53.03772242470448], [48.27007354458868, 26.92582403567252, 46.95742752749558, 87.0, 0.0, 52.354560450833695, 47.67598976424087, 68.06614430096654, 63.702433234531945, 58.855755878248644], [61.09828148156051, 53.009433122794285, 69.12307863514182, 38.91015291668744, 52.354560450833695, 0.0, 43.9089968002003, 65.19202405202648, 18.027756377319946, 48.83646178829912], [19.0, 25.80697580112788, 29.427877939124322, 56.515484603779164, 47.67598976424087, 43.9089968002003, 0.0, 23.706539182259394, 39.20459156782532, 11.180339887498949], [22.47220505424423, 42.190046219457976, 31.622776601683793, 66.48308055437865, 68.06614430096654, 65.19202405202648, 23.706539182259394, 0.0, 55.90169943749474, 16.401219466856727], [58.137767414994535, 56.61271941887264, 68.00735254367721, 23.345235059857504, 63.702433234531945, 18.027756377319946, 39.20459156782532, 55.90169943749474, 0.0, 39.92492955535426], [23.706539182259394, 36.235341863986875, 34.88552708502482, 53.03772242470448, 58.855755878248644, 48.83646178829912, 11.180339887498949, 16.401219466856727, 39.92492955535426, 0.0]], "task_locations": [[87, 24], [83, 45], [97, 29], [13, 11], [76, 71], [30, 46], [68, 24], [79, 3], [29, 28], [66, 13]], "precedence_constraints": [[6, 7], [1, 8], [7, 8]]}