{"Q": [[1, 1, 0], [0, 0, 1], [0, 0, 1]], "R": [[0.0, 0.0, 0.0], [1.0, 0.0, 1.0], [0.0, 1.0, 0.0], [1.0, 0.0, 0.0], [0.0, 0.0, 1.0], [0.0, 1.0, 0.0], [0.0, 0.0, 1.0], [1.0, 1.0, 0.0], [0.0, 0.0, 1.0], [0.0, 0.0, 0.0]], "T_e": [0, 80, 83, 61, 68, 58, 61, 98, 75, 0], "T_t": [[0.0, 84.81155581640984, 12.165525060596439, 34.058772731852805, 62.80127387243033, 83.5224520712844, 76.40026177965623, 53.75872022286245, 66.48308055437865, 48.05205510693585], [84.81155581640984, 0.0, 74.33034373659252, 59.90826320300064, 62.20128616033595, 51.31276644267, 88.76936408468859, 38.48376280978771, 76.2954782408499, 65.14598989960932], [12.165525060596439, 74.33034373659252, 0.0, 22.0, 51.419840528729765, 78.91767862779544, 78.39005038906404, 41.78516483155236, 67.05221845696084, 37.0], [34.058772731852805, 59.90826320300064, 22.0, 0.0, 30.463092423455635, 78.63841300535, 89.40357934669059, 22.67156809750927, 76.55063683601855, 17.69180601295413], [62.80127387243033, 62.20128616033595, 51.419840528729765, 30.463092423455635, 0.0, 97.6933979345585, 116.69190203266035, 29.154759474226502, 103.32473082471591, 15.0], [83.5224520712844, 51.31276644267, 78.91767862779544, 78.63841300535, 97.6933979345585, 0.0, 43.41658669218482, 68.54195795277518, 34.92849839314596, 92.89241088485109], [76.40026177965623, 88.76936408468859, 78.39005038906404, 89.40357934669059, 116.69190203266035, 43.41658669218482, 0.0, 90.27181176868004, 13.601470508735444, 106.82696288858914], [53.75872022286245, 38.48376280978771, 41.78516483155236, 22.67156809750927, 29.154759474226502, 68.54195795277518, 90.27181176868004, 0.0, 76.69419795525604, 27.294688127912362], [66.48308055437865, 76.2954782408499, 67.05221845696084, 76.55063683601855, 103.32473082471591, 34.92849839314596, 13.601470508735444, 76.69419795525604, 0.0, 93.81364506296512], [48.05205510693585, 65.14598989960932, 37.0, 17.69180601295413, 15.0, 92.89241088485109, 106.82696288858914, 27.294688127912362, 93.81364506296512, 0.0]], "task_locations": [[19, 67], [71, 0], [21, 55], [21, 33], [9, 5], [99, 43], [93, 86], [36, 16], [85, 75], [9, 20]], "precedence_constraints": [[1, 6], [2, 1], [4, 8], [5, 8], [2, 6]]}