{"Q": [[0, 0, 1], [0, 1, 0], [1, 1, 0]], "R": [[0.0, 0.0, 0.0], [0.0, 1.0, 0.0], [1.0, 1.0, 1.0], [1.0, 0.0, 0.0], [0.0, 1.0, 1.0], [0.0, 0.0, 1.0], [1.0, 0.0, 0.0], [1.0, 0.0, 1.0], [0.0, 0.0, 1.0], [0.0, 0.0, 0.0]], "T_e": [0, 56, 61, 64, 70, 66, 84, 66, 61, 0], "T_t": [[0.0, 38.600518131237564, 58.0, 70.02856560004639, 73.00684899377592, 42.15447781671598, 91.60785992479029, 37.05401462729781, 52.15361924162119, 22.02271554554524], [38.600518131237564, 0.0, 23.706539182259394, 35.4682957019364, 92.19544457292888, 5.385164807134504, 74.79304780526061, 13.0, 71.11961754677819, 36.235341863986875], [58.0, 23.706539182259394, 0.0, 12.165525060596439, 93.86160024205851, 24.839484696748443, 56.32051136131489, 21.095023109728988, 74.96665925596525, 47.16990566028302], [70.02856560004639, 35.4682957019364, 12.165525060596439, 0.0, 100.40916292848975, 35.84689665786984, 52.15361924162119, 33.0, 82.80096617793781, 57.97413216254298], [73.00684899377592, 92.19544457292888, 93.86160024205851, 100.40916292848975, 0.0, 97.57561170702442, 77.3692445355388, 80.52949770115296, 21.587033144922902, 57.97413216254298], [42.15447781671598, 5.385164807134504, 24.839484696748443, 35.84689665786984, 97.57561170702442, 0.0, 78.26237921249263, 18.110770276274835, 76.47875521999558, 41.400483088968905], [91.60785992479029, 74.79304780526061, 56.32051136131489, 52.15361924162119, 77.3692445355388, 78.26237921249263, 0.0, 63.8200595424354, 70.02856560004639, 70.49113419430843], [37.05401462729781, 13.0, 21.095023109728988, 33.0, 80.52949770115296, 18.110770276274835, 63.8200595424354, 0.0, 59.90826320300064, 27.459060435491963], [52.15361924162119, 71.11961754677819, 74.96665925596525, 82.80096617793781, 21.587033144922902, 76.47875521999558, 70.02856560004639, 59.90826320300064, 0.0, 36.40054944640259], [22.02271554554524, 36.235341863986875, 47.16990566028302, 57.97413216254298, 57.97413216254298, 41.400483088968905, 70.49113419430843, 27.459060435491963, 36.40054944640259, 0.0]], "task_locations": [[73, 88], [84, 51], [73, 30], [71, 18], [0, 89], [89, 49], [19, 14], [71, 51], [21, 84], [56, 74]], "precedence_constraints": [[3, 2], [5, 4], [8, 6]]}