{"Q": [[1, 0, 0], [0, 0, 1], [1, 1, 0]], "R": [[0.0, 0.0, 0.0], [0.0, 1.0, 0.0], [0.0, 0.0, 1.0], [0.0, 1.0, 0.0], [1.0, 1.0, 0.0], [0.0, 1.0, 1.0], [1.0, 1.0, 1.0], [0.0, 1.0, 1.0], [0.0, 1.0, 1.0], [0.0, 0.0, 0.0]], "T_e": [0, 60, 64, 84, 72, 94, 57, 73, 50, 0], "T_t": [[0.0, 58.7962583843564, 95.1892851112981, 89.40357934669059, 85.44003745317531, 64.19501538281614, 22.47220505424423, 19.72308292331602, 41.88078318274385, 108.93117092916977], [58.7962583843564, 0.0, 52.630789467763066, 31.304951684997057, 33.06055050963308, 46.32493928760188, 38.600518131237564, 40.496913462633174, 18.35755975068582, 50.20956084253277], [95.1892851112981, 52.630789467763066, 0.0, 55.226805085936306, 23.430749027719962, 36.76955262170047, 82.60750571225353, 75.96051605933177, 67.11929677819934, 50.28916384272063], [89.40357934669059, 31.304951684997057, 55.226805085936306, 0.0, 32.202484376209235, 67.89698078707183, 68.01470429252781, 71.69379331573968, 47.634021455258214, 23.08679276123039], [85.44003745317531, 33.06055050963308, 23.430749027719962, 32.202484376209235, 0.0, 41.773197148410844, 68.70953354520753, 65.73431371817918, 50.21951811795888, 33.13608305156178], [64.19501538281614, 46.32493928760188, 36.76955262170047, 67.89698078707183, 41.773197148410844, 0.0, 58.240879114244144, 47.265209192385896, 50.80354318352215, 74.81310045707235], [22.47220505424423, 38.600518131237564, 82.60750571225353, 68.01470429252781, 68.70953354520753, 58.240879114244144, 0.0, 14.212670403551895, 20.518284528683193, 88.61715409558128], [19.72308292331602, 40.496913462633174, 75.96051605933177, 71.69379331573968, 65.73431371817918, 47.265209192385896, 14.212670403551895, 0.0, 25.709920264364882, 90.13878188659973], [41.88078318274385, 18.35755975068582, 67.11929677819934, 47.634021455258214, 50.21951811795888, 50.80354318352215, 20.518284528683193, 25.709920264364882, 0.0, 68.11754546370561], [108.93117092916977, 50.20956084253277, 50.28916384272063, 23.08679276123039, 33.13608305156178, 74.81310045707235, 88.61715409558128, 90.13878188659973, 68.11754546370561, 0.0]], "task_locations": [[83, 95], [39, 56], [52, 5], [11, 42], [37, 23], [78, 31], [62, 87], [73, 78], [48, 72], [4, 20]], "precedence_constraints": [[7, 4]]}