{"Q": [[1, 1, 0], [0, 1, 0], [0, 1, 1]], "R": [[0.0, 0.0, 0.0], [0.0, 1.0, 1.0], [1.0, 0.0, 1.0], [0.0, 1.0, 0.0], [1.0, 0.0, 1.0], [0.0, 0.0, 1.0], [0.0, 1.0, 0.0], [1.0, 0.0, 1.0], [0.0, 1.0, 0.0], [0.0, 0.0, 0.0]], "T_e": [0, 54, 77, 79, 75, 95, 69, 98, 78, 0], "T_t": [[0.0, 82.0, 21.540659228538015, 58.215118311311535, 41.012193308819754, 79.63039620647382, 92.19544457292888, 70.06425622241343, 32.64965543462902, 20.396078054371138], [82.0, 0.0, 81.41252974819048, 93.94147114027967, 84.20213774008353, 28.0178514522438, 43.174066289845804, 18.027756377319946, 95.63472172804185, 92.19544457292888], [21.540659228538015, 81.41252974819048, 0.0, 79.07591289387686, 61.66036003787198, 71.7007670809734, 101.21264743103995, 66.12866246946176, 54.12947441089743, 12.0], [58.215118311311535, 93.94147114027967, 79.07591289387686, 0.0, 17.46424919657298, 108.07404868885037, 75.02666192761077, 93.00537618869137, 30.675723300355934, 78.00640999302557], [41.012193308819754, 84.20213774008353, 61.66036003787198, 17.46424919657298, 0.0, 94.87360012142472, 73.49829930005184, 80.52949770115296, 18.439088914585774, 61.07372593840988], [79.63039620647382, 28.0178514522438, 71.7007670809734, 108.07404868885037, 94.87360012142472, 0.0, 70.57619995437555, 15.811388300841896, 101.76934705499491, 83.60023923410746], [92.19544457292888, 43.174066289845804, 101.21264743103995, 75.02666192761077, 73.49829930005184, 70.57619995437555, 0.0, 57.0, 90.47651629014017, 108.97706180660222], [70.06425622241343, 18.027756377319946, 66.12866246946176, 93.00537618869137, 80.52949770115296, 15.811388300841896, 57.0, 0.0, 88.88756943465155, 77.4919350642375], [32.64965543462902, 95.63472172804185, 54.12947441089743, 30.675723300355934, 18.439088914585774, 101.76934705499491, 90.47651629014017, 88.88756943465155, 0.0, 50.21951811795888], [20.396078054371138, 92.19544457292888, 12.0, 78.00640999302557, 61.07372593840988, 83.60023923410746, 108.97706180660222, 77.4919350642375, 50.21951811795888, 0.0]], "task_locations": [[19, 67], [99, 49], [27, 87], [14, 9], [18, 26], [98, 77], [89, 7], [89, 64], [4, 38], [15, 87]], "precedence_constraints": [[7, 3]]}