{"Q": [[1, 1, 0], [1, 0, 0], [0, 0, 1]], "R": [[0.0, 0.0, 0.0], [1.0, 0.0, 1.0], [1.0, 0.0, 0.0], [1.0, 1.0, 0.0], [0.0, 1.0, 0.0], [0.0, 0.0, 1.0], [1.0, 1.0, 1.0], [0.0, 1.0, 1.0], [0.0, 0.0, 1.0], [0.0, 0.0, 0.0]], "T_e": [0, 90, 85, 57, 65, 60, 95, 96, 65, 0], "T_t": [[0.0, 9.055385138137417, 55.47071299343465, 84.72307831990054, 77.62087348130012, 82.97590011563598, 12.206555615733702, 63.97655820689325, 26.92582403567252, 58.42088667591412], [9.055385138137417, 0.0, 63.97655820689325, 87.93179174792243, 81.34494452638098, 89.80534505250787, 6.082762530298219, 72.61542535852834, 27.073972741361768, 61.1310068623117], [55.47071299343465, 63.97655820689325, 0.0, 65.36818798161687, 56.938563381947034, 37.33630940518894, 67.60177512462228, 9.055385138137417, 56.0, 52.80151512977634], [84.72307831990054, 87.93179174792243, 65.36818798161687, 0.0, 8.54400374531753, 42.05948168962618, 93.96275858019496, 69.40461079784254, 61.84658438426491, 26.92582403567252], [77.62087348130012, 81.34494452638098, 56.938563381947034, 8.54400374531753, 0.0, 36.05551275463989, 87.31551981177229, 61.220911460055866, 55.94640292279746, 21.400934559032695], [82.97590011563598, 89.80534505250787, 37.33630940518894, 42.05948168962618, 36.05551275463989, 0.0, 94.847245611035, 36.22154055254967, 71.34423592694787, 47.265209192385896], [12.206555615733702, 6.082762530298219, 67.60177512462228, 93.96275858019496, 87.31551981177229, 94.847245611035, 0.0, 76.02631123499285, 33.13608305156178, 67.1863081289633], [63.97655820689325, 72.61542535852834, 9.055385138137417, 69.40461079784254, 61.220911460055866, 36.22154055254967, 76.02631123499285, 0.0, 65.00769185258002, 59.682493245507096], [26.92582403567252, 27.073972741361768, 56.0, 61.84658438426491, 55.94640292279746, 71.34423592694787, 33.13608305156178, 65.00769185258002, 0.0, 34.92849839314596], [58.42088667591412, 61.1310068623117, 52.80151512977634, 26.92582403567252, 21.400934559032695, 47.265209192385896, 67.1863081289633, 59.682493245507096, 34.92849839314596, 0.0]], "task_locations": [[92, 10], [93, 1], [66, 59], [9, 27], [17, 30], [29, 64], [99, 0], [65, 68], [66, 3], [34, 17]], "precedence_constraints": [[7, 6], [2, 3], [5, 1]]}