{"Q": [[1, 1, 0], [0, 1, 0], [1, 1, 1]], "R": [[0.0, 0.0, 0.0], [0.0, 1.0, 1.0], [1.0, 0.0, 0.0], [1.0, 0.0, 0.0], [1.0, 1.0, 0.0], [0.0, 1.0, 0.0], [1.0, 1.0, 0.0], [1.0, 1.0, 0.0], [1.0, 1.0, 0.0], [0.0, 0.0, 0.0]], "T_e": [0, 52, 97, 79, 59, 54, 51, 86, 88, 0], "T_t": [[0.0, 21.587033144922902, 27.51363298439521, 12.529964086141668, 20.615528128088304, 80.2807573457052, 72.00694410957877, 33.06055050963308, 66.64833081180653, 38.28837943815329], [21.587033144922902, 0.0, 49.040799340956916, 21.93171219946131, 42.20189569201838, 73.40980860893181, 70.03570517957252, 42.485291572496, 52.3450093132096, 34.23448553724738], [27.51363298439521, 49.040799340956916, 0.0, 32.0624390837628, 7.211102550927978, 93.47726996441435, 80.65977932030313, 36.87817782917155, 87.80091115700337, 54.78138369920935], [12.529964086141668, 21.93171219946131, 32.0624390837628, 0.0, 26.68332812825267, 68.01470429252781, 59.481089431852205, 22.360679774997898, 56.64803615307419, 26.1725046566048], [20.615528128088304, 42.20189569201838, 7.211102550927978, 26.68332812825267, 0.0, 91.0494371207203, 79.30952023559341, 35.608987629529715, 83.16850365372699, 51.0], [80.2807573457052, 73.40980860893181, 93.47726996441435, 68.01470429252781, 91.0494371207203, 0.0, 18.110770276274835, 56.938563381947034, 32.01562118716424, 42.01190307520001], [72.00694410957877, 70.03570517957252, 80.65977932030313, 59.481089431852205, 79.30952023559341, 18.110770276274835, 0.0, 43.840620433565945, 42.01190307520001, 35.90264614203248], [33.06055050963308, 42.485291572496, 36.87817782917155, 22.360679774997898, 35.608987629529715, 56.938563381947034, 43.840620433565945, 0.0, 57.0350769263968, 23.345235059857504], [66.64833081180653, 52.3450093132096, 87.80091115700337, 56.64803615307419, 83.16850365372699, 32.01562118716424, 42.01190307520001, 57.0350769263968, 0.0, 34.058772731852805], [38.28837943815329, 34.23448553724738, 54.78138369920935, 26.1725046566048, 51.0, 42.01190307520001, 35.90264614203248, 23.345235059857504, 34.058772731852805, 0.0]], "task_locations": [[68, 15], [47, 10], [94, 24], [62, 26], [88, 20], [17, 77], [35, 79], [66, 48], [9, 46], [43, 44]], "precedence_constraints": [[5, 8], [3, 8], [5, 3]]}