{"Q": [[0, 1, 1], [0, 1, 0], [1, 1, 0]], "R": [[0.0, 0.0, 0.0], [1.0, 1.0, 0.0], [1.0, 1.0, 0.0], [0.0, 1.0, 1.0], [1.0, 1.0, 0.0], [0.0, 0.0, 1.0], [0.0, 0.0, 1.0], [1.0, 0.0, 1.0], [1.0, 0.0, 0.0], [0.0, 0.0, 0.0]], "T_e": [0, 66, 59, 72, 64, 62, 85, 60, 99, 0], "T_t": [[0.0, 47.01063709417264, 73.33484846919642, 29.732137494637012, 89.80534505250787, 36.49657518178932, 81.6333265278342, 67.06713054842886, 71.8679344353238, 93.94147114027967], [47.01063709417264, 0.0, 50.91168824543142, 40.024992192379, 43.60045871318328, 43.56604182158393, 35.4682957019364, 36.76955262170047, 32.01562118716424, 55.90169943749474], [73.33484846919642, 50.91168824543142, 0.0, 45.09988913511872, 71.7007670809734, 89.94442728707543, 49.09175083453431, 86.02325267042627, 76.47875521999558, 32.202484376209235], [29.732137494637012, 40.024992192379, 45.09988913511872, 0.0, 81.85963596303125, 57.201398584300364, 66.84309986827361, 73.17103251970687, 71.7007670809734, 70.26378868236469], [89.80534505250787, 43.60045871318328, 71.7007670809734, 81.85963596303125, 0.0, 74.46475676452586, 23.08679276123039, 40.01249804748511, 25.179356624028344, 53.53503525729669], [36.49657518178932, 43.56604182158393, 89.94442728707543, 57.201398584300364, 74.46475676452586, 0.0, 76.23647421018367, 39.6232255123179, 50.60632371551998, 99.46356116689167], [81.6333265278342, 35.4682957019364, 49.09175083453431, 66.84309986827361, 23.08679276123039, 76.23647421018367, 0.0, 51.478150704935004, 37.21558813185679, 31.827660925679098], [67.06713054842886, 36.76955262170047, 86.02325267042627, 73.17103251970687, 40.01249804748511, 39.6232255123179, 51.478150704935004, 0.0, 15.132745950421556, 81.83520025025906], [71.8679344353238, 32.01562118716424, 76.47875521999558, 71.7007670809734, 25.179356624028344, 50.60632371551998, 37.21558813185679, 15.132745950421556, 0.0, 68.41052550594829], [93.94147114027967, 55.90169943749474, 32.202484376209235, 70.26378868236469, 53.53503525729669, 99.46356116689167, 31.827660925679098, 81.83520025025906, 68.41052550594829, 0.0]], "task_locations": [[74, 6], [45, 43], [81, 79], [84, 34], [10, 69], [38, 0], [32, 76], [11, 29], [13, 44], [55, 98]], "precedence_constraints": [[8, 7], [6, 7], [3, 4], [3, 1], [5, 6]]}