{"Q": [[0, 0, 1], [1, 0, 1], [0, 1, 0]], "R": [[0.0, 0.0, 0.0], [0.0, 0.0, 1.0], [1.0, 0.0, 0.0], [1.0, 0.0, 0.0], [0.0, 0.0, 1.0], [1.0, 0.0, 0.0], [0.0, 0.0, 1.0], [0.0, 1.0, 0.0], [1.0, 1.0, 1.0], [0.0, 0.0, 0.0]], "T_e": [0, 70, 51, 90, 53, 70, 62, 99, 87, 0], "T_t": [[0.0, 57.07889277132134, 36.05551275463989, 63.56099432828282, 30.805843601498726, 84.71717653463199, 31.906112267087632, 56.0357029044876, 96.74709297958259, 59.033888572581766], [57.07889277132134, 0.0, 54.644304369257, 99.56907150315303, 35.34119409414458, 105.75916035975324, 46.647615158762406, 1.4142135623730951, 81.49846624323675, 96.89685237405806], [36.05551275463989, 54.644304369257, 0.0, 44.94441010848846, 20.615528128088304, 55.036351623268054, 8.602325267042627, 54.405882034941776, 61.61168720299745, 42.485291572496], [63.56099432828282, 99.56907150315303, 44.94441010848846, 0.0, 64.81512169239521, 30.01666203960727, 53.009433122794285, 99.29753269845128, 78.43468620451031, 5.0], [30.805843601498726, 35.34119409414458, 20.615528128088304, 64.81512169239521, 0.0, 75.17978451685, 12.041594578792296, 34.88552708502482, 69.8927750200262, 61.85466837676846], [84.71717653463199, 105.75916035975324, 55.036351623268054, 30.01666203960727, 75.17978451685, 0.0, 63.50590523722971, 105.89145385724005, 59.0, 34.438350715445125], [31.906112267087632, 46.647615158762406, 8.602325267042627, 53.009433122794285, 12.041594578792296, 63.50590523722971, 0.0, 46.32493928760188, 64.88451279003334, 50.24937810560445], [56.0357029044876, 1.4142135623730951, 54.405882034941776, 99.29753269845128, 34.88552708502482, 105.89145385724005, 46.32493928760188, 0.0, 82.38931969618392, 96.56603957913983], [96.74709297958259, 81.49846624323675, 61.61168720299745, 78.43468620451031, 69.8927750200262, 59.0, 64.88451279003334, 82.38931969618392, 0.0, 80.23091673413684], [59.033888572581766, 96.89685237405806, 42.485291572496, 5.0, 61.85466837676846, 34.438350715445125, 50.24937810560445, 96.56603957913983, 80.23091673413684, 0.0]], "task_locations": [[41, 15], [98, 18], [53, 49], [15, 73], [66, 33], [30, 99], [58, 42], [97, 17], [89, 99], [15, 68]], "precedence_constraints": [[8, 7], [1, 7], [2, 7], [7, 6], [8, 4]]}