{"Q": [[1, 1, 0], [0, 1, 1], [1, 0, 0]], "R": [[0.0, 0.0, 0.0], [1.0, 1.0, 0.0], [0.0, 0.0, 1.0], [1.0, 1.0, 0.0], [1.0, 0.0, 1.0], [1.0, 0.0, 0.0], [0.0, 1.0, 0.0], [1.0, 0.0, 0.0], [1.0, 1.0, 1.0], [0.0, 0.0, 0.0]], "T_e": [0, 64, 77, 50, 69, 51, 64, 61, 53, 0], "T_t": [[0.0, 37.53664875824692, 4.123105625617661, 41.72529209005013, 60.166435825965294, 43.32435804486894, 20.615528128088304, 28.861739379323623, 45.31004303683677, 70.83784299369935], [37.53664875824692, 0.0, 41.012193308819754, 79.2464510246358, 31.575306807693888, 44.94441010848846, 56.85068161420758, 35.12833614050059, 67.89698078707183, 83.93449827097318], [4.123105625617661, 41.012193308819754, 0.0, 38.28837943815329, 64.25729530566937, 46.84015371452148, 16.55294535724685, 32.55764119219941, 42.04759208325728, 72.83543093852057], [41.72529209005013, 79.2464510246358, 38.28837943815329, 0.0, 99.64436762808022, 71.80529228406496, 24.166091947189145, 61.465437442517235, 48.76474136094644, 79.40403012442127], [60.166435825965294, 31.575306807693888, 64.25729530566937, 99.64436762808022, 0.0, 39.0, 80.77747210701756, 40.311288741492746, 98.12746812182611, 75.53806987208503], [43.32435804486894, 44.94441010848846, 46.84015371452148, 71.80529228406496, 39.0, 0.0, 60.29925372672534, 14.7648230602334, 88.60022573334675, 39.45883931389772], [20.615528128088304, 56.85068161420758, 16.55294535724685, 24.166091947189145, 80.77747210701756, 60.29925372672534, 0.0, 47.01063709417264, 33.97057550292606, 79.88116173416608], [28.861739379323623, 35.12833614050059, 32.55764119219941, 61.465437442517235, 40.311288741492746, 14.7648230602334, 47.01063709417264, 0.0, 74.0, 49.76946855251722], [45.31004303683677, 67.89698078707183, 42.04759208325728, 48.76474136094644, 98.12746812182611, 88.60022573334675, 33.97057550292606, 74.0, 0.0, 113.22985472038724], [70.83784299369935, 83.93449827097318, 72.83543093852057, 79.40403012442127, 75.53806987208503, 39.45883931389772, 79.88116173416608, 49.76946855251722, 113.22985472038724, 0.0]], "task_locations": [[56, 39], [31, 11], [60, 40], [85, 69], [0, 17], [15, 53], [75, 47], [28, 46], [98, 22], [9, 92]], "precedence_constraints": [[2, 1]]}