{"Q": [[1, 1, 0], [0, 1, 0], [1, 0, 1]], "R": [[0.0, 0.0, 0.0], [1.0, 1.0, 0.0], [0.0, 1.0, 1.0], [1.0, 1.0, 0.0], [0.0, 1.0, 0.0], [0.0, 0.0, 1.0], [0.0, 1.0, 0.0], [1.0, 1.0, 1.0], [1.0, 0.0, 1.0], [0.0, 0.0, 0.0]], "T_e": [0, 74, 67, 94, 54, 92, 59, 84, 83, 0], "T_t": [[0.0, 58.240879114244144, 26.92582403567252, 40.607881008493905, 50.039984012787215, 82.86132994346639, 77.0, 33.24154027718932, 88.02272433866155, 7.0710678118654755], [58.240879114244144, 0.0, 80.1311425102625, 47.50789408087881, 15.231546211727817, 47.01063709417264, 26.40075756488817, 25.0, 54.589376255824725, 59.61543424315552], [26.92582403567252, 80.1311425102625, 0.0, 46.04345773288535, 68.70953354520753, 93.02150289046077, 93.86160024205851, 56.0357029044876, 96.42095207992918, 21.93171219946131], [40.607881008493905, 47.50789408087881, 46.04345773288535, 0.0, 32.449961479175904, 47.0, 51.478150704935004, 34.0, 50.48762224545735, 35.84689665786984], [50.039984012787215, 15.231546211727817, 68.70953354520753, 32.449961479175904, 0.0, 39.6232255123179, 27.073972741361768, 19.313207915827967, 46.69047011971501, 49.8196748283246], [82.86132994346639, 47.01063709417264, 93.02150289046077, 47.0, 39.6232255123179, 0.0, 25.079872407968907, 58.008620049092706, 7.615773105863909, 80.049984384758], [77.0, 26.40075756488817, 93.86160024205851, 51.478150704935004, 27.073972741361768, 25.079872407968907, 0.0, 45.89117562233506, 32.38826948140329, 76.32168761236873], [33.24154027718932, 25.0, 56.0357029044876, 34.0, 19.313207915827967, 58.008620049092706, 45.89117562233506, 0.0, 64.66065264130884, 34.88552708502482], [88.02272433866155, 54.589376255824725, 96.42095207992918, 50.48762224545735, 46.69047011971501, 7.615773105863909, 32.38826948140329, 64.66065264130884, 0.0, 84.77027781009096], [7.0710678118654755, 59.61543424315552, 21.93171219946131, 35.84689665786984, 49.8196748283246, 80.049984384758, 76.32168761236873, 34.88552708502482, 84.77027781009096, 0.0]], "task_locations": [[63, 14], [47, 70], [86, 0], [88, 46], [61, 64], [88, 93], [63, 91], [54, 46], [95, 96], [70, 15]], "precedence_constraints": [[4, 2], [8, 2], [7, 5], [8, 5], [7, 4]]}