{"Q": [[0, 0, 1], [0, 0, 1], [1, 1, 0]], "R": [[0.0, 0.0, 0.0], [0.0, 1.0, 0.0], [0.0, 0.0, 1.0], [1.0, 1.0, 0.0], [1.0, 0.0, 0.0], [0.0, 1.0, 0.0], [0.0, 0.0, 1.0], [0.0, 1.0, 0.0], [0.0, 1.0, 1.0], [0.0, 0.0, 0.0]], "T_e": [0, 54, 63, 75, 80, 98, 86, 57, 78, 0], "T_t": [[0.0, 48.83646178829912, 59.481089431852205, 41.43669871020132, 79.42921376924235, 88.14193099768123, 77.10382610480494, 42.7551166528639, 14.866068747318506, 36.24913792078372], [48.83646178829912, 0.0, 18.027756377319946, 27.459060435491963, 68.01470429252781, 68.60029154456998, 48.76474136094644, 25.709920264364882, 36.359317925395686, 18.24828759089466], [59.481089431852205, 18.027756377319946, 0.0, 24.186773244895647, 85.0, 84.17244204607586, 63.25345840347388, 21.95449840010015, 49.72926703662542, 23.323807579381203], [41.43669871020132, 27.459060435491963, 24.186773244895647, 0.0, 91.21403400793103, 94.02127418834527, 75.39230729988306, 2.23606797749979, 36.87817782917155, 12.041594578792296], [79.42921376924235, 68.01470429252781, 85.0, 91.21403400793103, 0.0, 14.142135623730951, 28.071337695236398, 90.27181176868004, 67.05221845696084, 79.20227269466452], [88.14193099768123, 68.60029154456998, 84.17244204607586, 94.02127418834527, 14.142135623730951, 0.0, 21.633307652783937, 92.78469701410896, 74.67261881037788, 82.29823813423954], [77.10382610480494, 48.76474136094644, 63.25345840347388, 75.39230729988306, 28.071337695236398, 21.633307652783937, 0.0, 73.92563831310488, 62.51399843235114, 64.19501538281614], [42.7551166528639, 25.709920264364882, 21.95449840010015, 2.23606797749979, 90.27181176868004, 92.78469701410896, 73.92563831310488, 0.0, 37.48332962798263, 11.40175425099138], [14.866068747318506, 36.359317925395686, 49.72926703662542, 36.87817782917155, 67.05221845696084, 74.67261881037788, 62.51399843235114, 37.48332962798263, 0.0, 28.0178514522438], [36.24913792078372, 18.24828759089466, 23.323807579381203, 12.041594578792296, 79.20227269466452, 82.29823813423954, 64.19501538281614, 11.40175425099138, 28.0178514522438, 0.0]], "task_locations": [[5, 33], [38, 69], [32, 86], [11, 74], [83, 18], [93, 28], [81, 46], [13, 75], [19, 38], [20, 66]], "precedence_constraints": [[1, 2], [8, 3]]}