{"Q": [[0, 0, 1], [1, 0, 0], [1, 1, 1]], "R": [[0.0, 0.0, 0.0], [0.0, 0.0, 1.0], [0.0, 1.0, 1.0], [1.0, 1.0, 1.0], [1.0, 0.0, 1.0], [1.0, 0.0, 1.0], [1.0, 0.0, 1.0], [1.0, 0.0, 0.0], [0.0, 0.0, 1.0], [0.0, 0.0, 0.0]], "T_e": [0, 50, 72, 58, 52, 56, 50, 89, 85, 0], "T_t": [[0.0, 73.348483283569, 27.0, 23.769728648009426, 68.0294054067798, 60.08327554319921, 39.44616584663204, 43.93176527297759, 67.23094525588644, 99.40321926376429], [73.348483283569, 0.0, 47.12748667179272, 86.33075929238663, 16.492422502470642, 68.24954212300622, 38.47076812334269, 41.78516483155236, 24.413111231467404, 45.70557952810576], [27.0, 47.12748667179272, 0.0, 40.22437072223753, 41.048751503547585, 57.55866572463264, 21.18962010041709, 29.614185789921695, 46.010868281309364, 79.30952023559341], [23.769728648009426, 86.33075929238663, 40.22437072223753, 0.0, 76.92203845452875, 83.81527307120105, 58.728187440104094, 65.0, 85.70297544426332, 118.82760622010359], [68.0294054067798, 16.492422502470642, 41.048751503547585, 76.92203845452875, 0.0, 76.69419795525604, 40.496913462633174, 46.75467891024384, 37.36308338453881, 62.16912416947821], [60.08327554319921, 68.24954212300622, 57.55866572463264, 83.81527307120105, 76.69419795525604, 0.0, 39.92492955535426, 31.304951684997057, 45.27692569068709, 61.032778078668514], [39.44616584663204, 38.47076812334269, 21.18962010041709, 58.728187440104094, 40.496913462633174, 39.92492955535426, 0.0, 9.055385138137417, 27.784887978899608, 60.30754513325841], [43.93176527297759, 41.78516483155236, 29.614185789921695, 65.0, 46.75467891024384, 31.304951684997057, 9.055385138137417, 0.0, 25.495097567963924, 55.758407437802596], [67.23094525588644, 24.413111231467404, 46.010868281309364, 85.70297544426332, 37.36308338453881, 45.27692569068709, 27.784887978899608, 25.495097567963924, 0.0, 33.301651610693426], [99.40321926376429, 45.70557952810576, 79.30952023559341, 118.82760622010359, 62.16912416947821, 61.032778078668514, 60.30754513325841, 55.758407437802596, 33.301651610693426, 0.0]], "task_locations": [[85, 38], [13, 52], [58, 38], [91, 15], [17, 36], [66, 95], [51, 58], [52, 67], [27, 72], [5, 97]], "precedence_constraints": [[6, 1], [8, 1], [3, 7], [7, 4]]}