{"Q": [[1, 0, 1], [1, 0, 0], [1, 1, 1]], "R": [[0.0, 0.0, 0.0], [0.0, 0.0, 1.0], [1.0, 1.0, 1.0], [1.0, 1.0, 1.0], [1.0, 1.0, 0.0], [0.0, 0.0, 1.0], [1.0, 1.0, 1.0], [1.0, 1.0, 0.0], [0.0, 1.0, 1.0], [0.0, 0.0, 0.0]], "T_e": [0, 83, 56, 54, 59, 87, 70, 92, 51, 0], "T_t": [[0.0, 22.20360331117452, 47.01063709417264, 49.51767361255979, 61.61168720299745, 35.34119409414458, 5.0, 46.8187996428785, 32.55764119219941, 39.11521443121589], [22.20360331117452, 0.0, 59.841457201508724, 27.65863337187866, 47.16990566028302, 14.142135623730951, 18.384776310850235, 46.010868281309364, 15.652475842498529, 23.259406699226016], [47.01063709417264, 59.841457201508724, 0.0, 77.78174593052023, 66.2872536767062, 73.43704787094863, 51.42956348249516, 32.64965543462902, 74.95331880577403, 82.46211251235322], [49.51767361255979, 27.65863337187866, 77.78174593052023, 0.0, 34.058772731852805, 19.4164878389476, 46.010868281309364, 52.952809179494906, 28.284271247461902, 31.144823004794873], [61.61168720299745, 47.16990566028302, 66.2872536767062, 34.058772731852805, 0.0, 48.46648326421054, 60.67124524847005, 34.0, 56.92099788303083, 62.24146527838174], [35.34119409414458, 14.142135623730951, 73.43704787094863, 19.4164878389476, 48.46648326421054, 0.0, 30.886890422961002, 56.08029957123981, 9.0, 13.892443989449804], [5.0, 18.384776310850235, 51.42956348249516, 46.010868281309364, 60.67124524847005, 30.886890422961002, 0.0, 48.75448697299562, 27.65863337187866, 34.132096331752024], [46.8187996428785, 46.010868281309364, 32.64965543462902, 52.952809179494906, 34.0, 56.08029957123981, 48.75448697299562, 0.0, 61.220911460055866, 68.60029154456998], [32.55764119219941, 15.652475842498529, 74.95331880577403, 28.284271247461902, 56.92099788303083, 9.0, 27.65863337187866, 61.220911460055866, 0.0, 7.615773105863909], [39.11521443121589, 23.259406699226016, 82.46211251235322, 31.144823004794873, 62.24146527838174, 13.892443989449804, 34.132096331752024, 68.60029154456998, 7.615773105863909, 0.0]], "task_locations": [[57, 11], [75, 24], [16, 34], [93, 45], [71, 71], [89, 26], [62, 11], [41, 55], [89, 17], [96, 14]], "precedence_constraints": [[6, 8], [8, 3], [6, 4], [4, 7], [2, 8], [4, 1]]}