{"Q": [[1, 0, 1], [1, 1, 1], [1, 0, 1]], "R": [[0.0, 0.0, 0.0], [1.0, 1.0, 1.0], [1.0, 1.0, 0.0], [1.0, 0.0, 1.0], [0.0, 1.0, 0.0], [1.0, 1.0, 0.0], [1.0, 0.0, 1.0], [0.0, 0.0, 1.0], [1.0, 0.0, 0.0], [0.0, 0.0, 0.0]], "T_e": [0, 96, 86, 98, 51, 56, 56, 89, 93, 0], "T_t": [[0.0, 88.32326986700618, 53.46026561849464, 58.42088667591412, 61.40032573203501, 30.675723300355934, 55.46169849544819, 15.0, 42.01190307520001, 13.0], [88.32326986700618, 0.0, 83.38465086573187, 84.01190391843289, 45.70557952810576, 99.15644204992432, 73.7360156233031, 75.8023746329889, 83.00602387778854, 101.21264743103995], [53.46026561849464, 83.38465086573187, 0.0, 5.0, 38.0, 83.74365647617735, 95.80187889597991, 57.38466694161429, 88.54942122905152, 58.215118311311535], [58.42088667591412, 84.01190391843289, 5.0, 0.0, 38.3275357934736, 88.64536084872124, 99.86490875177326, 62.03224967708329, 93.03762679690406, 63.198101237299845], [61.40032573203501, 45.70557952810576, 38.0, 38.3275357934736, 0.0, 84.64632301523794, 79.30952023559341, 55.362442142665635, 79.02531240052139, 72.20110802473879], [30.675723300355934, 99.15644204992432, 83.74365647617735, 88.64536084872124, 84.64632301523794, 0.0, 40.311288741492746, 29.427877939124322, 23.194827009486403, 32.55764119219941], [55.46169849544819, 73.7360156233031, 95.80187889597991, 99.86490875177326, 79.30952023559341, 40.311288741492746, 0.0, 42.43819034784589, 17.11724276862369, 64.8459713474939], [15.0, 75.8023746329889, 57.38466694161429, 62.03224967708329, 55.362442142665635, 29.427877939124322, 42.43819034784589, 0.0, 31.622776601683793, 27.459060435491963], [42.01190307520001, 83.00602387778854, 88.54942122905152, 93.03762679690406, 79.02531240052139, 23.194827009486403, 17.11724276862369, 31.622776601683793, 0.0, 49.658836071740545], [13.0, 101.21264743103995, 58.215118311311535, 63.198101237299845, 72.20110802473879, 32.55764119219941, 64.8459713474939, 27.459060435491963, 49.658836071740545, 0.0]], "task_locations": [[59, 23], [14, 99], [6, 16], [1, 16], [6, 54], [88, 33], [83, 73], [59, 38], [85, 56], [64, 11]], "precedence_constraints": [[7, 8], [1, 6], [6, 4], [5, 4], [1, 8]]}