{"Q": [[0, 1, 1], [0, 1, 0], [1, 1, 1]], "R": [[0.0, 0.0, 0.0], [1.0, 0.0, 0.0], [1.0, 1.0, 1.0], [1.0, 1.0, 1.0], [0.0, 1.0, 1.0], [0.0, 1.0, 0.0], [1.0, 1.0, 1.0], [0.0, 1.0, 0.0], [0.0, 1.0, 0.0], [0.0, 0.0, 0.0]], "T_e": [0, 94, 62, 65, 67, 62, 95, 88, 83, 0], "T_t": [[0.0, 48.91829923454004, 33.301651610693426, 29.068883707497267, 35.4400902933387, 56.64803615307419, 42.5440947723653, 47.4236228055175, 37.0, 72.18032973047436], [48.91829923454004, 0.0, 58.9406481131655, 20.591260281974, 42.1070065428546, 27.018512172212592, 91.02197536858887, 2.0, 78.29431652425353, 88.52683209061533], [33.301651610693426, 58.9406481131655, 0.0, 47.095647357266465, 19.209372712298546, 78.02563681252464, 59.135437767890075, 58.463663928973865, 25.059928172283335, 105.47511554864494], [29.068883707497267, 20.591260281974, 47.095647357266465, 0.0, 35.34119409414458, 31.016124838541646, 70.60453243241541, 18.867962264113206, 61.98386886924694, 74.73285756613352], [35.4400902933387, 42.1070065428546, 19.209372712298546, 35.34119409414458, 0.0, 64.53681120105021, 71.84705978674423, 42.01190307520001, 43.41658669218482, 104.20172743289815], [56.64803615307419, 27.018512172212592, 78.02563681252464, 31.016124838541646, 64.53681120105021, 0.0, 93.40770846134703, 25.80697580112788, 92.19544457292888, 69.0], [42.5440947723653, 91.02197536858887, 59.135437767890075, 70.60453243241541, 71.84705978674423, 93.40770846134703, 0.0, 89.40357934669059, 40.311288741492746, 74.96665925596525], [47.4236228055175, 2.0, 58.463663928973865, 18.867962264113206, 42.01190307520001, 25.80697580112788, 89.40357934669059, 0.0, 77.3692445355388, 86.58521813797087], [37.0, 78.29431652425353, 25.059928172283335, 61.98386886924694, 43.41658669218482, 92.19544457292888, 40.311288741492746, 77.3692445355388, 0.0, 102.47438704378767], [72.18032973047436, 88.52683209061533, 105.47511554864494, 74.73285756613352, 104.20172743289815, 69.0, 74.96665925596525, 86.58521813797087, 102.47438704378767, 0.0]], "task_locations": [[61, 59], [29, 96], [86, 81], [39, 78], [71, 93], [8, 79], [82, 22], [29, 94], [98, 59], [8, 10]], "precedence_constraints": [[5, 8], [2, 1]]}