{"Q": [[1, 1, 1], [1, 0, 0], [0, 1, 0]], "R": [[0.0, 0.0, 0.0], [1.0, 1.0, 0.0], [0.0, 1.0, 0.0], [1.0, 0.0, 1.0], [0.0, 1.0, 0.0], [0.0, 1.0, 0.0], [0.0, 0.0, 1.0], [1.0, 1.0, 1.0], [1.0, 1.0, 0.0], [0.0, 0.0, 0.0]], "T_e": [0, 88, 89, 97, 68, 50, 71, 55, 58, 0], "T_t": [[0.0, 36.87817782917155, 26.92582403567252, 39.11521443121589, 29.068883707497267, 53.75872022286245, 17.26267650163207, 21.93171219946131, 33.28663395418648, 10.198039027185569], [36.87817782917155, 0.0, 35.05709628591621, 29.154759474226502, 65.94694837519019, 47.01063709417264, 48.02082881417188, 43.73785545725808, 69.42621983083913, 43.9089968002003], [26.92582403567252, 35.05709628591621, 0.0, 16.401219466856727, 47.43416490252569, 27.073972741361768, 44.14748010928823, 12.806248474865697, 55.10898293381942, 24.186773244895647], [39.11521443121589, 29.154759474226502, 16.401219466856727, 0.0, 63.15853069855251, 18.439088914585774, 56.0, 29.206163733020468, 70.21395872616783, 39.21734310225516], [29.068883707497267, 65.94694837519019, 47.43416490252569, 63.15853069855251, 0.0, 73.16419889536138, 25.079872407968907, 35.6931365951495, 9.848857801796104, 24.186773244895647], [53.75872022286245, 47.01063709417264, 27.073972741361768, 18.439088914585774, 73.16419889536138, 0.0, 71.02112361825881, 37.48332962798263, 81.49846624323675, 51.0098029794274], [17.26267650163207, 48.02082881417188, 44.14748010928823, 56.0, 25.079872407968907, 71.02112361825881, 0.0, 37.589892258425, 23.706539182259394, 23.021728866442675], [21.93171219946131, 43.73785545725808, 12.806248474865697, 29.206163733020468, 35.6931365951495, 37.48332962798263, 37.589892258425, 0.0, 44.10215414239989, 14.866068747318506], [33.28663395418648, 69.42621983083913, 55.10898293381942, 70.21395872616783, 9.848857801796104, 81.49846624323675, 23.706539182259394, 44.10215414239989, 0.0, 31.04834939252005], [10.198039027185569, 43.9089968002003, 24.186773244895647, 39.21734310225516, 24.186773244895647, 51.0098029794274, 23.021728866442675, 14.866068747318506, 31.04834939252005, 0.0]], "task_locations": [[53, 56], [29, 28], [27, 63], [14, 53], [72, 78], [0, 65], [70, 53], [37, 71], [81, 74], [51, 66]], "precedence_constraints": [[4, 5], [5, 6]]}