{"Q": [[0, 1, 0], [1, 1, 0], [0, 0, 1]], "R": [[0.0, 0.0, 0.0], [1.0, 0.0, 1.0], [1.0, 1.0, 1.0], [1.0, 0.0, 1.0], [1.0, 1.0, 1.0], [1.0, 0.0, 1.0], [0.0, 1.0, 1.0], [1.0, 0.0, 1.0], [1.0, 1.0, 0.0], [0.0, 0.0, 0.0]], "T_e": [0, 91, 91, 52, 62, 52, 69, 74, 76, 0], "T_t": [[0.0, 48.093658625644196, 20.518284528683193, 33.24154027718932, 62.16912416947821, 9.848857801796104, 58.9406481131655, 54.70831746635972, 25.96150997149434, 57.0087712549569], [48.093658625644196, 0.0, 63.953107821277925, 80.22468448052632, 15.811388300841896, 57.0087712549569, 20.12461179749811, 87.8179936004006, 23.345235059857504, 85.21150157109074], [20.518284528683193, 63.953107821277925, 0.0, 17.72004514666935, 76.02631123499285, 11.661903789690601, 77.62087348130012, 35.4682957019364, 40.607881008493905, 39.45883931389772], [33.24154027718932, 80.22468448052632, 17.72004514666935, 0.0, 93.04837451562494, 23.53720459187964, 92.17917335276988, 38.2099463490856, 57.0350769263968, 45.35416188179427], [62.16912416947821, 15.811388300841896, 76.02631123499285, 93.04837451562494, 0.0, 70.45565981523414, 27.294688127912362, 95.63472172804185, 36.345563690772494, 91.67878707749138], [9.848857801796104, 57.0087712549569, 11.661903789690601, 23.53720459187964, 70.45565981523414, 0.0, 68.6804193347711, 47.01063709417264, 34.132096331752024, 50.44799302251776], [58.9406481131655, 20.12461179749811, 77.62087348130012, 92.17917335276988, 27.294688127912362, 68.6804193347711, 0.0, 105.20931517693668, 38.8329756778952, 103.47946656221224], [54.70831746635972, 87.8179936004006, 35.4682957019364, 38.2099463490856, 95.63472172804185, 47.01063709417264, 105.20931517693668, 0.0, 66.40030120413611, 9.219544457292887], [25.96150997149434, 23.345235059857504, 40.607881008493905, 57.0350769263968, 36.345563690772494, 34.132096331752024, 38.8329756778952, 66.40030120413611, 0.0, 65.05382386916237], [57.0087712549569, 85.21150157109074, 39.45883931389772, 45.35416188179427, 91.67878707749138, 50.44799302251776, 103.47946656221224, 9.219544457292887, 65.05382386916237, 0.0]], "task_locations": [[33, 62], [81, 59], [18, 48], [1, 53], [94, 50], [24, 58], [90, 77], [5, 15], [58, 55], [12, 9]], "precedence_constraints": [[7, 2], [5, 8], [3, 8]]}