{"Q": [[1, 0, 0], [1, 1, 0], [1, 1, 1]], "R": [[0.0, 0.0, 0.0], [1.0, 1.0, 1.0], [0.0, 1.0, 0.0], [0.0, 1.0, 0.0], [0.0, 0.0, 1.0], [0.0, 1.0, 0.0], [1.0, 0.0, 0.0], [1.0, 0.0, 0.0], [1.0, 1.0, 0.0], [0.0, 0.0, 0.0]], "T_e": [0, 80, 92, 69, 73, 96, 70, 96, 86, 0], "T_t": [[0.0, 4.123105625617661, 23.08679276123039, 75.0066663703967, 36.49657518178932, 35.805027579936315, 41.30375285612676, 50.08991914547278, 68.70953354520753, 43.174066289845804], [4.123105625617661, 0.0, 24.08318915758459, 76.16429609731846, 38.3275357934736, 34.48187929913333, 45.39823785126467, 49.39635614091387, 68.30812543175226, 47.29693436154187], [23.08679276123039, 24.08318915758459, 0.0, 52.08646657242167, 15.264337522473747, 19.924858845171276, 46.61544808322666, 29.732137494637012, 47.01063709417264, 45.880278987817846], [75.0066663703967, 76.16429609731846, 52.08646657242167, 0.0, 39.319206502675, 50.99019513592785, 80.62257748298549, 37.8021163428716, 28.231188426986208, 76.8505042273634], [36.49657518178932, 38.3275357934736, 15.264337522473747, 39.319206502675, 0.0, 27.892651361962706, 46.75467891024384, 29.410882339705484, 41.773197148410844, 44.40720662234904], [35.805027579936315, 34.48187929913333, 19.924858845171276, 50.99019513592785, 27.892651361962706, 0.0, 66.48308055437865, 16.0312195418814, 35.22782990761707, 65.80273550544841], [41.30375285612676, 45.39823785126467, 46.61544808322666, 80.62257748298549, 46.75467891024384, 66.48308055437865, 0.0, 74.62573282722254, 88.52683209061533, 5.0990195135927845], [50.08991914547278, 49.39635614091387, 29.732137494637012, 37.8021163428716, 29.410882339705484, 16.0312195418814, 74.62573282722254, 0.0, 19.235384061671343, 72.94518489934754], [68.70953354520753, 68.30812543175226, 47.01063709417264, 28.231188426986208, 41.773197148410844, 35.22782990761707, 88.52683209061533, 19.235384061671343, 0.0, 86.05230967266364], [43.174066289845804, 47.29693436154187, 45.880278987817846, 76.8505042273634, 44.40720662234904, 65.80273550544841, 5.0990195135927845, 72.94518489934754, 86.05230967266364, 0.0]], "task_locations": [[48, 79], [52, 80], [50, 56], [47, 4], [42, 43], [69, 50], [7, 74], [70, 34], [73, 15], [6, 69]], "precedence_constraints": [[2, 4], [2, 8], [3, 6]]}