{"Q": [[1, 1, 1], [1, 1, 1], [1, 0, 0]], "R": [[0.0, 0.0, 0.0], [0.0, 0.0, 1.0], [0.0, 1.0, 1.0], [1.0, 0.0, 1.0], [1.0, 1.0, 1.0], [0.0, 1.0, 0.0], [1.0, 1.0, 0.0], [0.0, 0.0, 1.0], [1.0, 0.0, 1.0], [0.0, 0.0, 0.0]], "T_e": [0, 96, 80, 73, 73, 80, 83, 83, 54, 0], "T_t": [[0.0, 84.970583144992, 54.12947441089743, 72.02777242147643, 42.5440947723653, 26.40075756488817, 9.486832980505138, 76.32168761236873, 118.44407963254221, 104.06248123122954], [84.970583144992, 0.0, 35.4682957019364, 81.43709228600933, 59.00847396772772, 66.49060083951716, 94.37160589923221, 45.0, 52.009614495783374, 32.01562118716424], [54.12947441089743, 35.4682957019364, 0.0, 79.51100552753688, 45.60701700396552, 43.965895873961216, 63.56099432828282, 55.54277630799526, 82.56512580987206, 63.694583757176716], [72.02777242147643, 81.43709228600933, 79.51100552753688, 0.0, 36.24913792078372, 48.83646178829912, 75.8023746329889, 38.63935817272331, 77.12976079309465, 75.02666192761077], [42.5440947723653, 59.00847396772772, 45.60701700396552, 36.24913792078372, 0.0, 16.15549442140351, 49.39635614091387, 34.713109915419565, 78.74642849044012, 67.53517601961218], [26.40075756488817, 66.49060083951716, 43.965895873961216, 48.83646178829912, 16.15549442140351, 0.0, 33.60059523282288, 50.21951811795888, 93.33809511662427, 80.44874144447506], [9.486832980505138, 94.37160589923221, 63.56099432828282, 75.8023746329889, 49.39635614091387, 33.60059523282288, 0.0, 83.81527307120105, 126.66885963013956, 112.80514172678478], [76.32168761236873, 45.0, 55.54277630799526, 38.63935817272331, 34.713109915419565, 50.21951811795888, 83.81527307120105, 0.0, 44.654227123532216, 37.33630940518894], [118.44407963254221, 52.009614495783374, 82.56512580987206, 77.12976079309465, 78.74642849044012, 93.33809511662427, 126.66885963013956, 44.654227123532216, 0.0, 20.0], [104.06248123122954, 32.01562118716424, 63.694583757176716, 75.02666192761077, 67.53517601961218, 80.44874144447506, 112.80514172678478, 37.33630940518894, 20.0, 0.0]], "task_locations": [[92, 13], [54, 89], [81, 66], [20, 15], [53, 30], [68, 24], [95, 4], [27, 53], [2, 90], [22, 90]], "precedence_constraints": [[6, 5], [3, 8], [7, 1]]}