{"Q": [[0, 1, 1], [0, 0, 1], [1, 1, 0]], "R": [[0.0, 0.0, 0.0], [0.0, 1.0, 0.0], [0.0, 1.0, 0.0], [0.0, 1.0, 1.0], [0.0, 1.0, 1.0], [1.0, 0.0, 0.0], [0.0, 0.0, 1.0], [0.0, 1.0, 1.0], [0.0, 0.0, 1.0], [0.0, 0.0, 0.0]], "T_e": [0, 99, 94, 65, 62, 63, 85, 71, 72, 0], "T_t": [[0.0, 11.045361017187261, 22.80350850198276, 62.433965115151864, 47.20169488482379, 44.553338819890925, 29.832867780352597, 47.885279575251516, 31.016124838541646, 45.5411901469428], [11.045361017187261, 0.0, 14.7648230602334, 54.037024344425184, 55.94640292279746, 52.20153254455275, 39.44616584663204, 42.720018726587654, 28.0, 34.52535300326414], [22.80350850198276, 14.7648230602334, 0.0, 58.60034129593445, 57.723478758647246, 52.20153254455275, 52.630789467763066, 28.442925306655784, 16.55294535724685, 27.892651361962706], [62.433965115151864, 54.037024344425184, 58.60034129593445, 0.0, 109.55363982999378, 106.21205204683694, 77.27871634544663, 80.77747210701756, 74.88658090739622, 40.792156108742276], [47.20169488482379, 55.94640292279746, 57.723478758647246, 109.55363982999378, 0.0, 8.06225774829855, 49.33558553417604, 62.5859409132754, 49.01020301937138, 85.61541917201598], [44.553338819890925, 52.20153254455275, 52.20153254455275, 106.21205204683694, 8.06225774829855, 0.0, 51.62363799656123, 54.91812087098393, 42.1070065428546, 80.00624975587844], [29.832867780352597, 39.44616584663204, 52.630789467763066, 77.27871634544663, 49.33558553417604, 51.62363799656123, 0.0, 76.40026177965623, 58.82176467941097, 72.80109889280519], [47.885279575251516, 42.720018726587654, 28.442925306655784, 80.77747210701756, 62.5859409132754, 54.91812087098393, 76.40026177965623, 0.0, 17.69180601295413, 41.340053217188775], [31.016124838541646, 28.0, 16.55294535724685, 74.88658090739622, 49.01020301937138, 42.1070065428546, 58.82176467941097, 17.69180601295413, 0.0, 40.496913462633174], [45.5411901469428, 34.52535300326414, 27.892651361962706, 40.792156108742276, 85.61541917201598, 80.00624975587844, 72.80109889280519, 41.340053217188775, 40.496913462633174, 0.0]], "task_locations": [[40, 46], [51, 45], [58, 32], [93, 79], [2, 18], [9, 14], [17, 65], [63, 4], [51, 17], [85, 39]], "precedence_constraints": [[5, 4], [2, 7]]}