{"Q": [[1, 0, 0], [1, 1, 1], [0, 1, 0]], "R": [[0.0, 0.0, 0.0], [1.0, 1.0, 0.0], [1.0, 1.0, 1.0], [0.0, 1.0, 0.0], [0.0, 1.0, 1.0], [1.0, 1.0, 1.0], [1.0, 0.0, 0.0], [0.0, 1.0, 0.0], [0.0, 0.0, 1.0], [0.0, 0.0, 0.0]], "T_e": [0, 85, 89, 77, 70, 55, 82, 90, 59, 0], "T_t": [[0.0, 33.83784863137726, 33.24154027718932, 43.266615305567875, 31.953090617340916, 5.656854249492381, 49.040799340956916, 50.44799302251776, 26.248809496813376, 32.01562118716424], [33.83784863137726, 0.0, 5.656854249492381, 54.70831746635972, 58.54912467321779, 33.24154027718932, 65.92419889539804, 58.137767414994535, 20.8806130178211, 3.1622776601683795], [33.24154027718932, 5.656854249492381, 0.0, 49.72926703662542, 55.31726674375732, 33.60059523282288, 69.35416353759881, 62.51399843235114, 16.1245154965971, 3.1622776601683795], [43.266615305567875, 54.70831746635972, 49.72926703662542, 0.0, 25.709920264364882, 48.82622246293481, 91.67878707749138, 93.60021367496978, 33.83784863137726, 51.54609587543949], [31.953090617340916, 58.54912467321779, 55.31726674375732, 25.709920264364882, 0.0, 37.16180835212409, 73.87827826905551, 79.64923100695951, 40.496913462633174, 55.731499172371095], [5.656854249492381, 33.24154027718932, 33.60059523282288, 48.82622246293481, 37.16180835212409, 0.0, 43.965895873961216, 44.82186966202994, 29.274562336608895, 31.89043743820395], [49.040799340956916, 65.92419889539804, 69.35416353759881, 91.67878707749138, 73.87827826905551, 43.965895873961216, 0.0, 16.55294535724685, 71.56814934033156, 66.48308055437865], [50.44799302251776, 58.137767414994535, 62.51399843235114, 93.60021367496978, 79.64923100695951, 44.82186966202994, 16.55294535724685, 0.0, 68.35202996254024, 59.413803110051795], [26.248809496813376, 20.8806130178211, 16.1245154965971, 33.83784863137726, 40.496913462633174, 29.274562336608895, 71.56814934033156, 68.35202996254024, 0.0, 17.72004514666935], [32.01562118716424, 3.1622776601683795, 3.1622776601683795, 51.54609587543949, 55.731499172371095, 31.89043743820395, 66.48308055437865, 59.413803110051795, 17.72004514666935, 0.0]], "task_locations": [[35, 42], [7, 23], [11, 19], [59, 6], [65, 31], [31, 46], [18, 88], [3, 81], [27, 17], [10, 22]], "precedence_constraints": [[8, 1], [2, 6], [2, 5]]}