{"Q": [[1, 0, 0], [0, 1, 1], [1, 0, 1]], "R": [[0.0, 0.0, 0.0], [0.0, 0.0, 1.0], [1.0, 1.0, 0.0], [1.0, 0.0, 1.0], [0.0, 1.0, 1.0], [0.0, 1.0, 1.0], [1.0, 1.0, 0.0], [1.0, 1.0, 1.0], [1.0, 0.0, 0.0], [0.0, 0.0, 0.0]], "T_e": [0, 96, 54, 51, 71, 68, 69, 75, 85, 0], "T_t": [[0.0, 40.11234224026316, 38.01315561749642, 35.38361202590826, 28.160255680657446, 26.40075756488817, 58.52349955359813, 37.656340767525464, 48.08326112068523, 53.48831648126533], [40.11234224026316, 0.0, 73.49829930005184, 70.26378868236469, 67.1863081289633, 58.82176467941097, 82.03657720797473, 61.71709649683789, 87.66413177577246, 79.30952023559341], [38.01315561749642, 73.49829930005184, 0.0, 48.507731342539614, 14.560219778561036, 15.033296378372908, 79.2464510246358, 63.694583757176716, 39.0, 72.99315036357864], [35.38361202590826, 70.26378868236469, 48.507731342539614, 0.0, 34.132096331752024, 47.67598976424087, 30.805843601498726, 20.248456731316587, 25.059928172283335, 24.515301344262525], [28.160255680657446, 67.1863081289633, 14.560219778561036, 34.132096331752024, 0.0, 17.029386365926403, 64.77653896280658, 49.24428900898052, 29.068883707497267, 58.54912467321779], [26.40075756488817, 58.82176467941097, 15.033296378372908, 47.67598976424087, 17.029386365926403, 0.0, 77.00649323271382, 58.69412236331676, 46.09772228646444, 71.06335201775947], [58.52349955359813, 82.03657720797473, 79.2464510246358, 30.805843601498726, 64.77653896280658, 77.00649323271382, 0.0, 21.470910553583888, 51.03920062069938, 6.324555320336759], [37.656340767525464, 61.71709649683789, 63.694583757176716, 20.248456731316587, 49.24428900898052, 58.69412236331676, 21.470910553583888, 0.0, 45.27692569068709, 17.69180601295413], [48.08326112068523, 87.66413177577246, 39.0, 25.059928172283335, 29.068883707497267, 46.09772228646444, 51.03920062069938, 45.27692569068709, 0.0, 45.0], [53.48831648126533, 79.30952023559341, 72.99315036357864, 24.515301344262525, 58.54912467321779, 71.06335201775947, 6.324555320336759, 17.69180601295413, 45.0, 0.0]], "task_locations": [[70, 42], [73, 2], [92, 73], [44, 66], [78, 69], [91, 58], [14, 59], [33, 49], [56, 88], [20, 61]], "precedence_constraints": [[2, 7], [3, 5], [4, 3], [1, 5]]}