{"Q": [[1, 0, 0], [1, 0, 1], [0, 1, 1]], "R": [[0.0, 0.0, 0.0], [0.0, 1.0, 0.0], [1.0, 0.0, 0.0], [0.0, 1.0, 0.0], [1.0, 1.0, 1.0], [1.0, 1.0, 1.0], [1.0, 0.0, 0.0], [0.0, 1.0, 0.0], [0.0, 1.0, 1.0], [0.0, 0.0, 0.0]], "T_e": [0, 63, 69, 67, 56, 82, 93, 97, 75, 0], "T_t": [[0.0, 56.36488268416781, 36.235341863986875, 74.06078584514209, 17.46424919657298, 15.132745950421556, 44.40720662234904, 80.11242100947892, 79.25906888173743, 64.66065264130884], [56.36488268416781, 0.0, 20.248456731316587, 69.31089380465383, 44.721359549995796, 53.75872022286245, 27.730849247724095, 23.769728648009426, 23.430749027719962, 17.029386365926403], [36.235341863986875, 20.248456731316587, 0.0, 63.953107821277925, 25.019992006393608, 34.058772731852805, 19.924858845171276, 44.01136216933077, 43.04648650006177, 30.0], [74.06078584514209, 69.31089380465383, 63.953107821277925, 0.0, 58.137767414994535, 59.21148537234985, 44.41846462902562, 81.12336284942828, 74.70609078247904, 57.42821606144492], [17.46424919657298, 44.721359549995796, 25.019992006393608, 58.137767414994535, 0.0, 9.055385138137417, 27.586228448267445, 68.15423684555495, 66.12866246946176, 49.73932046178355], [15.132745950421556, 53.75872022286245, 34.058772731852805, 59.21148537234985, 9.055385138137417, 0.0, 35.0, 77.12976079309465, 74.94664769020693, 58.137767414994535], [44.40720662234904, 27.730849247724095, 19.924858845171276, 44.41846462902562, 27.586228448267445, 35.0, 0.0, 47.095647357266465, 43.104524124504614, 24.515301344262525], [80.11242100947892, 23.769728648009426, 44.01136216933077, 81.12336284942828, 68.15423684555495, 77.12976079309465, 47.095647357266465, 0.0, 7.211102550927978, 24.351591323771842], [79.25906888173743, 23.430749027719962, 43.04648650006177, 74.70609078247904, 66.12866246946176, 74.94664769020693, 43.104524124504614, 7.211102550927978, 0.0, 19.1049731745428], [64.66065264130884, 17.029386365926403, 30.0, 57.42821606144492, 49.73932046178355, 58.137767414994535, 24.515301344262525, 24.351591323771842, 19.1049731745428, 0.0]], "task_locations": [[81, 83], [57, 32], [64, 51], [7, 80], [65, 76], [66, 85], [45, 57], [48, 10], [42, 14], [40, 33]], "precedence_constraints": [[1, 2], [3, 2], [4, 5], [8, 7], [4, 7], [6, 2]]}