{"Q": [[0, 0, 1], [0, 1, 1], [1, 1, 1]], "R": [[0.0, 0.0, 0.0], [0.0, 1.0, 1.0], [1.0, 0.0, 1.0], [0.0, 0.0, 1.0], [0.0, 1.0, 0.0], [1.0, 0.0, 1.0], [0.0, 1.0, 0.0], [0.0, 0.0, 1.0], [0.0, 1.0, 0.0], [0.0, 0.0, 0.0]], "T_e": [0, 77, 80, 85, 76, 62, 69, 88, 89, 0], "T_t": [[0.0, 85.44003745317531, 84.09518416651456, 42.01190307520001, 72.78049189171504, 75.31268153505093, 27.202941017470888, 75.0066663703967, 30.59411708155671, 12.083045973594572], [85.44003745317531, 0.0, 10.770329614269007, 54.08326913195984, 91.48223871331527, 64.40496875241847, 70.9365914038728, 22.847319317591726, 58.0, 75.59100475585703], [84.09518416651456, 10.770329614269007, 0.0, 48.79549159502341, 98.43271813782245, 72.71863585079137, 66.60330322138685, 31.400636936215164, 54.91812087098393, 75.27283706623525], [42.01190307520001, 54.08326913195984, 48.79549159502341, 0.0, 90.9065454189081, 78.18567643756751, 18.35755975068582, 54.74486277268398, 13.0, 38.3275357934736], [72.78049189171504, 91.48223871331527, 98.43271813782245, 90.9065454189081, 0.0, 30.14962686336267, 89.47066558375433, 68.8839603971781, 79.63039620647382, 63.56886030125127], [75.31268153505093, 64.40496875241847, 72.71863585079137, 78.18567643756751, 30.14962686336267, 0.0, 82.87339742040264, 41.593268686170845, 69.85699678629192, 63.63961030678928], [27.202941017470888, 70.9365914038728, 66.60330322138685, 18.35755975068582, 89.47066558375433, 82.87339742040264, 0.0, 67.77905281132217, 14.560219778561036, 28.319604517012593], [75.0066663703967, 22.847319317591726, 31.400636936215164, 54.74486277268398, 68.8839603971781, 41.593268686170845, 67.77905281132217, 0.0, 53.31041174104736, 63.655321851358195], [30.59411708155671, 58.0, 54.91812087098393, 13.0, 79.63039620647382, 69.85699678629192, 14.560219778561036, 53.31041174104736, 0.0, 25.495097567963924], [12.083045973594572, 75.59100475585703, 75.27283706623525, 38.3275357934736, 63.56886030125127, 63.63961030678928, 28.319604517012593, 63.655321851358195, 25.495097567963924, 0.0]], "task_locations": [[83, 82], [37, 10], [47, 6], [82, 40], [12, 98], [9, 68], [91, 56], [28, 31], [77, 52], [72, 77]], "precedence_constraints": [[2, 4], [7, 1], [2, 7], [7, 4]]}