{"Q": [[1, 1, 0], [0, 1, 0], [0, 1, 1]], "R": [[0.0, 0.0, 0.0], [0.0, 0.0, 1.0], [0.0, 1.0, 0.0], [0.0, 1.0, 1.0], [1.0, 1.0, 0.0], [1.0, 1.0, 0.0], [0.0, 1.0, 0.0], [1.0, 0.0, 0.0], [0.0, 1.0, 1.0], [0.0, 0.0, 0.0]], "T_e": [0, 96, 60, 72, 76, 64, 96, 94, 81, 0], "T_t": [[0.0, 69.6419413859206, 100.60318086422517, 62.289646009589745, 24.758836806279895, 63.28506932918696, 89.80534505250787, 80.80222769206304, 70.7248188403477, 64.25729530566937], [69.6419413859206, 0.0, 61.29437168288782, 31.144823004794873, 85.0235261559999, 19.1049731745428, 89.02246907382428, 49.76946855251722, 36.71511950137164, 98.89893831583835], [100.60318086422517, 61.29437168288782, 0.0, 40.85339643163099, 101.04454463255303, 47.51841748206689, 49.8196748283246, 19.849433241279208, 31.38470965295043, 86.34813257969161], [62.289646009589745, 31.144823004794873, 40.85339643163099, 0.0, 68.70953354520753, 12.041594578792296, 58.008620049092706, 23.08679276123039, 9.486832980505138, 71.30918594402827], [24.758836806279895, 85.0235261559999, 101.04454463255303, 68.70953354520753, 0.0, 73.7563556583431, 78.0, 81.60882305241266, 75.13321502504735, 43.289721643826724], [63.28506932918696, 19.1049731745428, 47.51841748206689, 12.041594578792296, 73.7563556583431, 0.0, 70.0, 32.55764119219941, 18.681541692269406, 81.59656855530139], [89.80534505250787, 89.02246907382428, 49.8196748283246, 58.008620049092706, 78.0, 70.0, 0.0, 43.266615305567875, 53.03772242470448, 45.45327270945405], [80.80222769206304, 49.76946855251722, 19.849433241279208, 23.08679276123039, 81.60882305241266, 32.55764119219941, 43.266615305567875, 0.0, 14.035668847618199, 71.17583859709698], [70.7248188403477, 36.71511950137164, 31.38470965295043, 9.486832980505138, 75.13321502504735, 18.681541692269406, 53.03772242470448, 14.035668847618199, 0.0, 72.56031973468694], [64.25729530566937, 98.89893831583835, 86.34813257969161, 71.30918594402827, 43.289721643826724, 81.59656855530139, 45.45327270945405, 71.17583859709698, 72.56031973468694, 0.0]], "task_locations": [[91, 30], [72, 97], [11, 91], [49, 76], [74, 12], [58, 84], [2, 42], [26, 78], [40, 79], [31, 7]], "precedence_constraints": [[8, 4]]}