{"Q": [[0, 0, 1], [1, 1, 0], [1, 0, 0]], "R": [[0.0, 0.0, 0.0], [0.0, 0.0, 1.0], [0.0, 1.0, 0.0], [1.0, 1.0, 1.0], [1.0, 0.0, 0.0], [0.0, 1.0, 0.0], [1.0, 0.0, 0.0], [1.0, 1.0, 0.0], [1.0, 1.0, 0.0], [0.0, 0.0, 0.0]], "T_e": [0, 87, 67, 69, 90, 56, 78, 93, 55, 0], "T_t": [[0.0, 99.00505037623081, 72.69112738154499, 95.26804291051643, 42.579337712087536, 61.326992425847855, 67.05221845696084, 32.202484376209235, 30.01666203960727, 42.04759208325728], [99.00505037623081, 0.0, 34.66987164671943, 27.018512172212592, 84.0535543567314, 37.69615364994153, 64.88451279003334, 81.5659242576212, 69.28924880528002, 63.89053137985315], [72.69112738154499, 34.66987164671943, 0.0, 50.039984012787215, 72.44998274671983, 21.93171219946131, 31.04834939252005, 49.24428900898052, 46.2709412050371, 32.31098884280702], [95.26804291051643, 27.018512172212592, 50.039984012787215, 0.0, 69.3757882838098, 39.35733730830886, 80.62257748298549, 86.6083136886985, 65.79513659838392, 69.77105417004964], [42.579337712087536, 84.0535543567314, 72.44998274671983, 69.3757882838098, 0.0, 51.86520991955976, 84.21995013059554, 60.166435825965294, 33.015148038438355, 56.22277118748239], [61.326992425847855, 37.69615364994153, 21.93171219946131, 39.35733730830886, 51.86520991955976, 0.0, 45.70557952810576, 47.43416490252569, 31.622776601683793, 30.4138126514911], [67.05221845696084, 64.88451279003334, 31.04834939252005, 80.62257748298549, 84.21995013059554, 45.70557952810576, 0.0, 35.510561809129406, 51.66236541235796, 28.42534080710379], [32.202484376209235, 81.5659242576212, 49.24428900898052, 86.6083136886985, 60.166435825965294, 47.43416490252569, 35.510561809129406, 0.0, 29.154759474226502, 17.69180601295413], [30.01666203960727, 69.28924880528002, 46.2709412050371, 65.79513659838392, 33.015148038438355, 31.622776601683793, 51.66236541235796, 29.154759474226502, 0.0, 23.345235059857504], [42.04759208325728, 63.89053137985315, 32.31098884280702, 69.77105417004964, 56.22277118748239, 30.4138126514911, 28.42534080710379, 17.69180601295413, 23.345235059857504, 0.0]], "task_locations": [[93, 37], [2, 76], [21, 47], [19, 97], [86, 79], [37, 62], [29, 17], [64, 23], [67, 52], [51, 35]], "precedence_constraints": [[8, 1], [8, 6], [5, 3]]}