{"Q": [[1, 1, 1], [1, 0, 1], [1, 0, 0]], "R": [[0.0, 0.0, 0.0], [0.0, 0.0, 1.0], [0.0, 1.0, 1.0], [1.0, 0.0, 1.0], [1.0, 0.0, 0.0], [1.0, 1.0, 1.0], [1.0, 1.0, 0.0], [0.0, 1.0, 1.0], [0.0, 1.0, 1.0], [0.0, 0.0, 0.0]], "T_e": [0, 66, 82, 82, 98, 95, 76, 78, 78, 0], "T_t": [[0.0, 21.095023109728988, 35.73513677041127, 30.528675044947494, 54.42425929675111, 21.633307652783937, 67.11929677819934, 47.67598976424087, 49.73932046178355, 21.37755832643195], [21.095023109728988, 0.0, 37.013511046643494, 15.132745950421556, 44.598206241955516, 29.614185789921695, 67.94115100585212, 44.40720662234904, 32.7566787083184, 38.8329756778952], [35.73513677041127, 37.013511046643494, 0.0, 28.160255680657446, 81.5659242576212, 56.859475903318, 31.906112267087632, 13.341664064126334, 37.107950630558946, 55.44366510251645], [30.528675044947494, 15.132745950421556, 28.160255680657446, 0.0, 57.0087712549569, 44.181444068749045, 56.22277118748239, 31.89043743820395, 19.235384061671343, 51.07837115648854], [54.42425929675111, 44.598206241955516, 81.5659242576212, 57.0087712549569, 0.0, 39.01281840626232, 112.43220179290273, 88.52683209061533, 67.23094525588644, 55.036351623268054], [21.633307652783937, 29.614185789921695, 56.859475903318, 44.181444068749045, 39.01281840626232, 0.0, 88.54942122905152, 68.00735254367721, 62.369864518050704, 16.278820596099706], [67.11929677819934, 67.94115100585212, 31.906112267087632, 56.22277118748239, 112.43220179290273, 88.54942122905152, 0.0, 24.413111231467404, 55.97320787662612, 85.44003745317531], [47.67598976424087, 44.40720662234904, 13.341664064126334, 31.89043743820395, 88.52683209061533, 68.00735254367721, 24.413111231467404, 0.0, 33.24154027718932, 68.11754546370561], [49.73932046178355, 32.7566787083184, 37.107950630558946, 19.235384061671343, 67.23094525588644, 62.369864518050704, 55.97320787662612, 33.24154027718932, 0.0, 70.26378868236469], [21.37755832643195, 38.8329756778952, 55.44366510251645, 51.07837115648854, 55.036351623268054, 16.278820596099706, 85.44003745317531, 68.11754546370561, 70.26378868236469, 0.0]], "task_locations": [[61, 35], [43, 46], [72, 69], [45, 61], [10, 16], [49, 17], [89, 96], [69, 82], [36, 78], [65, 14]], "precedence_constraints": [[6, 4], [8, 3], [8, 4], [8, 7], [3, 2], [6, 2]]}