{"Q": [[0, 1, 0], [1, 1, 0], [1, 0, 1]], "R": [[0.0, 0.0, 0.0], [1.0, 1.0, 0.0], [0.0, 1.0, 1.0], [1.0, 0.0, 0.0], [0.0, 1.0, 1.0], [0.0, 1.0, 0.0], [1.0, 1.0, 0.0], [0.0, 1.0, 1.0], [1.0, 1.0, 1.0], [0.0, 0.0, 0.0]], "T_e": [0, 93, 98, 51, 58, 89, 55, 77, 53, 0], "T_t": [[0.0, 80.52328855678958, 57.8013840664737, 77.98717843338096, 57.982756057296896, 39.20459156782532, 37.36308338453881, 93.23089616645332, 42.20189569201838, 87.36131867136622], [80.52328855678958, 0.0, 57.4543296888929, 47.43416490252569, 42.5440947723653, 47.16990566028302, 69.85699678629192, 78.23042886243178, 71.16881339463234, 7.211102550927978], [57.8013840664737, 57.4543296888929, 0.0, 23.769728648009426, 15.0, 26.076809620810597, 23.600847442411894, 36.6742416417845, 21.02379604162864, 60.83584469702052], [77.98717843338096, 47.43416490252569, 23.769728648009426, 0.0, 20.591260281974, 40.311288741492746, 47.01063709417264, 30.886890422961002, 44.77722635447622, 48.104053883222775], [57.982756057296896, 42.5440947723653, 15.0, 20.591260281974, 0.0, 19.72308292331602, 31.400636936215164, 45.27692569068709, 31.0, 46.238512086787566], [39.20459156782532, 47.16990566028302, 26.076809620810597, 40.311288741492746, 19.72308292331602, 0.0, 24.186773244895647, 62.20128616033595, 27.018512172212592, 53.0], [37.36308338453881, 69.85699678629192, 23.600847442411894, 47.01063709417264, 31.400636936215164, 24.186773244895647, 0.0, 56.356011214421486, 5.0, 74.96665925596525], [93.23089616645332, 78.23042886243178, 36.6742416417845, 30.886890422961002, 45.27692569068709, 62.20128616033595, 56.356011214421486, 0.0, 51.97114584074513, 78.40918313565064], [42.20189569201838, 71.16881339463234, 21.02379604162864, 44.77722635447622, 31.0, 27.018512172212592, 5.0, 51.97114584074513, 0.0, 75.92759709091287], [87.36131867136622, 7.211102550927978, 60.83584469702052, 48.104053883222775, 46.238512086787566, 53.0, 74.96665925596525, 78.40918313565064, 75.92759709091287, 0.0]], "task_locations": [[4, 97], [82, 77], [33, 47], [55, 38], [45, 56], [35, 73], [14, 61], [40, 11], [14, 56], [88, 73]], "precedence_constraints": [[6, 1], [3, 7], [5, 1], [5, 3], [4, 2]]}