{"Q": [[1, 1, 0], [0, 0, 1], [0, 1, 1]], "R": [[0.0, 0.0, 0.0], [1.0, 1.0, 1.0], [0.0, 0.0, 1.0], [1.0, 1.0, 0.0], [1.0, 0.0, 0.0], [0.0, 1.0, 0.0], [1.0, 1.0, 0.0], [0.0, 1.0, 1.0], [1.0, 0.0, 1.0], [0.0, 0.0, 0.0]], "T_e": [0, 65, 95, 68, 82, 87, 64, 55, 86, 0], "T_t": [[0.0, 104.9952379872535, 93.33809511662427, 86.95401083331349, 100.2845950283492, 21.2602916254693, 66.91038783328041, 79.40403012442127, 38.897300677553446, 69.6419413859206], [104.9952379872535, 0.0, 14.142135623730951, 36.6742416417845, 58.180752831155424, 107.42439201596628, 91.02197536858887, 57.55866572463264, 66.21933252457322, 50.695167422546305], [93.33809511662427, 14.142135623730951, 0.0, 23.769728648009426, 47.634021455258214, 94.33981132056604, 77.0, 44.14748010928823, 54.45181356024793, 47.01063709417264], [86.95401083331349, 36.6742416417845, 23.769728648009426, 0.0, 25.80697580112788, 82.73451516749222, 55.731499172371095, 21.02379604162864, 50.59644256269407, 60.53924347066124], [100.2845950283492, 58.180752831155424, 47.634021455258214, 25.80697580112788, 0.0, 90.82400563727631, 50.0, 20.8806130178211, 69.00724599634447, 85.86617494683223], [21.2602916254693, 107.42439201596628, 94.33981132056604, 82.73451516749222, 90.82400563727631, 0.0, 50.08991914547278, 70.49113419430843, 43.41658669218482, 81.05553651663777], [66.91038783328041, 91.02197536858887, 77.0, 55.731499172371095, 50.0, 50.08991914547278, 0.0, 35.4400902933387, 55.154328932550705, 91.0659101969557], [79.40403012442127, 57.55866572463264, 44.14748010928823, 21.02379604162864, 20.8806130178211, 70.49113419430843, 35.4400902933387, 0.0, 49.25444142409901, 72.00694410957877], [38.897300677553446, 66.21933252457322, 54.45181356024793, 50.59644256269407, 69.00724599634447, 43.41658669218482, 55.154328932550705, 49.25444142409901, 0.0, 39.81205847478876], [69.6419413859206, 50.695167422546305, 47.01063709417264, 60.53924347066124, 85.86617494683223, 81.05553651663777, 91.0659101969557, 72.00694410957877, 39.81205847478876, 0.0]], "task_locations": [[96, 18], [28, 98], [30, 84], [21, 62], [0, 47], [80, 4], [30, 7], [20, 41], [69, 46], [77, 85]], "precedence_constraints": [[4, 6], [2, 5]]}