{"Q": [[1, 0, 1], [1, 0, 0], [0, 1, 1]], "R": [[0.0, 0.0, 0.0], [0.0, 0.0, 1.0], [1.0, 0.0, 1.0], [0.0, 1.0, 0.0], [0.0, 1.0, 1.0], [0.0, 1.0, 1.0], [1.0, 1.0, 0.0], [0.0, 1.0, 0.0], [1.0, 0.0, 1.0], [0.0, 0.0, 0.0]], "T_e": [0, 67, 77, 84, 95, 73, 54, 95, 55, 0], "T_t": [[0.0, 73.81734213584231, 23.706539182259394, 61.85466837676846, 51.35172830587107, 102.57680049601859, 13.416407864998739, 31.240998703626616, 94.87360012142472, 50.48762224545735], [73.81734213584231, 0.0, 80.60397012554654, 97.26767191621273, 108.40664186294121, 98.37174391053561, 77.07788269017254, 44.28317965096906, 96.1041102138717, 50.99019513592785], [23.706539182259394, 80.60397012554654, 0.0, 38.41874542459709, 30.4138126514911, 83.57032966310472, 10.295630140987, 45.89117562233506, 75.23961722390672, 41.43669871020132], [61.85466837676846, 97.26767191621273, 38.41874542459709, 0.0, 29.0, 54.0, 48.60041152089147, 76.48529270389177, 45.0, 46.486557196677836], [51.35172830587107, 108.40664186294121, 30.4138126514911, 29.0, 0.0, 83.0, 39.0, 76.2954782408499, 74.0, 62.22539674441618], [102.57680049601859, 98.37174391053561, 83.57032966310472, 54.0, 83.0, 0.0, 91.706052144883, 101.91172650877817, 9.0, 58.7962583843564], [13.416407864998739, 77.07788269017254, 10.295630140987, 48.60041152089147, 39.0, 91.706052144883, 0.0, 38.62641583165593, 83.64807230295268, 44.28317965096906], [31.240998703626616, 44.28317965096906, 45.89117562233506, 76.48529270389177, 76.2954782408499, 101.91172650877817, 38.62641583165593, 0.0, 96.04686356149273, 43.139309220245984], [94.87360012142472, 96.1041102138717, 75.23961722390672, 45.0, 74.0, 9.0, 83.64807230295268, 96.04686356149273, 0.0, 53.25410782277739], [50.48762224545735, 50.99019513592785, 41.43669871020132, 46.486557196677836, 62.22539674441618, 58.7962583843564, 44.28317965096906, 43.139309220245984, 53.25410782277739, 0.0]], "task_locations": [[53, 98], [96, 38], [32, 87], [2, 63], [2, 92], [2, 9], [41, 92], [77, 78], [2, 18], [46, 48]], "precedence_constraints": [[3, 1], [6, 2], [6, 5], [6, 3]]}