{"Q": [[0, 1, 0], [1, 1, 1], [0, 1, 0]], "R": [[0.0, 0.0, 0.0], [1.0, 0.0, 1.0], [1.0, 0.0, 0.0], [0.0, 0.0, 1.0], [1.0, 0.0, 1.0], [1.0, 1.0, 1.0], [0.0, 0.0, 1.0], [1.0, 0.0, 0.0], [1.0, 0.0, 1.0], [0.0, 0.0, 0.0]], "T_e": [0, 70, 55, 96, 57, 69, 91, 68, 77, 0], "T_t": [[0.0, 43.04648650006177, 74.2024258363566, 63.150613615387776, 9.848857801796104, 37.69615364994153, 62.96824596572466, 66.94027188471824, 40.36087214122113, 31.38470965295043], [43.04648650006177, 0.0, 57.0350769263968, 81.39410298049853, 40.52159917870962, 47.01063709417264, 80.72174428244226, 28.42534080710379, 78.54934754662193, 17.204650534085253], [74.2024258363566, 57.0350769263968, 0.0, 57.07889277132134, 79.40403012442127, 98.97979591815695, 56.08029957123981, 77.62087348130012, 114.10959644131601, 49.64876634922564], [63.150613615387776, 81.39410298049853, 57.07889277132134, 0.0, 72.78049189171504, 100.42410069301094, 1.0, 109.60383204979651, 90.80198235721508, 64.66065264130884], [9.848857801796104, 40.52159917870962, 79.40403012442127, 72.78049189171504, 0.0, 27.85677655436824, 72.56721022610694, 61.40032573203501, 38.47076812334269, 32.64965543462902], [37.69615364994153, 47.01063709417264, 98.97979591815695, 100.42410069301094, 27.85677655436824, 0.0, 100.16985574512923, 54.42425929675111, 44.721359549995796, 49.33558553417604], [62.96824596572466, 80.72174428244226, 56.08029957123981, 1.0, 72.56721022610694, 100.16985574512923, 0.0, 108.90362712049586, 91.00549433962765, 64.03124237432849], [66.94027188471824, 28.42534080710379, 77.62087348130012, 109.60383204979651, 61.40032573203501, 54.42425929675111, 108.90362712049586, 0.0, 95.63472172804185, 45.60701700396552], [40.36087214122113, 78.54934754662193, 114.10959644131601, 90.80198235721508, 38.47076812334269, 44.721359549995796, 91.00549433962765, 95.63472172804185, 0.0, 70.7248188403477], [31.38470965295043, 17.204650534085253, 49.64876634922564, 64.66065264130884, 32.64965543462902, 49.33558553417604, 64.03124237432849, 45.60701700396552, 70.7248188403477, 0.0]], "task_locations": [[31, 62], [74, 60], [76, 3], [19, 0], [35, 71], [45, 97], [20, 0], [96, 78], [1, 89], [60, 50]], "precedence_constraints": [[4, 2], [1, 6], [8, 5]]}