{"Q": [[0, 1, 0], [1, 1, 1], [1, 0, 0]], "R": [[0.0, 0.0, 0.0], [1.0, 1.0, 0.0], [1.0, 1.0, 1.0], [1.0, 0.0, 0.0], [0.0, 1.0, 0.0], [1.0, 1.0, 0.0], [1.0, 0.0, 0.0], [0.0, 1.0, 1.0], [0.0, 1.0, 0.0], [0.0, 0.0, 0.0]], "T_e": [0, 87, 67, 69, 90, 59, 89, 75, 60, 0], "T_t": [[0.0, 30.0, 59.90826320300064, 38.0, 59.00847396772772, 62.625873247404705, 70.21395872616783, 33.06055050963308, 47.265209192385896, 10.0], [30.0, 0.0, 89.87213138676528, 22.80350850198276, 47.01063709417264, 41.10960958218893, 75.8023746329889, 60.40695324215582, 41.012193308819754, 25.298221281347036], [59.90826320300064, 89.87213138676528, 0.0, 93.98404119849285, 105.19030373565806, 116.21101496846157, 90.44888059008801, 35.35533905932738, 91.7877987534291, 65.94694837519019], [38.0, 22.80350850198276, 93.98404119849285, 0.0, 69.6419413859206, 61.40032573203501, 97.41663102366043, 71.02816342831905, 63.702433234531945, 39.293765408777], [59.00847396772772, 47.01063709417264, 105.19030373565806, 69.6419413859206, 0.0, 20.0, 42.04759208325728, 69.83552104767315, 13.416407864998739, 49.01020301937138], [62.625873247404705, 41.10960958218893, 116.21101496846157, 61.40032573203501, 20.0, 0.0, 62.03224967708329, 81.46778504415104, 28.635642126552707, 53.31041174104736], [70.21395872616783, 75.8023746329889, 90.44888059008801, 97.41663102366043, 42.04759208325728, 62.03224967708329, 0.0, 59.53990258641679, 37.36308338453881, 62.369864518050704], [33.06055050963308, 60.40695324215582, 35.35533905932738, 71.02816342831905, 69.83552104767315, 81.46778504415104, 59.53990258641679, 0.0, 56.43580423808985, 35.11409973215888], [47.265209192385896, 41.012193308819754, 91.7877987534291, 63.702433234531945, 13.416407864998739, 28.635642126552707, 37.36308338453881, 56.43580423808985, 0.0, 37.33630940518894], [10.0, 25.298221281347036, 65.94694837519019, 39.293765408777, 49.01020301937138, 53.31041174104736, 62.369864518050704, 35.11409973215888, 37.33630940518894, 0.0]], "task_locations": [[61, 57], [43, 81], [94, 7], [61, 95], [2, 58], [2, 78], [4, 16], [63, 24], [14, 52], [51, 57]], "precedence_constraints": [[1, 6], [5, 7]]}