{"Q": [[1, 1, 1], [1, 0, 1], [1, 0, 0]], "R": [[0.0, 0.0, 0.0], [1.0, 0.0, 1.0], [0.0, 0.0, 1.0], [1.0, 1.0, 1.0], [1.0, 0.0, 0.0], [0.0, 1.0, 1.0], [1.0, 1.0, 0.0], [1.0, 0.0, 0.0], [0.0, 1.0, 0.0], [0.0, 0.0, 0.0]], "T_e": [0, 72, 59, 96, 77, 71, 90, 83, 62, 0], "T_t": [[0.0, 41.340053217188775, 50.08991914547278, 62.289646009589745, 26.92582403567252, 26.1725046566048, 64.38167441127949, 58.69412236331676, 32.64965543462902, 43.139309220245984], [41.340053217188775, 0.0, 45.12205669071391, 22.825424421026653, 14.422205101855956, 16.492422502470642, 50.47771785649585, 34.17601498127012, 60.00833275470999, 10.295630140987], [50.08991914547278, 45.12205669071391, 0.0, 64.00781202322104, 42.190046219457976, 47.70744176750625, 94.02127418834527, 79.12016177940993, 82.15229759416349, 55.08175741568164], [62.289646009589745, 22.825424421026653, 64.00781202322104, 0.0, 36.235341863986875, 36.124783736376884, 44.77722635447622, 25.942243542145693, 74.04052944165107, 19.4164878389476], [26.92582403567252, 14.422205101855956, 42.190046219457976, 36.235341863986875, 0.0, 5.656854249492381, 52.49761899362675, 40.0, 48.507731342539614, 18.384776310850235], [26.1725046566048, 16.492422502470642, 47.70744176750625, 36.124783736376884, 5.656854249492381, 0.0, 47.53945729601885, 36.22154055254967, 44.10215414239989, 17.029386365926403], [64.38167441127949, 50.47771785649585, 94.02127418834527, 44.77722635447622, 52.49761899362675, 47.53945729601885, 0.0, 18.867962264113206, 53.600373133029585, 40.22437072223753], [58.69412236331676, 34.17601498127012, 79.12016177940993, 25.942243542145693, 40.0, 36.22154055254967, 18.867962264113206, 0.0, 58.249463516842795, 24.041630560342615], [32.64965543462902, 60.00833275470999, 82.15229759416349, 74.04052944165107, 48.507731342539614, 44.10215414239989, 53.600373133029585, 58.249463516842795, 0.0, 55.90169943749474], [43.139309220245984, 10.295630140987, 55.08175741568164, 19.4164878389476, 18.384776310850235, 17.029386365926403, 40.22437072223753, 24.041630560342615, 55.90169943749474, 0.0]], "task_locations": [[28, 74], [50, 39], [6, 29], [70, 28], [42, 51], [46, 55], [92, 67], [82, 51], [49, 99], [59, 44]], "precedence_constraints": [[6, 2]]}