{"Q": [[0, 0, 1], [1, 0, 1], [0, 1, 1]], "R": [[0.0, 0.0, 0.0], [1.0, 0.0, 1.0], [0.0, 1.0, 0.0], [1.0, 0.0, 1.0], [1.0, 1.0, 1.0], [0.0, 1.0, 0.0], [0.0, 0.0, 1.0], [0.0, 0.0, 1.0], [1.0, 1.0, 0.0], [0.0, 0.0, 0.0]], "T_e": [0, 98, 76, 71, 71, 57, 85, 61, 75, 0], "T_t": [[0.0, 33.24154027718932, 8.94427190999916, 37.44329045369811, 17.88854381999832, 50.00999900019995, 18.110770276274835, 26.076809620810597, 53.14132102234569, 26.1725046566048], [33.24154027718932, 0.0, 28.0178514522438, 41.48493702538308, 48.010415536631214, 20.591260281974, 40.36087214122113, 38.01315561749642, 32.449961479175904, 57.706152185014034], [8.94427190999916, 28.0178514522438, 0.0, 42.5440947723653, 20.0, 46.87216658103186, 26.076809620810597, 18.973665961010276, 52.839379254491625, 34.713109915419565], [37.44329045369811, 41.48493702538308, 42.5440947723653, 0.0, 53.75872022286245, 41.72529209005013, 23.021728866442675, 61.465437442517235, 31.78049716414141, 42.05948168962618], [17.88854381999832, 48.010415536631214, 20.0, 53.75872022286245, 0.0, 66.61080993352356, 31.622776601683793, 22.80350850198276, 70.9365914038728, 26.1725046566048], [50.00999900019995, 20.591260281974, 46.87216658103186, 41.72529209005013, 66.61080993352356, 0.0, 50.92150822589606, 58.59180830116101, 17.0, 71.06335201775947], [18.110770276274835, 40.36087214122113, 26.076809620810597, 23.021728866442675, 31.622776601683793, 50.92150822589606, 0.0, 44.181444068749045, 48.0, 21.0], [26.076809620810597, 38.01315561749642, 18.973665961010276, 61.465437442517235, 22.80350850198276, 58.59180830116101, 44.181444068749045, 0.0, 68.11754546370561, 47.16990566028302], [53.14132102234569, 32.449961479175904, 52.839379254491625, 31.78049716414141, 70.9365914038728, 17.0, 48.0, 68.11754546370561, 0.0, 69.0], [26.1725046566048, 57.706152185014034, 34.713109915419565, 42.05948168962618, 26.1725046566048, 71.06335201775947, 21.0, 47.16990566028302, 69.0, 0.0]], "task_locations": [[40, 31], [72, 40], [44, 39], [61, 0], [24, 39], [90, 30], [42, 13], [38, 57], [90, 13], [21, 13]], "precedence_constraints": [[5, 6], [8, 6], [2, 5]]}