{"Q": [[1, 1, 0], [1, 0, 1], [1, 0, 0]], "R": [[0.0, 0.0, 0.0], [1.0, 0.0, 0.0], [1.0, 0.0, 1.0], [1.0, 0.0, 0.0], [0.0, 1.0, 1.0], [0.0, 0.0, 1.0], [0.0, 1.0, 0.0], [1.0, 0.0, 0.0], [1.0, 0.0, 1.0], [0.0, 0.0, 0.0]], "T_e": [0, 71, 83, 82, 62, 90, 55, 83, 95, 0], "T_t": [[0.0, 48.010415536631214, 83.23460818673925, 51.42956348249516, 77.12976079309465, 38.91015291668744, 90.21086409075129, 49.040799340956916, 52.3450093132096, 81.83520025025906], [48.010415536631214, 0.0, 81.34494452638098, 51.478150704935004, 58.412327466040935, 23.08679276123039, 42.485291572496, 85.42833253669417, 64.00781202322104, 78.0], [83.23460818673925, 81.34494452638098, 0.0, 33.301651610693426, 30.805843601498726, 97.41663102366043, 95.42536350467836, 66.007575322837, 32.31098884280702, 4.123105625617661], [51.42956348249516, 51.478150704935004, 33.301651610693426, 0.0, 29.427877939124322, 64.8459713474939, 76.55716818169282, 51.10772935672255, 15.264337522473747, 31.144823004794873], [77.12976079309465, 58.412327466040935, 30.805843601498726, 29.427877939124322, 0.0, 78.56844150166147, 65.03076195155643, 79.30952023559341, 41.14608122288197, 26.68332812825267], [38.91015291668744, 23.08679276123039, 97.41663102366043, 64.8459713474939, 78.56844150166147, 0.0, 61.18823416311342, 85.32877591996736, 74.04052944165107, 94.57801012920498], [90.21086409075129, 42.485291572496, 95.42536350467836, 76.55716818169282, 65.03076195155643, 61.18823416311342, 0.0, 121.82364302548172, 91.706052144883, 91.35097153287424], [49.040799340956916, 85.42833253669417, 66.007575322837, 51.10772935672255, 79.30952023559341, 85.32877591996736, 121.82364302548172, 0.0, 38.27531841800928, 67.1863081289633], [52.3450093132096, 64.00781202322104, 32.31098884280702, 15.264337522473747, 41.14608122288197, 74.04052944165107, 91.706052144883, 38.27531841800928, 0.0, 32.01562118716424], [81.83520025025906, 78.0, 4.123105625617661, 31.144823004794873, 26.68332812825267, 94.57801012920498, 91.35097153287424, 67.1863081289633, 32.01562118716424, 0.0]], "task_locations": [[49, 17], [77, 56], [1, 85], [26, 63], [31, 92], [84, 34], [96, 94], [0, 19], [13, 55], [5, 86]], "precedence_constraints": [[3, 1], [7, 4], [4, 5], [3, 7], [8, 5], [7, 5]]}