{"Q": [[0, 1, 0], [1, 0, 1], [0, 1, 0]], "R": [[0.0, 0.0, 0.0], [1.0, 1.0, 1.0], [1.0, 1.0, 0.0], [0.0, 1.0, 0.0], [0.0, 0.0, 1.0], [1.0, 0.0, 0.0], [1.0, 0.0, 1.0], [1.0, 1.0, 1.0], [1.0, 0.0, 1.0], [0.0, 0.0, 0.0]], "T_e": [0, 97, 67, 69, 74, 98, 86, 60, 91, 0], "T_t": [[0.0, 77.89736837660179, 82.15229759416349, 45.880278987817846, 61.00819617067857, 90.4267659490264, 66.73080248281148, 99.02019995940222, 74.30343195303969, 27.313000567495326], [77.89736837660179, 0.0, 76.84399781375251, 56.36488268416781, 39.6232255123179, 13.601470508735444, 40.311288741492746, 47.12748667179272, 3.605551275463989, 65.19202405202648], [82.15229759416349, 76.84399781375251, 0.0, 102.69371937952194, 100.12492197250393, 78.29431652425353, 36.87817782917155, 49.01020301937138, 75.6042326857432, 95.12623192369179], [45.880278987817846, 56.36488268416781, 102.69371937952194, 0.0, 20.808652046684813, 69.77105417004964, 71.84705978674423, 96.51942809610924, 53.31041174104736, 19.1049731745428], [61.00819617067857, 39.6232255123179, 100.12492197250393, 20.808652046684813, 0.0, 52.20153254455275, 65.30696746902278, 84.29116205154607, 37.21558813185679, 37.36308338453881], [90.4267659490264, 13.601470508735444, 78.29431652425353, 69.77105417004964, 52.20153254455275, 0.0, 43.93176527297759, 40.496913462633174, 17.029386365926403, 78.74642849044012], [66.73080248281148, 40.311288741492746, 36.87817782917155, 71.84705978674423, 65.30696746902278, 43.93176527297759, 0.0, 32.64965543462902, 38.8329756778952, 69.46221994724903], [99.02019995940222, 47.12748667179272, 49.01020301937138, 96.51942809610924, 84.29116205154607, 40.496913462633174, 32.64965543462902, 0.0, 48.27007354458868, 98.37174391053561], [74.30343195303969, 3.605551275463989, 75.6042326857432, 53.31041174104736, 37.21558813185679, 17.029386365926403, 38.8329756778952, 48.27007354458868, 0.0, 61.71709649683789], [27.313000567495326, 65.19202405202648, 95.12623192369179, 19.1049731745428, 37.36308338453881, 78.74642849044012, 69.46221994724903, 98.37174391053561, 61.71709649683789, 0.0]], "task_locations": [[16, 3], [54, 71], [98, 8], [3, 47], [15, 64], [65, 79], [74, 36], [99, 57], [52, 68], [5, 28]], "precedence_constraints": [[8, 4], [3, 1], [3, 6]]}