{"Q": [[0, 1, 0], [1, 0, 0], [1, 0, 1]], "R": [[0.0, 0.0, 0.0], [1.0, 1.0, 0.0], [1.0, 0.0, 0.0], [0.0, 1.0, 0.0], [1.0, 0.0, 1.0], [0.0, 1.0, 1.0], [0.0, 0.0, 1.0], [0.0, 1.0, 0.0], [0.0, 1.0, 0.0], [0.0, 0.0, 0.0]], "T_e": [0, 59, 91, 58, 96, 61, 95, 51, 92, 0], "T_t": [[0.0, 88.3911760301898, 61.07372593840988, 41.78516483155236, 68.65857557508748, 82.80096617793781, 68.42514157822401, 93.92017887546851, 45.09988913511872, 13.152946437965905], [88.3911760301898, 0.0, 35.510561809129406, 64.4437739428721, 50.28916384272063, 23.345235059857504, 21.095023109728988, 7.615773105863909, 79.90619500389191, 82.46211251235322], [61.07372593840988, 35.510561809129406, 0.0, 54.589376255824725, 57.584720195551874, 21.95449840010015, 16.1245154965971, 42.95346318982906, 44.40720662234904, 51.97114584074513], [41.78516483155236, 64.4437739428721, 54.589376255824725, 0.0, 28.0, 70.3846574190711, 50.99019513592785, 67.26812023536856, 69.9714227381436, 46.400431032480725], [68.65857557508748, 50.28916384272063, 57.584720195551874, 28.0, 0.0, 65.00769185258002, 46.389654018972806, 50.08991914547278, 87.72684879784524, 70.77428911688199], [82.80096617793781, 23.345235059857504, 21.95449840010015, 70.3846574190711, 65.00769185258002, 0.0, 19.6468827043885, 30.479501308256342, 63.198101237299845, 73.92563831310488], [68.42514157822401, 21.095023109728988, 16.1245154965971, 50.99019513592785, 46.389654018972806, 19.6468827043885, 0.0, 28.0178514522438, 59.665735560705194, 61.68468205316454], [93.92017887546851, 7.615773105863909, 42.95346318982906, 67.26812023536856, 50.08991914547278, 30.479501308256342, 28.0178514522438, 0.0, 87.29833904490967, 88.64536084872124], [45.09988913511872, 79.90619500389191, 44.40720662234904, 69.9714227381436, 87.72684879784524, 63.198101237299845, 59.665735560705194, 87.29833904490967, 0.0, 32.01562118716424], [13.152946437965905, 82.46211251235322, 51.97114584074513, 46.400431032480725, 70.77428911688199, 73.92563831310488, 61.68468205316454, 88.64536084872124, 32.01562118716424, 0.0]], "task_locations": [[51, 6], [18, 88], [12, 53], [66, 45], [66, 73], [1, 72], [20, 67], [21, 95], [6, 9], [38, 8]], "precedence_constraints": [[1, 3], [1, 4], [4, 7], [8, 5], [8, 6]]}