{"Q": [[0, 0, 1], [1, 1, 1], [0, 1, 0]], "R": [[0.0, 0.0, 0.0], [1.0, 1.0, 1.0], [1.0, 1.0, 0.0], [1.0, 0.0, 1.0], [1.0, 1.0, 0.0], [1.0, 0.0, 0.0], [0.0, 0.0, 1.0], [0.0, 1.0, 0.0], [1.0, 1.0, 0.0], [0.0, 0.0, 0.0]], "T_e": [0, 69, 78, 57, 82, 64, 94, 77, 74, 0], "T_t": [[0.0, 62.20128616033595, 75.8946638440411, 81.09870529176159, 85.0411665018772, 80.77747210701756, 16.15549442140351, 40.024992192379, 86.37129152675674, 33.60059523282288], [62.20128616033595, 0.0, 43.60045871318328, 63.655321851358195, 27.65863337187866, 50.21951811795888, 49.193495504995376, 59.033888572581766, 28.160255680657446, 28.600699292150182], [75.8946638440411, 43.60045871318328, 0.0, 21.93171219946131, 32.984845004941285, 6.708203932499369, 59.77457653551382, 46.66904755831214, 34.92849839314596, 52.08646657242167], [81.09870529176159, 63.655321851358195, 21.93171219946131, 0.0, 54.70831746635972, 17.26267650163207, 66.03029607687671, 43.965895873961216, 56.61271941887264, 65.19202405202648], [85.0411665018772, 27.65863337187866, 32.984845004941285, 54.70831746635972, 0.0, 37.69615364994153, 70.00714249274856, 69.6419413859206, 2.0, 52.69724850502159], [80.77747210701756, 50.21951811795888, 6.708203932499369, 17.26267650163207, 37.69615364994153, 0.0, 64.76109943476871, 49.20365840057018, 39.56008088970496, 58.309518948453004], [16.15549442140351, 49.193495504995376, 59.77457653551382, 66.03029607687671, 70.00714249274856, 64.76109943476871, 0.0, 28.30194339616981, 71.449282711585, 21.587033144922902], [40.024992192379, 59.033888572581766, 46.66904755831214, 43.965895873961216, 69.6419413859206, 49.20365840057018, 28.30194339616981, 0.0, 71.5122367151245, 40.70626487409524], [86.37129152675674, 28.160255680657446, 34.92849839314596, 56.61271941887264, 2.0, 39.56008088970496, 71.449282711585, 71.5122367151245, 0.0, 53.823786563191554], [33.60059523282288, 28.600699292150182, 52.08646657242167, 65.19202405202648, 52.69724850502159, 58.309518948453004, 21.587033144922902, 40.70626487409524, 53.823786563191554, 0.0]], "task_locations": [[20, 97], [70, 60], [44, 25], [24, 16], [76, 33], [41, 19], [26, 82], [11, 58], [78, 33], [47, 77]], "precedence_constraints": [[5, 3], [6, 8]]}