{"Q": [[1, 0, 0], [0, 0, 1], [0, 1, 1]], "R": [[0.0, 0.0, 0.0], [1.0, 1.0, 1.0], [1.0, 1.0, 1.0], [0.0, 1.0, 1.0], [0.0, 0.0, 1.0], [1.0, 0.0, 0.0], [1.0, 1.0, 1.0], [0.0, 0.0, 1.0], [0.0, 1.0, 1.0], [0.0, 0.0, 0.0]], "T_e": [0, 78, 75, 72, 79, 96, 77, 62, 82, 0], "T_t": [[0.0, 35.90264614203248, 50.20956084253277, 22.67156809750927, 82.00609733428362, 60.4648658313239, 20.615528128088304, 60.03332407921454, 53.46026561849464, 92.34717104492157], [35.90264614203248, 0.0, 75.96051605933177, 21.93171219946131, 72.18032973047436, 42.01190307520001, 56.515484603779164, 63.8200595424354, 18.027756377319946, 88.23264701911646], [50.20956084253277, 75.96051605933177, 0.0, 54.08326913195984, 72.80109889280519, 71.58910531638176, 43.08131845707603, 42.20189569201838, 93.30058949438637, 72.00694410957877], [22.67156809750927, 21.93171219946131, 54.08326913195984, 0.0, 62.39390995922599, 38.07886552931954, 41.340053217188775, 46.238512086787566, 39.293765408777, 75.32595834106593], [82.00609733428362, 72.18032973047436, 72.80109889280519, 62.39390995922599, 0.0, 31.38470965295043, 93.91485505499116, 30.610455730027933, 78.39005038906404, 19.1049731745428], [60.4648658313239, 42.01190307520001, 71.58910531638176, 38.07886552931954, 31.38470965295043, 0.0, 77.07788269017254, 37.36308338453881, 47.01063709417264, 49.39635614091387], [20.615528128088304, 56.515484603779164, 43.08131845707603, 41.340053217188775, 93.91485505499116, 77.07788269017254, 0.0, 67.446274915669, 73.97972695272672, 100.96038827183659], [60.03332407921454, 63.8200595424354, 42.20189569201838, 46.238512086787566, 30.610455730027933, 37.36308338453881, 67.446274915669, 0.0, 76.38062581571324, 33.52610922848042], [53.46026561849464, 18.027756377319946, 93.30058949438637, 39.293765408777, 78.39005038906404, 47.01063709417264, 73.97972695272672, 76.38062581571324, 0.0, 96.17692030835673], [92.34717104492157, 88.23264701911646, 72.00694410957877, 75.32595834106593, 19.1049731745428, 49.39635614091387, 100.96038827183659, 33.52610922848042, 96.17692030835673, 0.0]], "task_locations": [[53, 92], [18, 84], [89, 57], [38, 75], [31, 13], [19, 42], [73, 97], [55, 32], [0, 85], [45, 0]], "precedence_constraints": [[5, 8]]}