{"Q": [[0, 1, 0], [1, 1, 1], [0, 1, 0]], "R": [[0.0, 0.0, 0.0], [1.0, 0.0, 0.0], [1.0, 1.0, 0.0], [1.0, 1.0, 1.0], [1.0, 1.0, 0.0], [1.0, 1.0, 1.0], [1.0, 1.0, 1.0], [1.0, 1.0, 0.0], [1.0, 1.0, 0.0], [0.0, 0.0, 0.0]], "T_e": [0, 54, 79, 80, 76, 91, 92, 56, 75, 0], "T_t": [[0.0, 60.166435825965294, 37.8021163428716, 8.602325267042627, 13.892443989449804, 58.82176467941097, 68.62215385719105, 33.83784863137726, 51.97114584074513, 58.9406481131655], [60.166435825965294, 0.0, 96.25487000666512, 55.154328932550705, 58.180752831155424, 50.99019513592785, 38.63935817272331, 37.48332962798263, 26.92582403567252, 31.016124838541646], [37.8021163428716, 96.25487000666512, 0.0, 41.14608122288197, 38.600518131237564, 78.77182237323191, 95.00526301210897, 63.150613615387776, 82.03657720797473, 87.36704184073076], [8.602325267042627, 55.154328932550705, 41.14608122288197, 0.0, 7.0, 50.21951811795888, 60.440052945046304, 25.709920264364882, 44.28317965096906, 50.99019513592785], [13.892443989449804, 58.180752831155424, 38.600518131237564, 7.0, 0.0, 46.52956049652737, 58.855755878248644, 25.019992006393608, 44.04543109109048, 50.08991914547278], [58.82176467941097, 50.99019513592785, 78.77182237323191, 50.21951811795888, 46.52956049652737, 0.0, 20.808652046684813, 28.0178514522438, 24.186773244895647, 21.02379604162864], [68.62215385719105, 38.63935817272331, 95.00526301210897, 60.440052945046304, 58.855755878248644, 20.808652046684813, 0.0, 34.785054261852174, 18.439088914585774, 10.63014581273465], [33.83784863137726, 37.48332962798263, 63.150613615387776, 25.709920264364882, 25.019992006393608, 28.0178514522438, 34.785054261852174, 0.0, 19.026297590440446, 25.317977802344327], [51.97114584074513, 26.92582403567252, 82.03657720797473, 44.28317965096906, 44.04543109109048, 24.186773244895647, 18.439088914585774, 19.026297590440446, 0.0, 7.810249675906654], [58.9406481131655, 31.016124838541646, 87.36704184073076, 50.99019513592785, 50.08991914547278, 21.02379604162864, 10.63014581273465, 25.317977802344327, 7.810249675906654, 0.0]], "task_locations": [[65, 79], [7, 95], [95, 56], [58, 74], [58, 67], [17, 45], [0, 57], [33, 68], [14, 69], [8, 64]], "precedence_constraints": [[6, 2]]}