{"Q": [[0, 1, 0], [0, 1, 1], [1, 1, 0]], "R": [[0.0, 0.0, 0.0], [0.0, 0.0, 1.0], [1.0, 1.0, 0.0], [1.0, 0.0, 0.0], [0.0, 0.0, 1.0], [0.0, 1.0, 1.0], [0.0, 1.0, 1.0], [0.0, 0.0, 1.0], [1.0, 0.0, 1.0], [0.0, 0.0, 0.0]], "T_e": [0, 84, 74, 95, 81, 67, 82, 96, 96, 0], "T_t": [[0.0, 16.1245154965971, 29.546573405388315, 33.83784863137726, 31.25699921617557, 80.91971329657564, 4.123105625617661, 61.032778078668514, 85.42247947700886, 24.08318915758459], [16.1245154965971, 0.0, 29.274562336608895, 30.4138126514911, 47.042533945356304, 92.64987857520376, 16.15549442140351, 77.10382610480494, 99.16148445843275, 38.47076812334269], [29.546573405388315, 29.274562336608895, 0.0, 59.00847396772772, 53.009433122794285, 108.2450922675019, 25.495097567963924, 77.1621668954417, 110.0, 31.953090617340916], [33.83784863137726, 30.4138126514911, 59.00847396772772, 0.0, 50.47771785649585, 75.69015788066504, 37.36308338453881, 79.62411694957753, 87.28115489611719, 56.08029957123981], [31.25699921617557, 47.042533945356304, 53.009433122794285, 50.47771785649585, 0.0, 57.14017850864661, 32.984845004941285, 30.59411708155671, 57.0087712549569, 23.853720883753127], [80.91971329657564, 92.64987857520376, 108.2450922675019, 75.69015788066504, 57.14017850864661, 0.0, 84.29116205154607, 54.00925846556311, 19.1049731745428, 80.99382692526635], [4.123105625617661, 16.15549442140351, 25.495097567963924, 37.36308338453881, 32.984845004941285, 84.29116205154607, 0.0, 62.03224967708329, 88.19297024139736, 22.47220505424423], [61.032778078668514, 77.10382610480494, 77.1621668954417, 79.62411694957753, 30.59411708155671, 54.00925846556311, 62.03224967708329, 0.0, 43.657759905886145, 45.221676218380054], [85.42247947700886, 99.16148445843275, 110.0, 87.28115489611719, 57.0087712549569, 19.1049731745428, 88.19297024139736, 43.657759905886145, 0.0, 79.93122043357026], [24.08318915758459, 38.47076812334269, 31.953090617340916, 56.08029957123981, 23.853720883753127, 80.99382692526635, 22.47220505424423, 45.221676218380054, 79.93122043357026, 0.0]], "task_locations": [[76, 62], [92, 60], [88, 89], [87, 30], [45, 58], [14, 10], [77, 66], [15, 64], [0, 23], [58, 78]], "precedence_constraints": [[2, 7]]}