{"Q": [[1, 1, 1], [1, 1, 0], [0, 1, 0]], "R": [[0.0, 0.0, 0.0], [0.0, 1.0, 1.0], [1.0, 1.0, 1.0], [1.0, 1.0, 1.0], [1.0, 0.0, 1.0], [1.0, 0.0, 1.0], [0.0, 0.0, 1.0], [1.0, 0.0, 0.0], [1.0, 1.0, 0.0], [0.0, 0.0, 0.0]], "T_e": [0, 84, 68, 73, 93, 50, 66, 80, 98, 0], "T_t": [[0.0, 28.635642126552707, 67.97793759742936, 78.05767098754612, 58.9406481131655, 20.223748416156685, 4.47213595499958, 84.38009243891595, 77.17512552629896, 84.64632301523794], [28.635642126552707, 0.0, 74.41102068914255, 69.8927750200262, 60.876925020897694, 16.15549442140351, 25.298221281347036, 79.62411694957753, 85.27602242131137, 84.31488599292535], [67.97793759742936, 74.41102068914255, 0.0, 37.12142238654117, 15.524174696260024, 81.21576201698781, 65.36818798161687, 31.827660925679098, 11.180339887498949, 22.847319317591726], [78.05767098754612, 69.8927750200262, 37.12142238654117, 0.0, 27.65863337187866, 82.76472678623425, 74.00675644831355, 12.529964086141668, 44.64302857109943, 24.331050121192877], [58.9406481131655, 60.876925020897694, 15.524174696260024, 27.65863337187866, 0.0, 69.46221994724903, 55.65968020030299, 27.892651361962706, 26.570660511172846, 25.709920264364882], [20.223748416156685, 16.15549442140351, 81.21576201698781, 82.76472678623425, 69.46221994724903, 0.0, 19.313207915827967, 91.39474820797966, 91.43850392476902, 94.37160589923221], [4.47213595499958, 25.298221281347036, 65.36818798161687, 74.00675644831355, 55.65968020030299, 19.313207915827967, 0.0, 80.62257748298549, 74.88658090739622, 81.32035415564789], [84.38009243891595, 79.62411694957753, 31.827660925679098, 12.529964086141668, 27.892651361962706, 91.39474820797966, 80.62257748298549, 0.0, 36.71511950137164, 13.152946437965905], [77.17512552629896, 85.27602242131137, 11.180339887498949, 44.64302857109943, 26.570660511172846, 91.43850392476902, 74.88658090739622, 36.71511950137164, 0.0, 24.839484696748443], [84.64632301523794, 84.31488599292535, 22.847319317591726, 24.331050121192877, 25.709920264364882, 94.37160589923221, 81.32035415564789, 13.152946437965905, 24.839484696748443, 0.0]], "task_locations": [[93, 55], [81, 29], [32, 85], [15, 52], [36, 70], [96, 35], [89, 53], [9, 63], [27, 95], [11, 76]], "precedence_constraints": [[8, 5], [2, 3], [8, 1]]}