{"Q": [[1, 1, 1], [0, 1, 0], [0, 1, 0]], "R": [[0.0, 0.0, 0.0], [0.0, 1.0, 1.0], [1.0, 1.0, 1.0], [1.0, 0.0, 0.0], [0.0, 0.0, 1.0], [0.0, 0.0, 1.0], [1.0, 0.0, 0.0], [1.0, 1.0, 0.0], [0.0, 1.0, 1.0], [0.0, 0.0, 0.0]], "T_e": [0, 83, 91, 97, 90, 78, 77, 93, 80, 0], "T_t": [[0.0, 75.29276193632427, 61.1310068623117, 62.64982043070834, 88.58893836140041, 79.90619500389191, 32.69556544854363, 45.09988913511872, 30.083217912982647, 89.80534505250787], [75.29276193632427, 0.0, 22.80350850198276, 43.382023926967726, 46.14108798023731, 21.02379604162864, 61.85466837676846, 40.311288741492746, 58.412327466040935, 55.46169849544819], [61.1310068623117, 22.80350850198276, 0.0, 52.630789467763066, 64.28841264178172, 41.10960958218893, 41.012193308819754, 19.1049731745428, 38.41874542459709, 41.036569057366385], [62.64982043070834, 43.382023926967726, 52.630789467763066, 0.0, 26.40075756488817, 30.0, 70.11419257183242, 57.245087125446844, 65.06919393998976, 93.43446901438462], [88.58893836140041, 46.14108798023731, 64.28841264178172, 26.40075756488817, 0.0, 25.238858928247925, 91.7877987534291, 75.05997601918082, 86.97700845625813, 101.53324578678651], [79.90619500389191, 21.02379604162864, 41.10960958218893, 30.0, 25.238858928247925, 0.0, 74.67261881037788, 55.10898293381942, 70.3846574190711, 76.48529270389177], [32.69556544854363, 61.85466837676846, 41.012193308819754, 70.11419257183242, 91.7877987534291, 74.67261881037788, 0.0, 21.93171219946131, 5.0990195135927845, 59.00847396772772], [45.09988913511872, 40.311288741492746, 19.1049731745428, 57.245087125446844, 75.05997601918082, 55.10898293381942, 21.93171219946131, 0.0, 19.4164878389476, 46.486557196677836], [30.083217912982647, 58.412327466040935, 38.41874542459709, 65.06919393998976, 86.97700845625813, 70.3846574190711, 5.0990195135927845, 19.4164878389476, 0.0, 60.13318551349163], [89.80534505250787, 55.46169849544819, 41.036569057366385, 93.43446901438462, 101.53324578678651, 76.48529270389177, 59.00847396772772, 46.486557196677836, 60.13318551349163, 0.0]], "task_locations": [[94, 20], [29, 58], [35, 36], [68, 77], [52, 98], [38, 77], [64, 7], [49, 23], [65, 12], [5, 8]], "precedence_constraints": [[7, 4], [4, 1], [2, 8], [2, 1]]}