{"Q": [[1, 1, 1], [1, 0, 1], [1, 1, 0]], "R": [[0.0, 0.0, 0.0], [1.0, 1.0, 0.0], [1.0, 1.0, 0.0], [1.0, 0.0, 1.0], [1.0, 0.0, 1.0], [0.0, 1.0, 0.0], [1.0, 1.0, 0.0], [0.0, 1.0, 0.0], [0.0, 1.0, 1.0], [0.0, 0.0, 0.0]], "T_e": [0, 80, 79, 89, 98, 69, 52, 56, 90, 0], "T_t": [[0.0, 31.622776601683793, 51.478150704935004, 98.84331034521254, 74.27651041883968, 41.10960958218893, 33.301651610693426, 11.313708498984761, 105.8158778255891, 29.614185789921695], [31.622776601683793, 0.0, 65.19202405202648, 79.30952023559341, 65.55150646628954, 60.74537019394976, 32.38826948140329, 22.090722034374522, 88.41379982785493, 45.79301256742124], [51.478150704935004, 65.19202405202648, 0.0, 82.38931969618392, 47.0, 14.142135623730951, 34.132096331752024, 59.00847396772772, 84.0535543567314, 22.02271554554524], [98.84331034521254, 79.30952023559341, 82.38931969618392, 0.0, 35.90264614203248, 92.02173656261873, 67.35725647619564, 95.71833680126291, 11.180339887498949, 84.17244204607586], [74.27651041883968, 65.55150646628954, 47.0, 35.90264614203248, 0.0, 57.87054518492115, 41.012193308819754, 74.81310045707235, 37.12142238654117, 52.80151512977634], [41.10960958218893, 60.74537019394976, 14.142135623730951, 92.02173656261873, 57.87054518492115, 0.0, 33.83784863137726, 50.21951811795888, 94.89467845985885, 15.0], [33.301651610693426, 32.38826948140329, 34.132096331752024, 67.35725647619564, 41.012193308819754, 33.83784863137726, 0.0, 34.48187929913333, 73.348483283569, 20.248456731316587], [11.313708498984761, 22.090722034374522, 59.00847396772772, 95.71833680126291, 74.81310045707235, 50.21951811795888, 34.48187929913333, 0.0, 103.60019305001319, 37.05401462729781], [105.8158778255891, 88.41379982785493, 84.0535543567314, 11.180339887498949, 37.12142238654117, 94.89467845985885, 73.348483283569, 103.60019305001319, 0.0, 88.60022573334675], [29.614185789921695, 45.79301256742124, 22.02271554554524, 84.17244204607586, 52.80151512977634, 15.0, 20.248456731316587, 37.05401462729781, 88.60022573334675, 0.0]], "task_locations": [[77, 4], [87, 34], [26, 11], [34, 93], [26, 58], [36, 1], [55, 29], [85, 12], [23, 95], [48, 10]], "precedence_constraints": [[6, 5], [5, 4]]}