{"Q": [[1, 0, 0], [1, 1, 0], [0, 0, 1]], "R": [[0.0, 0.0, 0.0], [0.0, 1.0, 1.0], [0.0, 0.0, 1.0], [1.0, 1.0, 0.0], [0.0, 1.0, 0.0], [1.0, 1.0, 1.0], [1.0, 1.0, 1.0], [0.0, 1.0, 0.0], [1.0, 0.0, 1.0], [0.0, 0.0, 0.0]], "T_e": [0, 69, 87, 93, 74, 92, 52, 95, 55, 0], "T_t": [[0.0, 80.36168241145776, 6.324555320336759, 90.60353193998566, 19.313207915827967, 73.43023900274328, 77.02596964660685, 62.609903369994115, 87.11486669908874, 70.83784299369935], [80.36168241145776, 0.0, 80.4114419718985, 32.38826948140329, 66.18912297349165, 18.384776310850235, 18.027756377319946, 55.154328932550705, 37.0, 33.94112549695428], [6.324555320336759, 80.4114419718985, 0.0, 92.84934033152847, 16.0312195418814, 74.88658090739622, 78.49203781276162, 58.309518948453004, 89.80534505250787, 73.55270219373317], [90.60353193998566, 32.38826948140329, 92.84934033152847, 0.0, 82.21921916437786, 20.615528128088304, 17.72004514666935, 84.52810183601665, 7.615773105863909, 20.615528128088304], [19.313207915827967, 66.18912297349165, 16.0312195418814, 82.21921916437786, 0.0, 62.96824596572466, 66.52818951391959, 43.41658669218482, 80.2122185206219, 64.35060217278468], [73.43023900274328, 18.384776310850235, 74.88658090739622, 20.615528128088304, 62.96824596572466, 0.0, 3.605551275463989, 64.4980619863884, 22.02271554554524, 15.556349186104045], [77.02596964660685, 18.027756377319946, 78.49203781276162, 17.72004514666935, 66.52818951391959, 3.605551275463989, 0.0, 66.91038783328041, 20.09975124224178, 16.64331697709324], [62.609903369994115, 55.154328932550705, 58.309518948453004, 84.52810183601665, 43.41658669218482, 64.4980619863884, 66.91038783328041, 0.0, 86.46964785403026, 75.05997601918082], [87.11486669908874, 37.0, 89.80534505250787, 7.615773105863909, 80.2122185206219, 22.02271554554524, 20.09975124224178, 86.46964785403026, 0.0, 16.278820596099706], [70.83784299369935, 33.94112549695428, 73.55270219373317, 20.615528128088304, 64.35060217278468, 15.556349186104045, 16.64331697709324, 75.05997601918082, 16.278820596099706, 0.0]], "task_locations": [[6, 60], [83, 37], [8, 66], [78, 5], [24, 67], [70, 24], [73, 22], [62, 88], [71, 2], [59, 13]], "precedence_constraints": [[1, 4], [5, 8], [2, 7], [5, 4], [4, 7]]}