{"Q": [[1, 0, 1], [0, 1, 1], [1, 1, 1]], "R": [[0.0, 0.0, 0.0], [1.0, 1.0, 1.0], [1.0, 1.0, 1.0], [0.0, 1.0, 1.0], [1.0, 0.0, 0.0], [1.0, 0.0, 0.0], [0.0, 1.0, 1.0], [1.0, 0.0, 1.0], [0.0, 1.0, 1.0], [0.0, 0.0, 0.0]], "T_e": [0, 90, 54, 89, 69, 94, 75, 69, 81, 0], "T_t": [[0.0, 119.50313803411188, 85.61541917201598, 107.44766167767449, 64.5600495662759, 90.24965373894794, 21.02379604162864, 44.41846462902562, 52.69724850502159, 89.69392398596462], [119.50313803411188, 0.0, 51.35172830587107, 17.029386365926403, 69.8927750200262, 51.0098029794274, 104.80935072788114, 77.20103626247513, 68.81860213634101, 51.0098029794274], [85.61541917201598, 51.35172830587107, 0.0, 34.36568055487916, 22.67156809750927, 5.0, 66.24198064671678, 56.22277118748239, 51.19570294468082, 67.26812023536856], [107.44766167767449, 17.029386365926403, 34.36568055487916, 0.0, 53.71219600798314, 34.0, 91.2414379544733, 67.54257916307313, 59.61543424315552, 52.49761899362675], [64.5600495662759, 69.8927750200262, 22.67156809750927, 53.71219600798314, 0.0, 26.627053911388696, 44.384682042344295, 43.829214001622255, 42.01190307520001, 70.77428911688199], [90.24965373894794, 51.0098029794274, 5.0, 34.0, 26.627053911388696, 0.0, 70.66116330771806, 61.204574992397426, 56.089214649520635, 70.71067811865476], [21.02379604162864, 104.80935072788114, 66.24198064671678, 91.2414379544733, 44.384682042344295, 70.66116330771806, 0.0, 37.05401462729781, 43.73785545725808, 83.02409288875127], [44.41846462902562, 77.20103626247513, 56.22277118748239, 67.54257916307313, 43.829214001622255, 61.204574992397426, 37.05401462729781, 0.0, 8.48528137423857, 46.32493928760188], [52.69724850502159, 68.81860213634101, 51.19570294468082, 59.61543424315552, 42.01190307520001, 56.089214649520635, 43.73785545725808, 8.48528137423857, 0.0, 39.319206502675], [89.69392398596462, 51.0098029794274, 67.26812023536856, 52.49761899362675, 70.77428911688199, 70.71067811865476, 83.02409288875127, 46.32493928760188, 39.319206502675, 0.0]], "task_locations": [[2, 13], [87, 97], [81, 46], [86, 80], [64, 31], [86, 46], [23, 14], [25, 51], [31, 57], [36, 96]], "precedence_constraints": [[1, 8], [1, 7], [4, 7], [6, 1], [7, 2]]}