{"Q": [[1, 0, 0], [1, 1, 1], [0, 0, 1]], "R": [[0.0, 0.0, 0.0], [1.0, 0.0, 0.0], [1.0, 0.0, 1.0], [0.0, 1.0, 0.0], [1.0, 0.0, 1.0], [1.0, 1.0, 0.0], [0.0, 1.0, 1.0], [1.0, 1.0, 0.0], [0.0, 0.0, 1.0], [0.0, 0.0, 0.0]], "T_e": [0, 85, 99, 68, 68, 51, 69, 72, 94, 0], "T_t": [[0.0, 36.61966684720111, 43.174066289845804, 21.095023109728988, 35.6931365951495, 27.51363298439521, 7.280109889280518, 13.0, 45.69463863518345, 77.98717843338096], [36.61966684720111, 0.0, 66.09841147864296, 28.0, 67.11929677819934, 61.07372593840988, 42.5205832509386, 27.018512172212592, 12.36931687685298, 82.71033792700887], [43.174066289845804, 66.09841147864296, 0.0, 63.50590523722971, 18.384776310850235, 24.839484696748443, 37.0, 42.1070065428546, 68.0, 44.384682042344295], [21.095023109728988, 28.0, 63.50590523722971, 0.0, 56.71860364994893, 48.27007354458868, 28.284271247461902, 23.706539182259394, 40.11234224026316, 93.81364506296512], [35.6931365951495, 67.11929677819934, 18.384776310850235, 56.71860364994893, 0.0, 9.219544457292887, 28.442925306655784, 40.311288741492746, 72.18032973047436, 62.76941930590086], [27.51363298439521, 61.07372593840988, 24.839484696748443, 48.27007354458868, 9.219544457292887, 0.0, 20.248456731316587, 34.058772731852805, 67.35725647619564, 68.47627326307996], [7.280109889280518, 42.5205832509386, 37.0, 28.284271247461902, 28.442925306655784, 20.248456731316587, 0.0, 16.55294535724685, 50.60632371551998, 74.24957912338628], [13.0, 27.018512172212592, 42.1070065428546, 23.706539182259394, 40.311288741492746, 34.058772731852805, 16.55294535724685, 0.0, 34.132096331752024, 70.178344238091], [45.69463863518345, 12.36931687685298, 68.0, 40.11234224026316, 72.18032973047436, 67.35725647619564, 50.60632371551998, 34.132096331752024, 0.0, 77.52418977325722], [77.98717843338096, 82.71033792700887, 44.384682042344295, 93.81364506296512, 62.76941930590086, 68.47627326307996, 74.24957912338628, 70.178344238091, 77.52418977325722, 0.0]], "task_locations": [[78, 70], [99, 40], [36, 60], [99, 68], [43, 77], [52, 79], [71, 72], [78, 57], [96, 28], [19, 19]], "precedence_constraints": [[2, 8], [6, 1], [5, 3], [7, 1]]}