{"Q": [[1, 0, 1], [0, 0, 1], [1, 1, 0]], "R": [[0.0, 0.0, 0.0], [1.0, 0.0, 1.0], [0.0, 0.0, 1.0], [1.0, 0.0, 0.0], [0.0, 1.0, 0.0], [0.0, 0.0, 1.0], [0.0, 1.0, 0.0], [0.0, 1.0, 1.0], [1.0, 1.0, 1.0], [0.0, 0.0, 0.0]], "T_e": [0, 96, 96, 75, 65, 68, 81, 88, 86, 0], "T_t": [[0.0, 39.824615503479755, 17.4928556845359, 33.28663395418648, 17.46424919657298, 50.35871324805669, 40.80441152620633, 41.43669871020132, 33.301651610693426, 56.36488268416781], [39.824615503479755, 0.0, 56.568542494923804, 49.09175083453431, 39.05124837953327, 35.35533905932738, 79.17701686727027, 13.601470508735444, 6.708203932499369, 60.83584469702052], [17.4928556845359, 56.568542494923804, 0.0, 43.93176527297759, 31.064449134018133, 66.70832032063167, 30.14962686336267, 56.08029957123981, 50.24937810560445, 67.68308503607086], [33.28663395418648, 49.09175083453431, 43.93176527297759, 0.0, 16.278820596099706, 32.55764119219941, 45.17742799230607, 58.69412236331676, 43.41658669218482, 23.769728648009426], [17.46424919657298, 39.05124837953327, 31.064449134018133, 16.278820596099706, 0.0, 36.40054944640259, 42.5205832509386, 46.04345773288535, 32.55764119219941, 38.91015291668744], [50.35871324805669, 35.35533905932738, 66.70832032063167, 32.55764119219941, 36.40054944640259, 0.0, 76.60939890117922, 48.83646178829912, 33.83784863137726, 30.01666203960727], [40.80441152620633, 79.17701686727027, 30.14962686336267, 45.17742799230607, 42.5205832509386, 76.60939890117922, 0.0, 82.21921916437786, 72.47068372797375, 64.76109943476871], [41.43669871020132, 13.601470508735444, 56.08029957123981, 58.69412236331676, 46.04345773288535, 48.83646178829912, 82.21921916437786, 0.0, 16.1245154965971, 73.06161783043132], [33.301651610693426, 6.708203932499369, 50.24937810560445, 43.41658669218482, 32.55764119219941, 33.83784863137726, 72.47068372797375, 16.1245154965971, 0.0, 56.938563381947034], [56.36488268416781, 60.83584469702052, 67.68308503607086, 23.769728648009426, 38.91015291668744, 30.01666203960727, 64.76109943476871, 73.06161783043132, 56.938563381947034, 0.0]], "task_locations": [[36, 39], [61, 70], [21, 30], [64, 21], [52, 32], [86, 45], [24, 0], [50, 78], [58, 64], [87, 15]], "precedence_constraints": [[3, 8], [6, 7], [6, 5]]}