{"Q": [[1, 0, 0], [0, 1, 0], [0, 1, 1]], "R": [[0.0, 0.0, 0.0], [0.0, 0.0, 1.0], [1.0, 0.0, 0.0], [0.0, 1.0, 0.0], [1.0, 1.0, 0.0], [0.0, 0.0, 1.0], [0.0, 0.0, 1.0], [0.0, 1.0, 0.0], [0.0, 1.0, 0.0], [0.0, 0.0, 0.0]], "T_e": [0, 77, 67, 95, 52, 80, 52, 66, 59, 0], "T_t": [[0.0, 41.400483088968905, 12.36931687685298, 43.266615305567875, 29.832867780352597, 37.53664875824692, 54.120236510939236, 74.43117626371358, 35.34119409414458, 21.95449840010015], [41.400483088968905, 0.0, 50.08991914547278, 69.00724599634447, 45.12205669071391, 5.0, 15.0, 63.89053137985315, 19.313207915827967, 63.245553203367585], [12.36931687685298, 50.08991914547278, 0.0, 31.89043743820395, 41.340053217188775, 45.65084884205331, 63.90618123468183, 71.11258679024411, 39.6232255123179, 15.652475842498529], [43.266615305567875, 69.00724599634447, 31.89043743820395, 0.0, 73.00684899377592, 64.00781202322104, 84.00595217006948, 57.30619512757761, 51.62363799656123, 38.91015291668744], [29.832867780352597, 45.12205669071391, 41.340053217188775, 73.00684899377592, 0.0, 44.28317965096906, 50.60632371551998, 98.03060746521976, 51.62363799656123, 42.7551166528639], [37.53664875824692, 5.0, 45.65084884205331, 64.00781202322104, 44.28317965096906, 0.0, 20.0, 60.802960454241045, 14.7648230602334, 59.20304046246274], [54.120236510939236, 15.0, 63.90618123468183, 84.00595217006948, 50.60632371551998, 20.0, 0.0, 74.41102068914255, 33.734255586866, 76.05918747922567], [74.43117626371358, 63.89053137985315, 71.11258679024411, 57.30619512757761, 98.03060746521976, 60.802960454241045, 74.41102068914255, 0.0, 47.885279575251516, 85.70880934886448], [35.34119409414458, 19.313207915827967, 39.6232255123179, 51.62363799656123, 51.62363799656123, 14.7648230602334, 33.734255586866, 47.885279575251516, 0.0, 54.817880294662984], [21.95449840010015, 63.245553203367585, 15.652475842498529, 38.91015291668744, 42.7551166528639, 59.20304046246274, 76.05918747922567, 85.70880934886448, 54.817880294662984, 0.0]], "task_locations": [[22, 37], [47, 70], [25, 25], [46, 1], [3, 60], [47, 65], [47, 85], [96, 29], [54, 52], [11, 18]], "precedence_constraints": [[5, 2], [4, 2], [5, 8]]}