{"Q": [[0, 1, 0], [0, 1, 0], [1, 1, 1]], "R": [[0.0, 0.0, 0.0], [0.0, 1.0, 1.0], [0.0, 1.0, 0.0], [1.0, 1.0, 1.0], [1.0, 0.0, 1.0], [1.0, 0.0, 1.0], [1.0, 0.0, 0.0], [1.0, 0.0, 0.0], [0.0, 0.0, 1.0], [0.0, 0.0, 0.0]], "T_e": [0, 66, 67, 53, 76, 90, 99, 68, 54, 0], "T_t": [[0.0, 23.53720459187964, 85.14693182963201, 59.033888572581766, 32.55764119219941, 69.35416353759881, 109.65856099730654, 15.231546211727817, 23.021728866442675, 52.20153254455275], [23.53720459187964, 0.0, 70.76722405181653, 47.885279575251516, 27.018512172212592, 47.20169488482379, 93.23625904121208, 14.212670403551895, 6.0, 33.60059523282288], [85.14693182963201, 70.76722405181653, 0.0, 26.92582403567252, 53.23532661682466, 80.62257748298549, 25.709920264364882, 70.21395872616783, 66.48308055437865, 38.27531841800928], [59.033888572581766, 47.885279575251516, 26.92582403567252, 0.0, 26.627053911388696, 71.58910531638176, 52.49761899362675, 44.553338819890925, 42.720018726587654, 22.360679774997898], [32.55764119219941, 27.018512172212592, 53.23532661682466, 26.627053911388696, 0.0, 66.2872536767062, 78.39005038906404, 18.867962264113206, 21.02379604162864, 26.92582403567252], [69.35416353759881, 47.20169488482379, 80.62257748298549, 71.58910531638176, 66.2872536767062, 0.0, 92.84934033152847, 61.07372593840988, 50.99019513592785, 49.24428900898052], [109.65856099730654, 93.23625904121208, 25.709920264364882, 52.49761899362675, 78.39005038906404, 92.84934033152847, 0.0, 94.51454914456292, 89.62700485902673, 59.665735560705194], [15.231546211727817, 14.212670403551895, 70.21395872616783, 44.553338819890925, 18.867962264113206, 61.07372593840988, 94.51454914456292, 0.0, 10.295630140987, 37.107950630558946], [23.021728866442675, 6.0, 66.48308055437865, 42.720018726587654, 21.02379604162864, 50.99019513592785, 89.62700485902673, 10.295630140987, 0.0, 30.4138126514911], [52.20153254455275, 33.60059523282288, 38.27531841800928, 22.360679774997898, 26.92582403567252, 49.24428900898052, 59.665735560705194, 37.107950630558946, 30.4138126514911, 0.0]], "task_locations": [[64, 2], [69, 25], [17, 73], [27, 48], [42, 26], [97, 63], [11, 98], [58, 16], [63, 25], [49, 52]], "precedence_constraints": [[1, 6]]}