{"Q": [[1, 1, 1], [1, 1, 0], [1, 0, 0]], "R": [[0.0, 0.0, 0.0], [1.0, 1.0, 0.0], [0.0, 1.0, 1.0], [1.0, 0.0, 1.0], [0.0, 1.0, 0.0], [1.0, 1.0, 0.0], [0.0, 1.0, 1.0], [1.0, 1.0, 1.0], [0.0, 0.0, 1.0], [0.0, 0.0, 0.0]], "T_e": [0, 57, 50, 58, 75, 94, 59, 94, 89, 0], "T_t": [[0.0, 34.0147027033899, 29.017236257093817, 35.805027579936315, 96.60227740586657, 75.71657678474378, 91.43850392476902, 31.78049716414141, 8.54400374531753, 67.08203932499369], [34.0147027033899, 0.0, 44.82186966202994, 20.615528128088304, 85.58621384311844, 62.51399843235114, 72.80109889280519, 8.54400374531753, 32.28002478313795, 68.62215385719105], [29.017236257093817, 44.82186966202994, 0.0, 31.04834939252005, 72.62231062146122, 54.817880294662984, 72.94518489934754, 48.16637831516918, 37.21558813185679, 39.21734310225516], [35.805027579936315, 20.615528128088304, 31.04834939252005, 0.0, 66.70832032063167, 43.965895873961216, 57.14017850864661, 28.071337695236398, 38.948684188300895, 48.104053883222775], [96.60227740586657, 85.58621384311844, 72.62231062146122, 66.70832032063167, 0.0, 23.08679276123039, 23.345235059857504, 93.90420650854784, 102.55242561733974, 37.73592452822641], [75.71657678474378, 62.51399843235114, 54.817880294662984, 43.965895873961216, 23.08679276123039, 0.0, 18.973665961010276, 70.8590149522275, 81.00617260431454, 30.14962686336267], [91.43850392476902, 72.80109889280519, 72.94518489934754, 57.14017850864661, 23.345235059857504, 18.973665961010276, 0.0, 81.34494452638098, 95.80187889597991, 48.093658625644196], [31.78049716414141, 8.54400374531753, 48.16637831516918, 28.071337695236398, 93.90420650854784, 70.8590149522275, 81.34494452638098, 0.0, 28.0178514522438, 75.43208866258443], [8.54400374531753, 32.28002478313795, 37.21558813185679, 38.948684188300895, 102.55242561733974, 81.00617260431454, 95.80187889597991, 28.0178514522438, 0.0, 74.54528824815154], [67.08203932499369, 68.62215385719105, 39.21734310225516, 48.104053883222775, 37.73592452822641, 30.14962686336267, 48.093658625644196, 75.43208866258443, 74.54528824815154, 0.0]], "task_locations": [[95, 12], [61, 13], [96, 41], [66, 33], [51, 98], [53, 75], [35, 81], [64, 5], [92, 4], [83, 78]], "precedence_constraints": [[6, 4], [2, 4], [1, 7]]}