{"Q": [[0, 0, 1], [1, 0, 0], [1, 1, 0]], "R": [[0.0, 0.0, 0.0], [0.0, 1.0, 1.0], [0.0, 0.0, 1.0], [1.0, 1.0, 0.0], [1.0, 0.0, 1.0], [1.0, 0.0, 1.0], [0.0, 0.0, 1.0], [1.0, 1.0, 1.0], [0.0, 1.0, 1.0], [0.0, 0.0, 0.0]], "T_e": [0, 51, 75, 89, 55, 62, 59, 82, 51, 0], "T_t": [[0.0, 60.802960454241045, 37.0, 72.40165743959182, 68.65857557508748, 46.14108798023731, 49.4064773081425, 14.422205101855956, 89.69392398596462, 78.26237921249263], [60.802960454241045, 0.0, 37.94733192202055, 91.48223871331527, 71.11258679024411, 72.11102550927978, 78.10249675906654, 46.400431032480725, 49.33558553417604, 36.76955262170047], [37.0, 37.94733192202055, 0.0, 97.45255255764212, 84.81155581640984, 72.11102550927978, 77.17512552629896, 26.248809496813376, 83.05419917138447, 70.02856560004639], [72.40165743959182, 91.48223871331527, 97.45255255764212, 0.0, 24.73863375370596, 26.40075756488817, 23.259406699226016, 73.55270219373317, 76.24303246854758, 74.54528824815154], [68.65857557508748, 71.11258679024411, 84.81155581640984, 24.73863375370596, 0.0, 28.160255680657446, 30.4138126514911, 64.88451279003334, 51.54609587543949, 50.08991914547278], [46.14108798023731, 72.11102550927978, 72.11102550927978, 26.40075756488817, 28.160255680657446, 0.0, 6.0, 47.4236228055175, 71.40028011149536, 65.29931086925804], [49.4064773081425, 78.10249675906654, 77.17512552629896, 23.259406699226016, 30.4138126514911, 6.0, 0.0, 52.009614495783374, 76.27581530209953, 70.68238818828917], [14.422205101855956, 46.400431032480725, 26.248809496813376, 73.55270219373317, 64.88451279003334, 47.4236228055175, 52.009614495783374, 0.0, 78.16009211867653, 66.12866246946176], [89.69392398596462, 49.33558553417604, 83.05419917138447, 76.24303246854758, 51.54609587543949, 71.40028011149536, 76.27581530209953, 78.16009211867653, 0.0, 13.038404810405298], [78.26237921249263, 36.76955262170047, 70.02856560004639, 74.54528824815154, 50.08991914547278, 65.29931086925804, 70.68238818828917, 66.12866246946176, 13.038404810405298, 0.0]], "task_locations": [[47, 13], [96, 49], [84, 13], [8, 74], [32, 80], [24, 53], [18, 53], [59, 21], [81, 96], [82, 83]], "precedence_constraints": [[7, 1], [4, 2]]}