{"Q": [[0, 1, 0], [0, 1, 1], [1, 0, 0]], "R": [[0.0, 0.0, 0.0], [1.0, 0.0, 0.0], [1.0, 0.0, 0.0], [0.0, 1.0, 0.0], [1.0, 0.0, 0.0], [0.0, 0.0, 1.0], [1.0, 1.0, 0.0], [1.0, 1.0, 0.0], [0.0, 1.0, 0.0], [0.0, 0.0, 0.0]], "T_e": [0, 55, 53, 61, 67, 53, 55, 82, 93, 0], "T_t": [[0.0, 31.89043743820395, 32.2490309931942, 29.410882339705484, 14.0, 74.63243262818116, 75.15317691222374, 23.345235059857504, 89.30845424706443, 15.264337522473747], [31.89043743820395, 0.0, 26.248809496813376, 7.615773105863909, 23.259406699226016, 47.042533945356304, 47.67598976424087, 20.09975124224178, 59.033888572581766, 39.21734310225516], [32.2490309931942, 26.248809496813376, 0.0, 31.76476034853718, 18.439088914585774, 47.43416490252569, 72.0, 38.897300677553446, 80.049984384758, 46.57252408878007], [29.410882339705484, 7.615773105863909, 31.76476034853718, 0.0, 24.186773244895647, 54.00925846556311, 46.486557196677836, 13.038404810405298, 59.90826320300064, 34.0], [14.0, 23.259406699226016, 18.439088914585774, 24.186773244895647, 0.0, 61.465437442517235, 70.3420215802759, 25.079872407968907, 82.29216244576394, 28.160255680657446], [74.63243262818116, 47.042533945356304, 47.43416490252569, 54.00925846556311, 61.465437442517235, 0.0, 59.54829972383762, 67.0, 55.154328932550705, 85.32877591996736], [75.15317691222374, 47.67598976424087, 72.0, 46.486557196677836, 70.3420215802759, 59.54829972383762, 0.0, 53.0, 18.973665961010276, 75.0], [23.345235059857504, 20.09975124224178, 38.897300677553446, 13.038404810405298, 25.079872407968907, 67.0, 53.0, 0.0, 68.6804193347711, 22.67156809750927], [89.30845424706443, 59.033888572581766, 80.049984384758, 59.90826320300064, 82.29216244576394, 55.154328932550705, 18.973665961010276, 68.6804193347711, 0.0, 91.2414379544733], [15.264337522473747, 39.21734310225516, 46.57252408878007, 34.0, 28.160255680657446, 85.32877591996736, 75.0, 22.67156809750927, 91.2414379544733, 0.0]], "task_locations": [[76, 71], [55, 47], [80, 39], [52, 54], [76, 57], [53, 0], [8, 39], [53, 67], [2, 21], [68, 84]], "precedence_constraints": [[5, 3], [3, 7], [8, 1]]}