{"Q": [[1, 0, 0], [1, 0, 1], [1, 1, 1]], "R": [[0.0, 0.0, 0.0], [0.0, 1.0, 1.0], [1.0, 0.0, 1.0], [1.0, 1.0, 0.0], [0.0, 1.0, 0.0], [1.0, 1.0, 0.0], [1.0, 0.0, 1.0], [1.0, 1.0, 0.0], [1.0, 0.0, 0.0], [0.0, 0.0, 0.0]], "T_e": [0, 86, 75, 69, 81, 64, 78, 64, 65, 0], "T_t": [[0.0, 49.03060268852505, 18.681541692269406, 71.449282711585, 51.66236541235796, 9.055385138137417, 60.41522986797286, 58.137767414994535, 59.09314681077663, 24.020824298928627], [49.03060268852505, 0.0, 66.18912297349165, 42.01190307520001, 89.56003573022959, 50.695167422546305, 47.01063709417264, 16.492422502470642, 34.52535300326414, 72.56031973468694], [18.681541692269406, 66.18912297349165, 0.0, 81.8413098624405, 36.05551275463989, 23.600847442411894, 67.17886572427373, 73.08214556237385, 77.62087348130012, 7.211102550927978], [71.449282711585, 42.01190307520001, 81.8413098624405, 0.0, 88.64536084872124, 77.62087348130012, 20.024984394500787, 26.1725046566048, 76.16429609731846, 89.05054744357274], [51.66236541235796, 89.56003573022959, 36.05551275463989, 88.64536084872124, 0.0, 58.7962583843564, 69.3757882838098, 90.44888059008801, 109.29318368498559, 36.76955262170047], [9.055385138137417, 50.695167422546305, 23.600847442411894, 77.62087348130012, 58.7962583843564, 0.0, 68.0294054067798, 61.85466837676846, 55.08175741568164, 26.92582403567252], [60.41522986797286, 47.01063709417264, 67.17886572427373, 20.024984394500787, 69.3757882838098, 68.0294054067798, 0.0, 35.4682957019364, 80.95677859203639, 74.24957912338628], [58.137767414994535, 16.492422502470642, 73.08214556237385, 26.1725046566048, 90.44888059008801, 61.85466837676846, 35.4682957019364, 0.0, 50.039984012787215, 80.00624975587844], [59.09314681077663, 34.52535300326414, 77.62087348130012, 76.16429609731846, 109.29318368498559, 55.08175741568164, 80.95677859203639, 50.039984012787215, 0.0, 81.9084855189009], [24.020824298928627, 72.56031973468694, 7.211102550927978, 89.05054744357274, 36.76955262170047, 26.92582403567252, 74.24957912338628, 80.00624975587844, 81.9084855189009, 0.0]], "task_locations": [[54, 63], [6, 53], [72, 58], [5, 11], [92, 28], [53, 72], [25, 10], [2, 37], [0, 87], [78, 62]], "precedence_constraints": [[7, 8], [7, 1], [5, 8], [5, 6], [3, 6]]}