{"Q": [[1, 1, 0], [0, 1, 0], [1, 1, 1]], "R": [[0.0, 0.0, 0.0], [1.0, 0.0, 0.0], [1.0, 1.0, 1.0], [0.0, 0.0, 1.0], [1.0, 1.0, 1.0], [1.0, 0.0, 1.0], [1.0, 1.0, 1.0], [1.0, 1.0, 0.0], [1.0, 1.0, 0.0], [0.0, 0.0, 0.0]], "T_e": [0, 58, 62, 57, 75, 82, 69, 72, 91, 0], "T_t": [[0.0, 98.35141076771599, 65.80273550544841, 110.30865786510141, 40.11234224026316, 42.95346318982906, 44.553338819890925, 88.36288813749809, 96.40020746865642, 59.00847396772772], [98.35141076771599, 0.0, 48.83646178829912, 12.529964086141668, 76.96752561957543, 60.8276253029822, 68.9492567037528, 61.1310068623117, 10.295630140987, 73.43704787094863], [65.80273550544841, 48.83646178829912, 0.0, 60.876925020897694, 31.827660925679098, 49.24428900898052, 61.326992425847855, 27.313000567495326, 41.43669871020132, 75.47184905645283], [110.30865786510141, 12.529964086141668, 60.876925020897694, 0.0, 89.47066558375433, 71.56116265125938, 78.7210264160726, 70.71067811865476, 20.024984394500787, 81.25269226308751], [40.11234224026316, 76.96752561957543, 31.827660925679098, 89.47066558375433, 0.0, 47.41307836451879, 57.42821606144492, 49.24428900898052, 71.34423592694787, 74.33034373659252], [42.95346318982906, 60.8276253029822, 49.24428900898052, 71.56116265125938, 47.41307836451879, 0.0, 12.083045973594572, 76.55716818169282, 61.98386886924694, 27.586228448267445], [44.553338819890925, 68.9492567037528, 61.326992425847855, 78.7210264160726, 57.42821606144492, 12.083045973594572, 0.0, 88.63972021616495, 71.386273190299, 17.0], [88.36288813749809, 61.1310068623117, 27.313000567495326, 70.71067811865476, 49.24428900898052, 76.55716818169282, 88.63972021616495, 0.0, 51.19570294468082, 102.57680049601859], [96.40020746865642, 10.295630140987, 41.43669871020132, 20.024984394500787, 71.34423592694787, 61.98386886924694, 71.386273190299, 51.19570294468082, 0.0, 78.00640999302557], [59.00847396772772, 73.43704787094863, 75.47184905645283, 81.25269226308751, 74.33034373659252, 27.586228448267445, 17.0, 102.57680049601859, 78.00640999302557, 0.0]], "task_locations": [[4, 3], [71, 75], [23, 66], [82, 81], [1, 43], [43, 21], [48, 10], [12, 91], [62, 80], [63, 2]], "precedence_constraints": [[5, 1], [6, 5], [6, 1]]}