{"Q": [[0, 1, 0], [1, 1, 1], [0, 1, 1]], "R": [[0.0, 0.0, 0.0], [1.0, 1.0, 0.0], [0.0, 0.0, 1.0], [0.0, 0.0, 1.0], [1.0, 0.0, 1.0], [0.0, 0.0, 1.0], [0.0, 1.0, 0.0], [0.0, 0.0, 1.0], [0.0, 1.0, 1.0], [0.0, 0.0, 0.0]], "T_e": [0, 80, 84, 73, 82, 55, 60, 53, 84, 0], "T_t": [[0.0, 43.174066289845804, 63.90618123468183, 79.75587752636166, 52.15361924162119, 56.753854494650845, 46.06517122512408, 12.083045973594572, 26.832815729997478, 44.384682042344295], [43.174066289845804, 0.0, 21.633307652783937, 56.824290580701486, 38.05259518088089, 27.294688127912362, 37.44329045369811, 42.5440947723653, 28.42534080710379, 7.0710678118654755], [63.90618123468183, 21.633307652783937, 0.0, 62.64982043070834, 52.49761899362675, 36.345563690772494, 43.382023926967726, 64.1404708432983, 49.51767361255979, 19.6468827043885], [79.75587752636166, 56.824290580701486, 62.64982043070834, 0.0, 27.730849247724095, 29.5296461204668, 94.15412895885129, 70.26378868236469, 53.0, 63.50590523722971], [52.15361924162119, 38.05259518088089, 52.49761899362675, 27.730849247724095, 0.0, 17.804493814764857, 72.73238618387272, 42.5440947723653, 25.612496949731394, 45.09988913511872], [56.753854494650845, 27.294688127912362, 36.345563690772494, 29.5296461204668, 17.804493814764857, 0.0, 64.66065264130884, 50.08991914547278, 31.064449134018133, 34.0147027033899], [46.06517122512408, 37.44329045369811, 43.382023926967726, 94.15412895885129, 72.73238618387272, 64.66065264130884, 0.0, 54.405882034941776, 53.08483775994799, 31.240998703626616], [12.083045973594572, 42.5440947723653, 64.1404708432983, 70.26378868236469, 42.5440947723653, 50.08991914547278, 54.405882034941776, 0.0, 19.026297590440446, 45.60701700396552], [26.832815729997478, 28.42534080710379, 49.51767361255979, 53.0, 25.612496949731394, 31.064449134018133, 53.08483775994799, 19.026297590440446, 0.0, 33.61547262794322], [44.384682042344295, 7.0710678118654755, 19.6468827043885, 63.50590523722971, 45.09988913511872, 34.0147027033899, 31.240998703626616, 45.60701700396552, 33.61547262794322, 0.0]], "task_locations": [[55, 27], [45, 69], [33, 87], [95, 96], [83, 71], [69, 82], [14, 48], [66, 32], [67, 51], [38, 68]], "precedence_constraints": [[7, 1], [3, 4], [5, 6]]}