{"Q": [[0, 1, 1], [1, 0, 1], [0, 1, 1]], "R": [[0.0, 0.0, 0.0], [1.0, 1.0, 0.0], [1.0, 1.0, 1.0], [0.0, 1.0, 0.0], [1.0, 1.0, 1.0], [0.0, 1.0, 1.0], [1.0, 1.0, 1.0], [1.0, 0.0, 0.0], [0.0, 1.0, 0.0], [0.0, 0.0, 0.0]], "T_e": [0, 65, 59, 68, 80, 55, 71, 78, 69, 0], "T_t": [[0.0, 31.38470965295043, 93.2148056909416, 21.095023109728988, 44.598206241955516, 83.6719785830358, 59.07622195096772, 58.0, 12.649110640673518, 46.66904755831214], [31.38470965295043, 0.0, 68.54195795277518, 34.9857113690718, 42.190046219457976, 52.32590180780452, 29.0, 55.10898293381942, 25.0, 21.37755832643195], [93.2148056909416, 68.54195795277518, 0.0, 81.05553651663777, 60.876925020897694, 52.49761899362675, 64.4437739428721, 58.59180830116101, 92.04890004774636, 76.05918747922567], [21.095023109728988, 34.9857113690718, 81.05553651663777, 0.0, 25.059928172283335, 83.86894538504703, 63.60031446463138, 37.64306044943742, 30.805843601498726, 55.54277630799526], [44.598206241955516, 42.190046219457976, 60.876925020897694, 25.059928172283335, 0.0, 77.93587107359485, 65.0, 13.892443989449804, 51.03920062069938, 63.0], [83.6719785830358, 52.32590180780452, 52.49761899362675, 83.86894538504703, 77.93587107359485, 0.0, 27.073972741361768, 85.0, 75.58438992278762, 43.04648650006177], [59.07622195096772, 29.0, 64.4437739428721, 63.60031446463138, 65.0, 27.073972741361768, 0.0, 75.53806987208503, 49.658836071740545, 16.0], [58.0, 55.10898293381942, 58.59180830116101, 37.64306044943742, 13.892443989449804, 85.0, 75.53806987208503, 0.0, 64.89992295835181, 75.32595834106593], [12.649110640673518, 25.0, 92.04890004774636, 30.805843601498726, 51.03920062069938, 75.58438992278762, 49.658836071740545, 64.89992295835181, 0.0, 35.805027579936315], [46.66904755831214, 21.37755832643195, 76.05918747922567, 55.54277630799526, 63.0, 43.04648650006177, 16.0, 75.32595834106593, 35.805027579936315, 0.0]], "task_locations": [[37, 95], [25, 66], [52, 3], [55, 84], [67, 62], [2, 19], [4, 46], [79, 55], [25, 91], [4, 62]], "precedence_constraints": [[4, 2], [4, 3], [8, 1], [2, 6]]}