{"Q": [[0, 1, 0], [1, 0, 1], [0, 0, 1]], "R": [[0.0, 0.0, 0.0], [1.0, 1.0, 1.0], [0.0, 1.0, 1.0], [0.0, 0.0, 1.0], [1.0, 0.0, 1.0], [0.0, 1.0, 0.0], [1.0, 1.0, 0.0], [1.0, 0.0, 0.0], [1.0, 1.0, 1.0], [0.0, 0.0, 0.0]], "T_e": [0, 57, 66, 87, 98, 91, 57, 89, 80, 0], "T_t": [[0.0, 29.68164415931166, 48.33218389437829, 26.019223662515376, 95.85405573057407, 97.73944955850733, 69.52697318307479, 91.00549433962765, 81.30190649671138, 59.665735560705194], [29.68164415931166, 0.0, 40.70626487409524, 48.373546489791295, 82.97590011563598, 72.11102550927978, 67.11929677819934, 72.94518489934754, 73.60027173862879, 63.34824385884742], [48.33218389437829, 40.70626487409524, 0.0, 43.41658669218482, 47.53945729601885, 61.91122676865643, 26.570660511172846, 45.0111097397076, 33.97057550292606, 26.68332812825267], [26.019223662515376, 48.373546489791295, 43.41658669218482, 0.0, 87.82368700982668, 103.24727599312246, 55.362442142665635, 88.2779700718135, 70.09279563550022, 42.05948168962618], [95.85405573057407, 82.97590011563598, 47.53945729601885, 87.82368700982668, 0.0, 50.80354318352215, 35.6931365951495, 19.026297590440446, 19.6468827043885, 50.635955604688654], [97.73944955850733, 72.11102550927978, 61.91122676865643, 103.24727599312246, 50.80354318352215, 0.0, 72.00694410957877, 32.01562118716424, 61.71709649683789, 82.73451516749222], [69.52697318307479, 67.11929677819934, 26.570660511172846, 55.362442142665635, 35.6931365951495, 72.00694410957877, 0.0, 44.40720662234904, 16.1245154965971, 15.033296378372908], [91.00549433962765, 72.94518489934754, 45.0111097397076, 88.2779700718135, 19.026297590440446, 32.01562118716424, 44.40720662234904, 0.0, 31.240998703626616, 57.706152185014034], [81.30190649671138, 73.60027173862879, 33.97057550292606, 70.09279563550022, 19.6468827043885, 61.71709649683789, 16.1245154965971, 31.240998703626616, 0.0, 31.144823004794873], [59.665735560705194, 63.34824385884742, 26.68332812825267, 42.05948168962618, 50.635955604688654, 82.73451516749222, 15.033296378372908, 57.706152185014034, 31.144823004794873, 0.0]], "task_locations": [[1, 64], [26, 80], [45, 44], [2, 38], [89, 26], [98, 76], [54, 19], [90, 45], [70, 21], [39, 18]], "precedence_constraints": [[5, 3], [8, 4], [5, 1], [2, 6]]}