{"Q": [[0, 1, 0], [1, 1, 1], [1, 1, 0]], "R": [[0.0, 0.0, 0.0], [0.0, 0.0, 1.0], [1.0, 0.0, 1.0], [1.0, 1.0, 0.0], [0.0, 1.0, 0.0], [0.0, 1.0, 1.0], [1.0, 1.0, 1.0], [0.0, 1.0, 1.0], [1.0, 0.0, 1.0], [0.0, 0.0, 0.0]], "T_e": [0, 94, 57, 54, 97, 67, 78, 96, 58, 0], "T_t": [[0.0, 10.770329614269007, 58.872744118140105, 70.178344238091, 32.69556544854363, 46.51881339845203, 89.19641248391103, 64.07807737440318, 25.553864678361276, 70.71067811865476], [10.770329614269007, 0.0, 60.01666435249463, 79.90619500389191, 41.0, 54.405882034941776, 98.99494936611666, 72.069410986909, 33.24154027718932, 70.22819946431775], [58.872744118140105, 60.01666435249463, 0.0, 67.02984409947557, 85.0, 97.94896630388705, 81.74350127074322, 46.17358552246078, 80.45495634204272, 14.7648230602334], [70.178344238091, 79.90619500389191, 67.02984409947557, 0.0, 67.91170738539859, 73.10950690573696, 19.1049731745428, 21.840329667841555, 70.22819946431775, 80.50465825031493], [32.69556544854363, 41.0, 85.0, 67.91170738539859, 0.0, 13.892443989449804, 84.50443775329198, 72.17340230306452, 8.0, 98.59513172565875], [46.51881339845203, 54.405882034941776, 97.94896630388705, 73.10950690573696, 13.892443989449804, 0.0, 87.86353054595519, 80.8084154033477, 21.18962010041709, 111.80339887498948], [89.19641248391103, 98.99494936611666, 81.74350127074322, 19.1049731745428, 84.50443775329198, 87.86353054595519, 0.0, 35.6931365951495, 87.66413177577246, 94.08506789071261], [64.07807737440318, 72.069410986909, 46.17358552246078, 21.840329667841555, 72.17340230306452, 80.8084154033477, 35.6931365951495, 0.0, 72.06247289678588, 59.07622195096772], [25.553864678361276, 33.24154027718932, 80.45495634204272, 70.22819946431775, 8.0, 21.18962010041709, 87.66413177577246, 72.06247289678588, 0.0, 93.60021367496978], [70.71067811865476, 70.22819946431775, 14.7648230602334, 80.50465825031493, 98.59513172565875, 111.80339887498948, 94.08506789071261, 59.07622195096772, 93.60021367496978, 0.0]], "task_locations": [[74, 62], [78, 72], [19, 83], [21, 16], [87, 32], [94, 20], [8, 2], [15, 37], [87, 40], [12, 96]], "precedence_constraints": [[8, 5], [8, 6], [5, 4]]}