{"Q": [[1, 0, 0], [1, 0, 1], [0, 1, 1]], "R": [[0.0, 0.0, 0.0], [0.0, 1.0, 0.0], [1.0, 1.0, 1.0], [0.0, 0.0, 1.0], [0.0, 1.0, 0.0], [0.0, 0.0, 1.0], [1.0, 0.0, 0.0], [0.0, 0.0, 1.0], [1.0, 0.0, 0.0], [0.0, 0.0, 0.0]], "T_e": [0, 83, 64, 58, 69, 55, 85, 98, 51, 0], "T_t": [[0.0, 50.11985634456667, 49.57822102496216, 41.6293165929973, 12.529964086141668, 19.4164878389476, 52.69724850502159, 85.70297544426332, 12.529964086141668, 43.93176527297759], [50.11985634456667, 0.0, 17.029386365926403, 67.62396025078685, 51.66236541235796, 37.53664875824692, 69.63476143421474, 40.607881008493905, 44.598206241955516, 12.083045973594572], [49.57822102496216, 17.029386365926403, 0.0, 76.68767828015137, 46.87216658103186, 43.32435804486894, 81.09870529176159, 54.78138369920935, 48.30113870293329, 8.0], [41.6293165929973, 67.62396025078685, 76.68767828015137, 0.0, 54.12947441089743, 34.058772731852805, 13.416407864998739, 86.68333173107735, 32.55764119219941, 68.8839603971781], [12.529964086141668, 51.66236541235796, 46.87216658103186, 54.12947441089743, 0.0, 29.154759474226502, 65.19202405202648, 90.19977827023745, 24.041630560342615, 42.95346318982906], [19.4164878389476, 37.53664875824692, 43.32435804486894, 34.058772731852805, 29.154759474226502, 0.0, 41.23105625617661, 68.30812543175226, 8.246211251235321, 35.84689665786984], [52.69724850502159, 69.63476143421474, 81.09870529176159, 13.416407864998739, 65.19202405202648, 41.23105625617661, 0.0, 82.13403679352427, 42.04759208325728, 73.10950690573696], [85.70297544426332, 40.607881008493905, 54.78138369920935, 86.68333173107735, 90.19977827023745, 68.30812543175226, 82.13403679352427, 0.0, 76.53757247260981, 52.392747589718944], [12.529964086141668, 44.598206241955516, 48.30113870293329, 32.55764119219941, 24.041630560342615, 8.246211251235321, 42.04759208325728, 76.53757247260981, 0.0, 41.340053217188775], [43.93176527297759, 12.083045973594572, 8.0, 68.8839603971781, 42.95346318982906, 35.84689665786984, 73.10950690573696, 52.392747589718944, 41.340053217188775, 0.0]], "task_locations": [[58, 15], [82, 59], [95, 48], [20, 32], [69, 9], [54, 34], [14, 44], [75, 99], [52, 26], [87, 48]], "precedence_constraints": [[3, 7], [5, 4], [8, 7], [8, 1], [3, 8], [7, 1]]}