{"Q": [[1, 1, 0], [0, 0, 1], [1, 1, 0]], "R": [[0.0, 0.0, 0.0], [0.0, 0.0, 1.0], [0.0, 0.0, 1.0], [1.0, 0.0, 1.0], [1.0, 0.0, 0.0], [1.0, 0.0, 0.0], [0.0, 0.0, 1.0], [0.0, 1.0, 0.0], [0.0, 1.0, 1.0], [0.0, 0.0, 0.0]], "T_e": [0, 55, 78, 93, 66, 76, 69, 81, 86, 0], "T_t": [[0.0, 62.24146527838174, 53.75872022286245, 56.142675390472796, 98.08159868191383, 52.80151512977634, 56.302753041036986, 18.027756377319946, 38.948684188300895, 78.26237921249263], [62.24146527838174, 0.0, 55.569775957799216, 68.42514157822401, 41.593268686170845, 41.88078318274385, 47.20169488482379, 51.62363799656123, 62.26556030423239, 16.401219466856727], [53.75872022286245, 55.569775957799216, 0.0, 13.341664064126334, 67.60177512462228, 13.92838827718412, 10.0, 36.124783736376884, 83.74365647617735, 63.60031446463138], [56.142675390472796, 68.42514157822401, 13.341664064126334, 0.0, 80.22468448052632, 27.202941017470888, 23.194827009486403, 40.26164427839479, 90.13878188659973, 76.92203845452875], [98.08159868191383, 41.593268686170845, 67.60177512462228, 80.22468448052632, 0.0, 55.78530272392541, 57.706152185014034, 83.21658488546619, 103.83159442096611, 27.65863337187866], [52.80151512977634, 41.88078318274385, 13.92838827718412, 27.202941017470888, 55.78530272392541, 0.0, 5.830951894845301, 34.88552708502482, 77.10382610480494, 49.72926703662542], [56.302753041036986, 47.20169488482379, 10.0, 23.194827009486403, 57.706152185014034, 5.830951894845301, 0.0, 38.27531841800928, 82.29823813423954, 54.08326913195984], [18.027756377319946, 51.62363799656123, 36.124783736376884, 40.26164427839479, 83.21658488546619, 34.88552708502482, 38.27531841800928, 0.0, 50.15974481593781, 66.48308055437865], [38.948684188300895, 62.26556030423239, 83.74365647617735, 90.13878188659973, 103.83159442096611, 77.10382610480494, 82.29823813423954, 50.15974481593781, 0.0, 77.6659513557904], [78.26237921249263, 16.401219466856727, 63.60031446463138, 76.92203845452875, 27.65863337187866, 49.72926703662542, 54.08326913195984, 66.48308055437865, 77.6659513557904, 0.0]], "task_locations": [[5, 64], [62, 39], [14, 11], [1, 8], [81, 2], [27, 16], [24, 11], [11, 47], [31, 93], [75, 29]], "precedence_constraints": [[3, 8], [5, 8], [6, 2], [1, 3], [1, 2]]}