{"Q": [[1, 0, 1], [0, 1, 1], [0, 1, 0]], "R": [[0.0, 0.0, 0.0], [1.0, 0.0, 0.0], [0.0, 1.0, 1.0], [0.0, 1.0, 0.0], [1.0, 0.0, 0.0], [1.0, 0.0, 1.0], [0.0, 0.0, 1.0], [0.0, 0.0, 1.0], [1.0, 1.0, 1.0], [0.0, 0.0, 0.0]], "T_e": [0, 53, 93, 73, 55, 76, 55, 57, 83, 0], "T_t": [[0.0, 114.47707194019246, 98.03060746521976, 93.96275858019496, 112.44554237496477, 106.10372283760829, 4.123105625617661, 52.20153254455275, 79.30952023559341, 78.77182237323191], [114.47707194019246, 0.0, 41.19465984809196, 64.5600495662759, 24.839484696748443, 12.041594578792296, 112.8007092176286, 74.63243262818116, 65.76473218982953, 61.98386886924694], [98.03060746521976, 41.19465984809196, 0.0, 88.52683209061533, 61.465437442517235, 44.94441010848846, 97.8008179924892, 77.12976079309465, 27.784887978899608, 25.0], [93.96275858019496, 64.5600495662759, 88.52683209061533, 0.0, 43.04648650006177, 52.81098370604357, 90.44335243676011, 41.97618372363071, 97.94386147176351, 94.03190947758107], [112.44554237496477, 24.839484696748443, 61.465437442517235, 43.04648650006177, 0.0, 16.55294535724685, 109.98636279102969, 65.0, 81.49846624323675, 77.41446893184762], [106.10372283760829, 12.041594578792296, 44.94441010848846, 52.81098370604357, 16.55294535724685, 0.0, 104.1393297462587, 63.694583757176716, 66.03029607687671, 62.00806399170998], [4.123105625617661, 112.8007092176286, 97.8008179924892, 90.44335243676011, 109.98636279102969, 104.1393297462587, 0.0, 48.84669896727925, 80.05623023850174, 79.30952023559341], [52.20153254455275, 74.63243262818116, 77.12976079309465, 41.97618372363071, 65.0, 63.694583757176716, 48.84669896727925, 0.0, 74.06078584514209, 71.02112361825881], [79.30952023559341, 65.76473218982953, 27.784887978899608, 97.94386147176351, 81.49846624323675, 66.03029607687671, 80.05623023850174, 74.06078584514209, 0.0, 4.123105625617661], [78.77182237323191, 61.98386886924694, 25.0, 94.03190947758107, 77.41446893184762, 62.00806399170998, 79.30952023559341, 71.02112361825881, 4.123105625617661, 0.0]], "task_locations": [[7, 5], [79, 94], [38, 98], [97, 32], [95, 75], [80, 82], [11, 4], [56, 23], [14, 84], [18, 83]], "precedence_constraints": [[3, 8]]}