{"Q": [[1, 0, 0], [0, 0, 1], [0, 1, 0]], "R": [[0.0, 0.0, 0.0], [1.0, 0.0, 0.0], [1.0, 1.0, 0.0], [0.0, 1.0, 0.0], [0.0, 1.0, 0.0], [0.0, 1.0, 0.0], [1.0, 0.0, 0.0], [1.0, 1.0, 1.0], [0.0, 1.0, 0.0], [0.0, 0.0, 0.0]], "T_e": [0, 80, 68, 73, 56, 67, 62, 63, 99, 0], "T_t": [[0.0, 68.96375859826666, 27.294688127912362, 64.28063471995279, 24.839484696748443, 26.419689627245813, 55.65968020030299, 58.52349955359813, 50.44799302251776, 48.75448697299562], [68.96375859826666, 0.0, 48.05205510693585, 72.49827584156743, 92.65527507918802, 59.81638571495272, 18.384776310850235, 31.76476034853718, 73.54590403278758, 40.26164427839479], [27.294688127912362, 48.05205510693585, 0.0, 44.28317965096906, 51.86520991955976, 38.3275357934736, 40.607881008493905, 31.400636936215164, 35.35533905932738, 21.540659228538015], [64.28063471995279, 72.49827584156743, 44.28317965096906, 0.0, 83.60023923410746, 82.28000972289685, 75.43208866258443, 40.85339643163099, 16.15549442140351, 33.60059523282288], [24.839484696748443, 92.65527507918802, 51.86520991955976, 83.60023923410746, 0.0, 39.45883931389772, 77.82673062643708, 83.23460818673925, 68.11754546370561, 73.06161783043132], [26.419689627245813, 59.81638571495272, 38.3275357934736, 82.28000972289685, 39.45883931389772, 0.0, 42.42640687119285, 62.64982043070834, 71.19691004531025, 57.0350769263968], [55.65968020030299, 18.384776310850235, 40.607881008493905, 75.43208866258443, 77.82673062643708, 42.42640687119285, 0.0, 38.27531841800928, 72.44998274671983, 41.86884283091664], [58.52349955359813, 31.76476034853718, 31.400636936215164, 40.85339643163099, 83.23460818673925, 62.64982043070834, 38.27531841800928, 0.0, 44.0, 12.083045973594572], [50.44799302251776, 73.54590403278758, 35.35533905932738, 16.15549442140351, 68.11754546370561, 71.19691004531025, 72.44998274671983, 44.0, 0.0, 33.37663853655727], [48.75448697299562, 40.26164427839479, 21.540659228538015, 33.60059523282288, 73.06161783043132, 57.0350769263968, 41.86884283091664, 12.083045973594572, 33.37663853655727, 0.0]], "task_locations": [[31, 36], [65, 96], [55, 49], [95, 30], [12, 20], [18, 59], [48, 89], [80, 68], [80, 24], [75, 57]], "precedence_constraints": [[5, 3], [2, 6], [5, 1], [5, 8], [5, 7], [4, 6]]}