{"Q": [[1, 0, 0], [1, 1, 0], [0, 0, 1]], "R": [[0.0, 0.0, 0.0], [0.0, 1.0, 1.0], [1.0, 1.0, 0.0], [0.0, 1.0, 1.0], [1.0, 1.0, 0.0], [1.0, 1.0, 0.0], [1.0, 0.0, 1.0], [0.0, 0.0, 1.0], [0.0, 0.0, 1.0], [0.0, 0.0, 0.0]], "T_e": [0, 99, 75, 62, 53, 73, 84, 70, 51, 0], "T_t": [[0.0, 24.758836806279895, 32.89376840679705, 58.728187440104094, 38.897300677553446, 52.03844732503075, 27.0, 69.31810730249349, 21.470910553583888, 53.9351462406472], [24.758836806279895, 0.0, 30.870698080866262, 83.48652585896721, 45.89117562233506, 71.84010022264724, 48.104053883222775, 80.06247560499239, 36.87817782917155, 71.34423592694787], [32.89376840679705, 30.870698080866262, 0.0, 79.47955712005447, 17.46424919657298, 52.630789467763066, 59.033888572581766, 51.0, 22.47220505424423, 86.58521813797087], [58.728187440104094, 83.48652585896721, 79.47955712005447, 0.0, 71.02112361825881, 42.720018726587654, 43.08131845707603, 77.20103626247513, 57.0087712549569, 50.99019513592785], [38.897300677553446, 45.89117562233506, 17.46424919657298, 71.02112361825881, 0.0, 37.64306044943742, 60.8276253029822, 34.23448553724738, 19.235384061671343, 88.56635930193812], [52.03844732503075, 71.84010022264724, 52.630789467763066, 42.720018726587654, 37.64306044943742, 0.0, 57.697486947006624, 34.48187929913333, 35.11409973215888, 80.2807573457052], [27.0, 48.104053883222775, 59.033888572581766, 43.08131845707603, 60.8276253029822, 57.697486947006624, 0.0, 84.8999411071645, 41.593268686170845, 27.85677655436824], [69.31810730249349, 80.06247560499239, 51.0, 77.20103626247513, 34.23448553724738, 34.48187929913333, 84.8999411071645, 0.0, 47.853944456021594, 110.63453348751464], [21.470910553583888, 36.87817782917155, 22.47220505424423, 57.0087712549569, 19.235384061671343, 35.11409973215888, 41.593268686170845, 47.853944456021594, 0.0, 69.35416353759881], [53.9351462406472, 71.34423592694787, 86.58521813797087, 50.99019513592785, 88.56635930193812, 80.2807573457052, 27.85677655436824, 110.63453348751464, 69.35416353759881, 0.0]], "task_locations": [[72, 35], [89, 17], [61, 4], [32, 78], [44, 8], [20, 37], [72, 62], [10, 4], [53, 25], [82, 88]], "precedence_constraints": [[2, 5]]}