{"Q": [[0, 1, 0], [0, 0, 1], [1, 1, 0]], "R": [[0.0, 0.0, 0.0], [0.0, 0.0, 1.0], [0.0, 1.0, 0.0], [1.0, 1.0, 1.0], [1.0, 0.0, 1.0], [1.0, 1.0, 0.0], [1.0, 0.0, 0.0], [0.0, 0.0, 1.0], [0.0, 1.0, 0.0], [0.0, 0.0, 0.0]], "T_e": [0, 91, 70, 84, 72, 68, 84, 53, 63, 0], "T_t": [[0.0, 61.00819617067857, 2.23606797749979, 97.94386147176351, 79.63039620647382, 26.0, 67.08203932499369, 46.010868281309364, 15.811388300841896, 4.47213595499958], [61.00819617067857, 0.0, 60.07495318350236, 51.62363799656123, 20.12461179749811, 38.600518131237564, 68.42514157822401, 77.80102827083971, 48.662100242385755, 57.07889277132134], [2.23606797749979, 60.07495318350236, 0.0, 96.17692030835673, 78.91767862779544, 24.351591323771842, 64.8459713474939, 44.04543109109048, 16.278820596099706, 3.0], [97.94386147176351, 51.62363799656123, 96.17692030835673, 0.0, 53.75872022286245, 72.00694410957877, 60.440052945046304, 89.05054744357274, 91.2633551870629, 93.47192091746055], [79.63039620647382, 20.12461179749811, 78.91767862779544, 53.75872022286245, 0.0, 58.52349955359813, 85.44588931013593, 97.65244492586962, 66.007575322837, 75.95393340703298], [26.0, 38.600518131237564, 24.351591323771842, 72.00694410957877, 58.52349955359813, 0.0, 50.35871324805669, 43.829214001622255, 21.95449840010015, 21.540659228538015], [67.08203932499369, 68.42514157822401, 64.8459713474939, 60.440052945046304, 85.44588931013593, 50.35871324805669, 0.0, 34.0147027033899, 71.06335201775947, 63.56099432828282], [46.010868281309364, 77.80102827083971, 44.04543109109048, 89.05054744357274, 97.65244492586962, 43.829214001622255, 34.0147027033899, 0.0, 56.753854494650845, 44.28317965096906], [15.811388300841896, 48.662100242385755, 16.278820596099706, 91.2633551870629, 66.007575322837, 21.95449840010015, 71.06335201775947, 56.753854494650845, 0.0, 14.212670403551895], [4.47213595499958, 57.07889277132134, 3.0, 93.47192091746055, 75.95393340703298, 21.540659228538015, 63.56099432828282, 44.28317965096906, 14.212670403551895, 0.0]], "task_locations": [[7, 35], [68, 34], [8, 37], [95, 78], [86, 25], [31, 45], [37, 95], [6, 81], [20, 26], [11, 37]], "precedence_constraints": [[7, 4], [8, 5], [4, 5]]}