{"Q": [[0, 1, 1], [0, 0, 1], [1, 0, 1]], "R": [[0.0, 0.0, 0.0], [0.0, 1.0, 1.0], [1.0, 0.0, 1.0], [1.0, 0.0, 1.0], [0.0, 1.0, 1.0], [0.0, 0.0, 1.0], [1.0, 0.0, 0.0], [1.0, 0.0, 0.0], [1.0, 1.0, 1.0], [0.0, 0.0, 0.0]], "T_e": [0, 98, 63, 96, 88, 92, 73, 62, 98, 0], "T_t": [[0.0, 73.02739212103907, 73.824115301167, 41.773197148410844, 35.6931365951495, 85.70297544426332, 36.89173349139343, 108.6876257906115, 116.50321883965266, 78.74642849044012], [73.02739212103907, 0.0, 37.8549864614954, 51.61395160225576, 75.66372975210778, 50.039984012787215, 62.433965115151864, 55.00909015790027, 69.6419413859206, 54.57105459856901], [73.824115301167, 37.8549864614954, 0.0, 34.713109915419565, 58.0, 14.317821063276353, 45.17742799230607, 35.11409973215888, 43.278170016764804, 16.76305461424021], [41.773197148410844, 51.61395160225576, 34.713109915419565, 0.0, 25.0, 44.721359549995796, 11.40175425099138, 69.6419413859206, 75.59100475585703, 37.013511046643494], [35.6931365951495, 75.66372975210778, 58.0, 25.0, 0.0, 65.30696746902278, 13.601470508735444, 91.7877987534291, 95.2102935611481, 55.362442142665635], [85.70297544426332, 50.039984012787215, 14.317821063276353, 44.721359549995796, 65.30696746902278, 0.0, 53.75872022286245, 27.018512172212592, 30.886890422961002, 11.40175425099138], [36.89173349139343, 62.433965115151864, 45.17742799230607, 11.40175425099138, 13.601470508735444, 53.75872022286245, 0.0, 79.62411694957753, 84.30895563343196, 44.721359549995796], [108.6876257906115, 55.00909015790027, 35.11409973215888, 69.6419413859206, 91.7877987534291, 27.018512172212592, 79.62411694957753, 0.0, 16.0, 38.2099463490856], [116.50321883965266, 69.6419413859206, 43.278170016764804, 75.59100475585703, 95.2102935611481, 30.886890422961002, 84.30895563343196, 16.0, 0.0, 39.84971769034255], [78.74642849044012, 54.57105459856901, 16.76305461424021, 37.013511046643494, 55.362442142665635, 11.40175425099138, 44.721359549995796, 38.2099463490856, 39.84971769034255, 0.0]], "task_locations": [[98, 30], [25, 28], [33, 65], [67, 58], [91, 65], [27, 78], [78, 61], [0, 77], [0, 93], [38, 81]], "precedence_constraints": [[6, 8], [1, 3], [4, 3], [6, 3]]}