{"Q": [[1, 1, 0], [1, 0, 1], [1, 1, 1]], "R": [[0.0, 0.0, 0.0], [0.0, 0.0, 1.0], [1.0, 1.0, 0.0], [0.0, 1.0, 0.0], [1.0, 0.0, 0.0], [1.0, 0.0, 1.0], [0.0, 1.0, 1.0], [1.0, 0.0, 1.0], [1.0, 1.0, 1.0], [0.0, 0.0, 0.0]], "T_e": [0, 60, 86, 86, 66, 59, 53, 72, 59, 0], "T_t": [[0.0, 104.84750831564858, 85.80209787645055, 86.82165628459296, 86.49277426467485, 73.00684899377592, 103.9471019317037, 78.63841300535, 92.45539465060976, 110.8873302050329], [104.84750831564858, 0.0, 38.897300677553446, 44.01136216933077, 73.06161783043132, 32.202484376209235, 22.67156809750927, 67.7421582177598, 16.0312195418814, 13.152946437965905], [85.80209787645055, 38.897300677553446, 0.0, 5.656854249492381, 91.54780172128658, 27.202941017470888, 22.561028345356956, 83.48652585896721, 23.706539182259394, 35.014282800023196], [86.82165628459296, 44.01136216933077, 5.656854249492381, 0.0, 96.77293009927931, 32.31098884280702, 26.019223662515376, 88.60022573334675, 29.154759474226502, 39.11521443121589], [86.49277426467485, 73.06161783043132, 91.54780172128658, 96.77293009927931, 0.0, 64.47480127925948, 90.79647570252934, 9.219544457292887, 75.13321502504735, 86.00581375697809], [73.00684899377592, 32.202484376209235, 27.202941017470888, 32.31098884280702, 64.47480127925948, 0.0, 34.0147027033899, 56.302753041036986, 19.849433241279208, 38.18376618407357], [103.9471019317037, 22.67156809750927, 22.561028345356956, 26.019223662515376, 90.79647570252934, 34.0147027033899, 0.0, 84.1486779456457, 16.0312195418814, 13.601470508735444], [78.63841300535, 67.7421582177598, 83.48652585896721, 88.60022573334675, 9.219544457292887, 56.302753041036986, 84.1486779456457, 0.0, 68.26419266350405, 80.39900496896712], [92.45539465060976, 16.0312195418814, 23.706539182259394, 29.154759474226502, 75.13321502504735, 19.849433241279208, 16.0312195418814, 68.26419266350405, 0.0, 18.439088914585774], [110.8873302050329, 13.152946437965905, 35.014282800023196, 39.11521443121589, 86.00581375697809, 38.18376618407357, 13.601470508735444, 80.39900496896712, 18.439088914585774, 0.0]], "task_locations": [[80, 99], [23, 11], [11, 48], [7, 52], [96, 14], [37, 40], [6, 26], [90, 21], [22, 27], [10, 13]], "precedence_constraints": [[3, 6], [5, 6], [3, 7], [8, 4], [5, 8]]}