{"Q": [[0, 1, 0], [1, 1, 1], [0, 0, 1]], "R": [[0.0, 0.0, 0.0], [1.0, 1.0, 0.0], [1.0, 0.0, 1.0], [0.0, 0.0, 1.0], [0.0, 1.0, 0.0], [0.0, 1.0, 0.0], [1.0, 0.0, 0.0], [1.0, 0.0, 1.0], [1.0, 0.0, 1.0], [0.0, 0.0, 0.0]], "T_e": [0, 51, 72, 93, 59, 84, 86, 53, 51, 0], "T_t": [[0.0, 48.05205510693585, 53.71219600798314, 64.40496875241847, 51.35172830587107, 67.42403132415029, 82.76472678623425, 34.0147027033899, 44.04543109109048, 22.627416997969522], [48.05205510693585, 0.0, 46.32493928760188, 28.442925306655784, 57.982756057296896, 45.70557952810576, 38.948684188300895, 39.11521443121589, 47.92702786528704, 40.45985664828782], [53.71219600798314, 46.32493928760188, 0.0, 31.953090617340916, 16.1245154965971, 18.027756377319946, 51.97114584074513, 19.697715603592208, 83.21658488546619, 65.27633568147036], [64.40496875241847, 28.442925306655784, 31.953090617340916, 0.0, 47.80167361086848, 21.400934559032695, 21.02379604162864, 38.63935817272331, 75.8946638440411, 64.89992295835181], [51.35172830587107, 57.982756057296896, 16.1245154965971, 47.80167361086848, 0.0, 33.24154027718932, 68.06614430096654, 21.540659228538015, 87.80091115700337, 67.7421582177598], [67.42403132415029, 45.70557952810576, 18.027756377319946, 21.400934559032695, 33.24154027718932, 0.0, 37.57658845611187, 34.655446902326915, 89.67719888578144, 74.63243262818116], [82.76472678623425, 38.948684188300895, 51.97114584074513, 21.02379604162864, 68.06614430096654, 37.57658845611187, 0.0, 59.53990258641679, 85.75546629807339, 79.20858539325141], [34.0147027033899, 39.11521443121589, 19.697715603592208, 38.63935817272331, 21.540659228538015, 34.655446902326915, 59.53990258641679, 0.0, 66.49060083951716, 47.042533945356304], [44.04543109109048, 47.92702786528704, 83.21658488546619, 75.8946638440411, 87.80091115700337, 89.67719888578144, 85.75546629807339, 66.49060083951716, 0.0, 21.633307652783937], [22.627416997969522, 40.45985664828782, 65.27633568147036, 64.89992295835181, 67.7421582177598, 74.63243262818116, 79.20858539325141, 47.042533945356304, 21.633307652783937, 0.0]], "task_locations": [[13, 35], [60, 45], [35, 84], [65, 73], [19, 86], [52, 90], [86, 74], [27, 66], [41, 1], [29, 19]], "precedence_constraints": [[2, 4], [7, 2], [8, 7], [8, 5]]}