{"Q": [[1, 0, 0], [1, 0, 1], [1, 1, 0]], "R": [[0.0, 0.0, 0.0], [1.0, 1.0, 1.0], [0.0, 1.0, 0.0], [0.0, 1.0, 0.0], [1.0, 0.0, 1.0], [0.0, 1.0, 0.0], [1.0, 0.0, 0.0], [1.0, 1.0, 1.0], [1.0, 0.0, 0.0], [0.0, 0.0, 0.0]], "T_e": [0, 91, 54, 69, 90, 91, 89, 61, 81, 0], "T_t": [[0.0, 70.03570517957252, 85.492689745966, 32.7566787083184, 30.675723300355934, 64.07807737440318, 25.0, 35.11409973215888, 39.6232255123179, 51.478150704935004], [70.03570517957252, 0.0, 87.28115489611719, 91.30169768410661, 62.03224967708329, 24.351591323771842, 54.589376255824725, 41.78516483155236, 80.65358020571685, 23.769728648009426], [85.492689745966, 87.28115489611719, 0.0, 71.06335201775947, 55.00909015790027, 62.93647591023825, 63.51377803280167, 94.76286192385707, 51.35172830587107, 68.47627326307996], [32.7566787083184, 91.30169768410661, 71.06335201775947, 0.0, 31.11269837220809, 77.15568676384133, 36.71511950137164, 65.19202405202648, 20.223748416156685, 68.5054742338158], [30.675723300355934, 62.03224967708329, 55.00909015790027, 31.11269837220809, 0.0, 46.09772228646444, 10.770329614269007, 46.238512086787566, 19.1049731745428, 38.48376280978771], [64.07807737440318, 24.351591323771842, 62.93647591023825, 77.15568676384133, 46.09772228646444, 0.0, 42.20189569201838, 47.67598976424087, 62.76941930590086, 14.0], [25.0, 54.589376255824725, 63.51377803280167, 36.71511950137164, 10.770329614269007, 42.20189569201838, 0.0, 35.4682957019364, 29.068883707497267, 32.01562118716424], [35.11409973215888, 41.78516483155236, 94.76286192385707, 65.19202405202648, 46.238512086787566, 47.67598976424087, 35.4682957019364, 0.0, 63.788713735268246, 33.95585369269929], [39.6232255123179, 80.65358020571685, 51.35172830587107, 20.223748416156685, 19.1049731745428, 62.76941930590086, 29.068883707497267, 63.788713735268246, 0.0, 56.92099788303083], [51.478150704935004, 23.769728648009426, 68.47627326307996, 68.5054742338158, 38.48376280978771, 14.0, 32.01562118716424, 33.95585369269929, 56.92099788303083, 0.0]], "task_locations": [[40, 91], [88, 40], [5, 13], [8, 84], [30, 62], [65, 32], [40, 66], [73, 79], [11, 64], [65, 46]], "precedence_constraints": [[8, 4], [4, 5], [8, 6], [6, 4]]}