{"Q": [[1, 0, 0], [0, 0, 1], [1, 1, 0]], "R": [[0.0, 0.0, 0.0], [0.0, 0.0, 1.0], [0.0, 0.0, 1.0], [1.0, 1.0, 1.0], [1.0, 0.0, 1.0], [1.0, 1.0, 0.0], [1.0, 1.0, 1.0], [1.0, 0.0, 0.0], [1.0, 1.0, 0.0], [0.0, 0.0, 0.0]], "T_e": [0, 57, 90, 88, 58, 89, 80, 64, 52, 0], "T_t": [[0.0, 99.62429422585637, 6.324555320336759, 9.433981132056603, 59.413803110051795, 42.44997055358225, 97.41663102366043, 84.86459803710851, 61.61168720299745, 77.00649323271382], [99.62429422585637, 0.0, 97.94386147176351, 99.4786409235671, 55.54277630799526, 93.55746896961247, 39.05124837953327, 27.073972741361768, 45.70557952810576, 59.135437767890075], [6.324555320336759, 97.94386147176351, 0.0, 3.605551275463989, 61.00819617067857, 36.138621999185304, 93.47726996441435, 84.77027781009096, 58.137767414994535, 79.30952023559341], [9.433981132056603, 99.4786409235671, 3.605551275463989, 0.0, 64.00781202322104, 33.54101966249684, 93.60021367496978, 87.09190547921202, 58.69412236331676, 82.49242389456137], [59.413803110051795, 55.54277630799526, 61.00819617067857, 64.00781202322104, 0.0, 77.82030583337487, 76.4198926981712, 31.240998703626616, 48.76474136094644, 19.697715603592208], [42.44997055358225, 93.55746896961247, 36.138621999185304, 33.54101966249684, 77.82030583337487, 0.0, 74.88658090739622, 90.55385138137417, 47.853944456021594, 97.50897394599124], [97.41663102366043, 39.05124837953327, 93.47726996441435, 93.60021367496978, 76.4198926981712, 74.88658090739622, 0.0, 59.0592922409336, 36.24913792078372, 87.93179174792243], [84.86459803710851, 27.073972741361768, 84.77027781009096, 87.09190547921202, 31.240998703626616, 90.55385138137417, 59.0592922409336, 0.0, 47.01063709417264, 32.0624390837628], [61.61168720299745, 45.70557952810576, 58.137767414994535, 58.69412236331676, 48.76474136094644, 47.853944456021594, 36.24913792078372, 47.01063709417264, 0.0, 65.43699259593154], [77.00649323271382, 59.135437767890075, 79.30952023559341, 82.49242389456137, 19.697715603592208, 97.50897394599124, 87.93179174792243, 32.0624390837628, 65.43699259593154, 0.0]], "task_locations": [[11, 10], [92, 68], [9, 16], [6, 18], [70, 17], [0, 51], [62, 93], [90, 41], [47, 60], [88, 9]], "precedence_constraints": [[7, 5], [7, 2], [4, 2], [3, 6], [3, 5], [7, 8]]}