{"Q": [[0, 1, 1], [0, 1, 1], [1, 0, 1]], "R": [[0.0, 0.0, 0.0], [1.0, 1.0, 0.0], [0.0, 1.0, 1.0], [0.0, 0.0, 1.0], [1.0, 0.0, 1.0], [1.0, 0.0, 1.0], [1.0, 1.0, 1.0], [0.0, 0.0, 1.0], [1.0, 1.0, 0.0], [0.0, 0.0, 0.0]], "T_e": [0, 73, 66, 60, 82, 61, 69, 82, 59, 0], "T_t": [[0.0, 52.839379254491625, 55.60575509783138, 68.3593446428504, 16.15549442140351, 57.28001396647874, 65.55150646628954, 53.48831648126533, 13.038404810405298, 32.28002478313795], [52.839379254491625, 0.0, 82.0, 67.62396025078685, 64.19501538281614, 88.11923740024082, 41.340053217188775, 69.28924880528002, 61.07372593840988, 22.67156809750927], [55.60575509783138, 82.0, 0.0, 36.124783736376884, 42.485291572496, 8.06225774829855, 60.440052945046304, 16.15549442140351, 65.86349520030045, 73.824115301167], [68.3593446428504, 67.62396025078685, 36.124783736376884, 0.0, 62.51399843235114, 44.04543109109048, 31.78049716414141, 21.633307652783937, 81.2219182240853, 70.178344238091], [16.15549442140351, 64.19501538281614, 42.485291572496, 62.51399843235114, 0.0, 42.80186911806539, 67.42403132415029, 44.181444068749045, 23.600847442411894, 46.09772228646444], [57.28001396647874, 88.11923740024082, 8.06225774829855, 44.04543109109048, 42.80186911806539, 0.0, 68.30812543175226, 24.166091947189145, 66.40030120413611, 78.39005038906404], [65.55150646628954, 41.340053217188775, 60.440052945046304, 31.78049716414141, 67.42403132415029, 68.30812543175226, 0.0, 44.384682042344295, 78.10889834071403, 52.46903848937962], [53.48831648126533, 69.28924880528002, 16.15549442140351, 21.633307652783937, 44.181444068749045, 24.166091947189145, 44.384682042344295, 0.0, 65.52098900352466, 64.66065264130884], [13.038404810405298, 61.07372593840988, 65.86349520030045, 81.2219182240853, 23.600847442411894, 66.40030120413611, 78.10889834071403, 65.52098900352466, 0.0, 38.8329756778952], [32.28002478313795, 22.67156809750927, 73.824115301167, 70.178344238091, 46.09772228646444, 78.39005038906404, 52.46903848937962, 64.66065264130884, 38.8329756778952, 0.0]], "task_locations": [[24, 48], [50, 2], [68, 82], [92, 55], [30, 63], [64, 89], [85, 24], [74, 67], [11, 49], [33, 17]], "precedence_constraints": [[8, 3], [7, 1]]}