{"Q": [[1, 0, 1], [0, 0, 1], [0, 1, 1]], "R": [[0.0, 0.0, 0.0], [1.0, 1.0, 1.0], [1.0, 0.0, 0.0], [0.0, 1.0, 0.0], [0.0, 1.0, 0.0], [1.0, 1.0, 0.0], [1.0, 0.0, 1.0], [0.0, 1.0, 1.0], [0.0, 1.0, 0.0], [0.0, 0.0, 0.0]], "T_e": [0, 85, 76, 81, 94, 61, 66, 96, 89, 0], "T_t": [[0.0, 34.0147027033899, 47.53945729601885, 42.44997055358225, 17.46424919657298, 53.85164807134504, 54.037024344425184, 32.802438933713454, 26.419689627245813, 59.43904440685432], [34.0147027033899, 0.0, 16.278820596099706, 32.38826948140329, 41.23105625617661, 84.43340571124678, 64.07027391856539, 30.4138126514911, 52.773099207835045, 60.74537019394976], [47.53945729601885, 16.278820596099706, 0.0, 46.238512086787566, 50.24937810560445, 93.38094023943002, 63.7808748764079, 46.04345773288535, 68.60029154456998, 56.61271941887264], [42.44997055358225, 32.38826948140329, 46.238512086787566, 0.0, 58.249463516842795, 95.42536350467836, 90.47651629014017, 10.295630140987, 42.7551166528639, 90.4267659490264], [17.46424919657298, 41.23105625617661, 50.24937810560445, 58.249463516842795, 0.0, 43.41658669218482, 37.05401462729781, 49.24428900898052, 41.0, 44.384682042344295], [53.85164807134504, 84.43340571124678, 93.38094023943002, 95.42536350467836, 43.41658669218482, 0.0, 51.10772935672255, 85.27602242131137, 60.74537019394976, 66.18912297349165], [54.037024344425184, 64.07027391856539, 63.7808748764079, 90.47651629014017, 37.05401462729781, 51.10772935672255, 0.0, 82.96987405076617, 77.78174593052023, 15.524174696260024], [32.802438933713454, 30.4138126514911, 46.04345773288535, 10.295630140987, 49.24428900898052, 85.27602242131137, 82.96987405076617, 0.0, 33.13608305156178, 84.29116205154607], [26.419689627245813, 52.773099207835045, 68.60029154456998, 42.7551166528639, 41.0, 60.74537019394976, 77.78174593052023, 33.13608305156178, 0.0, 85.07055894961546], [59.43904440685432, 60.74537019394976, 56.61271941887264, 90.4267659490264, 44.384682042344295, 66.18912297349165, 15.524174696260024, 84.29116205154607, 85.07055894961546, 0.0]], "task_locations": [[49, 66], [15, 65], [3, 54], [20, 97], [53, 49], [95, 38], [51, 12], [29, 92], [62, 89], [36, 8]], "precedence_constraints": [[7, 4], [4, 3], [3, 5]]}