{"Q": [[0, 0, 1], [0, 1, 0], [1, 0, 1]], "R": [[0.0, 0.0, 0.0], [1.0, 1.0, 0.0], [0.0, 0.0, 1.0], [0.0, 1.0, 0.0], [1.0, 1.0, 0.0], [0.0, 0.0, 1.0], [1.0, 1.0, 1.0], [1.0, 0.0, 0.0], [0.0, 0.0, 1.0], [0.0, 0.0, 0.0]], "T_e": [0, 69, 98, 92, 60, 97, 83, 91, 98, 0], "T_t": [[0.0, 21.587033144922902, 24.596747752497688, 51.97114584074513, 51.15662224971465, 74.16872656315464, 26.019223662515376, 58.008620049092706, 59.481089431852205, 27.586228448267445], [21.587033144922902, 0.0, 41.86884283091664, 33.54101966249684, 31.32091952673165, 80.60397012554654, 38.01315561749642, 53.600373133029585, 58.309518948453004, 24.020824298928627], [24.596747752497688, 41.86884283091664, 0.0, 63.150613615387776, 64.5600495662759, 54.405882034941776, 10.770329614269007, 51.478150704935004, 49.040799340956916, 31.144823004794873], [51.97114584074513, 33.54101966249684, 63.150613615387776, 0.0, 6.0, 78.81624198095213, 54.405882034941776, 40.718546143004666, 49.24428900898052, 32.28002478313795], [51.15662224971465, 31.32091952673165, 64.5600495662759, 6.0, 0.0, 83.7615663654877, 56.462376853972415, 46.238512086787566, 54.56189146281496, 34.438350715445125], [74.16872656315464, 80.60397012554654, 54.405882034941776, 78.81624198095213, 83.7615663654877, 0.0, 48.373546489791295, 39.6232255123179, 30.4138126514911, 57.0087712549569], [26.019223662515376, 38.01315561749642, 10.770329614269007, 54.405882034941776, 56.462376853972415, 48.373546489791295, 0.0, 40.8166632639171, 38.897300677553446, 22.135943621178654], [58.008620049092706, 53.600373133029585, 51.478150704935004, 40.718546143004666, 46.238512086787566, 39.6232255123179, 40.8166632639171, 0.0, 9.219544457292887, 31.304951684997057], [59.481089431852205, 58.309518948453004, 49.040799340956916, 49.24428900898052, 54.56189146281496, 30.4138126514911, 38.897300677553446, 9.219544457292887, 0.0, 34.713109915419565], [27.586228448267445, 24.020824298928627, 31.144823004794873, 32.28002478313795, 34.438350715445125, 57.0087712549569, 22.135943621178654, 31.304951684997057, 34.713109915419565, 0.0]], "task_locations": [[85, 91], [64, 96], [96, 69], [34, 81], [34, 87], [80, 17], [86, 65], [51, 44], [58, 38], [65, 72]], "precedence_constraints": [[2, 1]]}