{"Q": [[0, 0, 1], [1, 1, 1], [1, 1, 1]], "R": [[0.0, 0.0, 0.0], [1.0, 0.0, 0.0], [0.0, 1.0, 0.0], [0.0, 1.0, 0.0], [1.0, 0.0, 0.0], [0.0, 1.0, 0.0], [1.0, 1.0, 0.0], [1.0, 1.0, 0.0], [0.0, 0.0, 1.0], [0.0, 0.0, 0.0]], "T_e": [0, 65, 51, 54, 79, 78, 75, 98, 89, 0], "T_t": [[0.0, 73.57309290766564, 73.24616030891995, 79.40403012442127, 26.0, 44.41846462902562, 33.301651610693426, 27.0, 80.32434251209281, 47.80167361086848], [73.57309290766564, 0.0, 55.80322571321482, 9.055385138137417, 91.39474820797966, 86.0, 43.01162633521314, 52.3450093132096, 53.03772242470448, 34.0], [73.24616030891995, 55.80322571321482, 0.0, 51.884487084291386, 74.06078584514209, 52.630789467763066, 46.17358552246078, 71.56814934033156, 9.433981132056603, 34.785054261852174], [79.40403012442127, 9.055385138137417, 51.884487084291386, 0.0, 95.46203433826454, 87.46427842267951, 47.41307836451879, 59.81638571495272, 47.80167361086848, 36.138621999185304], [26.0, 91.39474820797966, 74.06078584514209, 95.46203433826454, 0.0, 28.0178514522438, 48.38388161361178, 51.97114584074513, 82.80096617793781, 59.941638282582836], [44.41846462902562, 86.0, 52.630789467763066, 87.46427842267951, 28.0178514522438, 0.0, 46.84015371452148, 62.80127387243033, 62.00806399170998, 52.0], [33.301651610693426, 43.01162633521314, 46.17358552246078, 47.41307836451879, 48.38388161361178, 46.84015371452148, 0.0, 25.495097567963924, 51.15662224971465, 14.7648230602334], [27.0, 52.3450093132096, 71.56814934033156, 59.81638571495272, 51.97114584074513, 62.80127387243033, 25.495097567963924, 0.0, 76.00657866263946, 38.05259518088089], [80.32434251209281, 53.03772242470448, 9.433981132056603, 47.80167361086848, 82.80096617793781, 62.00806399170998, 51.15662224971465, 76.00657866263946, 0.0, 38.118237105091836], [47.80167361086848, 34.0, 34.785054261852174, 36.138621999185304, 59.941638282582836, 52.0, 14.7648230602334, 38.05259518088089, 38.118237105091836, 0.0]], "task_locations": [[88, 69], [50, 6], [17, 51], [41, 5], [78, 93], [50, 92], [63, 47], [88, 42], [12, 43], [50, 40]], "precedence_constraints": [[8, 3], [5, 7], [1, 3]]}