{"Q": [[1, 0, 0], [1, 1, 0], [1, 0, 1]], "R": [[0.0, 0.0, 0.0], [0.0, 1.0, 0.0], [1.0, 0.0, 0.0], [1.0, 0.0, 0.0], [1.0, 0.0, 0.0], [1.0, 0.0, 1.0], [0.0, 0.0, 1.0], [1.0, 1.0, 0.0], [1.0, 1.0, 1.0], [0.0, 0.0, 0.0]], "T_e": [0, 68, 58, 77, 82, 62, 50, 87, 74, 0], "T_t": [[0.0, 63.324560795950255, 41.97618372363071, 53.85164807134504, 73.78346698278686, 38.600518131237564, 87.86353054595519, 35.12833614050059, 2.23606797749979, 12.806248474865697], [63.324560795950255, 0.0, 36.71511950137164, 13.92838827718412, 87.0976463516667, 64.89992295835181, 49.09175083453431, 80.62257748298549, 61.84658438426491, 52.630789467763066], [41.97618372363071, 36.71511950137164, 0.0, 37.33630940518894, 53.009433122794285, 28.42534080710379, 45.89117562233506, 46.04345773288535, 39.81205847478876, 38.07886552931954], [53.85164807134504, 13.92838827718412, 37.33630940518894, 0.0, 90.19977827023745, 63.324560795950255, 60.959002616512684, 76.27581530209953, 52.69724850502159, 42.04759208325728], [73.78346698278686, 87.0976463516667, 53.009433122794285, 90.19977827023745, 0.0, 35.35533905932738, 63.655321851358195, 45.803929962395145, 71.8679344353238, 78.79086241436883], [38.600518131237564, 64.89992295835181, 28.42534080710379, 63.324560795950255, 35.35533905932738, 0.0, 64.32728814430156, 20.396078054371138, 36.61966684720111, 43.657759905886145], [87.86353054595519, 49.09175083453431, 45.89117562233506, 60.959002616512684, 63.655321851358195, 64.32728814430156, 0.0, 84.72307831990054, 85.70297544426332, 82.87339742040264], [35.12833614050059, 80.62257748298549, 46.04345773288535, 76.27581530209953, 45.803929962395145, 20.396078054371138, 84.72307831990054, 0.0, 34.0147027033899, 45.27692569068709], [2.23606797749979, 61.84658438426491, 39.81205847478876, 52.69724850502159, 71.8679344353238, 36.61966684720111, 85.70297544426332, 34.0147027033899, 0.0, 12.529964086141668], [12.806248474865697, 52.630789467763066, 38.07886552931954, 42.04759208325728, 78.79086241436883, 43.657759905886145, 82.87339742040264, 45.27692569068709, 12.529964086141668, 0.0]], "task_locations": [[36, 7], [13, 66], [45, 48], [8, 53], [98, 47], [67, 30], [54, 93], [71, 10], [37, 9], [26, 15]], "precedence_constraints": [[7, 5], [6, 2]]}