{"Q": [[0, 0, 1], [0, 1, 0], [1, 1, 1]], "R": [[0.0, 0.0, 0.0], [0.0, 1.0, 0.0], [0.0, 0.0, 1.0], [0.0, 1.0, 0.0], [0.0, 0.0, 1.0], [0.0, 1.0, 0.0], [1.0, 0.0, 0.0], [1.0, 1.0, 1.0], [1.0, 0.0, 0.0], [0.0, 0.0, 0.0]], "T_e": [0, 79, 76, 96, 52, 53, 65, 56, 53, 0], "T_t": [[0.0, 29.068883707497267, 29.427877939124322, 30.675723300355934, 56.04462507680822, 45.880278987817846, 16.0, 58.69412236331676, 30.805843601498726, 2.23606797749979], [29.068883707497267, 0.0, 58.42088667591412, 33.015148038438355, 53.85164807134504, 59.39696961966999, 13.152946437965905, 41.7612260356422, 25.495097567963924, 28.0], [29.427877939124322, 58.42088667591412, 0.0, 51.73973328110612, 73.60027173862879, 51.54609587543949, 45.27692569068709, 84.31488599292535, 55.758407437802596, 30.805843601498726], [30.675723300355934, 33.015148038438355, 51.73973328110612, 0.0, 25.495097567963924, 27.459060435491963, 29.614185789921695, 33.61547262794322, 8.94427190999916, 28.460498941515414], [56.04462507680822, 53.85164807134504, 73.60027173862879, 25.495097567963924, 0.0, 29.732137494637012, 54.00925846556311, 28.635642126552707, 29.154759474226502, 53.85164807134504], [45.880278987817846, 59.39696961966999, 51.54609587543949, 27.459060435491963, 29.732137494637012, 0.0, 52.69724850502159, 54.037024344425184, 36.359317925395686, 44.27188724235731], [16.0, 13.152946437965905, 45.27692569068709, 29.614185789921695, 54.00925846556311, 52.69724850502159, 0.0, 48.877397639399746, 25.079872407968907, 15.132745950421556], [58.69412236331676, 41.7612260356422, 84.31488599292535, 33.61547262794322, 28.635642126552707, 54.037024344425184, 48.877397639399746, 0.0, 28.600699292150182, 56.568542494923804], [30.805843601498726, 25.495097567963924, 55.758407437802596, 8.94427190999916, 29.154759474226502, 36.359317925395686, 25.079872407968907, 28.600699292150182, 0.0, 28.600699292150182], [2.23606797749979, 28.0, 30.805843601498726, 28.460498941515414, 53.85164807134504, 44.27188724235731, 15.132745950421556, 56.568542494923804, 28.600699292150182, 0.0]], "task_locations": [[45, 15], [74, 17], [16, 10], [55, 44], [60, 69], [32, 59], [61, 15], [86, 57], [63, 40], [46, 17]], "precedence_constraints": [[5, 7], [2, 6]]}