{"Q": [[1, 1, 1], [0, 0, 1], [1, 0, 0]], "R": [[0.0, 0.0, 0.0], [1.0, 0.0, 0.0], [1.0, 0.0, 1.0], [0.0, 0.0, 1.0], [1.0, 1.0, 1.0], [0.0, 1.0, 0.0], [1.0, 1.0, 1.0], [0.0, 1.0, 0.0], [1.0, 1.0, 1.0], [0.0, 0.0, 0.0]], "T_e": [0, 80, 50, 76, 71, 66, 67, 57, 66, 0], "T_t": [[0.0, 47.16990566028302, 59.0592922409336, 21.540659228538015, 69.57010852370435, 14.317821063276353, 57.38466694161429, 61.98386886924694, 56.0357029044876, 38.8329756778952], [47.16990566028302, 0.0, 54.3415126767741, 65.79513659838392, 53.71219600798314, 59.665735560705194, 63.071388124885914, 41.677331968349414, 22.47220505424423, 17.11724276862369], [59.0592922409336, 54.3415126767741, 0.0, 60.530983801686226, 15.231546211727817, 59.90826320300064, 13.45362404707371, 19.235384061671343, 76.6550715869472, 38.62641583165593], [21.540659228538015, 65.79513659838392, 60.530983801686226, 0.0, 74.02702209328699, 7.280109889280518, 54.08326913195984, 69.58448102845921, 77.17512552629896, 53.85164807134504], [69.57010852370435, 53.71219600798314, 15.231546211727817, 74.02702209328699, 0.0, 72.56031973468694, 28.0178514522438, 12.083045973594572, 76.02631123499285, 41.036569057366385], [14.317821063276353, 59.665735560705194, 59.90826320300064, 7.280109889280518, 72.56031973468694, 0.0, 55.00909015790027, 67.02984409947557, 70.178344238091, 48.75448697299562], [57.38466694161429, 63.071388124885914, 13.45362404707371, 54.08326913195984, 28.0178514522438, 55.00909015790027, 0.0, 32.449961479175904, 84.71717653463199, 46.2709412050371], [61.98386886924694, 41.677331968349414, 19.235384061671343, 69.58448102845921, 12.083045973594572, 67.02984409947557, 32.449961479175904, 0.0, 63.953107821277925, 29.832867780352597], [56.0357029044876, 22.47220505424423, 76.6550715869472, 77.17512552629896, 76.02631123499285, 70.178344238091, 84.71717653463199, 63.953107821277925, 0.0, 38.47076812334269], [38.8329756778952, 17.11724276862369, 38.62641583165593, 53.85164807134504, 41.036569057366385, 48.75448697299562, 46.2709412050371, 29.832867780352597, 38.47076812334269, 0.0]], "task_locations": [[20, 52], [60, 27], [72, 80], [12, 72], [86, 74], [14, 65], [63, 90], [81, 63], [52, 6], [58, 44]], "precedence_constraints": [[6, 7], [3, 6], [7, 8], [1, 5]]}