{"Q": [[1, 1, 1], [1, 0, 0], [0, 0, 1]], "R": [[0.0, 0.0, 0.0], [1.0, 1.0, 1.0], [0.0, 1.0, 0.0], [1.0, 1.0, 1.0], [0.0, 0.0, 1.0], [0.0, 1.0, 0.0], [0.0, 0.0, 1.0], [0.0, 1.0, 0.0], [1.0, 1.0, 0.0], [0.0, 0.0, 0.0]], "T_e": [0, 93, 60, 76, 60, 89, 76, 77, 98, 0], "T_t": [[0.0, 53.03772242470448, 50.08991914547278, 64.40496875241847, 28.071337695236398, 34.40930106817051, 18.867962264113206, 33.83784863137726, 80.65977932030313, 43.41658669218482], [53.03772242470448, 0.0, 21.540659228538015, 61.326992425847855, 57.245087125446844, 33.301651610693426, 69.46221994724903, 45.34313619501854, 57.0350769263968, 10.770329614269007], [50.08991914547278, 21.540659228538015, 0.0, 39.81205847478876, 43.41658669218482, 45.31004303683677, 62.16912416947821, 56.356011214421486, 38.3275357934736, 16.1245154965971], [64.40496875241847, 61.326992425847855, 39.81205847478876, 0.0, 39.698866482558415, 78.0, 65.11528238439882, 86.46964785403026, 27.018512172212592, 54.120236510939236], [28.071337695236398, 57.245087125446844, 43.41658669218482, 39.698866482558415, 0.0, 54.589376255824725, 25.45584412271571, 58.52349955359813, 61.40032573203501, 46.52956049652737], [34.40930106817051, 33.301651610693426, 45.31004303683677, 78.0, 54.589376255824725, 0.0, 53.25410782277739, 12.041594578792296, 83.48652585896721, 30.01666203960727], [18.867962264113206, 69.46221994724903, 62.16912416947821, 65.11528238439882, 25.45584412271571, 53.25410782277739, 0.0, 51.66236541235796, 86.2670273047588, 59.135437767890075], [33.83784863137726, 45.34313619501854, 56.356011214421486, 86.46964785403026, 58.52349955359813, 12.041594578792296, 51.66236541235796, 0.0, 94.15412895885129, 41.617304093369626], [80.65977932030313, 57.0350769263968, 38.3275357934736, 27.018512172212592, 61.40032573203501, 83.48652585896721, 86.2670273047588, 94.15412895885129, 0.0, 54.3415126767741], [43.41658669218482, 10.770329614269007, 16.1245154965971, 54.120236510939236, 46.52956049652737, 30.01666203960727, 59.135437767890075, 41.617304093369626, 54.3415126767741, 0.0]], "task_locations": [[40, 60], [93, 58], [85, 38], [68, 2], [42, 32], [68, 80], [24, 50], [59, 88], [95, 1], [83, 54]], "precedence_constraints": [[2, 3], [7, 1]]}