{"Q": [[1, 1, 1], [0, 0, 1], [0, 0, 1]], "R": [[0.0, 0.0, 0.0], [1.0, 1.0, 0.0], [0.0, 1.0, 1.0], [0.0, 1.0, 0.0], [0.0, 1.0, 0.0], [1.0, 0.0, 0.0], [0.0, 1.0, 1.0], [1.0, 1.0, 1.0], [0.0, 1.0, 0.0], [0.0, 0.0, 0.0]], "T_e": [0, 58, 65, 80, 95, 87, 55, 60, 62, 0], "T_t": [[0.0, 17.804493814764857, 32.38826948140329, 85.32877591996736, 44.598206241955516, 61.29437168288782, 57.982756057296896, 51.62363799656123, 5.830951894845301, 60.41522986797286], [17.804493814764857, 0.0, 47.01063709417264, 95.00526301210897, 56.142675390472796, 74.72616676907762, 75.69015788066504, 62.289646009589745, 20.615528128088304, 75.02666192761077], [32.38826948140329, 47.01063709417264, 0.0, 55.71355310873648, 59.81638571495272, 29.017236257093817, 37.107950630558946, 23.021728866442675, 35.0, 28.160255680657446], [85.32877591996736, 95.00526301210897, 55.71355310873648, 0.0, 114.23659658795863, 31.144823004794873, 70.60453243241541, 33.734255586866, 89.26925562588724, 37.53664875824692], [44.598206241955516, 56.142675390472796, 59.81638571495272, 114.23659658795863, 0.0, 84.09518416651456, 56.00892785976178, 82.80096617793781, 38.897300677553446, 79.47955712005447], [61.29437168288782, 74.72616676907762, 29.017236257093817, 31.144823004794873, 84.09518416651456, 0.0, 40.311288741492746, 17.204650534085253, 64.00781202322104, 7.280109889280518], [57.982756057296896, 75.69015788066504, 37.107950630558946, 70.60453243241541, 56.00892785976178, 40.311288741492746, 0.0, 50.00999900019995, 56.85068161420758, 33.28663395418648], [51.62363799656123, 62.289646009589745, 23.021728866442675, 33.734255586866, 82.80096617793781, 17.204650534085253, 50.00999900019995, 0.0, 55.54277630799526, 22.47220505424423], [5.830951894845301, 20.615528128088304, 35.0, 89.26925562588724, 38.897300677553446, 64.00781202322104, 56.85068161420758, 55.54277630799526, 0.0, 62.51399843235114], [60.41522986797286, 75.02666192761077, 28.160255680657446, 37.53664875824692, 79.47955712005447, 7.280109889280518, 33.28663395418648, 22.47220505424423, 62.51399843235114, 0.0]], "task_locations": [[15, 82], [4, 96], [47, 77], [99, 97], [0, 40], [76, 76], [56, 41], [66, 90], [12, 77], [74, 69]], "precedence_constraints": [[5, 4], [2, 7], [6, 1]]}