{"Q": [[0, 1, 0], [1, 1, 1], [1, 0, 0]], "R": [[0.0, 0.0, 0.0], [1.0, 0.0, 1.0], [0.0, 1.0, 1.0], [0.0, 1.0, 0.0], [1.0, 1.0, 0.0], [0.0, 0.0, 1.0], [0.0, 0.0, 1.0], [1.0, 0.0, 0.0], [0.0, 1.0, 0.0], [0.0, 0.0, 0.0]], "T_e": [0, 74, 86, 84, 69, 67, 55, 89, 66, 0], "T_t": [[0.0, 38.47076812334269, 38.2099463490856, 96.02083107326243, 42.190046219457976, 12.165525060596439, 120.21647141718975, 99.72462083156798, 91.0494371207203, 100.16985574512923], [38.47076812334269, 0.0, 12.806248474865697, 64.03124237432849, 21.633307652783937, 36.49657518178932, 84.02380615040002, 64.35060217278468, 58.9406481131655, 69.6419413859206], [38.2099463490856, 12.806248474865697, 0.0, 74.67261881037788, 8.94427190999916, 32.2490309931942, 82.07313811473277, 61.5223536610881, 69.6419413859206, 63.071388124885914], [96.02083107326243, 64.03124237432849, 74.67261881037788, 0.0, 81.43709228600933, 98.50888284819801, 82.60750571225353, 75.02666192761077, 5.0990195135927845, 93.47726996441435], [42.190046219457976, 21.633307652783937, 8.94427190999916, 81.43709228600933, 0.0, 33.94112549695428, 80.0, 59.20304046246274, 76.48529270389177, 57.982756057296896], [12.165525060596439, 36.49657518178932, 32.2490309931942, 98.50888284819801, 33.94112549695428, 0.0, 113.70136322841516, 92.9569792968769, 93.43446901438462, 91.40021881811882], [120.21647141718975, 84.02380615040002, 82.07313811473277, 82.60750571225353, 80.0, 113.70136322841516, 0.0, 20.808652046684813, 81.15417426109393, 33.015148038438355], [99.72462083156798, 64.35060217278468, 61.5223536610881, 75.02666192761077, 59.20304046246274, 92.9569792968769, 20.808652046684813, 0.0, 72.42237223399962, 20.615528128088304], [91.0494371207203, 58.9406481131655, 69.6419413859206, 5.0990195135927845, 76.48529270389177, 93.43446901438462, 81.15417426109393, 72.42237223399962, 0.0, 90.37698822156003], [100.16985574512923, 69.6419413859206, 63.071388124885914, 93.47726996441435, 57.982756057296896, 91.40021881811882, 33.015148038438355, 20.615528128088304, 90.37698822156003, 0.0]], "task_locations": [[8, 2], [26, 36], [36, 28], [10, 98], [44, 24], [20, 0], [92, 88], [80, 71], [11, 93], [93, 55]], "precedence_constraints": [[4, 2], [6, 5], [8, 1]]}