{"Q": [[0, 1, 0], [1, 1, 1], [0, 0, 1]], "R": [[0.0, 0.0, 0.0], [1.0, 0.0, 1.0], [0.0, 1.0, 0.0], [0.0, 1.0, 0.0], [1.0, 1.0, 1.0], [1.0, 1.0, 1.0], [1.0, 0.0, 0.0], [1.0, 1.0, 1.0], [1.0, 0.0, 0.0], [0.0, 0.0, 0.0]], "T_e": [0, 71, 97, 60, 60, 57, 92, 59, 69, 0], "T_t": [[0.0, 57.0087712549569, 67.88225099390856, 11.40175425099138, 19.026297590440446, 19.79898987322333, 59.77457653551382, 21.02379604162864, 56.302753041036986, 31.76476034853718], [57.0087712549569, 0.0, 83.05419917138447, 53.665631459994955, 73.43023900274328, 57.982756057296896, 95.88013350011565, 39.395431207184416, 83.18653737234169, 60.40695324215582], [67.88225099390856, 83.05419917138447, 0.0, 77.98717843338096, 81.8413098624405, 48.08326112068523, 31.32091952673165, 77.52418977325722, 17.029386365926403, 98.71676655968832], [11.40175425099138, 53.665631459994955, 77.98717843338096, 0.0, 20.0, 30.23243291566195, 71.16881339463234, 14.422205101855956, 67.23094525588644, 20.808652046684813], [19.026297590440446, 73.43023900274328, 81.8413098624405, 20.0, 0.0, 35.4682957019364, 67.11929677819934, 34.40930106817051, 67.94115100585212, 29.274562336608895], [19.79898987322333, 57.982756057296896, 48.08326112068523, 30.23243291566195, 35.4682957019364, 0.0, 43.18564576337837, 33.37663853655727, 37.12142238654117, 51.03920062069938], [59.77457653551382, 95.88013350011565, 31.32091952673165, 71.16881339463234, 67.11929677819934, 43.18564576337837, 0.0, 76.53103945458993, 16.401219466856727, 91.18113840043894], [21.02379604162864, 39.395431207184416, 77.52418977325722, 14.422205101855956, 34.40930106817051, 33.37663853655727, 76.53103945458993, 0.0, 69.57010852370435, 25.632011235952593], [56.302753041036986, 83.18653737234169, 17.029386365926403, 67.23094525588644, 67.94115100585212, 37.12142238654117, 16.401219466856727, 69.57010852370435, 0.0, 87.98295289429652], [31.76476034853718, 60.40695324215582, 98.71676655968832, 20.808652046684813, 29.274562336608895, 51.03920062069938, 91.18113840043894, 25.632011235952593, 87.98295289429652, 0.0]], "task_locations": [[38, 37], [83, 2], [86, 85], [35, 26], [19, 38], [52, 51], [56, 94], [47, 18], [69, 84], [23, 9]], "precedence_constraints": [[5, 2], [8, 7]]}