{"Q": [[0, 1, 1], [0, 1, 0], [1, 1, 0]], "R": [[0.0, 0.0, 0.0], [1.0, 0.0, 1.0], [0.0, 0.0, 1.0], [0.0, 1.0, 0.0], [1.0, 1.0, 1.0], [1.0, 0.0, 0.0], [1.0, 0.0, 0.0], [1.0, 0.0, 0.0], [1.0, 1.0, 1.0], [0.0, 0.0, 0.0]], "T_e": [0, 67, 80, 53, 70, 53, 80, 86, 83, 0], "T_t": [[0.0, 38.897300677553446, 66.48308055437865, 8.94427190999916, 46.14108798023731, 62.369864518050704, 37.21558813185679, 65.45991139621256, 38.8329756778952, 53.31041174104736], [38.897300677553446, 0.0, 59.033888572581766, 42.43819034784589, 13.92838827718412, 53.2634959423431, 59.682493245507096, 28.460498941515414, 22.825424421026653, 21.840329667841555], [66.48308055437865, 59.033888572581766, 0.0, 75.28612089887484, 47.50789408087881, 5.830951894845301, 102.88342918079665, 55.90169943749474, 36.76955262170047, 79.61155694998057], [8.94427190999916, 42.43819034784589, 75.28612089887484, 0.0, 51.62363799656123, 71.06335201775947, 28.30194339616981, 70.2353187506115, 46.17358552246078, 53.53503525729669], [46.14108798023731, 13.92838827718412, 47.50789408087881, 51.62363799656123, 0.0, 41.677331968349414, 72.11102550927978, 19.79898987322333, 15.132745950421556, 32.202484376209235], [62.369864518050704, 53.2634959423431, 5.830951894845301, 71.06335201775947, 41.677331968349414, 0.0, 98.35141076771599, 50.48762224545735, 31.144823004794873, 73.78346698278686], [37.21558813185679, 59.682493245507096, 102.88342918079665, 28.30194339616981, 72.11102550927978, 98.35141076771599, 0.0, 87.86353054595519, 70.8590149522275, 60.90155991434045], [65.45991139621256, 28.460498941515414, 55.90169943749474, 70.2353187506115, 19.79898987322333, 50.48762224545735, 87.86353054595519, 0.0, 33.12099032335839, 35.11409973215888], [38.8329756778952, 22.825424421026653, 36.76955262170047, 46.17358552246078, 15.132745950421556, 31.144823004794873, 70.8590149522275, 33.12099032335839, 0.0, 44.384682042344295], [53.31041174104736, 21.840329667841555, 79.61155694998057, 53.53503525729669, 32.202484376209235, 73.78346698278686, 60.90155991434045, 35.11409973215888, 44.384682042344295, 0.0]], "task_locations": [[22, 65], [50, 38], [4, 1], [26, 73], [45, 25], [9, 4], [41, 97], [59, 11], [30, 27], [71, 44]], "precedence_constraints": [[1, 3], [2, 6], [5, 3], [2, 1], [4, 5]]}