{"Q": [[0, 1, 1], [0, 1, 0], [1, 1, 1]], "R": [[0.0, 0.0, 0.0], [1.0, 1.0, 1.0], [0.0, 1.0, 0.0], [0.0, 0.0, 1.0], [1.0, 1.0, 1.0], [0.0, 0.0, 1.0], [1.0, 0.0, 0.0], [1.0, 0.0, 0.0], [0.0, 1.0, 1.0], [0.0, 0.0, 0.0]], "T_e": [0, 83, 72, 68, 51, 89, 50, 71, 75, 0], "T_t": [[0.0, 51.22499389946279, 62.39390995922599, 67.62396025078685, 30.14962686336267, 39.20459156782532, 43.41658669218482, 31.144823004794873, 73.00684899377592, 38.63935817272331], [51.22499389946279, 0.0, 109.85900054160332, 85.0235261559999, 75.76938695805846, 64.00781202322104, 26.1725046566048, 55.65968020030299, 27.16615541441225, 39.05124837953327], [62.39390995922599, 109.85900054160332, 0.0, 65.19202405202648, 61.40032573203501, 89.00561780022652, 91.93475947648963, 59.033888572581766, 125.1758762701504, 79.51100552753688], [67.62396025078685, 85.0235261559999, 65.19202405202648, 0.0, 91.21403400793103, 106.82696288858914, 59.00847396772772, 37.21558813185679, 85.72630868059116, 46.17358552246078], [30.14962686336267, 75.76938695805846, 61.40032573203501, 91.21403400793103, 0.0, 28.635642126552707, 73.06161783043132, 58.180752831155424, 100.42410069301094, 68.73136110975832], [39.20459156782532, 64.00781202322104, 89.00561780022652, 106.82696288858914, 28.635642126552707, 0.0, 71.5122367151245, 70.09279563550022, 91.02197536858887, 72.71863585079137], [43.41658669218482, 26.1725046566048, 91.93475947648963, 59.00847396772772, 73.06161783043132, 71.5122367151245, 0.0, 33.60059523282288, 33.24154027718932, 13.92838827718412], [31.144823004794873, 55.65968020030299, 59.033888572581766, 37.21558813185679, 58.180752831155424, 70.09279563550022, 33.60059523282288, 0.0, 66.60330322138685, 20.518284528683193], [73.00684899377592, 27.16615541441225, 125.1758762701504, 85.72630868059116, 100.42410069301094, 91.02197536858887, 33.24154027718932, 66.60330322138685, 0.0, 46.22769732530488], [38.63935817272331, 39.05124837953327, 79.51100552753688, 46.17358552246078, 68.73136110975832, 72.71863585079137, 13.92838827718412, 20.518284528683193, 46.22769732530488, 0.0]], "task_locations": [[61, 69], [93, 29], [3, 92], [8, 27], [64, 99], [92, 93], [67, 26], [40, 46], [90, 2], [54, 31]], "precedence_constraints": [[6, 3], [5, 3]]}