{"Q": [[0, 1, 0], [0, 1, 1], [1, 0, 0]], "R": [[0.0, 0.0, 0.0], [0.0, 1.0, 1.0], [0.0, 0.0, 1.0], [0.0, 0.0, 1.0], [1.0, 0.0, 0.0], [0.0, 1.0, 0.0], [1.0, 0.0, 0.0], [0.0, 1.0, 0.0], [1.0, 1.0, 1.0], [0.0, 0.0, 0.0]], "T_e": [0, 56, 76, 63, 87, 58, 80, 71, 83, 0], "T_t": [[0.0, 71.16881339463234, 27.073972741361768, 24.186773244895647, 50.92150822589606, 60.41522986797286, 67.72001181334805, 67.72001181334805, 62.39390995922599, 50.32891812864648], [71.16881339463234, 0.0, 84.87638069569178, 89.45389874119518, 20.396078054371138, 12.041594578792296, 3.605551275463989, 40.11234224026316, 15.231546211727817, 84.40379138403677], [27.073972741361768, 84.87638069569178, 0.0, 43.382023926967726, 66.60330322138685, 72.94518489934754, 81.27115109311545, 67.47592163134935, 72.47068372797375, 28.284271247461902], [24.186773244895647, 89.45389874119518, 43.382023926967726, 0.0, 69.18092222571191, 80.00624975587844, 86.28441342444185, 91.4166286842826, 83.15046602394962, 70.7248188403477], [50.92150822589606, 20.396078054371138, 66.60330322138685, 69.18092222571191, 0.0, 11.704699910719626, 17.11724276862369, 39.81205847478876, 17.204650534085253, 70.68238818828917], [60.41522986797286, 12.041594578792296, 72.94518489934754, 80.00624975587844, 11.704699910719626, 0.0, 8.48528137423857, 32.55764119219941, 6.708203932499369, 72.67048919609665], [67.72001181334805, 3.605551275463989, 81.27115109311545, 86.28441342444185, 17.11724276862369, 8.48528137423857, 0.0, 38.0, 12.36931687685298, 81.02468759581859], [67.72001181334805, 40.11234224026316, 67.47592163134935, 91.4166286842826, 39.81205847478876, 32.55764119219941, 38.0, 0.0, 26.1725046566048, 54.70831746635972], [62.39390995922599, 15.231546211727817, 72.47068372797375, 83.15046602394962, 17.204650534085253, 6.708203932499369, 12.36931687685298, 26.1725046566048, 0.0, 69.65629906907199], [50.32891812864648, 84.40379138403677, 28.284271247461902, 70.7248188403477, 70.68238818828917, 72.67048919609665, 81.02468759581859, 54.70831746635972, 69.65629906907199, 0.0]], "task_locations": [[37, 31], [16, 99], [64, 29], [25, 10], [20, 79], [24, 90], [18, 96], [56, 96], [30, 93], [84, 49]], "precedence_constraints": [[4, 1], [7, 5], [7, 1]]}