{"Q": [[0, 0, 1], [1, 1, 1], [0, 0, 1]], "R": [[0.0, 0.0, 0.0], [1.0, 0.0, 0.0], [1.0, 0.0, 1.0], [0.0, 1.0, 0.0], [0.0, 1.0, 1.0], [0.0, 1.0, 0.0], [1.0, 0.0, 0.0], [0.0, 0.0, 1.0], [1.0, 0.0, 1.0], [0.0, 0.0, 0.0]], "T_e": [0, 91, 57, 89, 98, 62, 70, 71, 59, 0], "T_t": [[0.0, 68.4470598345904, 65.92419889539804, 39.824615503479755, 19.235384061671343, 81.02468759581859, 89.44271909999159, 45.0, 46.647615158762406, 30.23243291566195], [68.4470598345904, 0.0, 40.11234224026316, 43.41658669218482, 50.24937810560445, 12.649110640673518, 29.068883707497267, 73.824115301167, 57.38466694161429, 38.897300677553446], [65.92419889539804, 40.11234224026316, 0.0, 65.05382386916237, 48.08326112068523, 44.91102314577124, 35.4682957019364, 45.48626166217664, 28.178005607210743, 48.82622246293481], [39.824615503479755, 43.41658669218482, 65.05382386916237, 0.0, 32.0, 55.036351623268054, 71.56814934033156, 71.449282711585, 62.625873247404705, 18.973665961010276], [19.235384061671343, 50.24937810560445, 48.08326112068523, 32.0, 0.0, 62.64982043070834, 70.21395872616783, 39.81205847478876, 34.20526275297414, 15.231546211727817], [81.02468759581859, 12.649110640673518, 44.91102314577124, 55.036351623268054, 62.64982043070834, 0.0, 22.02271554554524, 83.48652585896721, 66.37017402418047, 51.54609587543949], [89.44271909999159, 29.068883707497267, 35.4682957019364, 71.56814934033156, 70.21395872616783, 22.02271554554524, 0.0, 80.15609770940699, 62.48199740725323, 63.00793600809346], [45.0, 73.824115301167, 45.48626166217664, 71.449282711585, 39.81205847478876, 83.48652585896721, 80.15609770940699, 0.0, 17.69180601295413, 53.03772242470448], [46.647615158762406, 57.38466694161429, 28.178005607210743, 62.625873247404705, 34.20526275297414, 66.37017402418047, 62.48199740725323, 17.69180601295413, 0.0, 43.657759905886145], [30.23243291566195, 38.897300677553446, 48.82622246293481, 18.973665961010276, 15.231546211727817, 51.54609587543949, 63.00793600809346, 53.03772242470448, 43.657759905886145, 0.0]], "task_locations": [[95, 52], [33, 81], [30, 41], [76, 87], [76, 55], [21, 85], [7, 68], [68, 16], [55, 28], [70, 69]], "precedence_constraints": [[4, 3], [5, 7], [8, 2]]}