{"Q": [[0, 0, 1], [0, 1, 0], [1, 1, 0]], "R": [[0.0, 0.0, 0.0], [0.0, 0.0, 1.0], [0.0, 1.0, 1.0], [0.0, 0.0, 1.0], [0.0, 1.0, 1.0], [1.0, 1.0, 1.0], [1.0, 0.0, 1.0], [1.0, 1.0, 0.0], [1.0, 0.0, 0.0], [0.0, 0.0, 0.0]], "T_e": [0, 89, 75, 80, 98, 58, 64, 68, 58, 0], "T_t": [[0.0, 47.75981574503821, 21.633307652783937, 25.495097567963924, 36.235341863986875, 17.72004514666935, 12.529964086141668, 34.539832078341085, 21.213203435596427, 28.178005607210743], [47.75981574503821, 0.0, 68.94200461257273, 41.0, 42.5440947723653, 30.083217912982647, 51.24451190127583, 35.77708763999664, 55.97320787662612, 71.02816342831905], [21.633307652783937, 68.94200461257273, 0.0, 43.56604182158393, 47.29693436154187, 38.91015291668744, 25.942243542145693, 53.823786563191554, 22.847319317591726, 13.92838827718412], [25.495097567963924, 41.0, 43.56604182158393, 0.0, 53.225933528685054, 23.323807579381203, 17.804493814764857, 10.63014581273465, 46.04345773288535, 53.14132102234569], [36.235341863986875, 42.5440947723653, 47.29693436154187, 53.225933528685054, 0.0, 30.083217912982647, 48.08326112068523, 57.0087712549569, 25.079872407968907, 41.048751503547585], [17.72004514666935, 30.083217912982647, 38.91015291668744, 23.323807579381203, 30.083217912982647, 0.0, 23.769728648009426, 27.294688127912362, 29.5296461204668, 42.42640687119285], [12.529964086141668, 51.24451190127583, 25.942243542145693, 17.804493814764857, 48.08326112068523, 23.769728648009426, 0.0, 28.319604517012593, 33.24154027718932, 36.6742416417845], [34.539832078341085, 35.77708763999664, 53.823786563191554, 10.63014581273465, 57.0087712549569, 27.294688127912362, 28.319604517012593, 0.0, 53.9351462406472, 62.64982043070834], [21.213203435596427, 55.97320787662612, 22.847319317591726, 46.04345773288535, 25.079872407968907, 29.5296461204668, 33.24154027718932, 53.9351462406472, 0.0, 16.492422502470642], [28.178005607210743, 71.02816342831905, 13.92838827718412, 53.14132102234569, 41.048751503547585, 42.42640687119285, 36.6742416417845, 62.64982043070834, 16.492422502470642, 0.0]], "task_locations": [[54, 37], [9, 21], [72, 49], [49, 12], [26, 60], [37, 32], [60, 26], [41, 5], [51, 58], [67, 62]], "precedence_constraints": [[6, 3]]}