{"Q": [[1, 0, 1], [1, 0, 0], [0, 1, 1]], "R": [[0.0, 0.0, 0.0], [0.0, 0.0, 1.0], [0.0, 1.0, 0.0], [0.0, 0.0, 1.0], [0.0, 0.0, 1.0], [0.0, 1.0, 0.0], [1.0, 0.0, 1.0], [0.0, 1.0, 1.0], [0.0, 0.0, 1.0], [0.0, 0.0, 0.0]], "T_e": [0, 76, 97, 80, 80, 91, 86, 81, 50, 0], "T_t": [[0.0, 63.63961030678928, 36.40054944640259, 43.965895873961216, 45.31004303683677, 34.0, 64.47480127925948, 66.12866246946176, 74.46475676452586, 72.27724399837061], [63.63961030678928, 0.0, 36.40054944640259, 21.37755832643195, 22.47220505424423, 33.734255586866, 17.46424919657298, 14.035668847618199, 29.410882339705484, 27.892651361962706], [36.40054944640259, 36.40054944640259, 0.0, 27.202941017470888, 31.04834939252005, 29.274562336608895, 46.32493928760188, 45.60701700396552, 38.47076812334269, 36.345563690772494], [43.965895873961216, 21.37755832643195, 27.202941017470888, 0.0, 4.0, 12.36931687685298, 21.400934559032695, 22.360679774997898, 43.86342439892262, 41.773197148410844], [45.31004303683677, 22.47220505424423, 31.04834939252005, 4.0, 0.0, 12.041594578792296, 19.235384061671343, 20.8806130178211, 46.861498055439924, 44.82186966202994], [34.0, 33.734255586866, 29.274562336608895, 12.36931687685298, 12.041594578792296, 0.0, 30.675723300355934, 32.7566787083184, 54.67174773134658, 52.49761899362675], [64.47480127925948, 17.46424919657298, 46.32493928760188, 21.400934559032695, 19.235384061671343, 30.675723300355934, 0.0, 4.242640687119285, 46.84015371452148, 45.35416188179427], [66.12866246946176, 14.035668847618199, 45.60701700396552, 22.360679774997898, 20.8806130178211, 32.7566787083184, 4.242640687119285, 0.0, 43.174066289845804, 41.773197148410844], [74.46475676452586, 29.410882339705484, 38.47076812334269, 43.86342439892262, 46.861498055439924, 54.67174773134658, 46.84015371452148, 43.174066289845804, 0.0, 2.23606797749979], [72.27724399837061, 27.892651361962706, 36.345563690772494, 41.773197148410844, 44.82186966202994, 52.49761899362675, 45.35416188179427, 41.773197148410844, 2.23606797749979, 0.0]], "task_locations": [[27, 15], [36, 78], [14, 49], [40, 57], [44, 57], [43, 45], [53, 74], [50, 77], [8, 87], [9, 85]], "precedence_constraints": [[8, 5], [1, 4], [1, 7], [7, 3]]}