{"Q": [[0, 1, 1], [1, 1, 0], [0, 1, 0]], "R": [[0.0, 0.0, 0.0], [1.0, 0.0, 0.0], [0.0, 0.0, 1.0], [0.0, 0.0, 1.0], [1.0, 1.0, 1.0], [1.0, 0.0, 0.0], [0.0, 1.0, 0.0], [0.0, 1.0, 0.0], [1.0, 1.0, 0.0], [0.0, 0.0, 0.0]], "T_e": [0, 99, 69, 65, 66, 97, 80, 95, 51, 0], "T_t": [[0.0, 73.348483283569, 39.05124837953327, 8.06225774829855, 87.04596486914255, 90.0499861188218, 74.33034373659252, 116.69190203266035, 53.075418038862395, 95.88013350011565], [73.348483283569, 0.0, 35.11409973215888, 74.33034373659252, 45.70557952810576, 31.575306807693888, 88.45903006477066, 68.06614430096654, 43.829214001622255, 35.73513677041127], [39.05124837953327, 35.11409973215888, 0.0, 39.293765408777, 62.24146527838174, 58.05170109479997, 78.79086241436883, 90.91754506144565, 37.12142238654117, 63.655321851358195], [8.06225774829855, 74.33034373659252, 39.293765408777, 0.0, 91.96738552334735, 93.47726996441435, 82.21921916437786, 121.69634341261039, 58.60034129593445, 99.29753269845128], [87.04596486914255, 45.70557952810576, 62.24146527838174, 91.96738552334735, 0.0, 19.79898987322333, 58.9406481131655, 29.732137494637012, 34.40930106817051, 21.95449840010015], [90.0499861188218, 31.575306807693888, 58.05170109479997, 93.47726996441435, 19.79898987322333, 0.0, 76.69419795525604, 36.49657518178932, 42.42640687119285, 5.830951894845301], [74.33034373659252, 88.45903006477066, 78.79086241436883, 82.21921916437786, 58.9406481131655, 76.69419795525604, 0.0, 77.31752712031083, 45.45327270945405, 80.32434251209281], [116.69190203266035, 68.06614430096654, 90.91754506144565, 121.69634341261039, 29.732137494637012, 36.49657518178932, 77.31752712031083, 0.0, 63.7808748764079, 33.015148038438355], [53.075418038862395, 43.829214001622255, 37.12142238654117, 58.60034129593445, 34.40930106817051, 42.42640687119285, 45.45327270945405, 63.7808748764079, 0.0, 47.853944456021594], [95.88013350011565, 35.73513677041127, 63.655321851358195, 99.29753269845128, 21.95449840010015, 5.830951894845301, 80.32434251209281, 33.015148038438355, 47.853944456021594, 0.0]], "task_locations": [[82, 95], [68, 23], [80, 56], [90, 94], [23, 31], [37, 17], [8, 88], [1, 11], [43, 59], [34, 12]], "precedence_constraints": [[6, 5], [1, 4]]}