{"Q": [[0, 1, 0], [1, 0, 0], [1, 1, 1]], "R": [[0.0, 0.0, 0.0], [0.0, 1.0, 0.0], [1.0, 0.0, 0.0], [1.0, 1.0, 0.0], [1.0, 1.0, 1.0], [1.0, 0.0, 1.0], [1.0, 1.0, 1.0], [0.0, 1.0, 1.0], [0.0, 1.0, 0.0], [0.0, 0.0, 0.0]], "T_e": [0, 74, 70, 61, 72, 56, 67, 88, 95, 0], "T_t": [[0.0, 118.6001686339442, 91.02197536858887, 96.83491106000976, 78.81624198095213, 87.05170877128145, 76.68767828015137, 38.3275357934736, 94.53041838477179, 56.0357029044876], [118.6001686339442, 0.0, 95.12623192369179, 21.93171219946131, 39.824615503479755, 68.46897107449476, 79.1012010022604, 95.85927185202274, 88.05679985100527, 94.2019108086455], [91.02197536858887, 95.12623192369179, 0.0, 84.581321815162, 76.60939890117922, 122.34786471369249, 21.2602916254693, 53.08483775994799, 8.54400374531753, 35.0], [96.83491106000976, 21.93171219946131, 84.581321815162, 0.0, 18.027756377319946, 53.600373133029585, 65.80273550544841, 76.15773105863909, 78.77182237323191, 77.0], [78.81624198095213, 39.824615503479755, 76.60939890117922, 18.027756377319946, 0.0, 48.76474136094644, 56.08029957123981, 59.53990258641679, 72.24956747275377, 62.80127387243033], [87.05170877128145, 68.46897107449476, 122.34786471369249, 53.600373133029585, 48.76474136094644, 0.0, 101.11874208078342, 89.15716460273958, 119.20570456148481, 100.16985574512923], [76.68767828015137, 79.1012010022604, 21.2602916254693, 65.80273550544841, 56.08029957123981, 101.11874208078342, 0.0, 38.600518131237564, 19.924858845171276, 23.600847442411894], [38.3275357934736, 95.85927185202274, 53.08483775994799, 76.15773105863909, 59.53990258641679, 89.15716460273958, 38.600518131237564, 0.0, 56.22277118748239, 18.24828759089466], [94.53041838477179, 88.05679985100527, 8.54400374531753, 78.77182237323191, 72.24956747275377, 119.20570456148481, 19.924858845171276, 56.22277118748239, 0.0, 38.8329756778952], [56.0357029044876, 94.2019108086455, 35.0, 77.0, 62.80127387243033, 100.16985574512923, 23.600847442411894, 18.24828759089466, 38.8329756778952, 0.0]], "task_locations": [[0, 98], [95, 27], [2, 7], [79, 42], [64, 52], [87, 95], [16, 23], [5, 60], [10, 4], [2, 42]], "precedence_constraints": [[4, 2], [4, 3], [5, 3], [4, 5], [7, 3]]}