{"Q": [[0, 1, 0], [0, 0, 1], [1, 1, 1]], "R": [[0.0, 0.0, 0.0], [1.0, 0.0, 0.0], [0.0, 0.0, 1.0], [1.0, 1.0, 1.0], [1.0, 0.0, 0.0], [1.0, 0.0, 0.0], [0.0, 0.0, 1.0], [0.0, 1.0, 0.0], [1.0, 1.0, 0.0], [0.0, 0.0, 0.0]], "T_e": [0, 58, 63, 74, 87, 95, 98, 52, 53, 0], "T_t": [[0.0, 55.54277630799526, 51.62363799656123, 59.682493245507096, 59.405386961116584, 29.154759474226502, 20.0, 44.27188724235731, 28.30194339616981, 42.0], [55.54277630799526, 0.0, 41.23105625617661, 9.0, 89.8443097808648, 84.52810183601665, 75.13321502504735, 99.72462083156798, 27.892651361962706, 95.56673061269805], [51.62363799656123, 41.23105625617661, 0.0, 36.235341863986875, 54.0, 76.84399781375251, 69.46221994724903, 86.97700845625813, 33.37663853655727, 77.62087348130012], [59.682493245507096, 9.0, 36.235341863986875, 0.0, 87.66413177577246, 88.83692925805124, 79.61155694998057, 103.31505214633539, 31.38470965295043, 98.03060746521976], [59.405386961116584, 89.8443097808648, 54.0, 87.66413177577246, 0.0, 63.788713735268246, 62.93647591023825, 62.39390995922599, 67.60177512462228, 48.507731342539614], [29.154759474226502, 84.52810183601665, 76.84399781375251, 88.83692925805124, 63.788713735268246, 0.0, 9.486832980505138, 17.029386365926403, 57.4543296888929, 22.67156809750927], [20.0, 75.13321502504735, 69.46221994724903, 79.61155694998057, 62.93647591023825, 9.486832980505138, 0.0, 26.076809620810597, 48.25971404805462, 28.635642126552707], [44.27188724235731, 99.72462083156798, 86.97700845625813, 103.31505214633539, 62.39390995922599, 17.029386365926403, 26.076809620810597, 0.0, 72.09022125087424, 14.0], [28.30194339616981, 27.892651361962706, 33.37663853655727, 31.38470965295043, 67.60177512462228, 57.4543296888929, 48.25971404805462, 72.09022125087424, 0.0, 67.68308503607086], [42.0, 95.56673061269805, 77.62087348130012, 98.03060746521976, 48.507731342539614, 22.67156809750927, 28.635642126552707, 14.0, 67.68308503607086, 0.0]], "task_locations": [[46, 45], [68, 96], [94, 64], [77, 96], [94, 10], [31, 20], [34, 29], [32, 3], [61, 69], [46, 3]], "precedence_constraints": [[3, 7]]}