{"Q": [[0, 1, 1], [0, 1, 1], [1, 1, 0]], "R": [[0.0, 0.0, 0.0], [0.0, 1.0, 0.0], [0.0, 1.0, 0.0], [0.0, 1.0, 0.0], [0.0, 1.0, 1.0], [0.0, 0.0, 1.0], [0.0, 0.0, 1.0], [0.0, 0.0, 1.0], [0.0, 1.0, 0.0], [0.0, 0.0, 0.0]], "T_e": [0, 87, 55, 76, 97, 77, 91, 60, 68, 0], "T_t": [[0.0, 42.80186911806539, 59.39696961966999, 42.579337712087536, 53.600373133029585, 19.1049731745428, 20.518284528683193, 33.13608305156178, 37.20215047547655, 34.23448553724738], [42.80186911806539, 0.0, 101.9803902718557, 33.95585369269929, 38.948684188300895, 55.21775076911409, 63.12685640834652, 69.6419413859206, 64.1248781675256, 74.32361670424818], [59.39696961966999, 101.9803902718557, 0.0, 91.0, 100.90094152187085, 49.64876634922564, 38.897300677553446, 40.024992192379, 65.11528238439882, 38.8329756778952], [42.579337712087536, 33.95585369269929, 91.0, 0.0, 11.045361017187261, 41.7612260356422, 56.568542494923804, 51.97114584074513, 77.62087348130012, 76.05918747922567], [53.600373133029585, 38.948684188300895, 100.90094152187085, 11.045361017187261, 0.0, 52.172789842982326, 67.36467917239716, 61.326992425847855, 88.25531145489205, 87.09190547921202], [19.1049731745428, 55.21775076911409, 49.64876634922564, 41.7612260356422, 52.172789842982326, 0.0, 16.492422502470642, 14.866068747318506, 52.009614495783374, 39.0], [20.518284528683193, 63.12685640834652, 38.897300677553446, 56.568542494923804, 67.36467917239716, 16.492422502470642, 0.0, 21.095023109728988, 40.311288741492746, 22.825424421026653], [33.13608305156178, 69.6419413859206, 40.024992192379, 51.97114584074513, 61.326992425847855, 14.866068747318506, 21.095023109728988, 0.0, 61.26989472816156, 42.44997055358225], [37.20215047547655, 64.1248781675256, 65.11528238439882, 77.62087348130012, 88.25531145489205, 52.009614495783374, 40.311288741492746, 61.26989472816156, 0.0, 26.30589287593181], [34.23448553724738, 74.32361670424818, 38.8329756778952, 76.05918747922567, 87.09190547921202, 39.0, 22.825424421026653, 42.44997055358225, 26.30589287593181, 0.0]], "task_locations": [[53, 30], [19, 4], [95, 72], [11, 37], [0, 38], [51, 49], [67, 45], [56, 63], [83, 8], [87, 34]], "precedence_constraints": [[8, 1], [6, 5], [1, 7], [8, 4]]}