{"Q": [[1, 1, 0], [0, 0, 1], [0, 1, 1]], "R": [[0.0, 0.0, 0.0], [0.0, 1.0, 1.0], [1.0, 1.0, 1.0], [0.0, 1.0, 1.0], [0.0, 0.0, 1.0], [1.0, 1.0, 0.0], [1.0, 1.0, 0.0], [1.0, 1.0, 0.0], [1.0, 0.0, 0.0], [0.0, 0.0, 0.0]], "T_e": [0, 56, 86, 86, 75, 62, 53, 57, 98, 0], "T_t": [[0.0, 70.57619995437555, 52.773099207835045, 41.30375285612676, 44.181444068749045, 95.1892851112981, 88.84255736976509, 71.11961754677819, 32.2490309931942, 60.83584469702052], [70.57619995437555, 0.0, 95.80187889597991, 39.05124837953327, 36.40054944640259, 60.92618484691127, 47.853944456021594, 58.077534382926416, 44.68780594300866, 52.172789842982326], [52.773099207835045, 95.80187889597991, 0.0, 56.859475903318, 59.405386961116584, 83.67795408588812, 85.0881895447306, 57.245087125446844, 53.225933528685054, 52.839379254491625], [41.30375285612676, 39.05124837953327, 56.859475903318, 0.0, 3.1622776601683795, 55.47071299343465, 47.80167361086848, 35.608987629529715, 9.055385138137417, 25.238858928247925], [44.181444068749045, 36.40054944640259, 59.405386961116584, 3.1622776601683795, 0.0, 53.33854141237835, 45.221676218380054, 34.66987164671943, 12.0, 24.596747752497688], [95.1892851112981, 60.92618484691127, 83.67795408588812, 55.47071299343465, 53.33854141237835, 0.0, 13.341664064126334, 27.073972741361768, 63.97655820689325, 35.35533905932738], [88.84255736976509, 47.853944456021594, 85.0881895447306, 47.80167361086848, 45.221676218380054, 13.341664064126334, 0.0, 28.30194339616981, 56.753854494650845, 32.984845004941285], [71.11961754677819, 58.077534382926416, 57.245087125446844, 35.608987629529715, 34.66987164671943, 27.073972741361768, 28.30194339616981, 0.0, 42.44997055358225, 10.63014581273465], [32.2490309931942, 44.68780594300866, 53.225933528685054, 9.055385138137417, 12.0, 63.97655820689325, 56.753854494650845, 42.44997055358225, 0.0, 31.827660925679098], [60.83584469702052, 52.172789842982326, 52.839379254491625, 25.238858928247925, 24.596747752497688, 35.35533905932738, 32.984845004941285, 10.63014581273465, 31.827660925679098, 0.0]], "task_locations": [[32, 1], [7, 67], [84, 10], [37, 42], [36, 45], [63, 91], [50, 88], [65, 64], [36, 33], [58, 56]], "precedence_constraints": [[8, 7], [3, 1], [3, 2], [3, 7]]}