{"Q": [[0, 0, 1], [1, 0, 1], [1, 1, 0]], "R": [[0.0, 0.0, 0.0], [1.0, 1.0, 0.0], [0.0, 0.0, 1.0], [0.0, 1.0, 0.0], [1.0, 0.0, 0.0], [1.0, 1.0, 0.0], [1.0, 1.0, 0.0], [0.0, 0.0, 1.0], [1.0, 0.0, 0.0], [0.0, 0.0, 0.0]], "T_e": [0, 94, 94, 80, 69, 70, 72, 93, 61, 0], "T_t": [[0.0, 33.61547262794322, 77.4919350642375, 44.77722635447622, 87.80091115700337, 91.28526715741155, 89.26925562588724, 40.0, 65.80273550544841, 70.0], [33.61547262794322, 0.0, 57.3149195236284, 12.041594578792296, 55.86591089385369, 57.697486947006624, 57.0350769263968, 11.045361017187261, 40.792156108742276, 44.384682042344295], [77.4919350642375, 57.3149195236284, 0.0, 58.82176467941097, 79.05694150420949, 64.77653896280658, 43.657759905886145, 64.66065264130884, 86.00581375697809, 87.66413177577246], [44.77722635447622, 12.041594578792296, 58.82176467941097, 0.0, 43.840620433565945, 46.8187996428785, 49.49747468305833, 7.280109889280518, 31.0, 34.132096331752024], [87.80091115700337, 55.86591089385369, 79.05694150420949, 43.840620433565945, 0.0, 19.849433241279208, 42.04759208325728, 47.80167361086848, 31.0, 28.160255680657446], [91.28526715741155, 57.697486947006624, 64.77653896280658, 46.8187996428785, 19.849433241279208, 0.0, 23.53720459187964, 52.88667128870941, 46.486557196677836, 44.77722635447622], [89.26925562588724, 57.0350769263968, 43.657759905886145, 49.49747468305833, 42.04759208325728, 23.53720459187964, 0.0, 56.71860364994893, 62.00806399170998, 61.61980201201558], [40.0, 11.045361017187261, 64.66065264130884, 7.280109889280518, 47.80167361086848, 52.88667128870941, 56.71860364994893, 0.0, 29.832867780352597, 33.52610922848042], [65.80273550544841, 40.792156108742276, 86.00581375697809, 31.0, 31.0, 46.486557196677836, 62.00806399170998, 29.832867780352597, 0.0, 4.242640687119285], [70.0, 44.384682042344295, 87.66413177577246, 34.132096331752024, 28.160255680657446, 44.77722635447622, 61.61980201201558, 33.52610922848042, 4.242640687119285, 0.0]], "task_locations": [[67, 94], [54, 63], [93, 21], [45, 55], [14, 24], [29, 11], [52, 6], [43, 62], [14, 55], [11, 52]], "precedence_constraints": [[3, 2], [5, 4], [4, 2], [5, 6], [1, 3], [1, 4]]}