{"Q": [[0, 0, 1], [0, 0, 1], [1, 1, 0]], "R": [[0.0, 0.0, 0.0], [0.0, 0.0, 1.0], [0.0, 1.0, 0.0], [0.0, 1.0, 0.0], [1.0, 0.0, 0.0], [0.0, 1.0, 0.0], [1.0, 0.0, 0.0], [1.0, 1.0, 1.0], [0.0, 0.0, 1.0], [0.0, 0.0, 0.0]], "T_e": [0, 81, 91, 91, 90, 93, 89, 66, 84, 0], "T_t": [[0.0, 49.24428900898052, 15.620499351813308, 30.805843601498726, 62.07253821135398, 44.82186966202994, 85.70297544426332, 34.0, 15.297058540778355, 75.61084578286372], [49.24428900898052, 0.0, 62.39390995922599, 78.54934754662193, 89.05054744357274, 50.15974481593781, 75.53806987208503, 65.79513659838392, 51.15662224971465, 110.45361017187261], [15.620499351813308, 62.39390995922599, 0.0, 16.15549442140351, 50.48762224545735, 44.41846462902562, 84.81155581640984, 24.166091947189145, 27.892651361962706, 61.1310068623117], [30.805843601498726, 78.54934754662193, 16.15549442140351, 0.0, 49.193495504995376, 55.65968020030299, 94.02127418834527, 29.68164415931166, 39.66106403010388, 53.009433122794285], [62.07253821135398, 89.05054744357274, 50.48762224545735, 49.193495504995376, 0.0, 41.10960958218893, 60.03332407921454, 28.160255680657446, 77.0, 24.698178070456937], [44.82186966202994, 50.15974481593781, 44.41846462902562, 55.65968020030299, 41.10960958218893, 0.0, 41.012193308819754, 28.0178514522438, 58.83026432033091, 64.89992295835181], [85.70297544426332, 75.53806987208503, 84.81155581640984, 94.02127418834527, 60.03332407921454, 41.012193308819754, 0.0, 64.41273166075166, 99.20181449953424, 83.2946576918352], [34.0, 65.79513659838392, 24.166091947189145, 29.68164415931166, 28.160255680657446, 28.0178514522438, 64.41273166075166, 0.0, 49.09175083453431, 45.221676218380054], [15.297058540778355, 51.15662224971465, 27.892651361962706, 39.66106403010388, 77.0, 58.83026432033091, 99.20181449953424, 49.09175083453431, 0.0, 89.02246907382428], [75.61084578286372, 110.45361017187261, 61.1310068623117, 53.009433122794285, 24.698178070456937, 64.89992295835181, 83.2946576918352, 45.221676218380054, 89.02246907382428, 0.0]], "task_locations": [[34, 17], [82, 6], [24, 29], [9, 35], [31, 79], [62, 52], [91, 81], [34, 51], [31, 2], [8, 88]], "precedence_constraints": [[8, 7]]}