{"Q": [[1, 1, 1], [1, 0, 0], [0, 1, 0]], "R": [[0.0, 0.0, 0.0], [1.0, 0.0, 0.0], [0.0, 1.0, 0.0], [0.0, 1.0, 1.0], [0.0, 0.0, 1.0], [0.0, 0.0, 1.0], [1.0, 0.0, 1.0], [0.0, 1.0, 0.0], [0.0, 1.0, 0.0], [0.0, 0.0, 0.0]], "T_e": [0, 77, 82, 67, 52, 79, 76, 59, 95, 0], "T_t": [[0.0, 18.027756377319946, 60.207972893961475, 30.4138126514911, 44.721359549995796, 45.27692569068709, 24.839484696748443, 44.9221548904324, 24.186773244895647, 69.33974329343886], [18.027756377319946, 0.0, 70.71067811865476, 45.27692569068709, 44.14748010928823, 49.64876634922564, 39.92492955535426, 62.5859409132754, 41.10960958218893, 79.90619500389191], [60.207972893961475, 70.71067811865476, 0.0, 73.824115301167, 40.607881008493905, 27.65863337187866, 37.33630940518894, 64.93843238021688, 63.953107821277925, 9.219544457292887], [30.4138126514911, 45.27692569068709, 73.824115301167, 0.0, 72.09022125087424, 68.8839603971781, 38.05259518088089, 23.769728648009426, 10.0, 81.78630692236935], [44.721359549995796, 44.14748010928823, 40.607881008493905, 72.09022125087424, 0.0, 13.038404810405298, 38.897300677553446, 76.48529270389177, 63.06346010171025, 48.08326112068523], [45.27692569068709, 49.64876634922564, 27.65863337187866, 68.8839603971781, 13.038404810405298, 0.0, 32.202484376209235, 69.33974329343886, 59.20304046246274, 35.4682957019364], [24.839484696748443, 39.92492955535426, 37.33630940518894, 38.05259518088089, 38.897300677553446, 32.202484376209235, 0.0, 37.64306044943742, 28.071337695236398, 46.09772228646444], [44.9221548904324, 62.5859409132754, 64.93843238021688, 23.769728648009426, 76.48529270389177, 69.33974329343886, 37.64306044943742, 0.0, 22.02271554554524, 71.17583859709698], [24.186773244895647, 41.10960958218893, 63.953107821277925, 10.0, 63.06346010171025, 59.20304046246274, 28.071337695236398, 22.02271554554524, 0.0, 72.03471385380801], [69.33974329343886, 79.90619500389191, 9.219544457292887, 81.78630692236935, 48.08326112068523, 35.4682957019364, 46.09772228646444, 71.17583859709698, 72.03471385380801, 0.0]], "task_locations": [[64, 33], [63, 15], [13, 65], [86, 54], [20, 25], [19, 38], [48, 52], [77, 76], [76, 54], [6, 71]], "precedence_constraints": [[4, 2], [5, 2], [7, 2]]}