{"Q": [[0, 0, 1], [1, 1, 1], [1, 0, 1]], "R": [[0.0, 0.0, 0.0], [1.0, 0.0, 0.0], [1.0, 1.0, 0.0], [0.0, 0.0, 1.0], [1.0, 1.0, 0.0], [0.0, 0.0, 1.0], [1.0, 0.0, 0.0], [1.0, 1.0, 0.0], [1.0, 1.0, 0.0], [0.0, 0.0, 0.0]], "T_e": [0, 56, 50, 52, 63, 51, 86, 92, 64, 0], "T_t": [[0.0, 62.6418390534633, 41.773197148410844, 36.069377593742864, 76.55063683601855, 18.384776310850235, 65.0, 18.384776310850235, 29.832867780352597, 41.23105625617661], [62.6418390534633, 0.0, 21.470910553583888, 35.90264614203248, 45.60701700396552, 63.51377803280167, 7.0, 56.302753041036986, 70.83784299369935, 60.4648658313239], [41.773197148410844, 21.470910553583888, 0.0, 24.08318915758459, 46.010868281309364, 42.20189569201838, 25.495097567963924, 35.0, 50.24937810560445, 42.720018726587654], [36.069377593742864, 35.90264614203248, 24.08318915758459, 0.0, 70.09279563550022, 46.61544808322666, 35.014282800023196, 40.80441152620633, 57.87054518492115, 58.008620049092706], [76.55063683601855, 45.60701700396552, 46.010868281309364, 70.09279563550022, 0.0, 65.62011886609167, 52.392747589718944, 60.41522986797286, 65.06919393998976, 46.389654018972806], [18.384776310850235, 63.51377803280167, 42.20189569201838, 46.61544808322666, 65.62011886609167, 0.0, 67.62396025078685, 7.211102550927978, 12.0, 24.20743687382041], [65.0, 7.0, 25.495097567963924, 35.014282800023196, 52.392747589718944, 67.62396025078685, 0.0, 60.440052945046304, 75.66372975210778, 66.37017402418047], [18.384776310850235, 56.302753041036986, 35.0, 40.80441152620633, 60.41522986797286, 7.211102550927978, 60.440052945046304, 0.0, 17.08800749063506, 23.021728866442675], [29.832867780352597, 70.83784299369935, 50.24937810560445, 57.87054518492115, 65.06919393998976, 12.0, 75.66372975210778, 17.08800749063506, 0.0, 19.235384061671343], [41.23105625617661, 60.4648658313239, 42.720018726587654, 58.008620049092706, 46.389654018972806, 24.20743687382041, 66.37017402418047, 23.021728866442675, 19.235384061671343, 0.0]], "task_locations": [[84, 32], [24, 50], [43, 40], [59, 58], [12, 6], [77, 15], [24, 57], [71, 19], [77, 3], [58, 0]], "precedence_constraints": [[3, 5], [4, 6], [4, 8], [4, 1]]}