{"Q": [[0, 1, 1], [1, 0, 0], [0, 1, 1]], "R": [[0.0, 0.0, 0.0], [0.0, 1.0, 0.0], [0.0, 0.0, 1.0], [1.0, 0.0, 0.0], [0.0, 0.0, 1.0], [1.0, 1.0, 1.0], [0.0, 1.0, 1.0], [0.0, 1.0, 0.0], [1.0, 1.0, 0.0], [0.0, 0.0, 0.0]], "T_e": [0, 64, 57, 89, 93, 99, 80, 60, 81, 0], "T_t": [[0.0, 22.67156809750927, 48.02082881417188, 29.832867780352597, 16.401219466856727, 64.38167441127949, 57.28001396647874, 39.824615503479755, 20.615528128088304, 25.942243542145693], [22.67156809750927, 0.0, 49.39635614091387, 52.3450093132096, 25.317977802344327, 83.93449827097318, 62.64982043070834, 52.15361924162119, 42.20189569201838, 9.433981132056603], [48.02082881417188, 49.39635614091387, 0.0, 64.28063471995279, 63.60031446463138, 61.84658438426491, 15.0, 24.166091947189145, 62.36184731067546, 41.14608122288197], [29.832867780352597, 52.3450093132096, 64.28063471995279, 0.0, 34.539832078341085, 47.75981574503821, 67.35725647619564, 44.94441010848846, 11.704699910719626, 55.47071299343465], [16.401219466856727, 25.317977802344327, 63.60031446463138, 34.539832078341085, 0.0, 77.05841939723393, 73.55270219373317, 56.08029957123981, 22.847319317591726, 33.015148038438355], [64.38167441127949, 83.93449827097318, 61.84658438426491, 47.75981574503821, 77.05841939723393, 0.0, 53.665631459994955, 38.948684188300895, 57.271284253105414, 81.70679286326198], [57.28001396647874, 62.64982043070834, 15.0, 67.35725647619564, 73.55270219373317, 53.665631459994955, 0.0, 22.561028345356956, 68.0, 55.02726596879042], [39.824615503479755, 52.15361924162119, 24.166091947189145, 44.94441010848846, 56.08029957123981, 38.948684188300895, 22.561028345356956, 0.0, 46.61544808322666, 47.16990566028302], [20.615528128088304, 42.20189569201838, 62.36184731067546, 11.704699910719626, 22.847319317591726, 57.271284253105414, 68.0, 46.61544808322666, 0.0, 46.51881339845203], [25.942243542145693, 9.433981132056603, 41.14608122288197, 55.47071299343465, 33.015148038438355, 81.70679286326198, 55.02726596879042, 47.16990566028302, 46.51881339845203, 0.0]], "task_locations": [[31, 46], [14, 31], [56, 5], [50, 69], [18, 56], [95, 53], [71, 5], [66, 27], [39, 65], [19, 23]], "precedence_constraints": [[3, 7], [8, 5]]}