{"Q": [[1, 0, 1], [1, 0, 1], [0, 1, 1]], "R": [[0.0, 0.0, 0.0], [1.0, 0.0, 1.0], [0.0, 1.0, 0.0], [0.0, 1.0, 1.0], [0.0, 1.0, 0.0], [1.0, 1.0, 0.0], [1.0, 0.0, 0.0], [0.0, 1.0, 1.0], [1.0, 1.0, 1.0], [0.0, 0.0, 0.0]], "T_e": [0, 90, 63, 58, 71, 89, 96, 72, 93, 0], "T_t": [[0.0, 103.46980235798269, 56.515484603779164, 78.5175139698144, 79.98124780221924, 39.05124837953327, 67.67569726275453, 28.600699292150182, 112.80514172678478, 95.0], [103.46980235798269, 0.0, 72.11102550927978, 78.33900688673555, 31.0, 85.37564055396598, 35.805027579936315, 76.94153624668537, 14.035668847618199, 9.219544457292887], [56.515484603779164, 72.11102550927978, 0.0, 23.345235059857504, 41.19465984809196, 19.4164878389476, 46.238512086787566, 32.2490309931942, 75.18643494673756, 63.0317380372777], [78.5175139698144, 78.33900688673555, 23.345235059857504, 0.0, 48.84669896727925, 39.6232255123179, 61.71709649683789, 55.57877292636101, 77.1621668954417, 70.21395872616783], [79.98124780221924, 31.0, 41.19465984809196, 48.84669896727925, 0.0, 55.71355310873648, 21.095023109728988, 51.62363799656123, 34.92849839314596, 22.090722034374522], [39.05124837953327, 85.37564055396598, 19.4164878389476, 39.6232255123179, 55.71355310873648, 0.0, 54.00925846556311, 21.93171219946131, 90.62008607367353, 76.15773105863909], [67.67569726275453, 35.805027579936315, 46.238512086787566, 61.71709649683789, 21.095023109728988, 54.00925846556311, 0.0, 41.78516483155236, 46.09772228646444, 27.586228448267445], [28.600699292150182, 76.94153624668537, 32.2490309931942, 55.57877292636101, 51.62363799656123, 21.93171219946131, 41.78516483155236, 0.0, 85.21150157109074, 68.09552114493287], [112.80514172678478, 14.035668847618199, 75.18643494673756, 77.1621668954417, 34.92849839314596, 90.62008607367353, 46.09772228646444, 85.21150157109074, 0.0, 18.867962264113206], [95.0, 9.219544457292887, 63.0317380372777, 70.21395872616783, 22.090722034374522, 76.15773105863909, 27.586228448267445, 68.09552114493287, 18.867962264113206, 0.0]], "task_locations": [[91, 83], [6, 24], [78, 28], [82, 5], [37, 24], [89, 44], [35, 45], [74, 60], [5, 10], [15, 26]], "precedence_constraints": [[5, 3], [4, 8], [8, 3], [6, 3], [8, 6]]}