{"Q": [[1, 1, 0], [0, 0, 1], [0, 0, 1]], "R": [[0.0, 0.0, 0.0], [0.0, 1.0, 0.0], [1.0, 1.0, 0.0], [0.0, 1.0, 0.0], [1.0, 0.0, 1.0], [1.0, 1.0, 1.0], [1.0, 0.0, 1.0], [1.0, 0.0, 0.0], [1.0, 1.0, 0.0], [0.0, 0.0, 0.0]], "T_e": [0, 71, 56, 87, 89, 81, 61, 93, 75, 0], "T_t": [[0.0, 92.19544457292888, 12.041594578792296, 76.32168761236873, 58.077534382926416, 32.802438933713454, 89.8276126811795, 51.86520991955976, 82.54089895318563, 18.24828759089466], [92.19544457292888, 0.0, 91.35097153287424, 43.41658669218482, 73.02739212103907, 60.4648658313239, 5.385164807134504, 41.10960958218893, 33.95585369269929, 84.21995013059554], [12.041594578792296, 91.35097153287424, 0.0, 81.25269226308751, 67.08203932499369, 35.73513677041127, 89.64373932405988, 50.24937810560445, 77.3692445355388, 28.635642126552707], [76.32168761236873, 43.41658669218482, 81.25269226308751, 0.0, 33.61547262794322, 45.70557952810576, 38.07886552931954, 44.598206241955516, 66.60330322138685, 61.40032573203501], [58.077534382926416, 73.02739212103907, 67.08203932499369, 33.61547262794322, 0.0, 39.408120990476064, 68.11754546370561, 54.378304497290095, 86.7294644281861, 40.0], [32.802438933713454, 60.4648658313239, 35.73513677041127, 45.70557952810576, 39.408120990476064, 0.0, 57.62811813689564, 23.194827009486403, 58.008620049092706, 24.351591323771842], [89.8276126811795, 5.385164807134504, 89.64373932405988, 38.07886552931954, 68.11754546370561, 57.62811813689564, 0.0, 39.66106403010388, 37.33630940518894, 80.99382692526635], [51.86520991955976, 41.10960958218893, 50.24937810560445, 44.598206241955516, 54.378304497290095, 23.194827009486403, 39.66106403010388, 0.0, 35.05709628591621, 47.29693436154187], [82.54089895318563, 33.95585369269929, 77.3692445355388, 66.60330322138685, 86.7294644281861, 58.008620049092706, 37.33630940518894, 35.05709628591621, 0.0, 81.49846624323675], [18.24828759089466, 84.21995013059554, 28.635642126552707, 61.40032573203501, 40.0, 24.351591323771842, 80.99382692526635, 47.29693436154187, 81.49846624323675, 0.0]], "task_locations": [[13, 82], [73, 12], [5, 73], [84, 54], [71, 85], [39, 62], [75, 17], [42, 39], [40, 4], [31, 85]], "precedence_constraints": [[5, 1], [5, 7], [4, 8], [1, 8]]}