{"Q": [[1, 1, 0], [0, 1, 1], [1, 1, 0]], "R": [[0.0, 0.0, 0.0], [1.0, 0.0, 1.0], [1.0, 1.0, 0.0], [1.0, 0.0, 1.0], [1.0, 0.0, 1.0], [1.0, 1.0, 0.0], [0.0, 1.0, 1.0], [1.0, 1.0, 1.0], [1.0, 1.0, 0.0], [0.0, 0.0, 0.0]], "T_e": [0, 71, 57, 51, 64, 65, 81, 77, 52, 0], "T_t": [[0.0, 91.0823802938856, 81.02468759581859, 67.05221845696084, 10.816653826391969, 30.265491900843113, 21.540659228538015, 9.486832980505138, 28.0178514522438, 43.41658669218482], [91.0823802938856, 0.0, 26.248809496813376, 24.166091947189145, 89.0, 90.0, 78.63841300535, 91.44397191723465, 85.0235261559999, 103.96634070698074], [81.02468759581859, 26.248809496813376, 0.0, 27.073972741361768, 82.07313811473277, 72.03471385380801, 63.97655820689325, 78.77182237323191, 67.72001181334805, 104.62313319720452], [67.05221845696084, 24.166091947189145, 27.073972741361768, 0.0, 64.8459713474939, 68.73136110975832, 56.0, 67.89698078707183, 63.50590523722971, 81.5659242576212], [10.816653826391969, 89.0, 82.07313811473277, 64.8459713474939, 0.0, 40.26164427839479, 29.068883707497267, 20.12461179749811, 37.33630940518894, 33.37663853655727], [30.265491900843113, 90.0, 72.03471385380801, 68.73136110975832, 40.26164427839479, 0.0, 15.620499351813308, 21.02379604162864, 5.385164807134504, 73.54590403278758], [21.540659228538015, 78.63841300535, 63.97655820689325, 56.0, 29.068883707497267, 15.620499351813308, 0.0, 15.556349186104045, 10.63014581273465, 62.07253821135398], [9.486832980505138, 91.44397191723465, 78.77182237323191, 67.89698078707183, 20.12461179749811, 21.02379604162864, 15.556349186104045, 0.0, 19.4164878389476, 52.88667128870941], [28.0178514522438, 85.0235261559999, 67.72001181334805, 63.50590523722971, 37.33630940518894, 5.385164807134504, 10.63014581273465, 19.4164878389476, 0.0, 70.71067811865476], [43.41658669218482, 103.96634070698074, 104.62313319720452, 81.5659242576212, 33.37663853655727, 73.54590403278758, 62.07253821135398, 52.88667128870941, 70.71067811865476, 0.0]], "task_locations": [[51, 9], [81, 95], [98, 75], [71, 73], [42, 15], [81, 5], [71, 17], [60, 6], [79, 10], [9, 20]], "precedence_constraints": [[2, 8], [1, 6]]}