{"Q": [[1, 0, 0], [1, 0, 1], [1, 1, 0]], "R": [[0.0, 0.0, 0.0], [1.0, 0.0, 0.0], [0.0, 0.0, 1.0], [1.0, 1.0, 0.0], [0.0, 0.0, 1.0], [1.0, 0.0, 1.0], [0.0, 0.0, 1.0], [0.0, 1.0, 1.0], [1.0, 1.0, 1.0], [0.0, 0.0, 0.0]], "T_e": [0, 92, 65, 64, 53, 86, 77, 69, 87, 0], "T_t": [[0.0, 70.43436661176133, 39.92492955535426, 45.967379738244816, 53.600373133029585, 77.87810988975015, 68.6804193347711, 22.80350850198276, 70.83784299369935, 49.193495504995376], [70.43436661176133, 0.0, 90.33825324855468, 79.12016177940993, 42.7551166528639, 20.0, 90.08884503644167, 74.33034373659252, 24.186773244895647, 93.98404119849285], [39.92492955535426, 90.33825324855468, 0.0, 18.681541692269406, 89.02246907382428, 88.86506625215557, 37.107950630558946, 19.026297590440446, 79.39773296511683, 9.899494936611665], [45.967379738244816, 79.12016177940993, 18.681541692269406, 0.0, 86.34813257969161, 74.43117626371358, 22.80350850198276, 23.600847442411894, 64.66065264130884, 16.278820596099706], [53.600373133029585, 42.7551166528639, 89.02246907382428, 86.34813257969161, 0.0, 61.35144660071187, 105.1094667477673, 70.00714249274856, 61.29437168288782, 96.42095207992918], [77.87810988975015, 20.0, 88.86506625215557, 74.43117626371358, 61.35144660071187, 0.0, 80.52328855678958, 75.82216034906945, 9.848857801796104, 90.4267659490264], [68.6804193347711, 90.08884503644167, 37.107950630558946, 22.80350850198276, 105.1094667477673, 80.52328855678958, 0.0, 46.400431032480725, 70.83078426785913, 29.068883707497267], [22.80350850198276, 74.33034373659252, 19.026297590440446, 23.600847442411894, 70.00714249274856, 75.82216034906945, 46.400431032480725, 0.0, 67.00746227100382, 27.202941017470888], [70.83784299369935, 24.186773244895647, 79.39773296511683, 64.66065264130884, 61.29437168288782, 9.848857801796104, 70.83078426785913, 67.00746227100382, 0.0, 80.7093550959243], [49.193495504995376, 93.98404119849285, 9.899494936611665, 16.278820596099706, 96.42095207992918, 90.4267659490264, 29.068883707497267, 27.202941017470888, 80.7093550959243, 0.0]], "task_locations": [[53, 72], [9, 17], [90, 57], [85, 39], [1, 59], [21, 1], [99, 21], [71, 58], [30, 5], [97, 50]], "precedence_constraints": [[7, 3], [8, 1], [8, 6], [2, 1], [4, 1], [4, 6]]}