{"Q": [[0, 0, 1], [1, 0, 0], [1, 1, 0]], "R": [[0.0, 0.0, 0.0], [0.0, 0.0, 1.0], [0.0, 0.0, 1.0], [0.0, 0.0, 1.0], [0.0, 0.0, 1.0], [1.0, 1.0, 0.0], [1.0, 0.0, 1.0], [1.0, 0.0, 0.0], [1.0, 0.0, 1.0], [0.0, 0.0, 0.0]], "T_e": [0, 80, 53, 81, 95, 88, 64, 96, 62, 0], "T_t": [[0.0, 30.610455730027933, 32.2490309931942, 56.0357029044876, 66.48308055437865, 90.13878188659973, 76.90253571892151, 57.0701322935211, 24.413111231467404, 10.04987562112089], [30.610455730027933, 0.0, 41.0, 25.553864678361276, 49.92995093127971, 61.741396161732524, 51.03920062069938, 32.984845004941285, 10.04987562112089, 39.44616584663204], [32.2490309931942, 41.0, 0.0, 62.12889826803627, 89.55445270895244, 81.02468759581859, 91.6624241442479, 73.97972695272672, 31.04834939252005, 29.614185789921695], [56.0357029044876, 25.553864678361276, 62.12889826803627, 0.0, 44.721359549995796, 43.18564576337837, 32.64965543462902, 23.259406699226016, 34.17601498127012, 65.0], [66.48308055437865, 49.92995093127971, 89.55445270895244, 44.721359549995796, 0.0, 84.52810183601665, 26.570660511172846, 21.470910553583888, 59.0592922409336, 76.32168761236873], [90.13878188659973, 61.741396161732524, 81.02468759581859, 43.18564576337837, 84.52810183601665, 0.0, 63.15853069855251, 64.28063471995279, 65.73431371817918, 96.82974749528164], [76.90253571892151, 51.03920062069938, 91.6624241442479, 32.64965543462902, 26.570660511172846, 63.15853069855251, 0.0, 19.924858845171276, 61.07372593840988, 86.88498144098322], [57.0701322935211, 32.984845004941285, 73.97972695272672, 23.259406699226016, 21.470910553583888, 64.28063471995279, 19.924858845171276, 0.0, 42.95346318982906, 67.08203932499369], [24.413111231467404, 10.04987562112089, 31.04834939252005, 34.17601498127012, 59.0592922409336, 65.73431371817918, 61.07372593840988, 42.95346318982906, 0.0, 31.89043743820395], [10.04987562112089, 39.44616584663204, 29.614185789921695, 65.0, 76.32168761236873, 96.82974749528164, 86.88498144098322, 67.08203932499369, 31.89043743820395, 0.0]], "task_locations": [[12, 80], [31, 56], [40, 96], [44, 34], [4, 14], [87, 30], [29, 5], [23, 24], [32, 66], [11, 90]], "precedence_constraints": [[4, 3], [2, 7], [7, 6], [3, 8], [3, 5]]}