{"Q": [[0, 0, 1], [1, 1, 1], [0, 1, 1]], "R": [[0.0, 0.0, 0.0], [0.0, 1.0, 1.0], [0.0, 1.0, 0.0], [0.0, 0.0, 1.0], [1.0, 0.0, 0.0], [0.0, 1.0, 0.0], [1.0, 1.0, 1.0], [1.0, 1.0, 0.0], [0.0, 1.0, 0.0], [0.0, 0.0, 0.0]], "T_e": [0, 60, 96, 91, 59, 85, 94, 81, 54, 0], "T_t": [[0.0, 89.8443097808648, 72.06247289678588, 79.51100552753688, 61.814237842102365, 53.33854141237835, 75.59100475585703, 91.02197536858887, 98.43271813782245, 75.0066663703967], [89.8443097808648, 0.0, 94.89467845985885, 18.384776310850235, 29.68164415931166, 95.88013350011565, 65.43699259593154, 29.546573405388315, 10.816653826391969, 27.313000567495326], [72.06247289678588, 94.89467845985885, 0.0, 98.71676655968832, 84.8999411071645, 21.02379604162864, 32.38826948140329, 73.49829930005184, 96.38464608017192, 101.11874208078342], [79.51100552753688, 18.384776310850235, 98.71676655968832, 0.0, 18.027756377319946, 95.71311299921238, 72.80109889280519, 44.28317965096906, 29.068883707497267, 8.94427190999916], [61.814237842102365, 29.68164415931166, 84.8999411071645, 18.027756377319946, 0.0, 79.61155694998057, 62.64982043070834, 44.9221548904324, 39.824615503479755, 16.64331697709324], [53.33854141237835, 95.88013350011565, 21.02379604162864, 95.71311299921238, 79.61155694998057, 0.0, 43.32435804486894, 80.0, 99.6393496566492, 96.25487000666512], [75.59100475585703, 65.43699259593154, 32.38826948140329, 72.80109889280519, 62.64982043070834, 43.32435804486894, 0.0, 41.43669871020132, 65.36818798161687, 77.17512552629896], [91.02197536858887, 29.546573405388315, 73.49829930005184, 44.28317965096906, 44.9221548904324, 80.0, 41.43669871020132, 0.0, 25.45584412271571, 52.009614495783374], [98.43271813782245, 10.816653826391969, 96.38464608017192, 29.068883707497267, 39.824615503479755, 99.6393496566492, 65.36818798161687, 25.45584412271571, 0.0, 38.01315561749642], [75.0066663703967, 27.313000567495326, 101.11874208078342, 8.94427190999916, 16.64331697709324, 96.25487000666512, 77.17512552629896, 52.009614495783374, 38.01315561749642, 0.0]], "task_locations": [[95, 93], [69, 7], [23, 90], [86, 14], [85, 32], [42, 99], [28, 58], [42, 19], [60, 1], [94, 18]], "precedence_constraints": [[4, 8]]}