{"Q": [[1, 0, 1], [1, 0, 1], [0, 1, 1]], "R": [[0.0, 0.0, 0.0], [0.0, 1.0, 1.0], [0.0, 0.0, 1.0], [1.0, 0.0, 0.0], [1.0, 1.0, 1.0], [1.0, 1.0, 0.0], [0.0, 1.0, 0.0], [0.0, 0.0, 1.0], [1.0, 1.0, 0.0], [0.0, 0.0, 0.0]], "T_e": [0, 79, 98, 53, 57, 78, 84, 87, 80, 0], "T_t": [[0.0, 59.50630218724736, 66.84309986827361, 39.96248240537617, 42.44997055358225, 6.324555320336759, 60.90155991434045, 15.0, 71.42128534267638, 54.230987451824994], [59.50630218724736, 0.0, 77.92945527847606, 20.396078054371138, 58.69412236331676, 65.79513659838392, 5.0990195135927845, 58.25804665451803, 75.05997601918082, 98.60020283954795], [66.84309986827361, 77.92945527847606, 0.0, 73.43704787094863, 25.495097567963924, 69.31089380465383, 82.73451516749222, 51.85556864985669, 9.219544457292887, 47.042533945356304], [39.96248240537617, 20.396078054371138, 73.43704787094863, 0.0, 50.08991914547278, 46.14108798023731, 21.02379604162864, 41.400483088968905, 73.00684899377592, 84.53401682163222], [42.44997055358225, 58.69412236331676, 25.495097567963924, 50.08991914547278, 0.0, 45.803929962395145, 62.96824596572466, 27.80287754891569, 29.0, 43.829214001622255], [6.324555320336759, 65.79513659838392, 69.31089380465383, 46.14108798023731, 45.803929962395145, 0.0, 67.11929677819934, 18.027756377319946, 74.51845409024533, 52.009614495783374], [60.90155991434045, 5.0990195135927845, 82.73451516749222, 21.02379604162864, 62.96824596572466, 67.11929677819934, 0.0, 60.8276253029822, 80.02499609497022, 102.07840124139877], [15.0, 58.25804665451803, 51.85556864985669, 41.400483088968905, 27.80287754891569, 18.027756377319946, 60.8276253029822, 0.0, 56.639209034025185, 44.27188724235731], [71.42128534267638, 75.05997601918082, 9.219544457292887, 73.00684899377592, 29.0, 74.51845409024533, 80.02499609497022, 56.639209034025185, 0.0, 56.142675390472796], [54.230987451824994, 98.60020283954795, 47.042533945356304, 84.53401682163222, 43.829214001622255, 52.009614495783374, 102.07840124139877, 44.27188724235731, 56.142675390472796, 0.0]], "task_locations": [[31, 23], [6, 77], [83, 65], [10, 57], [60, 54], [33, 17], [1, 76], [43, 32], [81, 74], [85, 18]], "precedence_constraints": [[1, 7], [3, 8], [1, 2]]}