{"Q": [[1, 1, 0], [0, 1, 0], [0, 1, 1]], "R": [[0.0, 0.0, 0.0], [1.0, 0.0, 0.0], [1.0, 1.0, 1.0], [1.0, 1.0, 1.0], [1.0, 0.0, 0.0], [1.0, 0.0, 1.0], [0.0, 1.0, 0.0], [0.0, 1.0, 1.0], [0.0, 1.0, 1.0], [0.0, 0.0, 0.0]], "T_e": [0, 65, 90, 60, 88, 98, 72, 61, 87, 0], "T_t": [[0.0, 29.274562336608895, 44.28317965096906, 89.82204629154248, 36.0, 57.38466694161429, 35.6931365951495, 10.0, 61.09828148156051, 60.53924347066124], [29.274562336608895, 0.0, 15.033296378372908, 60.63827174318213, 43.18564576337837, 40.024992192379, 6.708203932499369, 19.4164878389476, 38.2099463490856, 35.4682957019364], [44.28317965096906, 15.033296378372908, 0.0, 45.880278987817846, 53.823786563191554, 38.47076812334269, 9.219544457292887, 34.36568055487916, 29.966648127543394, 27.202941017470888], [89.82204629154248, 60.63827174318213, 45.880278987817846, 0.0, 89.82204629154248, 55.90169943749474, 54.12947441089743, 80.049984384758, 50.60632371551998, 38.27531841800928], [36.0, 43.18564576337837, 53.823786563191554, 89.82204629154248, 0.0, 38.63935817272331, 45.45327270945405, 37.36308338453881, 81.32035415564789, 52.23983154643591], [57.38466694161429, 40.024992192379, 38.47076812334269, 55.90169943749474, 38.63935817272331, 0.0, 36.124783736376884, 51.31276644267, 67.72001181334805, 18.439088914585774], [35.6931365951495, 6.708203932499369, 9.219544457292887, 54.12947441089743, 45.45327270945405, 36.124783736376884, 0.0, 25.96150997149434, 36.40054944640259, 29.410882339705484], [10.0, 19.4164878389476, 34.36568055487916, 80.049984384758, 37.36308338453881, 51.31276644267, 25.96150997149434, 0.0, 51.894122981316485, 52.20153254455275], [61.09828148156051, 38.2099463490856, 29.966648127543394, 50.60632371551998, 81.32035415564789, 67.72001181334805, 36.40054944640259, 51.894122981316485, 0.0, 53.23532661682466], [60.53924347066124, 35.4682957019364, 27.202941017470888, 38.27531841800928, 52.23983154643591, 18.439088914585774, 29.410882339705484, 52.20153254455275, 53.23532661682466, 0.0]], "task_locations": [[10, 46], [39, 42], [54, 41], [98, 28], [10, 10], [48, 3], [45, 39], [20, 46], [67, 68], [62, 15]], "precedence_constraints": [[6, 3], [2, 7], [1, 5]]}