{"Q": [[1, 0, 0], [0, 1, 1], [0, 1, 1]], "R": [[0.0, 0.0, 0.0], [1.0, 0.0, 1.0], [0.0, 1.0, 1.0], [0.0, 1.0, 1.0], [1.0, 1.0, 1.0], [1.0, 0.0, 1.0], [1.0, 1.0, 0.0], [1.0, 0.0, 0.0], [0.0, 0.0, 1.0], [0.0, 0.0, 0.0]], "T_e": [0, 69, 82, 78, 69, 95, 80, 77, 93, 0], "T_t": [[0.0, 73.24616030891995, 25.942243542145693, 55.226805085936306, 41.036569057366385, 69.6419413859206, 27.892651361962706, 22.627416997969522, 46.61544808322666, 22.561028345356956], [73.24616030891995, 0.0, 48.08326112068523, 19.72308292331602, 32.449961479175904, 23.853720883753127, 97.082439194738, 95.77577981932593, 26.870057685088806, 85.60373823613078], [25.942243542145693, 48.08326112068523, 0.0, 29.410882339705484, 17.46424919657298, 49.040799340956916, 49.20365840057018, 48.010415536631214, 21.213203435596427, 38.47076812334269], [55.226805085936306, 19.72308292331602, 29.410882339705484, 0.0, 17.029386365926403, 31.622776601683793, 77.79460135510689, 77.42092740338364, 9.219544457292887, 66.06814663663572], [41.036569057366385, 32.449961479175904, 17.46424919657298, 17.029386365926403, 0.0, 31.78049716414141, 66.2872536767062, 63.655321851358195, 8.06225774829855, 55.90169943749474], [69.6419413859206, 23.853720883753127, 49.040799340956916, 31.622776601683793, 31.78049716414141, 0.0, 96.60227740586657, 91.83681179135085, 32.01562118716424, 87.09190547921202], [27.892651361962706, 97.082439194738, 49.20365840057018, 77.79460135510689, 66.2872536767062, 96.60227740586657, 0.0, 14.212670403551895, 70.2922470831599, 13.0], [22.627416997969522, 95.77577981932593, 48.010415536631214, 77.42092740338364, 63.655321851358195, 91.83681179135085, 14.212670403551895, 0.0, 69.02897942168927, 21.840329667841555], [46.61544808322666, 26.870057685088806, 21.213203435596427, 9.219544457292887, 8.06225774829855, 32.01562118716424, 70.2922470831599, 69.02897942168927, 0.0, 59.07622195096772], [22.561028345356956, 85.60373823613078, 38.47076812334269, 66.06814663663572, 55.90169943749474, 87.09190547921202, 13.0, 21.840329667841555, 59.07622195096772, 0.0]], "task_locations": [[38, 28], [95, 74], [61, 40], [85, 57], [68, 56], [75, 87], [31, 1], [22, 12], [76, 55], [43, 6]], "precedence_constraints": [[2, 8], [2, 1], [2, 6], [1, 5], [3, 2]]}