{"Q": [[1, 0, 1], [0, 1, 1], [0, 0, 1]], "R": [[0.0, 0.0, 0.0], [0.0, 1.0, 1.0], [1.0, 1.0, 0.0], [0.0, 1.0, 0.0], [0.0, 1.0, 1.0], [0.0, 1.0, 1.0], [1.0, 0.0, 0.0], [0.0, 1.0, 1.0], [1.0, 1.0, 0.0], [0.0, 0.0, 0.0]], "T_e": [0, 81, 76, 72, 57, 50, 72, 76, 83, 0], "T_t": [[0.0, 83.67795408588812, 95.63472172804185, 84.970583144992, 96.64884893261792, 50.99019513592785, 57.4543296888929, 81.58431221748455, 27.65863337187866, 65.39113089708727], [83.67795408588812, 0.0, 16.1245154965971, 17.72004514666935, 67.11929677819934, 44.9221548904324, 33.24154027718932, 37.013511046643494, 99.36297097007517, 21.587033144922902], [95.63472172804185, 16.1245154965971, 0.0, 13.341664064126334, 81.09870529176159, 51.0098029794274, 40.311288741492746, 51.78802950489621, 113.44161493913951, 30.364452901377952], [84.970583144992, 17.72004514666935, 13.341664064126334, 0.0, 84.48076704197234, 38.2099463490856, 28.160255680657446, 54.147945482723536, 104.63746938836012, 20.0], [96.64884893261792, 67.11929677819934, 81.09870529176159, 84.48076704197234, 0.0, 92.78469701410896, 84.09518416651456, 30.4138126514911, 92.9623579735368, 76.21679604916491], [50.99019513592785, 44.9221548904324, 51.0098029794274, 38.2099463490856, 92.78469701410896, 0.0, 11.704699910719626, 65.29931086925804, 75.21303078589507, 23.40939982143925], [57.4543296888929, 33.24154027718932, 40.311288741492746, 28.160255680657446, 84.09518416651456, 11.704699910719626, 0.0, 55.47071299343465, 79.20858539325141, 11.704699910719626], [81.58431221748455, 37.013511046643494, 51.78802950489621, 54.147945482723536, 30.4138126514911, 65.29931086925804, 55.47071299343465, 0.0, 86.70063436907483, 46.51881339845203], [27.65863337187866, 99.36297097007517, 113.44161493913951, 104.63746938836012, 92.9623579735368, 75.21303078589507, 79.20858539325141, 86.70063436907483, 0.0, 84.64632301523794], [65.39113089708727, 21.587033144922902, 30.364452901377952, 20.0, 76.21679604916491, 23.40939982143925, 11.704699910719626, 46.51881339845203, 84.64632301523794, 0.0]], "task_locations": [[49, 91], [70, 10], [84, 2], [87, 15], [3, 6], [83, 53], [79, 42], [33, 11], [22, 97], [75, 31]], "precedence_constraints": [[6, 3]]}