{"Q": [[1, 1, 1], [0, 1, 0], [1, 1, 0]], "R": [[0.0, 0.0, 0.0], [0.0, 1.0, 0.0], [0.0, 0.0, 1.0], [1.0, 0.0, 0.0], [0.0, 1.0, 0.0], [1.0, 0.0, 0.0], [1.0, 1.0, 1.0], [0.0, 1.0, 0.0], [1.0, 1.0, 0.0], [0.0, 0.0, 0.0]], "T_e": [0, 58, 92, 65, 64, 92, 72, 53, 69, 0], "T_t": [[0.0, 81.32035415564789, 68.5054742338158, 62.12889826803627, 25.0, 46.17358552246078, 91.7877987534291, 57.28001396647874, 35.84689665786984, 43.965895873961216], [81.32035415564789, 0.0, 64.51356446515724, 62.64982043070834, 57.77542730261716, 37.21558813185679, 17.029386365926403, 69.77105417004964, 62.369864518050704, 37.36308338453881], [68.5054742338158, 64.51356446515724, 0.0, 6.4031242374328485, 49.678969393496885, 43.41658669218482, 60.4648658313239, 101.6366075781753, 32.802438933713454, 53.16013544000805], [62.12889826803627, 62.64982043070834, 6.4031242374328485, 0.0, 43.41658669218482, 38.47076812334269, 60.30754513325841, 96.00520819205592, 26.40075756488817, 48.05205510693585], [25.0, 57.77542730261716, 49.678969393496885, 43.41658669218482, 0.0, 21.37755832643195, 67.08203932499369, 55.731499172371095, 18.973665961010276, 21.400934559032695], [46.17358552246078, 37.21558813185679, 43.41658669218482, 38.47076812334269, 21.37755832643195, 0.0, 45.70557952810576, 59.16924876994806, 26.627053911388696, 9.848857801796104], [91.7877987534291, 17.029386365926403, 60.4648658313239, 60.30754513325841, 67.08203932499369, 45.70557952810576, 0.0, 86.45229898620394, 67.08203932499369, 49.01020301937138], [57.28001396647874, 69.77105417004964, 101.6366075781753, 96.00520819205592, 55.731499172371095, 59.16924876994806, 86.45229898620394, 0.0, 74.52516353554684, 49.39635614091387], [35.84689665786984, 62.369864518050704, 32.802438933713454, 26.40075756488817, 18.973665961010276, 26.627053911388696, 67.08203932499369, 74.52516353554684, 0.0, 32.89376840679705], [43.965895873961216, 37.36308338453881, 53.16013544000805, 48.05205510693585, 21.400934559032695, 9.848857801796104, 49.01020301937138, 49.39635614091387, 32.89376840679705, 0.0]], "task_locations": [[8, 58], [86, 35], [65, 96], [60, 92], [33, 58], [54, 54], [99, 46], [24, 3], [39, 76], [50, 45]], "precedence_constraints": [[8, 3], [2, 4], [6, 8], [5, 8], [5, 7]]}