{"Q": [[0, 0, 1], [0, 1, 1], [1, 0, 1]], "R": [[0.0, 0.0, 0.0], [0.0, 1.0, 1.0], [0.0, 1.0, 1.0], [1.0, 0.0, 0.0], [0.0, 1.0, 0.0], [0.0, 1.0, 1.0], [0.0, 1.0, 1.0], [1.0, 1.0, 1.0], [0.0, 0.0, 1.0], [0.0, 0.0, 0.0]], "T_e": [0, 69, 81, 95, 87, 57, 66, 76, 81, 0], "T_t": [[0.0, 42.638011210655684, 36.6742416417845, 21.93171219946131, 77.41446893184762, 89.8276126811795, 45.65084884205331, 60.440052945046304, 57.697486947006624, 104.00480758118829], [42.638011210655684, 0.0, 18.027756377319946, 49.24428900898052, 56.22277118748239, 47.4236228055175, 17.029386365926403, 34.88552708502482, 19.1049731745428, 62.00806399170998], [36.6742416417845, 18.027756377319946, 0.0, 35.35533905932738, 73.49829930005184, 56.938563381947034, 9.219544457292887, 25.019992006393608, 36.87817782917155, 69.81403870282824], [21.93171219946131, 49.24428900898052, 35.35533905932738, 0.0, 95.0789145920377, 92.28217596047462, 44.10215414239989, 52.80151512977634, 67.60177512462228, 104.86181383134664], [77.41446893184762, 56.22277118748239, 73.49829930005184, 95.0789145920377, 0.0, 71.02112361825881, 73.0, 89.19641248391103, 41.400483088968905, 84.2140130857092], [89.8276126811795, 47.4236228055175, 56.938563381947034, 92.28217596047462, 71.02112361825881, 0.0, 48.30113870293329, 48.16637831516918, 39.21734310225516, 15.231546211727817], [45.65084884205331, 17.029386365926403, 9.219544457292887, 44.10215414239989, 73.0, 48.30113870293329, 0.0, 18.681541692269406, 33.54101966249684, 60.802960454241045], [60.440052945046304, 34.88552708502482, 25.019992006393608, 52.80151512977634, 89.19641248391103, 48.16637831516918, 18.681541692269406, 0.0, 48.104053883222775, 56.92099788303083], [57.697486947006624, 19.1049731745428, 36.87817782917155, 67.60177512462228, 41.400483088968905, 39.21734310225516, 33.54101966249684, 48.104053883222775, 0.0, 54.42425929675111], [104.00480758118829, 62.00806399170998, 69.81403870282824, 104.86181383134664, 84.2140130857092, 15.231546211727817, 60.802960454241045, 56.92099788303083, 54.42425929675111, 0.0]], "task_locations": [[84, 18], [57, 51], [51, 34], [68, 3], [92, 95], [22, 83], [44, 40], [26, 35], [59, 70], [8, 89]], "precedence_constraints": [[2, 4], [6, 8], [3, 8], [6, 3]]}