{"Q": [[0, 1, 1], [1, 1, 0], [1, 0, 0]], "R": [[0.0, 0.0, 0.0], [0.0, 1.0, 0.0], [0.0, 1.0, 1.0], [1.0, 0.0, 0.0], [0.0, 0.0, 1.0], [1.0, 0.0, 1.0], [0.0, 1.0, 0.0], [0.0, 1.0, 1.0], [1.0, 0.0, 0.0], [0.0, 0.0, 0.0]], "T_e": [0, 58, 86, 84, 80, 58, 88, 68, 92, 0], "T_t": [[0.0, 17.11724276862369, 21.540659228538015, 39.81205847478876, 38.41874542459709, 41.86884283091664, 23.021728866442675, 53.33854141237835, 21.93171219946131, 53.600373133029585], [17.11724276862369, 0.0, 37.48332962798263, 56.302753041036986, 53.71219600798314, 35.4400902933387, 29.68164415931166, 62.22539674441618, 14.142135623730951, 43.657759905886145], [21.540659228538015, 37.48332962798263, 0.0, 29.68164415931166, 33.52610922848042, 61.71709649683789, 37.44329045369811, 38.63935817272331, 35.90264614203248, 62.68173577685928], [39.81205847478876, 56.302753041036986, 29.68164415931166, 0.0, 9.219544457292887, 64.76109943476871, 37.48332962798263, 63.63961030678928, 60.74537019394976, 90.68627239003708], [38.41874542459709, 53.71219600798314, 33.52610922848042, 9.219544457292887, 0.0, 57.55866572463264, 31.016124838541646, 70.06425622241343, 60.207972893961475, 91.28526715741155], [41.86884283091664, 35.4400902933387, 61.71709649683789, 64.76109943476871, 57.55866572463264, 0.0, 27.51363298439521, 94.86832980505137, 49.47726750741192, 75.16648189186454], [23.021728866442675, 29.68164415931166, 37.44329045369811, 37.48332962798263, 31.016124838541646, 27.51363298439521, 0.0, 74.46475676452586, 41.43669871020132, 72.91776189653656], [53.33854141237835, 62.22539674441618, 38.63935817272331, 63.63961030678928, 70.06425622241343, 94.86832980505137, 74.46475676452586, 0.0, 51.61395160225576, 59.07622195096772], [21.93171219946131, 14.142135623730951, 35.90264614203248, 60.74537019394976, 60.207972893961475, 49.47726750741192, 41.43669871020132, 51.61395160225576, 0.0, 31.906112267087632], [53.600373133029585, 43.657759905886145, 62.68173577685928, 90.68627239003708, 91.28526715741155, 75.16648189186454, 72.91776189653656, 59.07622195096772, 31.906112267087632, 0.0]], "task_locations": [[52, 60], [54, 43], [60, 80], [35, 96], [28, 90], [20, 33], [29, 59], [98, 87], [68, 45], [95, 28]], "precedence_constraints": [[5, 1], [7, 3], [8, 4], [8, 5], [5, 2]]}