{"Q": [[1, 1, 0], [0, 0, 1], [0, 1, 1]], "R": [[0.0, 0.0, 0.0], [0.0, 1.0, 1.0], [0.0, 1.0, 1.0], [0.0, 1.0, 1.0], [0.0, 1.0, 1.0], [0.0, 1.0, 0.0], [1.0, 0.0, 0.0], [0.0, 0.0, 1.0], [1.0, 1.0, 1.0], [0.0, 0.0, 0.0]], "T_e": [0, 52, 80, 97, 72, 74, 78, 55, 84, 0], "T_t": [[0.0, 89.88882021697692, 48.507731342539614, 34.66987164671943, 84.90583018850944, 58.7962583843564, 61.1310068623117, 53.2634959423431, 12.727922061357855, 72.91776189653656], [89.88882021697692, 0.0, 66.64082832618455, 55.226805085936306, 93.08598175880189, 92.69843580125827, 54.120236510939236, 37.69615364994153, 102.34256201600583, 19.72308292331602], [48.507731342539614, 66.64082832618455, 0.0, 35.84689665786984, 41.400483088968905, 27.16615541441225, 16.1245154965971, 46.389654018972806, 56.08029957123981, 47.01063709417264], [34.66987164671943, 55.226805085936306, 35.84689665786984, 0.0, 77.10382610480494, 59.90826320300064, 39.408120990476064, 19.209372712298546, 47.20169488482379, 38.897300677553446], [84.90583018850944, 93.08598175880189, 41.400483088968905, 77.10382610480494, 0.0, 28.635642126552707, 42.44997055358225, 84.86459803710851, 88.63972021616495, 76.23647421018367], [58.7962583843564, 92.69843580125827, 27.16615541441225, 59.90826320300064, 28.635642126552707, 0.0, 38.91015291668744, 73.06161783043132, 60.90155991434045, 73.37574531137656], [61.1310068623117, 54.120236510939236, 16.1245154965971, 39.408120990476064, 42.44997055358225, 38.91015291668744, 0.0, 42.941821107167776, 70.178344238091, 35.35533905932738], [53.2634959423431, 37.69615364994153, 46.389654018972806, 19.209372712298546, 84.86459803710851, 73.06161783043132, 42.941821107167776, 0.0, 65.94694837519019, 25.179356624028344], [12.727922061357855, 102.34256201600583, 56.08029957123981, 47.20169488482379, 88.63972021616495, 60.90155991434045, 70.178344238091, 65.94694837519019, 0.0, 85.0], [72.91776189653656, 19.72308292331602, 47.01063709417264, 38.897300677553446, 76.23647421018367, 73.37574531137656, 35.35533905932738, 25.179356624028344, 85.0, 0.0]], "task_locations": [[12, 50], [88, 98], [59, 38], [41, 69], [84, 5], [56, 11], [73, 46], [53, 84], [3, 41], [78, 81]], "precedence_constraints": [[4, 1], [5, 7], [3, 2], [2, 7], [3, 8], [4, 7]]}