{"Q": [[1, 0, 1], [0, 0, 1], [0, 1, 1]], "R": [[0.0, 0.0, 0.0], [0.0, 1.0, 0.0], [0.0, 1.0, 0.0], [0.0, 1.0, 0.0], [1.0, 0.0, 0.0], [0.0, 0.0, 1.0], [0.0, 0.0, 1.0], [1.0, 0.0, 0.0], [1.0, 1.0, 1.0], [0.0, 0.0, 0.0]], "T_e": [0, 66, 96, 94, 94, 75, 80, 50, 69, 0], "T_t": [[0.0, 39.0, 46.400431032480725, 8.06225774829855, 10.0, 71.28113354878694, 51.15662224971465, 34.058772731852805, 29.154759474226502, 47.16990566028302], [39.0, 0.0, 80.99382692526635, 40.792156108742276, 45.70557952810576, 59.00847396772772, 61.85466837676846, 53.2634959423431, 38.897300677553446, 71.21797525905943], [46.400431032480725, 80.99382692526635, 0.0, 50.91168824543142, 36.89173349139343, 83.00602387778854, 47.01063709417264, 35.510561809129406, 48.010415536631214, 25.612496949731394], [8.06225774829855, 40.792156108742276, 50.91168824543142, 0.0, 16.76305461424021, 78.54934754662193, 59.21148537234985, 42.01190307520001, 37.0, 54.405882034941776], [10.0, 45.70557952810576, 36.89173349139343, 16.76305461424021, 0.0, 68.6804193347711, 44.14748010928823, 26.30589287593181, 25.495097567963924, 37.64306044943742], [71.28113354878694, 59.00847396772772, 83.00602387778854, 78.54934754662193, 68.6804193347711, 0.0, 36.87817782917155, 48.877397639399746, 43.18564576337837, 58.9406481131655], [51.15662224971465, 61.85466837676846, 47.01063709417264, 59.21148537234985, 44.14748010928823, 36.87817782917155, 0.0, 18.027756377319946, 25.0, 22.135943621178654], [34.058772731852805, 53.2634959423431, 35.510561809129406, 42.01190307520001, 26.30589287593181, 48.877397639399746, 18.027756377319946, 0.0, 14.7648230602334, 18.027756377319946], [29.154759474226502, 38.897300677553446, 48.010415536631214, 37.0, 25.495097567963924, 43.18564576337837, 25.0, 14.7648230602334, 0.0, 32.7566787083184], [47.16990566028302, 71.21797525905943, 25.612496949731394, 54.405882034941776, 37.64306044943742, 58.9406481131655, 22.135943621178654, 18.027756377319946, 32.7566787083184, 0.0]], "task_locations": [[65, 43], [65, 82], [37, 6], [73, 42], [57, 37], [6, 83], [14, 47], [31, 41], [38, 54], [21, 26]], "precedence_constraints": [[3, 1]]}