{"Q": [[0, 1, 0], [1, 1, 0], [0, 1, 1]], "R": [[0.0, 0.0, 0.0], [0.0, 1.0, 0.0], [1.0, 1.0, 0.0], [1.0, 0.0, 0.0], [1.0, 0.0, 0.0], [1.0, 1.0, 0.0], [0.0, 0.0, 1.0], [1.0, 0.0, 0.0], [1.0, 1.0, 1.0], [0.0, 0.0, 0.0]], "T_e": [0, 99, 50, 88, 78, 50, 94, 65, 80, 0], "T_t": [[0.0, 29.832867780352597, 29.966648127543394, 26.0, 74.81310045707235, 10.63014581273465, 67.446274915669, 24.166091947189145, 12.041594578792296, 32.69556544854363], [29.832867780352597, 0.0, 46.51881339845203, 55.65968020030299, 54.70831746635972, 39.0, 74.65252842335616, 41.78516483155236, 40.85339643163099, 6.082762530298219], [29.966648127543394, 46.51881339845203, 0.0, 38.600518131237564, 67.11929677819934, 35.510561809129406, 38.3275357934736, 5.830951894845301, 35.22782990761707, 45.221676218380054], [26.0, 55.65968020030299, 38.600518131237564, 0.0, 98.29038610159185, 17.11724276862369, 75.23961722390672, 34.92849839314596, 15.132745950421556, 58.69412236331676], [74.81310045707235, 54.70831746635972, 67.11929677819934, 98.29038610159185, 0.0, 85.42833253669417, 64.28063471995279, 67.11929677819934, 86.68333173107735, 48.703182647543684], [10.63014581273465, 39.0, 35.510561809129406, 17.11724276862369, 85.42833253669417, 0.0, 73.824115301167, 30.14962686336267, 2.0, 42.5440947723653], [67.446274915669, 74.65252842335616, 38.3275357934736, 75.23961722390672, 64.28063471995279, 73.824115301167, 0.0, 43.73785545725808, 73.55270219373317, 70.76722405181653], [24.166091947189145, 41.78516483155236, 5.830951894845301, 34.92849839314596, 67.11929677819934, 30.14962686336267, 43.73785545725808, 0.0, 30.01666203960727, 41.0], [12.041594578792296, 40.85339643163099, 35.22782990761707, 15.132745950421556, 86.68333173107735, 2.0, 73.55270219373317, 30.01666203960727, 0.0, 44.294469180700204], [32.69556544854363, 6.082762530298219, 45.221676218380054, 58.69412236331676, 48.703182647543684, 42.5440947723653, 70.76722405181653, 41.0, 44.294469180700204, 0.0]], "task_locations": [[52, 30], [23, 37], [65, 57], [76, 20], [6, 89], [59, 22], [70, 95], [62, 52], [61, 22], [22, 43]], "precedence_constraints": [[3, 7], [3, 8], [4, 7], [4, 3], [2, 8]]}