{"Q": [[1, 1, 0], [1, 0, 1], [1, 0, 0]], "R": [[0.0, 0.0, 0.0], [0.0, 1.0, 1.0], [0.0, 1.0, 0.0], [1.0, 1.0, 0.0], [0.0, 1.0, 0.0], [0.0, 0.0, 1.0], [1.0, 0.0, 1.0], [1.0, 0.0, 1.0], [1.0, 0.0, 0.0], [0.0, 0.0, 0.0]], "T_e": [0, 78, 72, 78, 50, 75, 94, 94, 89, 0], "T_t": [[0.0, 113.85077953180645, 35.014282800023196, 57.42821606144492, 87.23531395025755, 64.6297145282261, 18.439088914585774, 58.855755878248644, 101.9803902718557, 90.55385138137417], [113.85077953180645, 0.0, 90.0, 83.18653737234169, 35.4400902933387, 80.30566605165541, 103.27632836231156, 80.06247560499239, 27.16615541441225, 27.313000567495326], [35.014282800023196, 90.0, 0.0, 64.40496875241847, 58.137767414994535, 70.00714249274856, 17.26267650163207, 64.07807737440318, 72.62231062146122, 63.702433234531945], [57.42821606144492, 83.18653737234169, 64.40496875241847, 0.0, 74.72616676907762, 7.280109889280518, 61.98386886924694, 3.1622776601683795, 85.98837130682264, 71.84705978674423], [87.23531395025755, 35.4400902933387, 58.137767414994535, 74.72616676907762, 0.0, 75.02666192761077, 73.49829930005184, 72.12489168102785, 14.7648230602334, 9.055385138137417], [64.6297145282261, 80.30566605165541, 70.00714249274856, 7.280109889280518, 75.02666192761077, 0.0, 68.59300255857006, 6.082762530298219, 85.37564055396598, 71.30918594402827], [18.439088914585774, 103.27632836231156, 17.26267650163207, 61.98386886924694, 73.49829930005184, 68.59300255857006, 0.0, 62.51399843235114, 88.20430828479978, 78.10249675906654], [58.855755878248644, 80.06247560499239, 64.07807737440318, 3.1622776601683795, 72.12489168102785, 6.082762530298219, 62.51399843235114, 0.0, 83.18653737234169, 69.05070600652827], [101.9803902718557, 27.16615541441225, 72.62231062146122, 85.98837130682264, 14.7648230602334, 85.37564055396598, 88.20430828479978, 83.18653737234169, 0.0, 14.142135623730951], [90.55385138137417, 27.313000567495326, 63.702433234531945, 71.84705978674423, 9.055385138137417, 71.30918594402827, 78.10249675906654, 69.05070600652827, 14.142135623730951, 0.0]], "task_locations": [[2, 25], [91, 96], [37, 24], [9, 82], [81, 62], [11, 89], [20, 21], [12, 83], [94, 69], [80, 71]], "precedence_constraints": [[5, 4], [4, 2], [8, 3], [1, 4]]}