{"Q": [[1, 1, 1], [0, 0, 1], [1, 0, 1]], "R": [[0.0, 0.0, 0.0], [1.0, 1.0, 1.0], [1.0, 0.0, 1.0], [1.0, 1.0, 1.0], [1.0, 1.0, 1.0], [0.0, 1.0, 1.0], [1.0, 1.0, 1.0], [0.0, 1.0, 0.0], [1.0, 1.0, 1.0], [0.0, 0.0, 0.0]], "T_e": [0, 50, 92, 63, 72, 61, 56, 55, 99, 0], "T_t": [[0.0, 30.4138126514911, 16.492422502470642, 48.104053883222775, 56.85068161420758, 78.77182237323191, 50.24937810560445, 63.8200595424354, 31.240998703626616, 44.10215414239989], [30.4138126514911, 0.0, 21.095023109728988, 32.57299494980466, 86.83893136145792, 97.41663102366043, 60.41522986797286, 94.03190947758107, 12.206555615733702, 38.41874542459709], [16.492422502470642, 21.095023109728988, 0.0, 49.01020301937138, 68.0, 94.51454914456292, 63.0317380372777, 75.58438992278762, 28.284271247461902, 49.72926703662542], [48.104053883222775, 32.57299494980466, 49.01020301937138, 0.0, 101.40019723846694, 83.02409288875127, 43.04648650006177, 107.16809226630845, 21.213203435596427, 14.035668847618199], [56.85068161420758, 86.83893136145792, 68.0, 101.40019723846694, 0.0, 82.00609733428362, 81.02468759581859, 8.06225774829855, 87.72684879784524, 92.78469701410896], [78.77182237323191, 97.41663102366043, 94.51454914456292, 83.02409288875127, 82.00609733428362, 0.0, 40.0, 81.21576201698781, 88.07383266328314, 69.00724599634447], [50.24937810560445, 60.41522986797286, 63.0317380372777, 43.04648650006177, 81.02468759581859, 40.0, 0.0, 84.11896337925236, 49.76946855251722, 29.017236257093817], [63.8200595424354, 94.03190947758107, 75.58438992278762, 107.16809226630845, 8.06225774829855, 81.21576201698781, 84.11896337925236, 0.0, 94.36630754670864, 97.9081201943945], [31.240998703626616, 12.206555615733702, 28.284271247461902, 21.213203435596427, 87.72684879784524, 88.07383266328314, 49.76946855251722, 94.36630754670864, 0.0, 26.248809496813376], [44.10215414239989, 38.41874542459709, 49.72926703662542, 14.035668847618199, 92.78469701410896, 69.00724599634447, 29.017236257093817, 97.9081201943945, 26.248809496813376, 0.0]], "task_locations": [[68, 44], [95, 58], [84, 40], [85, 89], [24, 8], [2, 87], [42, 87], [16, 7], [88, 68], [71, 88]], "precedence_constraints": [[1, 5], [2, 5], [3, 5]]}