{"Q": [[0, 1, 1], [0, 0, 1], [1, 0, 0]], "R": [[0.0, 0.0, 0.0], [0.0, 1.0, 0.0], [1.0, 1.0, 1.0], [1.0, 1.0, 1.0], [0.0, 1.0, 0.0], [0.0, 1.0, 1.0], [1.0, 0.0, 0.0], [0.0, 0.0, 1.0], [0.0, 0.0, 1.0], [0.0, 0.0, 0.0]], "T_e": [0, 83, 78, 99, 60, 96, 77, 93, 68, 0], "T_t": [[0.0, 94.57801012920498, 93.34345183246653, 32.89376840679705, 20.12461179749811, 82.87339742040264, 95.88013350011565, 48.662100242385755, 38.3275357934736, 38.47076812334269], [94.57801012920498, 0.0, 40.19950248448356, 61.68468205316454, 81.98780397107853, 61.0, 59.07622195096772, 82.56512580987206, 84.2140130857092, 74.33034373659252], [93.34345183246653, 40.19950248448356, 0.0, 64.8459713474939, 75.0066663703967, 25.0, 19.026297590440446, 101.78899744078434, 99.29753269845128, 59.841457201508724], [32.89376840679705, 61.68468205316454, 64.8459713474939, 0.0, 23.853720883753127, 61.07372593840988, 71.8679344353238, 43.56604182158393, 37.48332962798263, 29.154759474226502], [20.12461179749811, 81.98780397107853, 75.0066663703967, 23.853720883753127, 0.0, 62.93647591023825, 76.15773105863909, 57.87054518492115, 48.76474136094644, 18.35755975068582], [82.87339742040264, 61.0, 25.0, 61.07372593840988, 62.93647591023825, 0.0, 14.035668847618199, 103.32473082471591, 98.41239759298622, 45.12205669071391], [95.88013350011565, 59.07622195096772, 19.026297590440446, 71.8679344353238, 76.15773105863909, 14.035668847618199, 0.0, 112.60994627474076, 108.60018416190647, 58.69412236331676], [48.662100242385755, 82.56512580987206, 101.78899744078434, 43.56604182158393, 57.87054518492115, 103.32473082471591, 112.60994627474076, 0.0, 10.44030650891055, 70.9365914038728], [38.3275357934736, 84.2140130857092, 99.29753269845128, 37.48332962798263, 48.76474136094644, 98.41239759298622, 108.60018416190647, 10.44030650891055, 0.0, 63.06346010171025], [38.47076812334269, 74.33034373659252, 59.841457201508724, 29.154759474226502, 18.35755975068582, 45.12205669071391, 58.69412236331676, 70.9365914038728, 63.06346010171025, 0.0]], "task_locations": [[6, 55], [95, 23], [99, 63], [37, 44], [24, 64], [84, 83], [98, 82], [14, 7], [11, 17], [40, 73]], "precedence_constraints": [[3, 8], [4, 5], [1, 4], [5, 8], [3, 5], [4, 7]]}