{"Q": [[0, 1, 0], [0, 0, 1], [1, 1, 0]], "R": [[0.0, 0.0, 0.0], [1.0, 1.0, 0.0], [1.0, 0.0, 1.0], [1.0, 0.0, 0.0], [1.0, 0.0, 0.0], [0.0, 1.0, 1.0], [0.0, 1.0, 0.0], [1.0, 0.0, 1.0], [1.0, 0.0, 1.0], [0.0, 0.0, 0.0]], "T_e": [0, 68, 70, 63, 68, 67, 69, 70, 79, 0], "T_t": [[0.0, 40.718546143004666, 57.14017850864661, 29.0, 22.67156809750927, 45.89117562233506, 8.54400374531753, 12.041594578792296, 69.2314957226839, 34.40930106817051], [40.718546143004666, 0.0, 17.804493814764857, 16.278820596099706, 54.037024344425184, 39.59797974644666, 41.0, 29.410882339705484, 43.139309220245984, 58.05170109479997], [57.14017850864661, 17.804493814764857, 0.0, 29.154759474226502, 66.94027188471824, 41.43669871020132, 55.94640292279746, 45.27692569068709, 48.33218389437829, 68.06614430096654], [29.0, 16.278820596099706, 29.154759474226502, 0.0, 38.3275357934736, 27.730849247724095, 26.832815729997478, 16.97056274847714, 57.42821606144492, 41.773197148410844], [22.67156809750927, 54.037024344425184, 66.94027188471824, 38.3275357934736, 0.0, 39.698866482558415, 15.652475842498529, 26.92582403567252, 89.49301648732151, 13.341664064126334], [45.89117562233506, 39.59797974644666, 41.43669871020132, 27.730849247724095, 39.698866482558415, 0.0, 38.897300677553446, 37.0, 82.73451516749222, 33.61547262794322], [8.54400374531753, 41.0, 55.94640292279746, 26.832815729997478, 15.652475842498529, 38.897300677553446, 0.0, 12.0, 74.04052944165107, 26.248809496813376], [12.041594578792296, 29.410882339705484, 45.27692569068709, 16.97056274847714, 26.92582403567252, 37.0, 12.0, 0.0, 62.625873247404705, 35.22782990761707], [69.2314957226839, 43.139309220245984, 48.33218389437829, 57.42821606144492, 89.49301648732151, 82.73451516749222, 74.04052944165107, 62.625873247404705, 0.0, 97.082439194738], [34.40930106817051, 58.05170109479997, 68.06614430096654, 41.773197148410844, 13.341664064126334, 33.61547262794322, 26.248809496813376, 35.22782990761707, 97.082439194738, 0.0]], "task_locations": [[52, 68], [35, 31], [21, 20], [32, 47], [37, 85], [7, 59], [44, 71], [44, 59], [65, 0], [24, 88]], "precedence_constraints": [[6, 1], [4, 8], [1, 3], [5, 2], [3, 2], [8, 2]]}