{"Q": [[1, 0, 1], [1, 1, 0], [0, 0, 1]], "R": [[0.0, 0.0, 0.0], [0.0, 0.0, 1.0], [1.0, 1.0, 0.0], [1.0, 0.0, 0.0], [0.0, 0.0, 1.0], [1.0, 1.0, 1.0], [0.0, 0.0, 1.0], [0.0, 1.0, 1.0], [1.0, 0.0, 0.0], [0.0, 0.0, 0.0]], "T_e": [0, 93, 57, 54, 79, 99, 64, 79, 51, 0], "T_t": [[0.0, 107.07474025184464, 77.15568676384133, 65.19202405202648, 68.60029154456998, 33.734255586866, 78.05767098754612, 50.0, 89.30845424706443, 68.24954212300622], [107.07474025184464, 0.0, 32.28002478313795, 93.08598175880189, 38.58756276314948, 85.70297544426332, 92.57429448826494, 61.71709649683789, 40.162171256046406, 52.392747589718944], [77.15568676384133, 32.28002478313795, 0.0, 63.34824385884742, 11.180339887498949, 53.48831648126533, 65.39113089708727, 39.05124837953327, 23.08679276123039, 40.26164427839479], [65.19202405202648, 93.08598175880189, 63.34824385884742, 0.0, 64.62197768561404, 34.17601498127012, 13.152946437965905, 73.55270219373317, 55.731499172371095, 88.81441324469807], [68.60029154456998, 38.58756276314948, 11.180339887498949, 64.62197768561404, 0.0, 48.662100242385755, 68.79680225126747, 27.892651361962706, 33.37663853655727, 30.463092423455635], [33.734255586866, 85.70297544426332, 53.48831648126533, 34.17601498127012, 48.662100242385755, 0.0, 46.09772228646444, 45.18849411078001, 59.413803110051795, 63.245553203367585], [78.05767098754612, 92.57429448826494, 65.39113089708727, 13.152946437965905, 68.79680225126747, 46.09772228646444, 0.0, 81.83520025025906, 53.150729063673246, 95.524865872714], [50.0, 61.71709649683789, 39.05124837953327, 73.55270219373317, 27.892651361962706, 45.18849411078001, 81.83520025025906, 0.0, 60.03332407921454, 19.026297590440446], [89.30845424706443, 40.162171256046406, 23.08679276123039, 55.731499172371095, 33.37663853655727, 59.413803110051795, 53.150729063673246, 60.03332407921454, 0.0, 63.324560795950255], [68.24954212300622, 52.392747589718944, 40.26164427839479, 88.81441324469807, 30.463092423455635, 63.245553203367585, 95.524865872714, 19.026297590440446, 63.324560795950255, 0.0]], "task_locations": [[11, 15], [99, 76], [68, 67], [6, 80], [66, 56], [18, 48], [8, 93], [59, 29], [61, 89], [78, 28]], "precedence_constraints": [[5, 4], [6, 4], [5, 8]]}