{"Q": [[1, 0, 0], [1, 1, 1], [1, 0, 1]], "R": [[0.0, 0.0, 0.0], [1.0, 0.0, 0.0], [1.0, 0.0, 1.0], [0.0, 0.0, 1.0], [1.0, 0.0, 1.0], [0.0, 0.0, 1.0], [0.0, 1.0, 1.0], [0.0, 1.0, 0.0], [0.0, 0.0, 1.0], [0.0, 0.0, 0.0]], "T_e": [0, 97, 51, 55, 75, 51, 65, 84, 84, 0], "T_t": [[0.0, 85.70297544426332, 106.4377752492037, 43.56604182158393, 70.68238818828917, 22.627416997969522, 50.93132631298737, 57.0350769263968, 68.6804193347711, 107.82393055347222], [85.70297544426332, 0.0, 32.28002478313795, 54.230987451824994, 87.0, 87.36704184073076, 35.22782990761707, 62.0, 38.05259518088089, 31.575306807693888], [106.4377752492037, 32.28002478313795, 0.0, 66.21933252457322, 83.93449827097318, 101.67103815738285, 61.0, 93.43446901438462, 41.012193308819754, 3.0], [43.56604182158393, 54.230987451824994, 66.21933252457322, 0.0, 42.5440947723653, 35.4682957019364, 31.04834939252005, 64.66065264130884, 25.942243542145693, 68.11754546370561], [70.68238818828917, 87.0, 83.93449827097318, 42.5440947723653, 0.0, 50.0, 73.00684899377592, 106.83164325236227, 49.040799340956916, 86.7294644281861], [22.627416997969522, 87.36704184073076, 101.67103815738285, 35.4682957019364, 50.0, 0.0, 56.302753041036986, 74.33034373659252, 61.032778078668514, 103.58571330062848], [50.93132631298737, 35.22782990761707, 61.0, 31.04834939252005, 73.00684899377592, 56.302753041036986, 0.0, 38.58756276314948, 35.84689665786984, 61.61168720299745], [57.0350769263968, 62.0, 93.43446901438462, 64.66065264130884, 106.83164325236227, 74.33034373659252, 38.58756276314948, 0.0, 74.43117626371358, 93.1933474020544], [68.6804193347711, 38.05259518088089, 41.012193308819754, 25.942243542145693, 49.040799340956916, 61.032778078668514, 35.84689665786984, 74.43117626371358, 0.0, 43.18564576337837], [107.82393055347222, 31.575306807693888, 3.0, 68.11754546370561, 86.7294644281861, 103.58571330062848, 61.61168720299745, 93.1933474020544, 43.18564576337837, 0.0]], "task_locations": [[63, 97], [6, 33], [15, 2], [56, 54], [93, 33], [79, 81], [26, 62], [6, 95], [44, 31], [12, 2]], "precedence_constraints": [[2, 8]]}