{"Q": [[1, 0, 1], [0, 1, 0], [1, 1, 1]], "R": [[0.0, 0.0, 0.0], [1.0, 0.0, 1.0], [1.0, 0.0, 0.0], [1.0, 1.0, 0.0], [0.0, 1.0, 0.0], [1.0, 1.0, 1.0], [0.0, 0.0, 1.0], [0.0, 1.0, 1.0], [0.0, 0.0, 1.0], [0.0, 0.0, 0.0]], "T_e": [0, 87, 98, 52, 85, 94, 69, 98, 54, 0], "T_t": [[0.0, 82.00609733428362, 73.00684899377592, 37.21558813185679, 55.14526271584895, 48.703182647543684, 18.35755975068582, 14.212670403551895, 59.00847396772772, 19.1049731745428], [82.00609733428362, 0.0, 69.8927750200262, 45.27692569068709, 94.86832980505137, 39.81205847478876, 66.48308055437865, 71.449282711585, 23.08679276123039, 82.46211251235322], [73.00684899377592, 69.8927750200262, 0.0, 63.28506932918696, 39.20459156782532, 75.05997601918082, 56.824290580701486, 59.36328831862332, 62.0966987850401, 88.11923740024082], [37.21558813185679, 45.27692569068709, 63.28506932918696, 0.0, 67.60177512462228, 15.0, 24.698178070456937, 29.068883707497267, 22.20360331117452, 38.07886552931954], [55.14526271584895, 94.86832980505137, 39.20459156782532, 67.60177512462228, 0.0, 82.49242389456137, 47.53945729601885, 46.52956049652737, 78.49203781276162, 74.02702209328699], [48.703182647543684, 39.81205847478876, 75.05997601918082, 15.0, 82.49242389456137, 0.0, 39.05124837953327, 43.01162633521314, 19.849433241279208, 44.10215414239989], [18.35755975068582, 66.48308055437865, 56.824290580701486, 24.698178070456937, 47.53945729601885, 39.05124837953327, 0.0, 5.0, 44.14748010928823, 31.304951684997057], [14.212670403551895, 71.449282711585, 59.36328831862332, 29.068883707497267, 46.52956049652737, 43.01162633521314, 5.0, 0.0, 49.03060268852505, 29.410882339705484], [59.00847396772772, 23.08679276123039, 62.0966987850401, 22.20360331117452, 78.49203781276162, 19.849433241279208, 44.14748010928823, 49.03060268852505, 0.0, 59.77457653551382], [19.1049731745428, 82.46211251235322, 88.11923740024082, 38.07886552931954, 74.02702209328699, 44.10215414239989, 31.304951684997057, 29.410882339705484, 59.77457653551382, 0.0]], "task_locations": [[68, 3], [67, 85], [9, 46], [72, 40], [13, 7], [84, 49], [59, 19], [59, 14], [69, 62], [87, 5]], "precedence_constraints": [[5, 2], [5, 7], [4, 7], [5, 4], [2, 1], [2, 7]]}