{"Q": [[1, 0, 0], [1, 0, 1], [0, 1, 1]], "R": [[0.0, 0.0, 0.0], [1.0, 0.0, 1.0], [0.0, 1.0, 0.0], [1.0, 1.0, 1.0], [1.0, 1.0, 1.0], [0.0, 0.0, 1.0], [0.0, 1.0, 1.0], [0.0, 0.0, 1.0], [0.0, 0.0, 1.0], [0.0, 0.0, 0.0]], "T_e": [0, 67, 92, 61, 83, 78, 76, 75, 82, 0], "T_t": [[0.0, 111.83022847155415, 89.49301648732151, 111.13955191559843, 96.33275663033837, 73.824115301167, 53.600373133029585, 6.082762530298219, 77.3692445355388, 36.87817782917155], [111.83022847155415, 0.0, 32.57299494980466, 3.1622776601683795, 33.61547262794322, 64.4980619863884, 83.86298349093002, 107.91200118615167, 60.8276253029822, 77.47257579298626], [89.49301648732151, 32.57299494980466, 0.0, 30.083217912982647, 48.75448697299562, 66.61080993352356, 52.630789467763066, 86.83317338436964, 64.66065264130884, 61.0], [111.13955191559843, 3.1622776601683795, 30.083217912982647, 0.0, 35.77708763999664, 65.92419889539804, 81.83520025025906, 107.35455276791944, 62.369864518050704, 77.25283166331187], [96.33275663033837, 33.61547262794322, 48.75448697299562, 35.77708763999664, 0.0, 33.37663853655727, 85.84287972802403, 91.2414379544733, 29.154759474226502, 59.464274989274024], [73.824115301167, 64.4980619863884, 66.61080993352356, 65.92419889539804, 33.37663853655727, 0.0, 82.71033792700887, 67.97793759742936, 4.47213595499958, 39.6232255123179], [53.600373133029585, 83.86298349093002, 52.630789467763066, 81.83520025025906, 85.84287972802403, 82.71033792700887, 0.0, 54.42425929675111, 83.74365647617735, 49.64876634922564], [6.082762530298219, 107.91200118615167, 86.83317338436964, 107.35455276791944, 91.2414379544733, 67.97793759742936, 54.42425929675111, 0.0, 71.58910531638176, 31.827660925679098], [77.3692445355388, 60.8276253029822, 64.66065264130884, 62.369864518050704, 29.154759474226502, 4.47213595499958, 83.74365647617735, 71.58910531638176, 0.0, 42.44997055358225], [36.87817782917155, 77.47257579298626, 61.0, 77.25283166331187, 59.464274989274024, 39.6232255123179, 49.64876634922564, 31.827660925679098, 42.44997055358225, 0.0]], "task_locations": [[22, 0], [81, 95], [50, 85], [78, 96], [94, 64], [89, 31], [9, 52], [28, 1], [91, 35], [50, 24]], "precedence_constraints": [[1, 5], [4, 7], [7, 5], [6, 7]]}