{"Q": [[1, 1, 0], [1, 0, 0], [1, 0, 1]], "R": [[0.0, 0.0, 0.0], [1.0, 1.0, 0.0], [1.0, 0.0, 1.0], [0.0, 1.0, 1.0], [1.0, 0.0, 0.0], [1.0, 1.0, 1.0], [1.0, 0.0, 0.0], [1.0, 1.0, 1.0], [0.0, 0.0, 1.0], [0.0, 0.0, 0.0]], "T_e": [0, 63, 52, 89, 88, 73, 75, 78, 70, 0], "T_t": [[0.0, 85.61541917201598, 96.04165762834376, 66.2872536767062, 91.80958555619343, 90.13878188659973, 31.827660925679098, 44.10215414239989, 101.53324578678651, 71.449282711585], [85.61541917201598, 0.0, 29.017236257093817, 19.697715603592208, 65.0, 9.219544457292887, 61.032778078668514, 83.24061508662703, 92.65527507918802, 90.13878188659973], [96.04165762834376, 29.017236257093817, 0.0, 40.718546143004666, 41.86884283091664, 20.223748416156685, 65.79513659838392, 79.22752047110903, 70.09279563550022, 76.92203845452875], [66.2872536767062, 19.697715603592208, 40.718546143004666, 0.0, 65.73431371817918, 26.248809496813376, 44.14748010928823, 69.31810730249349, 91.0, 81.32035415564789], [91.80958555619343, 65.0, 41.86884283091664, 65.73431371817918, 0.0, 58.60034129593445, 60.8276253029822, 57.42821606144492, 28.284271247461902, 42.42640687119285], [90.13878188659973, 9.219544457292887, 20.223748416156685, 26.248809496813376, 58.60034129593445, 0.0, 63.387695966961914, 83.18653737234169, 86.68333173107735, 87.23531395025755], [31.827660925679098, 61.032778078668514, 65.79513659838392, 44.14748010928823, 60.8276253029822, 63.387695966961914, 0.0, 28.319604517012593, 74.43117626371358, 50.0], [44.10215414239989, 83.24061508662703, 79.22752047110903, 69.31810730249349, 57.42821606144492, 83.18653737234169, 28.319604517012593, 0.0, 59.481089431852205, 27.459060435491963], [101.53324578678651, 92.65527507918802, 70.09279563550022, 91.0, 28.284271247461902, 86.68333173107735, 74.43117626371358, 59.481089431852205, 0.0, 34.058772731852805], [71.449282711585, 90.13878188659973, 76.92203845452875, 81.32035415564789, 42.42640687119285, 87.23531395025755, 50.0, 27.459060435491963, 34.058772731852805, 0.0]], "task_locations": [[98, 85], [77, 2], [48, 3], [85, 20], [21, 35], [68, 0], [75, 63], [54, 82], [1, 55], [27, 77]], "precedence_constraints": [[6, 5], [3, 7], [6, 7], [3, 5], [8, 3], [8, 2]]}