{"Q": [[1, 0, 1], [1, 1, 1], [0, 1, 0]], "R": [[0.0, 0.0, 0.0], [1.0, 0.0, 0.0], [0.0, 0.0, 1.0], [1.0, 0.0, 0.0], [1.0, 0.0, 0.0], [1.0, 1.0, 1.0], [1.0, 0.0, 0.0], [1.0, 0.0, 0.0], [0.0, 1.0, 0.0], [0.0, 0.0, 0.0]], "T_e": [0, 65, 66, 88, 69, 97, 88, 83, 71, 0], "T_t": [[0.0, 60.30754513325841, 89.81091247727082, 69.63476143421474, 88.23264701911646, 51.10772935672255, 123.79418403139947, 24.698178070456937, 74.94664769020693, 118.3427226321923], [60.30754513325841, 0.0, 33.24154027718932, 11.045361017187261, 48.84669896727925, 20.615528128088304, 64.20280367709809, 37.8021163428716, 29.154759474226502, 58.05170109479997], [89.81091247727082, 33.24154027718932, 0.0, 31.064449134018133, 30.870698080866262, 39.6232255123179, 35.510561809129406, 69.77105417004964, 49.64876634922564, 34.713109915419565], [69.63476143421474, 11.045361017187261, 31.064449134018133, 0.0, 53.25410782277739, 31.25699921617557, 57.30619512757761, 46.010868281309364, 21.2602916254693, 49.678969393496885], [88.23264701911646, 48.84669896727925, 30.870698080866262, 53.25410782277739, 0.0, 40.01249804748511, 58.309518948453004, 75.1065909225016, 74.4043009509531, 62.289646009589745], [51.10772935672255, 20.615528128088304, 39.6232255123179, 31.25699921617557, 40.01249804748511, 0.0, 74.81310045707235, 35.12833614050059, 49.24428900898052, 71.58910531638176], [123.79418403139947, 64.20280367709809, 35.510561809129406, 57.30619512757761, 58.309518948453004, 74.81310045707235, 0.0, 102.00490184299969, 67.468511173732, 12.649110640673518], [24.698178070456937, 37.8021163428716, 69.77105417004964, 46.010868281309364, 75.1065909225016, 35.12833614050059, 102.00490184299969, 0.0, 50.28916384272063, 95.4829827770373], [74.94664769020693, 29.154759474226502, 49.64876634922564, 21.2602916254693, 74.4043009509531, 49.24428900898052, 67.468511173732, 50.28916384272063, 0.0, 56.92099788303083], [118.3427226321923, 58.05170109479997, 34.713109915419565, 49.678969393496885, 62.289646009589745, 71.58910531638176, 12.649110640673518, 95.4829827770373, 56.92099788303083, 0.0]], "task_locations": [[2, 95], [41, 49], [73, 40], [42, 38], [86, 68], [46, 69], [92, 10], [11, 72], [26, 24], [80, 6]], "precedence_constraints": [[8, 3], [7, 1], [4, 2], [4, 1], [7, 4]]}