{"Q": [[0, 1, 0], [0, 1, 0], [1, 1, 1]], "R": [[0.0, 0.0, 0.0], [1.0, 1.0, 0.0], [0.0, 0.0, 1.0], [1.0, 1.0, 0.0], [0.0, 0.0, 1.0], [0.0, 1.0, 1.0], [1.0, 1.0, 0.0], [0.0, 1.0, 0.0], [0.0, 1.0, 0.0], [0.0, 0.0, 0.0]], "T_e": [0, 84, 76, 69, 63, 62, 58, 64, 56, 0], "T_t": [[0.0, 75.76938695805846, 21.02379604162864, 36.235341863986875, 22.360679774997898, 41.48493702538308, 46.87216658103186, 80.72174428244226, 24.186773244895647, 42.05948168962618], [75.76938695805846, 0.0, 69.46221994724903, 106.25441167311595, 91.98369420718001, 106.4048871058092, 44.94441010848846, 90.4267659490264, 52.839379254491625, 51.61395160225576], [21.02379604162864, 69.46221994724903, 0.0, 55.97320787662612, 23.706539182259394, 62.16912416947821, 54.08326913195984, 96.79876032264049, 29.206163733020468, 51.73973328110612], [36.235341863986875, 106.25441167311595, 55.97320787662612, 0.0, 42.1070065428546, 10.0, 67.06713054842886, 76.32168761236873, 53.907327887774215, 60.08327554319921], [22.360679774997898, 91.98369420718001, 23.706539182259394, 42.1070065428546, 0.0, 50.80354318352215, 68.6804193347711, 101.86265262597475, 44.553338819890925, 64.25729530566937], [41.48493702538308, 106.4048871058092, 62.16912416947821, 10.0, 50.80354318352215, 0.0, 64.88451279003334, 68.00735254367721, 55.44366510251645, 57.706152185014034], [46.87216658103186, 44.94441010848846, 54.08326913195984, 67.06713054842886, 68.6804193347711, 64.88451279003334, 0.0, 51.62363799656123, 25.059928172283335, 7.211102550927978], [80.72174428244226, 90.4267659490264, 96.79876032264049, 76.32168761236873, 101.86265262597475, 68.00735254367721, 51.62363799656123, 0.0, 69.77822009767804, 49.040799340956916], [24.186773244895647, 52.839379254491625, 29.206163733020468, 53.907327887774215, 44.553338819890925, 55.44366510251645, 25.059928172283335, 69.77822009767804, 0.0, 22.627416997969522], [42.05948168962618, 51.61395160225576, 51.73973328110612, 60.08327554319921, 64.25729530566937, 57.706152185014034, 7.211102550927978, 49.040799340956916, 22.627416997969522, 0.0]], "task_locations": [[62, 74], [91, 4], [83, 73], [30, 91], [72, 94], [22, 85], [53, 28], [2, 20], [65, 50], [49, 34]], "precedence_constraints": [[6, 1], [3, 7], [6, 8], [3, 5]]}