{"Q": [[0, 0, 1], [1, 0, 1], [0, 1, 1]], "R": [[0.0, 0.0, 0.0], [0.0, 1.0, 0.0], [1.0, 1.0, 0.0], [1.0, 1.0, 0.0], [0.0, 1.0, 0.0], [1.0, 0.0, 0.0], [1.0, 0.0, 1.0], [0.0, 0.0, 1.0], [0.0, 1.0, 1.0], [0.0, 0.0, 0.0]], "T_e": [0, 76, 86, 68, 71, 66, 62, 65, 90, 0], "T_t": [[0.0, 71.06335201775947, 84.40379138403677, 46.52956049652737, 49.25444142409901, 81.6333265278342, 62.12889826803627, 88.32326986700618, 61.5223536610881, 45.89117562233506], [71.06335201775947, 0.0, 13.92838827718412, 26.92582403567252, 50.35871324805669, 15.297058540778355, 53.75872022286245, 21.0, 12.041594578792296, 46.0], [84.40379138403677, 13.92838827718412, 0.0, 38.897300677553446, 58.18934610390462, 8.246211251235321, 65.11528238439882, 9.433981132056603, 25.709920264364882, 59.21148537234985], [46.52956049652737, 26.92582403567252, 38.897300677553446, 0.0, 28.160255680657446, 35.22782990761707, 54.48853090330111, 41.88078318274385, 22.090722034374522, 39.408120990476064], [49.25444142409901, 50.35871324805669, 58.18934610390462, 28.160255680657446, 0.0, 51.478150704935004, 80.7093550959243, 56.824290580701486, 49.36598018878993, 64.03124237432849], [81.6333265278342, 15.297058540778355, 8.246211251235321, 35.22782990761707, 51.478150704935004, 0.0, 68.96375859826666, 6.708203932499369, 27.073972741361768, 61.07372593840988], [62.12889826803627, 53.75872022286245, 65.11528238439882, 54.48853090330111, 80.7093550959243, 68.96375859826666, 0.0, 73.97972695272672, 42.95346318982906, 17.72004514666935], [88.32326986700618, 21.0, 9.433981132056603, 41.88078318274385, 56.824290580701486, 6.708203932499369, 73.97972695272672, 0.0, 33.015148038438355, 67.0], [61.5223536610881, 12.041594578792296, 25.709920264364882, 22.090722034374522, 49.36598018878993, 27.073972741361768, 42.95346318982906, 33.015148038438355, 0.0, 34.0147027033899], [45.89117562233506, 46.0, 59.21148537234985, 39.408120990476064, 64.03124237432849, 61.07372593840988, 17.72004514666935, 67.0, 34.0147027033899, 0.0]], "task_locations": [[11, 15], [56, 70], [61, 83], [33, 56], [6, 64], [53, 85], [73, 19], [56, 91], [55, 58], [56, 24]], "precedence_constraints": [[4, 3]]}