{"Q": [[1, 0, 0], [0, 1, 0], [0, 1, 1]], "R": [[0.0, 0.0, 0.0], [1.0, 0.0, 0.0], [0.0, 0.0, 1.0], [1.0, 1.0, 1.0], [1.0, 0.0, 0.0], [1.0, 0.0, 0.0], [0.0, 1.0, 1.0], [1.0, 0.0, 0.0], [1.0, 1.0, 1.0], [0.0, 0.0, 0.0]], "T_e": [0, 51, 85, 73, 52, 80, 66, 57, 62, 0], "T_t": [[0.0, 102.00490184299969, 73.33484846919642, 73.17103251970687, 51.03920062069938, 89.20201791439474, 48.16637831516918, 15.231546211727817, 63.34824385884742, 89.15716460273958], [102.00490184299969, 0.0, 69.46221994724903, 57.55866572463264, 79.76214641043707, 28.460498941515414, 55.47071299343465, 106.77546534667971, 77.3692445355388, 27.018512172212592], [73.33484846919642, 69.46221994724903, 0.0, 12.0, 91.67878707749138, 80.2807573457052, 59.413803110051795, 67.36467917239716, 12.529964086141668, 42.95346318982906], [73.17103251970687, 57.55866572463264, 12.0, 0.0, 84.59905436823747, 68.6804193347711, 51.40038910358559, 69.6419413859206, 21.095023109728988, 31.32091952673165], [51.03920062069938, 79.76214641043707, 91.67878707749138, 84.59905436823747, 0.0, 55.71355310873648, 33.54101966249684, 65.12296062065974, 87.72684879784524, 81.58431221748455], [89.20201791439474, 28.460498941515414, 80.2807573457052, 68.6804193347711, 55.71355310873648, 0.0, 41.340053217188775, 97.6165969494942, 84.38009243891595, 45.60701700396552], [48.16637831516918, 55.47071299343465, 59.413803110051795, 51.40038910358559, 33.54101966249684, 41.340053217188775, 0.0, 56.356011214421486, 57.4543296888929, 50.00999900019995], [15.231546211727817, 106.77546534667971, 67.36467917239716, 69.6419413859206, 65.12296062065974, 97.6165969494942, 56.356011214421486, 0.0, 56.00892785976178, 90.4267659490264], [63.34824385884742, 77.3692445355388, 12.529964086141668, 21.095023109728988, 87.72684879784524, 84.38009243891595, 57.4543296888929, 56.00892785976178, 0.0, 52.0], [89.15716460273958, 27.018512172212592, 42.95346318982906, 31.32091952673165, 81.58431221748455, 45.60701700396552, 50.00999900019995, 90.4267659490264, 52.0, 0.0]], "task_locations": [[75, 6], [13, 87], [82, 79], [70, 79], [24, 8], [4, 60], [39, 38], [89, 12], [88, 68], [40, 88]], "precedence_constraints": [[4, 6], [7, 3], [2, 7], [5, 3], [1, 3], [8, 3]]}