{"Q": [[0, 1, 1], [1, 0, 0], [0, 1, 0]], "R": [[0.0, 0.0, 0.0], [0.0, 0.0, 1.0], [1.0, 0.0, 1.0], [0.0, 1.0, 1.0], [1.0, 0.0, 0.0], [1.0, 0.0, 0.0], [1.0, 0.0, 1.0], [0.0, 1.0, 0.0], [1.0, 0.0, 0.0], [0.0, 0.0, 0.0]], "T_e": [0, 58, 56, 83, 78, 68, 50, 69, 62, 0], "T_t": [[0.0, 117.6860229593982, 85.0, 11.40175425099138, 74.67261881037788, 34.17601498127012, 18.027756377319946, 29.546573405388315, 61.0, 26.1725046566048], [117.6860229593982, 0.0, 77.10382610480494, 117.64352935882194, 79.05694150420949, 105.6882207249228, 112.36102527122117, 108.4665847162157, 81.93289937503738, 105.19030373565806], [85.0, 77.10382610480494, 0.0, 92.43916918709297, 105.3612832116238, 54.3415126767741, 92.57429448826494, 59.22837157984339, 24.0, 91.76055797563569], [11.40175425099138, 117.64352935882194, 92.43916918709297, 0.0, 67.1863081289633, 44.294469180700204, 8.06225774829855, 39.96248240537617, 68.59300255857006, 17.46424919657298], [74.67261881037788, 79.05694150420949, 105.3612832116238, 67.1863081289633, 0.0, 88.76936408468859, 59.20304046246274, 87.66413177577246, 89.87213138676528, 49.72926703662542], [34.17601498127012, 105.6882207249228, 54.3415126767741, 44.294469180700204, 88.76936408468859, 0.0, 47.80167361086848, 5.0, 31.38470965295043, 51.66236541235796], [18.027756377319946, 112.36102527122117, 92.57429448826494, 8.06225774829855, 59.20304046246274, 47.80167361086848, 0.0, 43.93176527297759, 69.12307863514182, 9.486832980505138], [29.546573405388315, 108.4665847162157, 59.22837157984339, 39.96248240537617, 87.66413177577246, 5.0, 43.93176527297759, 0.0, 36.05551275463989, 48.41487374764082], [61.0, 81.93289937503738, 24.0, 68.59300255857006, 89.87213138676528, 31.38470965295043, 69.12307863514182, 36.05551275463989, 0.0, 69.07966415668217], [26.1725046566048, 105.19030373565806, 91.76055797563569, 17.46424919657298, 49.72926703662542, 51.66236541235796, 9.486832980505138, 48.41487374764082, 69.07966415668217, 0.0]], "task_locations": [[78, 89], [1, 0], [78, 4], [69, 96], [4, 79], [90, 57], [61, 95], [90, 62], [78, 28], [52, 92]], "precedence_constraints": [[8, 2], [5, 2], [5, 4]]}