{"Q": [[0, 1, 0], [1, 1, 0], [0, 1, 1]], "R": [[0.0, 0.0, 0.0], [1.0, 1.0, 0.0], [1.0, 0.0, 0.0], [1.0, 1.0, 1.0], [1.0, 0.0, 1.0], [1.0, 1.0, 0.0], [0.0, 1.0, 0.0], [1.0, 1.0, 1.0], [0.0, 1.0, 0.0], [0.0, 0.0, 0.0]], "T_e": [0, 98, 58, 68, 65, 87, 97, 92, 89, 0], "T_t": [[0.0, 49.8196748283246, 35.38361202590826, 55.80322571321482, 21.587033144922902, 24.0, 79.75587752636166, 8.602325267042627, 75.8023746329889, 71.8679344353238], [49.8196748283246, 0.0, 74.95331880577403, 24.331050121192877, 31.304951684997057, 26.570660511172846, 52.92447448959697, 54.037024344425184, 55.31726674375732, 39.35733730830886], [35.38361202590826, 74.95331880577403, 0.0, 69.35416353759881, 54.644304369257, 54.589376255824725, 114.03946685248927, 26.870057685088806, 110.75197515168747, 104.80935072788114], [55.80322571321482, 24.331050121192877, 69.35416353759881, 0.0, 44.94441010848846, 39.11521443121589, 76.84399781375251, 56.356011214421486, 79.62411694957753, 62.96824596572466], [21.587033144922902, 31.304951684997057, 54.644304369257, 44.94441010848846, 0.0, 5.830951894845301, 59.405386961116584, 28.635642126552707, 56.568542494923804, 50.566787519082126], [24.0, 26.570660511172846, 54.589376255824725, 39.11521443121589, 5.830951894845301, 0.0, 60.207972893961475, 29.832867780352597, 58.25804665451803, 50.24937810560445], [79.75587752636166, 52.92447448959697, 114.03946685248927, 76.84399781375251, 59.405386961116584, 60.207972893961475, 0.0, 87.66413177577246, 9.433981132056603, 14.142135623730951], [8.602325267042627, 54.037024344425184, 26.870057685088806, 56.356011214421486, 28.635642126552707, 29.832867780352597, 87.66413177577246, 0.0, 84.02380615040002, 79.20227269466452], [75.8023746329889, 55.31726674375732, 110.75197515168747, 79.62411694957753, 56.568542494923804, 58.25804665451803, 9.433981132056603, 84.02380615040002, 0.0, 19.924858845171276], [71.8679344353238, 39.35733730830886, 104.80935072788114, 62.96824596572466, 50.566787519082126, 50.24937810560445, 14.142135623730951, 79.20227269466452, 19.924858845171276, 0.0]], "task_locations": [[70, 49], [21, 58], [94, 75], [25, 82], [49, 44], [46, 49], [1, 9], [75, 56], [9, 4], [3, 23]], "precedence_constraints": [[5, 2], [7, 6], [4, 8], [1, 2], [6, 2], [4, 2]]}