{"Q": [[1, 1, 1], [1, 0, 0], [1, 0, 0]], "R": [[0.0, 0.0, 0.0], [0.0, 1.0, 1.0], [0.0, 0.0, 1.0], [0.0, 0.0, 1.0], [1.0, 1.0, 1.0], [0.0, 1.0, 1.0], [1.0, 0.0, 1.0], [1.0, 1.0, 0.0], [0.0, 1.0, 0.0], [0.0, 0.0, 0.0]], "T_e": [0, 89, 88, 79, 84, 73, 86, 83, 57, 0], "T_t": [[0.0, 16.492422502470642, 76.55063683601855, 79.62411694957753, 26.1725046566048, 43.266615305567875, 29.410882339705484, 29.832867780352597, 29.154759474226502, 73.10950690573696], [16.492422502470642, 0.0, 68.73136110975832, 80.62257748298549, 42.579337712087536, 51.22499389946279, 20.024984394500787, 41.78516483155236, 28.178005607210743, 71.84010022264724], [76.55063683601855, 68.73136110975832, 0.0, 42.42640687119285, 91.2633551870629, 61.61168720299745, 48.83646178829912, 72.18032973047436, 48.76474136094644, 30.01666203960727], [79.62411694957753, 80.62257748298549, 42.42640687119285, 0.0, 81.61494961096282, 42.7551166528639, 63.28506932918696, 59.413803110051795, 52.55473337388365, 13.0], [26.1725046566048, 42.579337712087536, 91.2633551870629, 81.61494961096282, 0.0, 39.05124837953327, 50.774009099144415, 22.20360331117452, 43.18564576337837, 79.12016177940993], [43.266615305567875, 51.22499389946279, 61.61168720299745, 42.7551166528639, 39.05124837953327, 0.0, 42.720018726587654, 17.029386365926403, 27.892651361962706, 42.05948168962618], [29.410882339705484, 20.024984394500787, 48.83646178829912, 63.28506932918696, 50.774009099144415, 42.720018726587654, 0.0, 40.311288741492746, 14.866068747318506, 53.31041174104736], [29.832867780352597, 41.78516483155236, 72.18032973047436, 59.413803110051795, 22.20360331117452, 17.029386365926403, 40.311288741492746, 0.0, 27.85677655436824, 57.245087125446844], [29.154759474226502, 28.178005607210743, 48.76474136094644, 52.55473337388365, 43.18564576337837, 27.892651361962706, 14.866068747318506, 27.85677655436824, 0.0, 44.553338819890925], [73.10950690573696, 71.84010022264724, 30.01666203960727, 13.0, 79.12016177940993, 42.05948168962618, 53.31041174104736, 57.245087125446844, 44.553338819890925, 0.0]], "task_locations": [[73, 91], [57, 87], [47, 19], [89, 13], [99, 94], [97, 55], [56, 67], [96, 72], [70, 62], [77, 18]], "precedence_constraints": [[8, 4], [7, 1], [5, 6]]}