{"Q": [[0, 0, 1], [1, 0, 0], [1, 1, 1]], "R": [[0.0, 0.0, 0.0], [1.0, 0.0, 1.0], [0.0, 1.0, 1.0], [1.0, 0.0, 0.0], [0.0, 1.0, 0.0], [1.0, 1.0, 1.0], [0.0, 1.0, 1.0], [1.0, 1.0, 0.0], [1.0, 0.0, 1.0], [0.0, 0.0, 0.0]], "T_e": [0, 72, 97, 97, 86, 96, 82, 98, 84, 0], "T_t": [[0.0, 45.60701700396552, 46.14108798023731, 27.459060435491963, 52.43090691567332, 19.209372712298546, 25.495097567963924, 35.34119409414458, 65.62011886609167, 32.202484376209235], [45.60701700396552, 0.0, 51.15662224971465, 31.016124838541646, 71.25307010929424, 64.4437739428721, 21.400934559032695, 63.56886030125127, 47.01063709417264, 61.09828148156051], [46.14108798023731, 51.15662224971465, 0.0, 61.032778078668514, 22.360679774997898, 52.61178575186362, 38.01315561749642, 26.570660511172846, 28.653097563788805, 26.68332812825267], [27.459060435491963, 31.016124838541646, 61.032778078668514, 0.0, 74.33034373659252, 45.31004303683677, 24.08318915758459, 59.841457201508724, 69.9714227381436, 56.71860364994893], [52.43090691567332, 71.25307010929424, 22.360679774997898, 74.33034373659252, 0.0, 50.47771785649585, 54.45181356024793, 18.601075237738275, 48.79549159502341, 21.2602916254693], [19.209372712298546, 64.4437739428721, 52.61178575186362, 45.31004303683677, 50.47771785649585, 0.0, 43.60045871318328, 31.906112267087632, 77.23341245859851, 29.5296461204668], [25.495097567963924, 21.400934559032695, 38.01315561749642, 24.08318915758459, 54.45181356024793, 43.60045871318328, 0.0, 43.73785545725808, 46.51881339845203, 41.0], [35.34119409414458, 63.56886030125127, 26.570660511172846, 59.841457201508724, 18.601075237738275, 31.906112267087632, 43.73785545725808, 0.0, 55.036351623268054, 3.1622776601683795], [65.62011886609167, 47.01063709417264, 28.653097563788805, 69.9714227381436, 48.79549159502341, 77.23341245859851, 46.51881339845203, 55.036351623268054, 0.0, 54.78138369920935], [32.202484376209235, 61.09828148156051, 26.68332812825267, 56.71860364994893, 21.2602916254693, 29.5296461204668, 41.0, 3.1622776601683795, 54.78138369920935, 0.0]], "task_locations": [[85, 49], [49, 21], [45, 72], [80, 22], [55, 92], [97, 64], [62, 38], [70, 81], [20, 58], [71, 78]], "precedence_constraints": [[8, 7], [8, 1]]}