{"Q": [[1, 0, 0], [0, 1, 1], [0, 1, 0]], "R": [[0.0, 0.0, 0.0], [0.0, 1.0, 0.0], [0.0, 1.0, 0.0], [0.0, 1.0, 0.0], [1.0, 1.0, 0.0], [1.0, 1.0, 1.0], [1.0, 1.0, 0.0], [1.0, 1.0, 1.0], [1.0, 0.0, 0.0], [0.0, 0.0, 0.0]], "T_e": [0, 76, 63, 83, 78, 76, 78, 72, 78, 0], "T_t": [[0.0, 55.226805085936306, 63.50590523722971, 4.242640687119285, 40.162171256046406, 34.058772731852805, 45.221676218380054, 31.38470965295043, 33.54101966249684, 56.859475903318], [55.226805085936306, 0.0, 33.06055050963308, 58.54912467321779, 75.58438992278762, 69.06518659932803, 51.03920062069938, 54.817880294662984, 22.02271554554524, 56.859475903318], [63.50590523722971, 33.06055050963308, 0.0, 65.0, 96.20810776644555, 59.30430001273095, 32.28002478313795, 45.0111097397076, 41.617304093369626, 31.400636936215164], [4.242640687119285, 58.54912467321779, 65.0, 0.0, 42.20189569201838, 31.016124838541646, 44.68780594300866, 30.01666203960727, 37.107950630558946, 56.22277118748239], [40.162171256046406, 75.58438992278762, 96.20810776644555, 42.20189569201838, 0.0, 72.83543093852057, 84.53401682163222, 71.5122367151245, 56.0357029044876, 96.17692030835673], [34.058772731852805, 69.06518659932803, 59.30430001273095, 31.016124838541646, 72.83543093852057, 0.0, 28.160255680657446, 14.866068747318506, 53.150729063673246, 36.40054944640259], [45.221676218380054, 51.03920062069938, 32.28002478313795, 44.68780594300866, 84.53401682163222, 28.160255680657446, 0.0, 16.1245154965971, 43.56604182158393, 11.661903789690601], [31.38470965295043, 54.817880294662984, 45.0111097397076, 30.01666203960727, 71.5122367151245, 14.866068747318506, 16.1245154965971, 0.0, 40.8166632639171, 26.90724809414742], [33.54101966249684, 22.02271554554524, 41.617304093369626, 37.107950630558946, 56.0357029044876, 53.150729063673246, 43.56604182158393, 40.8166632639171, 0.0, 53.009433122794285], [56.859475903318, 56.859475903318, 31.400636936215164, 56.22277118748239, 96.17692030835673, 36.40054944640259, 11.661903789690601, 26.90724809414742, 53.009433122794285, 0.0]], "task_locations": [[27, 43], [82, 38], [84, 71], [24, 46], [14, 5], [25, 77], [53, 80], [39, 72], [60, 37], [59, 90]], "precedence_constraints": [[7, 2], [2, 5], [8, 1], [4, 7], [2, 1]]}