{"Q": [[1, 0, 1], [1, 1, 0], [0, 1, 0]], "R": [[0.0, 0.0, 0.0], [1.0, 0.0, 1.0], [0.0, 1.0, 0.0], [1.0, 1.0, 1.0], [1.0, 0.0, 1.0], [0.0, 1.0, 1.0], [1.0, 1.0, 1.0], [1.0, 1.0, 0.0], [0.0, 0.0, 1.0], [0.0, 0.0, 0.0]], "T_e": [0, 75, 59, 61, 81, 62, 92, 82, 80, 0], "T_t": [[0.0, 91.28526715741155, 103.31505214633539, 88.95504482602435, 43.41658669218482, 62.12889826803627, 34.438350715445125, 76.40026177965623, 81.93900170248598, 63.071388124885914], [91.28526715741155, 0.0, 31.064449134018133, 40.8166632639171, 50.21951811795888, 63.0, 59.20304046246274, 49.47726750741192, 30.083217912982647, 36.40054944640259], [103.31505214633539, 31.064449134018133, 0.0, 71.8679344353238, 60.00833275470999, 90.60905032059435, 68.87670143089025, 79.47955712005447, 21.633307652783937, 40.24922359499622], [88.95504482602435, 40.8166632639171, 71.8679344353238, 0.0, 62.289646009589745, 35.0, 68.00735254367721, 15.811388300841896, 65.94694837519019, 61.326992425847855], [43.41658669218482, 50.21951811795888, 60.00833275470999, 62.289646009589745, 0.0, 53.2634959423431, 9.219544457292887, 56.302753041036986, 38.897300677553446, 19.924858845171276], [62.12889826803627, 63.0, 90.60905032059435, 35.0, 53.2634959423431, 0.0, 54.20332093147061, 19.209372712298546, 76.69419795525604, 63.51377803280167], [34.438350715445125, 59.20304046246274, 68.87670143089025, 68.00735254367721, 9.219544457292887, 54.20332093147061, 0.0, 60.207972893961475, 47.53945729601885, 28.635642126552707], [76.40026177965623, 49.47726750741192, 79.47955712005447, 15.811388300841896, 56.302753041036986, 19.209372712298546, 60.207972893961475, 0.0, 69.40461079784254, 60.440052945046304], [81.93900170248598, 30.083217912982647, 21.633307652783937, 65.94694837519019, 38.897300677553446, 76.69419795525604, 47.53945729601885, 69.40461079784254, 0.0, 18.973665961010276], [63.071388124885914, 36.40054944640259, 40.24922359499622, 61.326992425847855, 19.924858845171276, 63.51377803280167, 28.635642126552707, 60.440052945046304, 18.973665961010276, 0.0]], "task_locations": [[88, 3], [26, 70], [43, 96], [5, 35], [67, 41], [26, 7], [73, 34], [14, 22], [55, 78], [61, 60]], "precedence_constraints": [[1, 5]]}