{"Q": [[0, 0, 1], [0, 1, 1], [1, 0, 0]], "R": [[0.0, 0.0, 0.0], [1.0, 1.0, 1.0], [0.0, 0.0, 1.0], [1.0, 0.0, 1.0], [1.0, 0.0, 0.0], [1.0, 1.0, 0.0], [1.0, 1.0, 0.0], [1.0, 0.0, 1.0], [0.0, 0.0, 1.0], [0.0, 0.0, 0.0]], "T_e": [0, 86, 97, 85, 86, 59, 75, 83, 58, 0], "T_t": [[0.0, 85.70297544426332, 50.20956084253277, 90.95603333479313, 6.082762530298219, 60.53924347066124, 49.72926703662542, 21.587033144922902, 42.1070065428546, 38.48376280978771], [85.70297544426332, 0.0, 46.69047011971501, 51.478150704935004, 91.09335870413386, 29.154759474226502, 101.9803902718557, 64.25729530566937, 79.2464510246358, 65.37583651472461], [50.20956084253277, 46.69047011971501, 0.0, 79.30952023559341, 53.907327887774215, 17.72004514666935, 86.83317338436964, 34.0147027033899, 32.55764119219941, 19.026297590440446], [90.95603333479313, 51.478150704935004, 79.30952023559341, 0.0, 97.01546268507923, 64.89992295835181, 79.05694150420949, 72.61542535852834, 107.00467279516349, 92.45539465060976], [6.082762530298219, 91.09335870413386, 53.907327887774215, 97.01546268507923, 0.0, 65.29931086925804, 52.55473337388365, 27.294688127912362, 41.97618372363071, 40.496913462633174], [60.53924347066124, 29.154759474226502, 17.72004514666935, 64.89992295835181, 65.29931086925804, 0.0, 88.10221336606703, 40.45985664828782, 50.21951811795888, 36.22154055254967], [49.72926703662542, 101.9803902718557, 86.83317338436964, 79.05694150420949, 52.55473337388365, 88.10221336606703, 0.0, 53.600373133029585, 90.55385138137417, 83.05419917138447], [21.587033144922902, 64.25729530566937, 34.0147027033899, 72.61542535852834, 27.294688127912362, 40.45985664828782, 53.600373133029585, 0.0, 41.14608122288197, 30.4138126514911], [42.1070065428546, 79.2464510246358, 32.55764119219941, 107.00467279516349, 41.97618372363071, 50.21951811795888, 90.55385138137417, 41.14608122288197, 0.0, 14.7648230602334], [38.48376280978771, 65.37583651472461, 19.026297590440446, 92.45539465060976, 40.496913462633174, 36.22154055254967, 83.05419917138447, 30.4138126514911, 14.7648230602334, 0.0]], "task_locations": [[88, 45], [7, 17], [53, 9], [0, 68], [94, 44], [36, 14], [75, 93], [67, 40], [85, 3], [72, 10]], "precedence_constraints": [[5, 6], [2, 1], [5, 2]]}