{"Q": [[0, 0, 1], [0, 1, 0], [1, 0, 1]], "R": [[0.0, 0.0, 0.0], [1.0, 1.0, 1.0], [1.0, 0.0, 0.0], [1.0, 1.0, 1.0], [0.0, 0.0, 1.0], [1.0, 0.0, 0.0], [1.0, 1.0, 1.0], [0.0, 1.0, 1.0], [1.0, 0.0, 1.0], [0.0, 0.0, 0.0]], "T_e": [0, 69, 78, 63, 81, 99, 91, 97, 54, 0], "T_t": [[0.0, 82.02438661763951, 60.03332407921454, 105.4229576515476, 39.20459156782532, 76.32168761236873, 10.816653826391969, 81.15417426109393, 7.810249675906654, 35.4682957019364], [82.02438661763951, 0.0, 56.0357029044876, 25.96150997149434, 57.245087125446844, 19.313207915827967, 80.60397012554654, 57.77542730261716, 83.09632964216891, 51.478150704935004], [60.03332407921454, 56.0357029044876, 0.0, 67.06713054842886, 67.11929677819934, 38.3275357934736, 66.37017402418047, 96.26006440887103, 55.57877292636101, 29.154759474226502], [105.4229576515476, 25.96150997149434, 67.06713054842886, 0.0, 83.16850365372699, 30.805843601498726, 105.152270541344, 79.62411694957753, 105.47511554864494, 72.13875518748573], [39.20459156782532, 57.245087125446844, 67.11929677819934, 83.16850365372699, 0.0, 61.00819617067857, 31.622776601683793, 42.01190307520001, 45.0111097397076, 38.948684188300895], [76.32168761236873, 19.313207915827967, 38.3275357934736, 30.805843601498726, 61.00819617067857, 0.0, 77.47257579298626, 72.67048919609665, 75.6042326857432, 41.86884283091664], [10.816653826391969, 80.60397012554654, 66.37017402418047, 105.152270541344, 31.622776601683793, 77.47257579298626, 0.0, 72.83543093852057, 18.601075237738275, 39.20459156782532], [81.15417426109393, 57.77542730261716, 96.26006440887103, 79.62411694957753, 42.01190307520001, 72.67048919609665, 72.83543093852057, 0.0, 87.0, 73.53910524340094], [7.810249675906654, 83.09632964216891, 55.57877292636101, 105.47511554864494, 45.0111097397076, 75.6042326857432, 18.601075237738275, 87.0, 0.0, 33.83784863137726], [35.4682957019364, 51.478150704935004, 29.154759474226502, 72.13875518748573, 38.948684188300895, 41.86884283091664, 39.20459156782532, 73.53910524340094, 33.83784863137726, 0.0]], "task_locations": [[7, 8], [65, 66], [67, 10], [90, 73], [11, 47], [72, 48], [1, 17], [12, 89], [12, 2], [40, 21]], "precedence_constraints": [[1, 8], [2, 3]]}