{"Q": [[1, 0, 1], [0, 1, 1], [0, 0, 1]], "R": [[0.0, 0.0, 0.0], [1.0, 1.0, 1.0], [1.0, 0.0, 0.0], [1.0, 1.0, 0.0], [1.0, 0.0, 1.0], [1.0, 0.0, 1.0], [1.0, 1.0, 0.0], [1.0, 1.0, 0.0], [1.0, 0.0, 0.0], [0.0, 0.0, 0.0]], "T_e": [0, 72, 84, 76, 75, 76, 66, 65, 76, 0], "T_t": [[0.0, 33.54101966249684, 57.201398584300364, 60.8276253029822, 56.568542494923804, 62.51399843235114, 81.49233092751734, 107.42439201596628, 82.0, 33.28663395418648], [33.54101966249684, 0.0, 40.01249804748511, 69.02897942168927, 55.90169943749474, 69.40461079784254, 74.14849964766651, 90.02777349240623, 75.50496672405067, 13.0], [57.201398584300364, 40.01249804748511, 0.0, 46.17358552246078, 27.85677655436824, 44.94441010848846, 35.84689665786984, 51.264022471905186, 37.57658845611187, 28.635642126552707], [60.8276253029822, 69.02897942168927, 46.17358552246078, 0.0, 18.439088914585774, 2.8284271247461903, 35.510561809129406, 70.71067811865476, 34.40930106817051, 56.639209034025185], [56.568542494923804, 55.90169943749474, 27.85677655436824, 18.439088914585774, 0.0, 17.08800749063506, 25.942243542145693, 58.137767414994535, 26.0, 42.941821107167776], [62.51399843235114, 69.40461079784254, 44.94441010848846, 2.8284271247461903, 17.08800749063506, 0.0, 32.7566787083184, 68.0, 31.622776601683793, 56.85068161420758], [81.49233092751734, 74.14849964766651, 35.84689665786984, 35.510561809129406, 25.942243542145693, 32.7566787083184, 0.0, 35.34119409414458, 2.23606797749979, 61.5223536610881], [107.42439201596628, 90.02777349240623, 51.264022471905186, 70.71067811865476, 58.137767414994535, 68.0, 35.34119409414458, 0.0, 36.76955262170047, 79.6994353806851], [82.0, 75.50496672405067, 37.57658845611187, 34.40930106817051, 26.0, 31.622776601683793, 2.23606797749979, 36.76955262170047, 0.0, 62.80127387243033], [33.28663395418648, 13.0, 28.635642126552707, 56.639209034025185, 42.941821107167776, 56.85068161420758, 61.5223536610881, 79.6994353806851, 62.80127387243033, 0.0]], "task_locations": [[84, 0], [51, 6], [50, 46], [94, 60], [76, 56], [92, 62], [64, 79], [32, 94], [66, 80], [56, 18]], "precedence_constraints": [[8, 7], [8, 1], [2, 5], [8, 4], [7, 3], [2, 6]]}