{"Q": [[1, 0, 1], [1, 0, 0], [0, 1, 0]], "R": [[0.0, 0.0, 0.0], [0.0, 1.0, 1.0], [1.0, 0.0, 1.0], [1.0, 1.0, 0.0], [1.0, 1.0, 1.0], [1.0, 1.0, 1.0], [1.0, 1.0, 1.0], [1.0, 0.0, 1.0], [1.0, 1.0, 1.0], [0.0, 0.0, 0.0]], "T_e": [0, 97, 51, 59, 89, 92, 61, 62, 85, 0], "T_t": [[0.0, 98.84331034521254, 91.2414379544733, 54.08326913195984, 67.4166151627327, 50.774009099144415, 59.413803110051795, 81.27115109311545, 22.80350850198276, 81.02468759581859], [98.84331034521254, 0.0, 58.008620049092706, 92.65527507918802, 32.7566787083184, 48.703182647543684, 58.309518948453004, 22.20360331117452, 96.67471230885562, 61.814237842102365], [91.2414379544733, 58.008620049092706, 0.0, 115.80155439371269, 60.74537019394976, 63.0317380372777, 32.01562118716424, 65.19202405202648, 76.05918747922567, 11.40175425099138], [54.08326913195984, 92.65527507918802, 115.80155439371269, 0.0, 62.6418390534633, 53.33854141237835, 86.97700845625813, 70.45565981523414, 73.97972695272672, 109.12378292562992], [67.4166151627327, 32.7566787083184, 60.74537019394976, 62.6418390534633, 0.0, 16.64331697709324, 43.04648650006177, 14.142135623730951, 69.02897942168927, 58.309518948453004], [50.774009099144415, 48.703182647543684, 63.0317380372777, 53.33854141237835, 16.64331697709324, 0.0, 37.57658845611187, 30.610455730027933, 53.53503525729669, 57.62811813689564], [59.413803110051795, 58.309518948453004, 32.01562118716424, 86.97700845625813, 43.04648650006177, 37.57658845611187, 0.0, 53.600373133029585, 46.32493928760188, 22.825424421026653], [81.27115109311545, 22.20360331117452, 65.19202405202648, 70.45565981523414, 14.142135623730951, 30.610455730027933, 53.600373133029585, 0.0, 83.09632964216891, 65.11528238439882], [22.80350850198276, 96.67471230885562, 76.05918747922567, 73.97972695272672, 69.02897942168927, 53.53503525729669, 46.32493928760188, 83.09632964216891, 0.0, 65.0], [81.02468759581859, 61.814237842102365, 11.40175425099138, 109.12378292562992, 58.309518948453004, 57.62811813689564, 22.825424421026653, 65.11528238439882, 65.0, 0.0]], "task_locations": [[95, 23], [6, 66], [5, 8], [98, 77], [38, 59], [52, 50], [36, 16], [28, 69], [81, 5], [16, 5]], "precedence_constraints": [[6, 3], [8, 4], [5, 7]]}