{"Q": [[1, 0, 1], [0, 0, 1], [1, 1, 0]], "R": [[0.0, 0.0, 0.0], [1.0, 1.0, 0.0], [0.0, 1.0, 1.0], [1.0, 0.0, 1.0], [0.0, 0.0, 1.0], [0.0, 1.0, 0.0], [0.0, 0.0, 1.0], [1.0, 0.0, 0.0], [1.0, 1.0, 1.0], [0.0, 0.0, 0.0]], "T_e": [0, 80, 90, 75, 61, 62, 76, 91, 54, 0], "T_t": [[0.0, 39.92492955535426, 23.769728648009426, 86.31338250816034, 59.20304046246274, 74.24957912338628, 63.788713735268246, 7.0710678118654755, 74.72616676907762, 86.02325267042627], [39.92492955535426, 0.0, 60.67124524847005, 81.04319835741924, 36.89173349139343, 69.63476143421474, 80.0812087820857, 42.190046219457976, 88.64536084872124, 97.62171889492625], [23.769728648009426, 60.67124524847005, 0.0, 107.16809226630845, 82.96987405076617, 95.42536350467836, 77.89736837660179, 27.294688127912362, 89.06739021662193, 100.72239075796404], [86.31338250816034, 81.04319835741924, 107.16809226630845, 0.0, 47.042533945356304, 12.206555615733702, 44.01136216933077, 80.62257748298549, 40.024992192379, 38.07886552931954], [59.20304046246274, 36.89173349139343, 82.96987405076617, 47.042533945356304, 0.0, 37.33630940518894, 62.289646009589745, 56.71860364994893, 67.11929677819934, 72.91776189653656], [74.24957912338628, 69.63476143421474, 95.42536350467836, 12.206555615733702, 37.33630940518894, 0.0, 38.07886552931954, 68.6804193347711, 37.21558813185679, 38.948684188300895], [63.788713735268246, 80.0812087820857, 77.89736837660179, 44.01136216933077, 62.289646009589745, 38.07886552931954, 0.0, 56.753854494650845, 11.180339887498949, 22.825424421026653], [7.0710678118654755, 42.190046219457976, 27.294688127912362, 80.62257748298549, 56.71860364994893, 68.6804193347711, 56.753854494650845, 0.0, 67.72001181334805, 79.05694150420949], [74.72616676907762, 88.64536084872124, 89.06739021662193, 40.024992192379, 67.11929677819934, 37.21558813185679, 11.180339887498949, 67.72001181334805, 0.0, 11.661903789690601], [86.02325267042627, 97.62171889492625, 100.72239075796404, 38.07886552931954, 72.91776189653656, 38.948684188300895, 22.825424421026653, 79.05694150420949, 11.661903789690601, 0.0]], "task_locations": [[38, 84], [75, 99], [15, 90], [97, 21], [95, 68], [90, 31], [53, 22], [39, 77], [58, 12], [64, 2]], "precedence_constraints": [[4, 5]]}