{"Q": [[0, 0, 1], [0, 1, 0], [1, 0, 0]], "R": [[0.0, 0.0, 0.0], [1.0, 0.0, 0.0], [0.0, 1.0, 1.0], [1.0, 1.0, 1.0], [1.0, 0.0, 1.0], [0.0, 0.0, 1.0], [0.0, 0.0, 1.0], [1.0, 0.0, 0.0], [1.0, 0.0, 0.0], [0.0, 0.0, 0.0]], "T_e": [0, 59, 69, 72, 76, 69, 54, 93, 79, 0], "T_t": [[0.0, 88.29496021857646, 50.60632371551998, 75.58438992278762, 17.804493814764857, 113.74093370462545, 70.00714249274856, 9.848857801796104, 15.652475842498529, 125.2078272313676], [88.29496021857646, 0.0, 65.55150646628954, 81.68843247363729, 75.23961722390672, 42.20189569201838, 47.634021455258214, 82.73451516749222, 73.16419889536138, 66.18912297349165], [50.60632371551998, 65.55150646628954, 0.0, 28.071337695236398, 33.1058907144937, 73.00684899377592, 24.73863375370596, 40.8166632639171, 38.600518131237564, 78.23042886243178], [75.58438992278762, 81.68843247363729, 28.071337695236398, 0.0, 59.22837157984339, 73.824115301167, 34.058772731852805, 65.80273550544841, 65.62011886609167, 69.42621983083913], [17.804493814764857, 75.23961722390672, 33.1058907144937, 59.22837157984339, 0.0, 97.12878049270464, 52.3450093132096, 8.602325267042627, 7.615773105863909, 107.62899237658968], [113.74093370462545, 42.20189569201838, 73.00684899377592, 73.824115301167, 97.12878049270464, 0.0, 48.27007354458868, 105.67875850898325, 98.18350166906862, 25.495097567963924], [70.00714249274856, 47.634021455258214, 24.73863375370596, 34.058772731852805, 52.3450093132096, 48.27007354458868, 0.0, 60.876925020897694, 55.44366510251645, 55.31726674375732], [9.848857801796104, 82.73451516749222, 40.8166632639171, 65.80273550544841, 8.602325267042627, 105.67875850898325, 60.876925020897694, 0.0, 10.198039027185569, 116.18089343777659], [15.652475842498529, 73.16419889536138, 38.600518131237564, 65.62011886609167, 7.615773105863909, 98.18350166906862, 55.44366510251645, 10.198039027185569, 0.0, 110.3177229641729], [125.2078272313676, 66.18912297349165, 78.23042886243178, 69.42621983083913, 107.62899237658968, 25.495097567963924, 55.31726674375732, 116.18089343777659, 110.3177229641729, 0.0]], "task_locations": [[1, 87], [87, 67], [26, 43], [24, 15], [12, 73], [97, 26], [50, 37], [5, 78], [15, 80], [92, 1]], "precedence_constraints": [[2, 8], [1, 8], [7, 8], [3, 2]]}