{"Q": [[1, 0, 1], [1, 1, 0], [0, 1, 0]], "R": [[0.0, 0.0, 0.0], [1.0, 0.0, 0.0], [1.0, 0.0, 1.0], [1.0, 0.0, 0.0], [1.0, 0.0, 1.0], [0.0, 0.0, 1.0], [0.0, 1.0, 1.0], [1.0, 0.0, 0.0], [0.0, 0.0, 1.0], [0.0, 0.0, 0.0]], "T_e": [0, 67, 62, 54, 91, 81, 88, 73, 72, 0], "T_t": [[0.0, 37.33630940518894, 36.796738985948195, 78.18567643756751, 45.18849411078001, 52.20153254455275, 45.89117562233506, 90.87353850269065, 77.88452991448301, 75.02666192761077], [37.33630940518894, 0.0, 25.059928172283335, 42.720018726587654, 49.39635614091387, 25.942243542145693, 16.1245154965971, 56.0357029044876, 46.04345773288535, 38.118237105091836], [36.796738985948195, 25.059928172283335, 0.0, 48.010415536631214, 68.26419266350405, 51.0, 41.182520563948, 58.855755878248644, 69.31089380465383, 55.90169943749474], [78.18567643756751, 42.720018726587654, 48.010415536631214, 0.0, 87.6184911990614, 51.884487084291386, 46.400431032480725, 13.45362404707371, 49.040799340956916, 26.076809620810597], [45.18849411078001, 49.39635614091387, 68.26419266350405, 87.6184911990614, 0.0, 37.8021163428716, 41.23105625617661, 100.89598604503551, 59.464274989274024, 70.60453243241541], [52.20153254455275, 25.942243542145693, 51.0, 51.884487084291386, 37.8021163428716, 0.0, 9.848857801796104, 64.66065264130884, 26.1725046566048, 32.802438933713454], [45.89117562233506, 16.1245154965971, 41.182520563948, 46.400431032480725, 41.23105625617661, 9.848857801796104, 0.0, 59.665735560705194, 32.31098884280702, 31.953090617340916], [90.87353850269065, 56.0357029044876, 58.855755878248644, 13.45362404707371, 100.89598604503551, 64.66065264130884, 59.665735560705194, 0.0, 58.54912467321779, 35.90264614203248], [77.88452991448301, 46.04345773288535, 69.31089380465383, 49.040799340956916, 59.464274989274024, 26.1725046566048, 32.31098884280702, 58.54912467321779, 0.0, 23.0], [75.02666192761077, 38.118237105091836, 55.90169943749474, 26.076809620810597, 70.60453243241541, 32.802438933713454, 31.953090617340916, 35.90264614203248, 23.0, 0.0]], "task_locations": [[95, 48], [58, 43], [70, 21], [22, 20], [76, 89], [46, 66], [50, 57], [12, 11], [20, 69], [20, 46]], "precedence_constraints": [[1, 4]]}