{"Q": [[1, 0, 0], [1, 1, 0], [0, 0, 1]], "R": [[0.0, 0.0, 0.0], [1.0, 0.0, 0.0], [1.0, 1.0, 1.0], [0.0, 1.0, 0.0], [0.0, 1.0, 0.0], [1.0, 0.0, 0.0], [1.0, 0.0, 1.0], [0.0, 1.0, 0.0], [0.0, 1.0, 0.0], [0.0, 0.0, 0.0]], "T_e": [0, 61, 97, 57, 96, 87, 98, 59, 73, 0], "T_t": [[0.0, 47.095647357266465, 75.6042326857432, 1.0, 130.96946208945045, 33.301651610693426, 46.647615158762406, 72.83543093852057, 25.238858928247925, 42.190046219457976], [47.095647357266465, 0.0, 63.00793600809346, 48.093658625644196, 103.83159442096611, 37.53664875824692, 48.76474136094644, 28.653097563788805, 40.80441152620633, 8.602325267042627], [75.6042326857432, 63.00793600809346, 0.0, 76.21679604916491, 58.180752831155424, 42.43819034784589, 29.732137494637012, 55.47071299343465, 50.44799302251776, 56.142675390472796], [1.0, 48.093658625644196, 76.21679604916491, 0.0, 131.71180660821565, 33.97057550292606, 47.16990566028302, 73.824115301167, 25.80697580112788, 43.18564576337837], [130.96946208945045, 103.83159442096611, 58.180752831155424, 131.71180660821565, 0.0, 97.94896630388705, 87.36704184073076, 80.95677859203639, 106.66770832824712, 100.40418317978589], [33.301651610693426, 37.53664875824692, 42.43819034784589, 33.97057550292606, 97.94896630388705, 0.0, 15.132745950421556, 51.92301994298868, 8.94427190999916, 29.0], [46.647615158762406, 48.76474136094644, 29.732137494637012, 47.16990566028302, 87.36704184073076, 15.132745950421556, 0.0, 56.08029957123981, 21.470910553583888, 40.24922359499622], [72.83543093852057, 28.653097563788805, 55.47071299343465, 73.824115301167, 80.95677859203639, 51.92301994298868, 56.08029957123981, 0.0, 58.855755878248644, 30.805843601498726], [25.238858928247925, 40.80441152620633, 50.44799302251776, 25.80697580112788, 106.66770832824712, 8.94427190999916, 21.470910553583888, 58.855755878248644, 0.0, 32.7566787083184], [42.190046219457976, 8.602325267042627, 56.142675390472796, 43.18564576337837, 100.40418317978589, 29.0, 40.24922359499622, 30.805843601498726, 32.7566787083184, 0.0]], "task_locations": [[98, 8], [51, 5], [52, 68], [99, 8], [1, 96], [76, 33], [74, 48], [26, 19], [84, 29], [56, 12]], "precedence_constraints": [[2, 7], [5, 8], [6, 3], [2, 8], [1, 5], [2, 1]]}