{"Q": [[1, 1, 1], [1, 0, 1], [0, 0, 1]], "R": [[0.0, 0.0, 0.0], [1.0, 0.0, 0.0], [1.0, 1.0, 1.0], [1.0, 0.0, 1.0], [1.0, 0.0, 1.0], [0.0, 1.0, 0.0], [0.0, 1.0, 0.0], [0.0, 1.0, 0.0], [1.0, 0.0, 1.0], [0.0, 0.0, 0.0]], "T_e": [0, 81, 54, 83, 79, 85, 89, 67, 54, 0], "T_t": [[0.0, 49.658836071740545, 18.601075237738275, 81.00617260431454, 16.55294535724685, 84.17244204607586, 20.0, 81.74350127074322, 72.03471385380801, 37.8549864614954], [49.658836071740545, 0.0, 60.8276253029822, 74.4043009509531, 41.036569057366385, 57.0701322935211, 57.21887800367987, 87.86353054595519, 79.02531240052139, 55.362442142665635], [18.601075237738275, 60.8276253029822, 0.0, 71.80529228406496, 34.9857113690718, 82.20097323024831, 5.830951894845301, 68.26419266350405, 59.033888572581766, 26.92582403567252], [81.00617260431454, 74.4043009509531, 71.80529228406496, 0.0, 89.10667763978185, 33.24154027718932, 66.2872536767062, 22.090722034374522, 21.095023109728988, 44.91102314577124], [16.55294535724685, 41.036569057366385, 34.9857113690718, 89.10667763978185, 0.0, 86.12200647918046, 35.4682957019364, 93.23089616645332, 83.38465086573187, 49.64876634922564], [84.17244204607586, 57.0701322935211, 82.20097323024831, 33.24154027718932, 86.12200647918046, 0.0, 76.40026177965623, 55.036351623268054, 51.478150704935004, 58.0], [20.0, 57.21887800367987, 5.830951894845301, 66.2872536767062, 35.4682957019364, 76.40026177965623, 0.0, 63.63961030678928, 54.230987451824994, 21.37755832643195], [81.74350127074322, 87.86353054595519, 68.26419266350405, 22.090722034374522, 93.23089616645332, 55.036351623268054, 63.63961030678928, 0.0, 9.848857801796104, 43.965895873961216], [72.03471385380801, 79.02531240052139, 59.033888572581766, 21.095023109728988, 83.38465086573187, 51.478150704935004, 54.230987451824994, 9.848857801796104, 0.0, 34.20526275297414], [37.8549864614954, 55.362442142665635, 26.92582403567252, 44.91102314577124, 49.64876634922564, 58.0, 21.37755832643195, 43.965895873961216, 34.20526275297414, 0.0]], "task_locations": [[71, 85], [26, 64], [86, 74], [70, 4], [56, 92], [37, 8], [83, 69], [92, 6], [88, 15], [79, 48]], "precedence_constraints": [[7, 8], [1, 7], [3, 1], [2, 1], [3, 4]]}