{"Q": [[0, 1, 0], [1, 0, 0], [1, 0, 1]], "R": [[0.0, 0.0, 0.0], [1.0, 0.0, 1.0], [1.0, 0.0, 0.0], [1.0, 1.0, 0.0], [1.0, 1.0, 0.0], [1.0, 1.0, 1.0], [1.0, 1.0, 0.0], [0.0, 0.0, 1.0], [0.0, 0.0, 1.0], [0.0, 0.0, 0.0]], "T_e": [0, 92, 55, 96, 68, 88, 84, 66, 73, 0], "T_t": [[0.0, 51.24451190127583, 27.892651361962706, 21.840329667841555, 26.90724809414742, 53.2634959423431, 84.02380615040002, 72.80109889280519, 18.601075237738275, 84.64632301523794], [51.24451190127583, 0.0, 70.0, 65.73431371817918, 67.1863081289633, 20.615528128088304, 40.718546143004666, 45.18849411078001, 64.1248781675256, 41.6293165929973], [27.892651361962706, 70.0, 0.0, 6.082762530298219, 48.27007354458868, 77.62087348130012, 107.56393447619885, 75.0066663703967, 38.8329756778952, 108.30050784737807], [21.840329667841555, 65.73431371817918, 6.082762530298219, 0.0, 42.720018726587654, 72.34638899074369, 102.53292154230269, 74.16872656315464, 33.24154027718932, 103.24727599312246], [26.90724809414742, 67.1863081289633, 48.27007354458868, 42.720018726587654, 0.0, 60.63827174318213, 89.88882021697692, 97.52948272189288, 9.486832980505138, 90.24965373894794], [53.2634959423431, 20.615528128088304, 77.62087348130012, 72.34638899074369, 60.63827174318213, 0.0, 30.805843601498726, 65.79513659838392, 60.53924347066124, 31.400636936215164], [84.02380615040002, 40.718546143004666, 107.56393447619885, 102.53292154230269, 89.88882021697692, 30.805843601498726, 0.0, 78.02563681252464, 90.78546139112804, 1.0], [72.80109889280519, 45.18849411078001, 75.0066663703967, 74.16872656315464, 97.52948272189288, 65.79513659838392, 78.02563681252464, 0.0, 90.87353850269065, 79.02531240052139], [18.601075237738275, 64.1248781675256, 38.8329756778952, 33.24154027718932, 9.486832980505138, 60.53924347066124, 90.78546139112804, 90.87353850269065, 0.0, 91.2414379544733], [84.64632301523794, 41.6293165929973, 108.30050784737807, 103.24727599312246, 90.24965373894794, 31.400636936215164, 1.0, 79.02531240052139, 91.2414379544733, 0.0]], "task_locations": [[28, 69], [43, 20], [1, 76], [7, 75], [48, 87], [62, 28], [80, 3], [2, 1], [39, 84], [81, 3]], "precedence_constraints": [[7, 5]]}