{"Q": [[1, 1, 0], [1, 0, 0], [0, 0, 1]], "R": [[0.0, 0.0, 0.0], [1.0, 0.0, 1.0], [1.0, 0.0, 0.0], [1.0, 0.0, 0.0], [0.0, 1.0, 1.0], [0.0, 1.0, 0.0], [0.0, 1.0, 1.0], [0.0, 0.0, 1.0], [0.0, 1.0, 1.0], [0.0, 0.0, 0.0]], "T_e": [0, 96, 74, 52, 59, 97, 63, 99, 92, 0], "T_t": [[0.0, 55.97320787662612, 59.941638282582836, 13.892443989449804, 44.598206241955516, 31.78049716414141, 49.09175083453431, 55.54277630799526, 15.033296378372908, 5.830951894845301], [55.97320787662612, 0.0, 71.80529228406496, 69.29646455628166, 75.32595834106593, 49.36598018878993, 15.524174696260024, 110.13627921806692, 48.30113870293329, 54.48853090330111], [59.941638282582836, 71.80529228406496, 0.0, 68.30812543175226, 23.53720459187964, 30.4138126514911, 56.293871780150276, 78.44743462982075, 46.61544808322666, 65.0], [13.892443989449804, 69.29646455628166, 68.30812543175226, 0.0, 49.39635614091387, 43.0, 62.96824596572466, 45.12205669071391, 27.65863337187866, 15.0], [44.598206241955516, 75.32595834106593, 23.53720459187964, 49.39635614091387, 0.0, 26.019223662515376, 61.0, 55.02726596879042, 35.34119409414458, 50.32891812864648], [31.78049716414141, 49.36598018878993, 30.4138126514911, 43.0, 26.019223662515376, 0.0, 35.4400902933387, 68.8839603971781, 17.08800749063506, 36.05551275463989], [49.09175083453431, 15.524174696260024, 56.293871780150276, 62.96824596572466, 61.0, 35.4400902933387, 0.0, 100.26464980241042, 38.2099463490856, 49.193495504995376], [55.54277630799526, 110.13627921806692, 78.44743462982075, 45.12205669071391, 55.02726596879042, 68.8839603971781, 100.26464980241042, 0.0, 62.20128616033595, 59.135437767890075], [15.033296378372908, 48.30113870293329, 46.61544808322666, 27.65863337187866, 35.34119409414458, 17.08800749063506, 38.2099463490856, 62.20128616033595, 0.0, 18.973665961010276], [5.830951894845301, 54.48853090330111, 65.0, 15.0, 50.32891812864648, 36.05551275463989, 49.193495504995376, 59.135437767890075, 18.973665961010276, 0.0]], "task_locations": [[52, 65], [94, 28], [24, 12], [45, 77], [19, 35], [45, 34], [79, 24], [1, 87], [51, 50], [57, 68]], "precedence_constraints": [[5, 6], [5, 8], [6, 1], [3, 8], [7, 8]]}