{"Q": [[1, 1, 0], [1, 0, 0], [0, 0, 1]], "R": [[0.0, 0.0, 0.0], [1.0, 1.0, 0.0], [1.0, 1.0, 0.0], [1.0, 0.0, 1.0], [1.0, 1.0, 1.0], [1.0, 0.0, 0.0], [1.0, 0.0, 0.0], [0.0, 1.0, 1.0], [0.0, 1.0, 0.0], [0.0, 0.0, 0.0]], "T_e": [0, 51, 96, 78, 51, 58, 50, 86, 77, 0], "T_t": [[0.0, 76.94153624668537, 12.083045973594572, 42.190046219457976, 75.8946638440411, 48.30113870293329, 24.758836806279895, 55.47071299343465, 28.844410203711913, 21.02379604162864], [76.94153624668537, 0.0, 86.82165628459296, 85.44003745317531, 12.649110640673518, 28.653097563788805, 72.86288492778748, 21.470910553583888, 79.39773296511683, 78.85429601486528], [12.083045973594572, 86.82165628459296, 0.0, 36.796738985948195, 84.581321815162, 58.249463516842795, 23.769728648009426, 65.45991139621256, 24.698178070456937, 30.265491900843113], [42.190046219457976, 85.44003745317531, 36.796738985948195, 0.0, 78.10249675906654, 61.68468205316454, 19.4164878389476, 67.62396025078685, 13.416407864998739, 63.13477647065839], [75.8946638440411, 12.649110640673518, 84.581321815162, 78.10249675906654, 0.0, 29.068883707497267, 67.80117993073571, 23.08679276123039, 73.7563556583431, 81.15417426109393], [48.30113870293329, 28.653097563788805, 58.249463516842795, 61.68468205316454, 29.068883707497267, 0.0, 46.32493928760188, 7.211102550927978, 53.33854141237835, 52.08646657242167], [24.758836806279895, 72.86288492778748, 23.769728648009426, 19.4164878389476, 67.80117993073571, 46.32493928760188, 0.0, 53.009433122794285, 7.280109889280518, 45.0], [55.47071299343465, 21.470910553583888, 65.45991139621256, 67.62396025078685, 23.08679276123039, 7.211102550927978, 53.009433122794285, 0.0, 59.90826320300064, 58.42088667591412], [28.844410203711913, 79.39773296511683, 24.698178070456937, 13.416407864998739, 73.7563556583431, 53.33854141237835, 7.280109889280518, 59.90826320300064, 0.0, 49.73932046178355], [21.02379604162864, 78.85429601486528, 30.265491900843113, 63.13477647065839, 81.15417426109393, 52.08646657242167, 45.0, 58.42088667591412, 49.73932046178355, 0.0]], "task_locations": [[21, 62], [89, 98], [16, 51], [43, 26], [93, 86], [64, 84], [39, 45], [70, 88], [37, 38], [12, 81]], "precedence_constraints": [[2, 4], [6, 7], [2, 7], [5, 4], [1, 7], [1, 6]]}