{"Q": [[1, 0, 0], [1, 0, 0], [0, 1, 1]], "R": [[0.0, 0.0, 0.0], [0.0, 0.0, 1.0], [1.0, 0.0, 0.0], [1.0, 1.0, 0.0], [0.0, 1.0, 0.0], [1.0, 1.0, 0.0], [1.0, 1.0, 0.0], [0.0, 1.0, 1.0], [1.0, 0.0, 0.0], [0.0, 0.0, 0.0]], "T_e": [0, 58, 77, 60, 64, 95, 70, 64, 58, 0], "T_t": [[0.0, 72.42237223399962, 71.58910531638176, 94.04786015641186, 48.010415536631214, 87.14355971613737, 78.0, 86.70063436907483, 78.16009211867653, 69.18092222571191], [72.42237223399962, 0.0, 8.94427190999916, 21.633307652783937, 42.44997055358225, 46.400431032480725, 46.09772228646444, 59.481089431852205, 25.612496949731394, 38.3275357934736], [71.58910531638176, 8.94427190999916, 0.0, 24.413111231467404, 36.24913792078372, 37.64306044943742, 37.16180835212409, 50.53711507397311, 16.97056274847714, 29.614185789921695], [94.04786015641186, 21.633307652783937, 24.413111231467404, 0.0, 60.41522986797286, 50.00999900019995, 54.00925846556311, 65.62011886609167, 32.0624390837628, 49.64876634922564], [48.010415536631214, 42.44997055358225, 36.24913792078372, 60.41522986797286, 0.0, 39.20459156782532, 30.01666203960727, 39.84971769034255, 34.20526275297414, 21.37755832643195], [87.14355971613737, 46.400431032480725, 37.64306044943742, 50.00999900019995, 39.20459156782532, 0.0, 10.295630140987, 16.0312195418814, 20.808652046684813, 18.0], [78.0, 46.09772228646444, 37.16180835212409, 54.00925846556311, 30.01666203960727, 10.295630140987, 0.0, 13.601470508735444, 22.20360331117452, 10.295630140987], [86.70063436907483, 59.481089431852205, 50.53711507397311, 65.62011886609167, 39.84971769034255, 16.0312195418814, 13.601470508735444, 0.0, 34.785054261852174, 23.345235059857504], [78.16009211867653, 25.612496949731394, 16.97056274847714, 32.0624390837628, 34.20526275297414, 20.808652046684813, 22.20360331117452, 34.785054261852174, 0.0, 18.027756377319946], [69.18092222571191, 38.3275357934736, 29.614185789921695, 49.64876634922564, 21.37755832643195, 18.0, 10.295630140987, 23.345235059857504, 18.027756377319946, 0.0]], "task_locations": [[27, 6], [69, 65], [61, 69], [81, 83], [28, 54], [32, 93], [27, 84], [16, 92], [49, 81], [32, 75]], "precedence_constraints": [[3, 4], [1, 6], [3, 2], [1, 2], [8, 6], [8, 2]]}