{"Q": [[1, 0, 1], [1, 1, 0], [0, 1, 0]], "R": [[0.0, 0.0, 0.0], [1.0, 1.0, 0.0], [1.0, 1.0, 0.0], [1.0, 0.0, 1.0], [1.0, 0.0, 1.0], [1.0, 1.0, 0.0], [0.0, 1.0, 1.0], [1.0, 1.0, 0.0], [1.0, 0.0, 0.0], [0.0, 0.0, 0.0]], "T_e": [0, 90, 54, 63, 74, 90, 63, 90, 64, 0], "T_t": [[0.0, 73.24616030891995, 91.98369420718001, 69.06518659932803, 57.28001396647874, 12.649110640673518, 96.83491106000976, 57.28001396647874, 84.38009243891595, 36.89173349139343], [73.24616030891995, 0.0, 19.026297590440446, 15.132745950421556, 65.29931086925804, 60.63827174318213, 74.43117626371358, 66.64833081180653, 29.068883707497267, 40.049968789001575], [91.98369420718001, 19.026297590440446, 0.0, 26.40075756488817, 76.69419795525604, 79.42921376924235, 75.8023746329889, 78.10249675906654, 27.65863337187866, 59.00847396772772], [69.06518659932803, 15.132745950421556, 26.40075756488817, 0.0, 51.31276644267, 57.0087712549569, 59.841457201508724, 52.69724850502159, 18.601075237738275, 41.6293165929973], [57.28001396647874, 65.29931086925804, 76.69419795525604, 51.31276644267, 0.0, 52.69724850502159, 41.23105625617661, 1.4142135623730951, 53.600373133029585, 60.8276253029822], [12.649110640673518, 60.63827174318213, 79.42921376924235, 57.0087712549569, 52.69724850502159, 0.0, 89.9388681271896, 53.0, 72.99315036357864, 24.839484696748443], [96.83491106000976, 74.43117626371358, 75.8023746329889, 59.841457201508724, 41.23105625617661, 89.9388681271896, 0.0, 41.78516483155236, 48.25971404805462, 89.88882021697692], [57.28001396647874, 66.64833081180653, 78.10249675906654, 52.69724850502159, 1.4142135623730951, 53.0, 41.78516483155236, 0.0, 55.0, 61.66036003787198], [84.38009243891595, 29.068883707497267, 27.65863337187866, 18.601075237738275, 53.600373133029585, 72.99315036357864, 48.25971404805462, 55.0, 0.0, 59.941638282582836], [36.89173349139343, 40.049968789001575, 59.00847396772772, 41.6293165929973, 60.8276253029822, 24.839484696748443, 89.88882021697692, 61.66036003787198, 59.941638282582836, 0.0]], "task_locations": [[76, 1], [94, 72], [95, 91], [79, 70], [36, 42], [80, 13], [20, 80], [35, 41], [68, 85], [96, 32]], "precedence_constraints": [[1, 8], [7, 8], [4, 6]]}