{"Q": [[0, 0, 1], [1, 1, 0], [0, 0, 1]], "R": [[0.0, 0.0, 0.0], [1.0, 0.0, 0.0], [1.0, 1.0, 1.0], [1.0, 1.0, 0.0], [1.0, 1.0, 0.0], [0.0, 1.0, 1.0], [1.0, 1.0, 1.0], [1.0, 0.0, 0.0], [0.0, 0.0, 1.0], [0.0, 0.0, 0.0]], "T_e": [0, 76, 65, 60, 54, 93, 78, 87, 61, 0], "T_t": [[0.0, 51.86520991955976, 55.154328932550705, 31.016124838541646, 74.33034373659252, 20.09975124224178, 47.265209192385896, 80.8084154033477, 47.4236228055175, 35.73513677041127], [51.86520991955976, 0.0, 68.11754546370561, 66.24198064671678, 28.861739379323623, 35.4682957019364, 89.88882021697692, 58.412327466040935, 75.58438992278762, 82.97590011563598], [55.154328932550705, 68.11754546370561, 0.0, 29.732137494637012, 68.8839603971781, 45.18849411078001, 44.721359549995796, 45.65084884205331, 19.4164878389476, 50.24937810560445], [31.016124838541646, 66.24198064671678, 29.732137494637012, 0.0, 78.74642849044012, 32.28002478313795, 24.08318915758459, 69.05070600652827, 16.64331697709324, 22.561028345356956], [74.33034373659252, 28.861739379323623, 68.8839603971781, 78.74642849044012, 0.0, 54.78138369920935, 102.6498904042279, 39.81205847478876, 82.61961026293939, 99.29753269845128], [20.09975124224178, 35.4682957019364, 45.18849411078001, 32.28002478313795, 54.78138369920935, 0.0, 55.00909015790027, 61.98386886924694, 45.0, 47.50789408087881], [47.265209192385896, 89.88882021697692, 44.721359549995796, 24.08318915758459, 102.6498904042279, 55.00909015790027, 0.0, 89.19641248391103, 25.317977802344327, 14.317821063276353], [80.8084154033477, 58.412327466040935, 45.65084884205331, 69.05070600652827, 39.81205847478876, 61.98386886924694, 89.19641248391103, 0.0, 64.47480127925948, 91.59148432032315], [47.4236228055175, 75.58438992278762, 19.4164878389476, 16.64331697709324, 82.61961026293939, 45.0, 25.317977802344327, 64.47480127925948, 0.0, 32.28002478313795], [35.73513677041127, 82.97590011563598, 50.24937810560445, 22.561028345356956, 99.29753269845128, 47.50789408087881, 14.317821063276353, 91.59148432032315, 32.28002478313795, 0.0]], "task_locations": [[30, 88], [1, 45], [69, 49], [59, 77], [8, 17], [28, 68], [77, 93], [47, 9], [73, 68], [64, 99]], "precedence_constraints": [[3, 6], [3, 7], [1, 2], [8, 5], [1, 4], [8, 4]]}