{"Q": [[1, 1, 0], [0, 1, 1], [1, 0, 0]], "R": [[0.0, 0.0, 0.0], [0.0, 1.0, 1.0], [0.0, 1.0, 1.0], [0.0, 1.0, 0.0], [0.0, 1.0, 0.0], [1.0, 1.0, 1.0], [1.0, 1.0, 0.0], [1.0, 0.0, 0.0], [0.0, 1.0, 0.0], [0.0, 0.0, 0.0]], "T_e": [0, 59, 67, 53, 89, 93, 74, 89, 86, 0], "T_t": [[0.0, 39.824615503479755, 22.80350850198276, 4.123105625617661, 65.76473218982953, 33.0, 51.03920062069938, 27.294688127912362, 46.400431032480725, 22.02271554554524], [39.824615503479755, 0.0, 59.81638571495272, 38.27531841800928, 45.17742799230607, 68.70953354520753, 62.36184731067546, 64.8459713474939, 12.36931687685298, 55.758407437802596], [22.80350850198276, 59.81638571495272, 0.0, 26.476404589747453, 88.45903006477066, 34.828149534535996, 68.00735254367721, 27.65863337187866, 68.09552114493287, 7.0], [4.123105625617661, 38.27531841800928, 26.476404589747453, 0.0, 61.98386886924694, 32.2490309931942, 47.20169488482379, 27.202941017470888, 43.93176527297759, 26.076809620810597], [65.76473218982953, 45.17742799230607, 88.45903006477066, 61.98386886924694, 0.0, 77.93587107359485, 45.27692569068709, 78.29431652425353, 33.28663395418648, 87.46427842267951], [33.0, 68.70953354520753, 34.828149534535996, 32.2490309931942, 77.93587107359485, 0.0, 42.190046219457976, 7.211102550927978, 71.34423592694787, 40.496913462633174], [51.03920062069938, 62.36184731067546, 68.00735254367721, 47.20169488482379, 45.27692569068709, 42.190046219457976, 0.0, 46.04345773288535, 57.21887800367987, 70.68238818828917], [27.294688127912362, 64.8459713474939, 27.65863337187866, 27.202941017470888, 78.29431652425353, 7.211102550927978, 46.04345773288535, 0.0, 68.60029154456998, 33.28663395418648], [46.400431032480725, 12.36931687685298, 68.09552114493287, 43.93176527297759, 33.28663395418648, 71.34423592694787, 57.21887800367987, 68.60029154456998, 0.0, 64.88451279003334], [22.02271554554524, 55.758407437802596, 7.0, 26.076809620810597, 87.46427842267951, 40.496913462633174, 70.68238818828917, 33.28663395418648, 64.88451279003334, 0.0]], "task_locations": [[57, 26], [88, 51], [51, 4], [56, 30], [67, 91], [24, 26], [28, 68], [30, 22], [85, 63], [58, 4]], "precedence_constraints": [[4, 5]]}