{"Q": [[0, 1, 1], [1, 0, 1], [0, 1, 1]], "R": [[0.0, 0.0, 0.0], [1.0, 0.0, 0.0], [0.0, 1.0, 1.0], [1.0, 0.0, 1.0], [1.0, 1.0, 0.0], [1.0, 1.0, 1.0], [1.0, 0.0, 1.0], [1.0, 1.0, 0.0], [0.0, 0.0, 1.0], [0.0, 0.0, 0.0]], "T_e": [0, 50, 84, 88, 65, 61, 70, 92, 93, 0], "T_t": [[0.0, 40.44749683231337, 60.8276253029822, 25.079872407968907, 58.54912467321779, 43.73785545725808, 78.16009211867653, 12.041594578792296, 76.90253571892151, 103.40696301506973], [40.44749683231337, 0.0, 25.612496949731394, 41.72529209005013, 71.55417527999327, 3.605551275463989, 91.0, 42.95346318982906, 84.20213774008353, 80.77747210701756], [60.8276253029822, 25.612496949731394, 0.0, 51.66236541235796, 70.76722405181653, 24.758836806279895, 87.45856161634491, 59.033888572581766, 77.93587107359485, 57.38466694161429], [25.079872407968907, 41.72529209005013, 51.66236541235796, 0.0, 35.05709628591621, 45.27692569068709, 55.226805085936306, 14.212670403551895, 52.46903848937962, 82.365041127896], [58.54912467321779, 71.55417527999327, 70.76722405181653, 35.05709628591621, 0.0, 74.70609078247904, 20.223748416156685, 46.52956049652737, 19.235384061671343, 74.16872656315464], [43.73785545725808, 3.605551275463989, 24.758836806279895, 45.27692569068709, 74.70609078247904, 0.0, 94.02127418834527, 46.51881339845203, 86.97700845625813, 81.00617260431454], [78.16009211867653, 91.0, 87.45856161634491, 55.226805085936306, 20.223748416156685, 94.02127418834527, 0.0, 66.12110101926616, 12.36931687685298, 78.44743462982075], [12.041594578792296, 42.95346318982906, 59.033888572581766, 14.212670403551895, 46.52956049652737, 46.51881339845203, 66.12110101926616, 0.0, 65.0, 95.71833680126291], [76.90253571892151, 84.20213774008353, 77.93587107359485, 52.46903848937962, 19.235384061671343, 86.97700845625813, 12.36931687685298, 65.0, 0.0, 66.09841147864296], [103.40696301506973, 80.77747210701756, 57.38466694161429, 82.365041127896, 74.16872656315464, 81.00617260431454, 78.44743462982075, 95.71833680126291, 66.09841147864296, 0.0]], "task_locations": [[17, 12], [11, 52], [27, 72], [40, 22], [75, 20], [9, 55], [95, 17], [29, 13], [92, 29], [80, 94]], "precedence_constraints": [[4, 5], [7, 8]]}