{"Q": [[1, 0, 0], [1, 1, 1], [1, 0, 0]], "R": [[0.0, 0.0, 0.0], [0.0, 1.0, 1.0], [1.0, 0.0, 1.0], [0.0, 1.0, 0.0], [0.0, 1.0, 1.0], [0.0, 0.0, 1.0], [0.0, 1.0, 1.0], [1.0, 1.0, 1.0], [0.0, 0.0, 1.0], [0.0, 0.0, 0.0]], "T_e": [0, 78, 93, 52, 51, 86, 82, 83, 50, 0], "T_t": [[0.0, 60.166435825965294, 38.48376280978771, 79.25906888173743, 69.35416353759881, 59.07622195096772, 25.0, 6.0, 30.0, 54.56189146281496], [60.166435825965294, 0.0, 42.05948168962618, 49.9799959983992, 45.27692569068709, 64.63745044476924, 35.34119409414458, 58.240879114244144, 59.665735560705194, 20.518284528683193], [38.48376280978771, 42.05948168962618, 0.0, 41.048751503547585, 31.064449134018133, 27.294688127912362, 29.120439557122072, 33.12099032335839, 59.033888572581766, 25.019992006393608], [79.25906888173743, 49.9799959983992, 41.048751503547585, 0.0, 10.0, 37.36308338453881, 63.788713735268246, 74.09453421137081, 95.34149149242423, 33.06055050963308], [69.35416353759881, 45.27692569068709, 31.064449134018133, 10.0, 0.0, 30.066592756745816, 54.74486277268398, 64.1404708432983, 86.31338250816034, 26.248809496813376], [59.07622195096772, 64.63745044476924, 27.294688127912362, 37.36308338453881, 30.066592756745816, 0.0, 56.08029957123981, 53.08483775994799, 84.34453153583817, 44.41846462902562], [25.0, 35.34119409414458, 29.120439557122072, 63.788713735268246, 54.74486277268398, 56.08029957123981, 0.0, 24.020824298928627, 31.575306807693888, 33.61547262794322], [6.0, 58.240879114244144, 33.12099032335839, 74.09453421137081, 64.1404708432983, 53.08483775994799, 24.020824298928627, 0.0, 34.9857113690718, 50.80354318352215], [30.0, 59.665735560705194, 59.033888572581766, 95.34149149242423, 86.31338250816034, 84.34453153583817, 31.575306807693888, 34.9857113690718, 0.0, 64.25729530566937], [54.56189146281496, 20.518284528683193, 25.019992006393608, 33.06055050963308, 26.248809496813376, 44.41846462902562, 33.61547262794322, 50.80354318352215, 64.25729530566937, 0.0]], "task_locations": [[20, 70], [76, 48], [36, 35], [59, 1], [53, 9], [23, 11], [44, 63], [20, 64], [38, 94], [61, 34]], "precedence_constraints": [[6, 7], [8, 5], [8, 7]]}