{"Q": [[1, 1, 1], [1, 0, 0], [0, 1, 0]], "R": [[0.0, 0.0, 0.0], [1.0, 0.0, 0.0], [1.0, 1.0, 1.0], [1.0, 0.0, 0.0], [0.0, 1.0, 0.0], [0.0, 1.0, 0.0], [1.0, 0.0, 1.0], [1.0, 1.0, 1.0], [1.0, 0.0, 1.0], [0.0, 0.0, 0.0]], "T_e": [0, 77, 81, 84, 70, 95, 65, 66, 53, 0], "T_t": [[0.0, 84.90583018850944, 23.40939982143925, 47.095647357266465, 69.77105417004964, 82.37718130647589, 7.615773105863909, 34.713109915419565, 85.80209787645055, 11.704699910719626], [84.90583018850944, 0.0, 68.00735254367721, 48.877397639399746, 16.401219466856727, 31.32091952673165, 84.07734534343957, 50.99019513592785, 31.89043743820395, 78.24321056807422], [23.40939982143925, 68.00735254367721, 0.0, 43.382023926967726, 54.91812087098393, 73.33484846919642, 18.601075237738275, 18.027756377319946, 63.702433234531945, 26.1725046566048], [47.095647357266465, 48.877397639399746, 43.382023926967726, 0.0, 32.64965543462902, 36.05551275463989, 50.15974481593781, 29.0, 66.12110101926616, 36.6742416417845], [69.77105417004964, 16.401219466856727, 54.91812087098393, 32.64965543462902, 0.0, 25.495097567963924, 69.6419413859206, 37.107950630558946, 38.600518131237564, 62.42595614005443], [82.37718130647589, 31.32091952673165, 73.33484846919642, 36.05551275463989, 25.495097567963924, 0.0, 84.38009243891595, 55.57877292636101, 61.773780845922005, 72.53275122315436], [7.615773105863909, 84.07734534343957, 18.601075237738275, 50.15974481593781, 69.6419413859206, 84.38009243891595, 0.0, 33.12099032335839, 82.21921916437786, 17.804493814764857], [34.713109915419565, 50.99019513592785, 18.027756377319946, 29.0, 37.107950630558946, 55.57877292636101, 33.12099032335839, 0.0, 52.354560450833695, 30.886890422961002], [85.80209787645055, 31.89043743820395, 63.702433234531945, 66.12110101926616, 38.600518131237564, 61.773780845922005, 82.21921916437786, 52.354560450833695, 0.0, 83.24061508662703], [11.704699910719626, 78.24321056807422, 26.1725046566048, 36.6742416417845, 62.42595614005443, 72.53275122315436, 17.804493814764857, 30.886890422961002, 83.24061508662703, 0.0]], "task_locations": [[95, 30], [23, 75], [87, 52], [48, 33], [33, 62], [14, 45], [98, 37], [69, 53], [44, 99], [84, 26]], "precedence_constraints": [[8, 7], [3, 1]]}