{"Q": [[1, 1, 0], [0, 1, 0], [1, 1, 1]], "R": [[0.0, 0.0, 0.0], [0.0, 0.0, 1.0], [0.0, 1.0, 1.0], [1.0, 0.0, 0.0], [1.0, 1.0, 1.0], [1.0, 1.0, 1.0], [1.0, 0.0, 0.0], [1.0, 0.0, 0.0], [1.0, 0.0, 1.0], [0.0, 0.0, 0.0]], "T_e": [0, 82, 88, 79, 92, 99, 58, 69, 93, 0], "T_t": [[0.0, 29.732137494637012, 23.323807579381203, 46.75467891024384, 58.215118311311535, 34.0, 18.0, 61.5223536610881, 5.0, 25.80697580112788], [29.732137494637012, 0.0, 41.23105625617661, 17.4928556845359, 83.81527307120105, 23.323807579381203, 20.396078054371138, 69.28924880528002, 29.68164415931166, 43.289721643826724], [23.323807579381203, 41.23105625617661, 0.0, 58.18934610390462, 71.58910531638176, 29.732137494637012, 20.8806130178211, 84.38601779915912, 28.30194339616981, 48.104053883222775], [46.75467891024384, 17.4928556845359, 58.18934610390462, 0.0, 97.57561170702442, 35.12833614050059, 37.33630940518894, 74.54528824815154, 46.010868281309364, 55.71355310873648], [58.215118311311535, 83.81527307120105, 71.58910531638176, 97.57561170702442, 0.0, 92.13576938409967, 76.16429609731846, 51.24451190127583, 55.731499172371095, 42.05948168962618], [34.0, 23.323807579381203, 29.732137494637012, 35.12833614050059, 92.13576938409967, 0.0, 16.0, 88.68483523128404, 37.21558813185679, 57.0087712549569], [18.0, 20.396078054371138, 20.8806130178211, 37.33630940518894, 76.16429609731846, 16.0, 0.0, 75.21303078589507, 21.37755832643195, 41.78516483155236], [61.5223536610881, 69.28924880528002, 84.38601779915912, 74.54528824815154, 51.24451190127583, 88.68483523128404, 75.21303078589507, 0.0, 56.568542494923804, 36.40054944640259], [5.0, 29.68164415931166, 28.30194339616981, 46.010868281309364, 55.731499172371095, 37.21558813185679, 21.37755832643195, 56.568542494923804, 0.0, 21.095023109728988], [25.80697580112788, 43.289721643826724, 48.104053883222775, 55.71355310873648, 42.05948168962618, 57.0087712549569, 41.78516483155236, 36.40054944640259, 21.095023109728988, 0.0]], "task_locations": [[36, 22], [14, 42], [24, 2], [5, 57], [94, 17], [2, 22], [18, 22], [79, 66], [39, 26], [57, 37]], "precedence_constraints": [[3, 5], [8, 5], [4, 5]]}