{"Q": [[0, 0, 1], [1, 0, 0], [0, 1, 0]], "R": [[0.0, 0.0, 0.0], [1.0, 0.0, 1.0], [0.0, 1.0, 0.0], [0.0, 1.0, 0.0], [1.0, 0.0, 1.0], [1.0, 0.0, 0.0], [0.0, 1.0, 1.0], [0.0, 0.0, 1.0], [1.0, 1.0, 1.0], [0.0, 0.0, 0.0]], "T_e": [0, 86, 61, 92, 81, 66, 54, 93, 96, 0], "T_t": [[0.0, 29.614185789921695, 41.48493702538308, 17.0, 59.665735560705194, 24.758836806279895, 32.57299494980466, 71.7007670809734, 34.058772731852805, 36.0], [29.614185789921695, 0.0, 38.47076812334269, 13.416407864998739, 78.03204469959762, 51.884487084291386, 4.47213595499958, 89.58794561770016, 38.897300677553446, 41.72529209005013], [41.48493702538308, 38.47076812334269, 0.0, 40.44749683231337, 49.36598018878993, 64.40496875241847, 36.05551275463989, 58.9406481131655, 10.816653826391969, 11.704699910719626], [17.0, 13.416407864998739, 40.44749683231337, 0.0, 71.7007670809734, 38.47076812334269, 17.204650534085253, 83.6301381082203, 37.16180835212409, 39.81205847478876], [59.665735560705194, 78.03204469959762, 49.36598018878993, 71.7007670809734, 0.0, 67.35725647619564, 77.82673062643708, 12.041594578792296, 41.7612260356422, 39.293765408777], [24.758836806279895, 51.884487084291386, 64.40496875241847, 38.47076812334269, 67.35725647619564, 0.0, 55.569775957799216, 78.54934754662193, 55.362442142665635, 56.61271941887264], [32.57299494980466, 4.47213595499958, 36.05551275463989, 17.204650534085253, 77.82673062643708, 55.569775957799216, 0.0, 89.1852005660132, 37.64306044943742, 40.45985664828782], [71.7007670809734, 89.58794561770016, 58.9406481131655, 83.6301381082203, 12.041594578792296, 78.54934754662193, 89.1852005660132, 0.0, 52.392747589718944, 49.76946855251722], [34.058772731852805, 38.897300677553446, 10.816653826391969, 37.16180835212409, 41.7612260356422, 55.362442142665635, 37.64306044943742, 52.392747589718944, 0.0, 2.8284271247461903], [36.0, 41.72529209005013, 11.704699910719626, 39.81205847478876, 39.293765408777, 56.61271941887264, 40.45985664828782, 49.76946855251722, 2.8284271247461903, 0.0]], "task_locations": [[53, 60], [82, 54], [64, 20], [70, 60], [15, 14], [36, 78], [84, 50], [7, 5], [55, 26], [53, 24]], "precedence_constraints": [[7, 5], [2, 4], [5, 2], [3, 1]]}