{"Q": [[0, 1, 1], [1, 1, 0], [0, 1, 1]], "R": [[0.0, 0.0, 0.0], [0.0, 0.0, 1.0], [0.0, 1.0, 0.0], [1.0, 1.0, 1.0], [1.0, 1.0, 1.0], [0.0, 1.0, 0.0], [0.0, 0.0, 1.0], [1.0, 1.0, 0.0], [1.0, 1.0, 1.0], [0.0, 0.0, 0.0]], "T_e": [0, 95, 56, 56, 61, 89, 82, 68, 79, 0], "T_t": [[0.0, 92.9623579735368, 21.37755832643195, 77.89736837660179, 78.91767862779544, 75.18643494673756, 105.0, 89.58794561770016, 79.1580697086532, 41.773197148410844], [92.9623579735368, 0.0, 71.58910531638176, 46.66904755831214, 33.61547262794322, 18.027756377319946, 70.77428911688199, 70.0, 104.86181383134664, 51.19570294468082], [21.37755832643195, 71.58910531638176, 0.0, 60.60528029800704, 59.20304046246274, 53.85164807134504, 90.35485598461214, 76.32168761236873, 76.68767828015137, 20.396078054371138], [77.89736837660179, 46.66904755831214, 60.60528029800704, 0.0, 67.05221845696084, 37.16180835212409, 32.38826948140329, 24.698178070456937, 59.481089431852205, 47.16990566028302], [78.91767862779544, 33.61547262794322, 59.20304046246274, 67.05221845696084, 0.0, 30.4138126514911, 97.16480844420988, 91.706052144883, 116.66190466471906, 42.05948168962618], [75.18643494673756, 18.027756377319946, 53.85164807134504, 37.16180835212409, 30.4138126514911, 0.0, 66.75327707311455, 61.84658438426491, 91.35097153287424, 33.52610922848042], [105.0, 70.77428911688199, 90.35485598461214, 32.38826948140329, 97.16480844420988, 66.75327707311455, 0.0, 16.64331697709324, 58.215118311311535, 79.12016177940993], [89.58794561770016, 70.0, 76.32168761236873, 24.698178070456937, 91.706052144883, 61.84658438426491, 16.64331697709324, 0.0, 44.181444068749045, 67.47592163134935], [79.1580697086532, 104.86181383134664, 76.68767828015137, 59.481089431852205, 116.66190466471906, 91.35097153287424, 58.215118311311535, 44.181444068749045, 0.0, 79.60527620704548], [41.773197148410844, 51.19570294468082, 20.396078054371138, 47.16990566028302, 42.05948168962618, 33.52610922848042, 79.12016177940993, 67.47592163134935, 79.60527620704548, 0.0]], "task_locations": [[86, 93], [67, 2], [82, 72], [34, 35], [98, 15], [68, 20], [2, 30], [11, 44], [7, 88], [78, 52]], "precedence_constraints": [[5, 7], [8, 4], [2, 7]]}