{"Q": [[1, 0, 1], [0, 1, 0], [1, 1, 0]], "R": [[0.0, 0.0, 0.0], [1.0, 1.0, 0.0], [1.0, 1.0, 1.0], [1.0, 1.0, 1.0], [1.0, 1.0, 1.0], [0.0, 1.0, 0.0], [0.0, 1.0, 0.0], [0.0, 1.0, 0.0], [1.0, 0.0, 1.0], [0.0, 0.0, 0.0]], "T_e": [0, 54, 63, 85, 76, 83, 60, 87, 72, 0], "T_t": [[0.0, 106.4377752492037, 84.48076704197234, 74.51845409024533, 97.49871794028884, 40.0, 70.83078426785913, 37.44329045369811, 107.35455276791944, 107.56393447619885], [106.4377752492037, 0.0, 58.05170109479997, 47.853944456021594, 13.601470508735444, 73.0, 81.74350127074322, 69.46221994724903, 2.8284271247461903, 29.68164415931166], [84.48076704197234, 58.05170109479997, 0.0, 75.17978451685, 44.553338819890925, 44.91102314577124, 103.47946656221224, 60.90155991434045, 56.515484603779164, 82.15229759416349], [74.51845409024533, 47.853944456021594, 75.17978451685, 0.0, 48.30113870293329, 57.55866572463264, 34.17601498127012, 39.81205847478876, 50.21951811795888, 34.88552708502482], [97.49871794028884, 13.601470508735444, 44.553338819890925, 48.30113870293329, 0.0, 61.85466837676846, 82.34682750416071, 61.61168720299745, 12.529964086141668, 39.84971769034255], [40.0, 73.0, 44.91102314577124, 57.55866572463264, 61.85466837676846, 0.0, 73.05477397131553, 22.847319317591726, 73.24616030891995, 82.76472678623425], [70.83078426785913, 81.74350127074322, 103.47946656221224, 34.17601498127012, 82.34682750416071, 73.05477397131553, 0.0, 50.28916384272063, 84.20213774008353, 63.12685640834652], [37.44329045369811, 69.46221994724903, 60.90155991434045, 39.81205847478876, 61.61168720299745, 22.847319317591726, 50.28916384272063, 0.0, 70.57619995437555, 70.76722405181653], [107.35455276791944, 2.8284271247461903, 56.515484603779164, 50.21951811795888, 12.529964086141668, 73.24616030891995, 84.20213774008353, 70.57619995437555, 0.0, 32.449961479175904], [107.56393447619885, 29.68164415931166, 82.15229759416349, 34.88552708502482, 39.84971769034255, 82.76472678623425, 63.12685640834652, 70.76722405181653, 32.449961479175904, 0.0]], "task_locations": [[20, 0], [68, 95], [11, 84], [77, 48], [55, 91], [20, 40], [89, 16], [41, 31], [66, 97], [93, 79]], "precedence_constraints": [[8, 1], [3, 6], [8, 7]]}