{"Q": [[1, 1, 1], [1, 1, 0], [0, 1, 0]], "R": [[0.0, 0.0, 0.0], [1.0, 1.0, 0.0], [0.0, 1.0, 1.0], [0.0, 1.0, 0.0], [0.0, 1.0, 1.0], [0.0, 1.0, 1.0], [0.0, 1.0, 0.0], [1.0, 0.0, 1.0], [1.0, 0.0, 1.0], [0.0, 0.0, 0.0]], "T_e": [0, 57, 71, 68, 60, 94, 53, 59, 73, 0], "T_t": [[0.0, 44.294469180700204, 61.66036003787198, 28.861739379323623, 91.2414379544733, 74.96665925596525, 74.33034373659252, 79.47955712005447, 40.607881008493905, 60.29925372672534], [44.294469180700204, 0.0, 25.059928172283335, 32.7566787083184, 60.07495318350236, 73.55270219373317, 50.96076922496363, 53.9351462406472, 14.035668847618199, 59.54829972383762], [61.66036003787198, 25.059928172283335, 0.0, 57.245087125446844, 74.46475676452586, 97.74456506629922, 70.83078426785913, 72.44998274671983, 21.095023109728988, 84.20213774008353], [28.861739379323623, 32.7566787083184, 57.245087125446844, 0.0, 63.51377803280167, 49.76946855251722, 45.69463863518345, 50.99019513592785, 39.11521443121589, 34.539832078341085], [91.2414379544733, 60.07495318350236, 74.46475676452586, 63.51377803280167, 0.0, 54.45181356024793, 20.248456731316587, 14.7648230602334, 74.02702209328699, 52.392747589718944], [74.96665925596525, 73.55270219373317, 97.74456506629922, 49.76946855251722, 54.45181356024793, 0.0, 37.21558813185679, 41.0, 84.81155581640984, 15.231546211727817], [74.33034373659252, 50.96076922496363, 70.83078426785913, 45.69463863518345, 20.248456731316587, 37.21558813185679, 0.0, 5.656854249492381, 64.76109943476871, 32.57299494980466], [79.47955712005447, 53.9351462406472, 72.44998274671983, 50.99019513592785, 14.7648230602334, 41.0, 5.656854249492381, 0.0, 67.89698078707183, 37.69615364994153], [40.607881008493905, 14.035668847618199, 21.095023109728988, 39.11521443121589, 74.02702209328699, 84.81155581640984, 64.76109943476871, 67.89698078707183, 0.0, 70.178344238091], [60.29925372672534, 59.54829972383762, 84.20213774008353, 34.539832078341085, 52.392747589718944, 15.231546211727817, 32.57299494980466, 37.69615364994153, 70.178344238091, 0.0]], "task_locations": [[23, 90], [62, 69], [84, 81], [30, 62], [65, 9], [11, 16], [48, 20], [52, 16], [63, 83], [17, 30]], "precedence_constraints": [[6, 2], [4, 3], [1, 3]]}