{"Q": [[1, 1, 0], [1, 0, 1], [1, 0, 1]], "R": [[0.0, 0.0, 0.0], [1.0, 0.0, 1.0], [0.0, 0.0, 1.0], [1.0, 1.0, 0.0], [0.0, 0.0, 1.0], [0.0, 0.0, 1.0], [0.0, 1.0, 0.0], [1.0, 0.0, 0.0], [1.0, 1.0, 1.0], [0.0, 0.0, 0.0]], "T_e": [0, 96, 70, 95, 83, 65, 79, 91, 60, 0], "T_t": [[0.0, 75.8023746329889, 49.49747468305833, 71.06335201775947, 30.0, 89.44271909999159, 56.22277118748239, 86.1278120005379, 82.66196223173026, 106.0], [75.8023746329889, 0.0, 77.89736837660179, 14.560219778561036, 66.88796603276258, 29.966648127543394, 24.839484696748443, 34.92849839314596, 36.6742416417845, 47.43416490252569], [49.49747468305833, 77.89736837660179, 0.0, 82.46211251235322, 73.824115301167, 103.85566907973777, 72.91776189653656, 104.6900186264192, 61.032778078668514, 83.2946576918352], [71.06335201775947, 14.560219778561036, 82.46211251235322, 0.0, 57.0087712549569, 21.400934559032695, 15.132745950421556, 23.323807579381203, 50.08991914547278, 61.98386886924694], [30.0, 66.88796603276258, 73.824115301167, 57.0087712549569, 0.0, 70.45565981523414, 42.485291572496, 65.00769185258002, 86.83893136145792, 107.62899237658968], [89.44271909999159, 29.966648127543394, 103.85566907973777, 21.400934559032695, 70.45565981523414, 0.0, 33.83784863137726, 8.602325267042627, 66.09841147864296, 72.02777242147643], [56.22277118748239, 24.839484696748443, 72.91776189653656, 15.132745950421556, 42.485291572496, 33.83784863137726, 0.0, 32.449961479175904, 53.36665625650534, 69.83552104767315], [86.1278120005379, 34.92849839314596, 104.6900186264192, 23.323807579381203, 65.00769185258002, 8.602325267042627, 32.449961479175904, 0.0, 71.58910531638176, 79.30952023559341], [82.66196223173026, 36.6742416417845, 61.032778078668514, 50.08991914547278, 86.83893136145792, 66.09841147864296, 53.36665625650534, 71.58910531638176, 0.0, 23.769728648009426], [106.0, 47.43416490252569, 83.2946576918352, 61.98386886924694, 107.62899237658968, 72.02777242147643, 69.83552104767315, 79.30952023559341, 23.769728648009426, 0.0]], "task_locations": [[96, 60], [21, 49], [89, 11], [25, 63], [78, 84], [8, 76], [40, 65], [13, 83], [28, 13], [6, 4]], "precedence_constraints": [[5, 1], [6, 4], [4, 7], [2, 7], [5, 2]]}