{"Q": [[1, 1, 1], [1, 0, 0], [0, 0, 1]], "R": [[0.0, 0.0, 0.0], [1.0, 0.0, 0.0], [0.0, 0.0, 1.0], [0.0, 1.0, 1.0], [1.0, 0.0, 0.0], [1.0, 1.0, 0.0], [0.0, 1.0, 1.0], [0.0, 1.0, 0.0], [1.0, 0.0, 0.0], [0.0, 0.0, 0.0]], "T_e": [0, 61, 70, 87, 70, 79, 82, 76, 70, 0], "T_t": [[0.0, 55.154328932550705, 2.8284271247461903, 48.08326112068523, 89.20201791439474, 48.25971404805462, 57.0087712549569, 24.186773244895647, 27.459060435491963, 33.24154027718932], [55.154328932550705, 0.0, 57.77542730261716, 35.35533905932738, 92.04890004774636, 16.278820596099706, 7.211102550927978, 79.20227269466452, 35.38361202590826, 71.58910531638176], [2.8284271247461903, 57.77542730261716, 0.0, 49.47726750741192, 88.86506625215557, 50.48762224545735, 59.481089431852205, 21.470910553583888, 29.154759474226502, 31.575306807693888], [48.08326112068523, 35.35533905932738, 49.47726750741192, 0.0, 57.55866572463264, 19.1049731745428, 30.364452901377952, 67.02984409947557, 21.02379604162864, 46.09772228646444], [89.20201791439474, 92.04890004774636, 88.86506625215557, 57.55866572463264, 0.0, 76.23647421018367, 86.00581375697809, 95.42536350467836, 71.30918594402827, 62.80127387243033], [48.25971404805462, 16.278820596099706, 50.48762224545735, 19.1049731745428, 76.23647421018367, 0.0, 12.206555615733702, 71.06335201775947, 23.259406699226016, 58.137767414994535], [57.0087712549569, 7.211102550927978, 59.481089431852205, 30.364452901377952, 86.00581375697809, 12.206555615733702, 0.0, 80.65358020571685, 34.40930106817051, 70.03570517957252], [24.186773244895647, 79.20227269466452, 21.470910553583888, 67.02984409947557, 95.42536350467836, 71.06335201775947, 80.65358020571685, 0.0, 48.507731342539614, 32.64965543462902], [27.459060435491963, 35.38361202590826, 29.154759474226502, 21.02379604162864, 71.30918594402827, 23.259406699226016, 34.40930106817051, 48.507731342539614, 0.0, 36.235341863986875], [33.24154027718932, 71.58910531638176, 31.575306807693888, 46.09772228646444, 62.80127387243033, 58.137767414994535, 70.03570517957252, 32.64965543462902, 36.235341863986875, 0.0]], "task_locations": [[31, 26], [82, 5], [29, 28], [77, 40], [85, 97], [79, 21], [86, 11], [10, 38], [58, 31], [35, 59]], "precedence_constraints": [[4, 7]]}