{"Q": [[1, 1, 1], [0, 0, 1], [0, 1, 1]], "R": [[0.0, 0.0, 0.0], [1.0, 1.0, 1.0], [0.0, 1.0, 1.0], [1.0, 1.0, 0.0], [1.0, 1.0, 0.0], [1.0, 0.0, 0.0], [0.0, 1.0, 0.0], [1.0, 0.0, 0.0], [1.0, 1.0, 1.0], [0.0, 0.0, 0.0]], "T_e": [0, 64, 79, 59, 85, 59, 75, 69, 64, 0], "T_t": [[0.0, 35.0, 42.44997055358225, 45.60701700396552, 49.33558553417604, 57.48912940721924, 59.39696961966999, 30.01666203960727, 47.20169488482379, 51.10772935672255], [35.0, 0.0, 26.248809496813376, 76.32168761236873, 69.2314957226839, 78.44743462982075, 94.17536832951598, 20.09975124224178, 17.0, 84.50443775329198], [42.44997055358225, 26.248809496813376, 0.0, 88.05679985100527, 88.09086218218096, 97.02061636580135, 98.47842403288143, 44.28317965096906, 17.26267650163207, 92.70382947861431], [45.60701700396552, 76.32168761236873, 88.05679985100527, 0.0, 27.16615541441225, 27.730849247724095, 30.066592756745816, 61.554853586049575, 91.23595782365635, 14.0], [49.33558553417604, 69.2314957226839, 88.09086218218096, 27.16615541441225, 0.0, 9.219544457292887, 57.21887800367987, 50.28916384272063, 85.98837130682264, 41.10960958218893], [57.48912940721924, 78.44743462982075, 97.02061636580135, 27.730849247724095, 9.219544457292887, 0.0, 56.753854494650845, 59.481089431852205, 95.1892851112981, 40.80441152620633], [59.39696961966999, 94.17536832951598, 98.47842403288143, 30.066592756745816, 57.21887800367987, 56.753854494650845, 0.0, 83.86298349093002, 106.30145812734649, 16.1245154965971], [30.01666203960727, 20.09975124224178, 44.28317965096906, 61.554853586049575, 50.28916384272063, 59.481089431852205, 83.86298349093002, 0.0, 37.05401462729781, 71.84010022264724], [47.20169488482379, 17.0, 17.26267650163207, 91.23595782365635, 85.98837130682264, 95.1892851112981, 106.30145812734649, 37.05401462729781, 0.0, 98.18350166906862], [51.10772935672255, 84.50443775329198, 92.70382947861431, 14.0, 41.10960958218893, 40.80441152620633, 16.1245154965971, 71.84010022264724, 98.18350166906862, 0.0]], "task_locations": [[46, 41], [18, 20], [35, 0], [58, 85], [31, 88], [33, 97], [88, 83], [16, 40], [18, 3], [72, 85]], "precedence_constraints": [[8, 3], [4, 5]]}