{"Q": [[0, 1, 0], [1, 1, 0], [0, 0, 1]], "R": [[0.0, 0.0, 0.0], [0.0, 1.0, 0.0], [0.0, 0.0, 1.0], [1.0, 0.0, 0.0], [0.0, 1.0, 1.0], [1.0, 1.0, 0.0], [1.0, 1.0, 1.0], [0.0, 0.0, 1.0], [0.0, 0.0, 1.0], [0.0, 0.0, 0.0]], "T_e": [0, 92, 93, 70, 71, 79, 54, 94, 91, 0], "T_t": [[0.0, 22.20360331117452, 49.64876634922564, 56.79788728465171, 30.0, 55.21775076911409, 34.828149534535996, 52.3450093132096, 29.410882339705484, 32.449961479175904], [22.20360331117452, 0.0, 60.876925020897694, 40.311288741492746, 52.08646657242167, 68.41052550594829, 19.6468827043885, 31.32091952673165, 20.09975124224178, 24.331050121192877], [49.64876634922564, 60.876925020897694, 0.0, 101.17806086301516, 44.553338819890925, 9.055385138137417, 54.62600113499065, 90.13878188659973, 77.00649323271382, 44.384682042344295], [56.79788728465171, 40.311288741492746, 101.17806086301516, 0.0, 84.77027781009096, 108.57716150277645, 52.773099207835045, 19.026297590440446, 28.160255680657446, 61.587336360651285], [30.0, 52.08646657242167, 44.553338819890925, 84.77027781009096, 0.0, 45.044422518220834, 61.09828148156051, 82.21921916437786, 56.61271941887264, 55.072679252057455], [55.21775076911409, 68.41052550594829, 9.055385138137417, 108.57716150277645, 45.044422518220834, 0.0, 63.324560795950255, 98.2700361249552, 83.54639429682169, 53.14132102234569], [34.828149534535996, 19.6468827043885, 54.62600113499065, 52.773099207835045, 61.09828148156051, 63.324560795950255, 0.0, 37.53664875824692, 39.11521443121589, 10.295630140987], [52.3450093132096, 31.32091952673165, 90.13878188659973, 19.026297590440446, 82.21921916437786, 98.2700361249552, 37.53664875824692, 0.0, 30.083217912982647, 47.38143096192854], [29.410882339705484, 20.09975124224178, 77.00649323271382, 28.160255680657446, 56.61271941887264, 83.54639429682169, 39.11521443121589, 30.083217912982647, 0.0, 44.40720662234904], [32.449961479175904, 24.331050121192877, 44.384682042344295, 61.587336360651285, 55.072679252057455, 53.14132102234569, 10.295630140987, 47.38143096192854, 44.40720662234904, 0.0]], "task_locations": [[39, 51], [61, 54], [16, 95], [90, 26], [9, 51], [7, 96], [66, 73], [91, 45], [63, 34], [57, 78]], "precedence_constraints": [[8, 1], [2, 6], [2, 5]]}