{"Q": [[1, 1, 1], [0, 0, 1], [0, 0, 1]], "R": [[0.0, 0.0, 0.0], [0.0, 0.0, 1.0], [0.0, 0.0, 1.0], [0.0, 1.0, 1.0], [1.0, 0.0, 1.0], [0.0, 0.0, 1.0], [1.0, 0.0, 0.0], [1.0, 0.0, 1.0], [0.0, 0.0, 1.0], [0.0, 0.0, 0.0]], "T_e": [0, 75, 74, 99, 87, 96, 58, 98, 53, 0], "T_t": [[0.0, 67.06713054842886, 58.9406481131655, 61.26989472816156, 36.796738985948195, 63.90618123468183, 50.99019513592785, 8.06225774829855, 64.47480127925948, 20.396078054371138], [67.06713054842886, 0.0, 101.6070863670443, 110.45361017187261, 96.76776322722355, 25.96150997149434, 52.630789467763066, 74.33034373659252, 30.083217912982647, 73.00684899377592], [58.9406481131655, 101.6070863670443, 0.0, 12.165525060596439, 31.622776601683793, 82.76472678623425, 52.55473337388365, 53.600373133029585, 80.23091673413684, 77.78174593052023], [61.26989472816156, 110.45361017187261, 12.165525060596439, 0.0, 28.071337695236398, 93.04837451562494, 63.324560795950255, 54.78138369920935, 90.75791976461338, 78.44743462982075], [36.796738985948195, 96.76776322722355, 31.622776601683793, 28.071337695236398, 0.0, 85.14693182963201, 60.01666435249463, 29.206163733020468, 84.00595217006948, 51.478150704935004], [63.90618123468183, 25.96150997149434, 82.76472678623425, 93.04837451562494, 85.14693182963201, 0.0, 30.528675044947494, 69.3757882838098, 4.123105625617661, 76.55063683601855], [50.99019513592785, 52.630789467763066, 52.55473337388365, 63.324560795950255, 60.01666435249463, 30.528675044947494, 0.0, 53.2634959423431, 27.730849247724095, 69.33974329343886], [8.06225774829855, 74.33034373659252, 53.600373133029585, 54.78138369920935, 29.206163733020468, 69.3757882838098, 53.2634959423431, 0.0, 69.57010852370435, 24.186773244895647], [64.47480127925948, 30.083217912982647, 80.23091673413684, 90.75791976461338, 84.00595217006948, 4.123105625617661, 27.730849247724095, 69.57010852370435, 0.0, 78.00640999302557], [20.396078054371138, 73.00684899377592, 77.78174593052023, 78.44743462982075, 51.478150704935004, 76.55063683601855, 69.33974329343886, 24.186773244895647, 78.00640999302557, 0.0]], "task_locations": [[37, 32], [34, 99], [94, 17], [92, 5], [64, 7], [59, 92], [75, 66], [41, 25], [63, 91], [17, 28]], "precedence_constraints": [[8, 1], [5, 2], [5, 1], [6, 1], [5, 3]]}