{"Q": [[1, 1, 1], [0, 0, 1], [0, 1, 0]], "R": [[0.0, 0.0, 0.0], [0.0, 1.0, 0.0], [1.0, 1.0, 1.0], [1.0, 1.0, 0.0], [1.0, 0.0, 1.0], [1.0, 0.0, 0.0], [1.0, 0.0, 1.0], [0.0, 1.0, 0.0], [1.0, 1.0, 1.0], [0.0, 0.0, 0.0]], "T_e": [0, 89, 85, 58, 84, 96, 80, 82, 56, 0], "T_t": [[0.0, 61.68468205316454, 52.773099207835045, 49.0, 33.52610922848042, 95.46203433826454, 74.46475676452586, 36.24913792078372, 12.529964086141668, 97.40636529508737], [61.68468205316454, 0.0, 42.80186911806539, 22.847319317591726, 40.45985664828782, 34.0, 42.37924020083418, 69.02897942168927, 52.952809179494906, 62.96824596572466], [52.773099207835045, 42.80186911806539, 0.0, 53.23532661682466, 57.55866572463264, 64.77653896280658, 81.60882305241266, 80.50465825031493, 40.24922359499622, 104.23531071570709], [49.0, 22.847319317591726, 53.23532661682466, 0.0, 19.72308292331602, 53.75872022286245, 29.832867780352597, 47.38143096192854, 44.384682042344295, 53.600373133029585], [33.52610922848042, 40.45985664828782, 57.55866572463264, 19.72308292331602, 0.0, 73.10950690573696, 41.0, 28.600699292150182, 33.421549934136806, 63.90618123468183], [95.46203433826454, 34.0, 64.77653896280658, 53.75872022286245, 73.10950690573696, 0.0, 58.240879114244144, 101.13851887386922, 86.02325267042627, 69.1158447825099], [74.46475676452586, 42.37924020083418, 81.60882305241266, 29.832867780352597, 41.0, 58.240879114244144, 0.0, 58.69412236331676, 72.49827584156743, 23.853720883753127], [36.24913792078372, 69.02897942168927, 80.50465825031493, 47.38143096192854, 28.600699292150182, 101.13851887386922, 58.69412236331676, 0.0, 44.91102314577124, 77.00649323271382], [12.529964086141668, 52.952809179494906, 40.24922359499622, 44.384682042344295, 33.421549934136806, 86.02325267042627, 72.49827584156743, 44.91102314577124, 0.0, 96.15092303249095], [97.40636529508737, 62.96824596572466, 104.23531071570709, 53.600373133029585, 63.90618123468183, 69.1158447825099, 23.853720883753127, 77.00649323271382, 96.15092303249095, 0.0]], "task_locations": [[93, 49], [35, 70], [69, 96], [44, 49], [61, 39], [5, 86], [21, 30], [78, 16], [87, 60], [1, 17]], "precedence_constraints": [[3, 2], [5, 2], [7, 3], [4, 2], [1, 6]]}