{"Q": [[1, 0, 0], [1, 0, 1], [1, 1, 0]], "R": [[0.0, 0.0, 0.0], [1.0, 1.0, 0.0], [1.0, 1.0, 0.0], [1.0, 0.0, 0.0], [1.0, 0.0, 0.0], [0.0, 0.0, 1.0], [1.0, 1.0, 1.0], [1.0, 1.0, 1.0], [1.0, 0.0, 1.0], [0.0, 0.0, 0.0]], "T_e": [0, 79, 83, 87, 66, 61, 60, 72, 80, 0], "T_t": [[0.0, 56.0357029044876, 85.7962703152066, 56.302753041036986, 45.65084884205331, 62.24146527838174, 101.9803902718557, 94.37160589923221, 36.87817782917155, 46.09772228646444], [56.0357029044876, 0.0, 34.48187929913333, 34.20526275297414, 11.661903789690601, 58.05170109479997, 46.861498055439924, 72.62231062146122, 38.2099463490856, 11.180339887498949], [85.7962703152066, 34.48187929913333, 0.0, 38.897300677553446, 45.880278987817846, 90.00555538409837, 20.223748416156685, 96.56603957913983, 56.08029957123981, 40.8166632639171], [56.302753041036986, 34.20526275297414, 38.897300677553446, 0.0, 37.44329045369811, 86.76404785393545, 58.9406481131655, 106.15083607772479, 20.248456731316587, 28.0178514522438], [45.65084884205331, 11.661903789690601, 45.880278987817846, 37.44329045369811, 0.0, 49.9799959983992, 58.412327466040935, 69.35416353759881, 34.92849839314596, 9.433981132056603], [62.24146527838174, 58.05170109479997, 90.00555538409837, 86.76404785393545, 49.9799959983992, 0.0, 94.92101980067429, 34.0, 78.24321056807422, 59.23681287847955], [101.9803902718557, 46.861498055439924, 20.223748416156685, 58.9406481131655, 58.412327466040935, 94.92101980067429, 0.0, 94.2019108086455, 75.15317691222374, 55.90169943749474], [94.37160589923221, 72.62231062146122, 96.56603957913983, 106.15083607772479, 69.35416353759881, 34.0, 94.2019108086455, 0.0, 103.00485425454472, 78.49203781276162], [36.87817782917155, 38.2099463490856, 56.08029957123981, 20.248456731316587, 34.92849839314596, 78.24321056807422, 75.15317691222374, 103.00485425454472, 0.0, 27.65863337187866], [46.09772228646444, 11.180339887498949, 40.8166632639171, 28.0178514522438, 9.433981132056603, 59.23681287847955, 55.90169943749474, 78.49203781276162, 27.65863337187866, 0.0]], "task_locations": [[70, 5], [38, 51], [5, 61], [17, 24], [48, 45], [95, 62], [2, 81], [95, 96], [34, 13], [40, 40]], "precedence_constraints": [[8, 1], [8, 4], [6, 1]]}