{"Q": [[1, 1, 1], [1, 1, 1], [0, 1, 0]], "R": [[0.0, 0.0, 0.0], [1.0, 1.0, 0.0], [1.0, 1.0, 0.0], [1.0, 1.0, 1.0], [0.0, 1.0, 1.0], [0.0, 1.0, 1.0], [1.0, 1.0, 0.0], [0.0, 0.0, 1.0], [1.0, 1.0, 1.0], [0.0, 0.0, 0.0]], "T_e": [0, 88, 84, 84, 56, 61, 78, 68, 52, 0], "T_t": [[0.0, 87.70974860299168, 44.598206241955516, 30.675723300355934, 108.16653826391968, 21.18962010041709, 61.1310068623117, 47.51841748206689, 75.96051605933177, 68.41052550594829], [87.70974860299168, 0.0, 62.0, 57.688820407423826, 50.92150822589606, 103.12128781197411, 63.324560795950255, 57.4543296888929, 57.8013840664737, 26.40075756488817], [44.598206241955516, 62.0, 0.0, 34.92849839314596, 65.79513659838392, 49.49747468305833, 17.029386365926403, 58.52349955359813, 31.38470965295043, 56.36488268416781], [30.675723300355934, 57.688820407423826, 34.92849839314596, 0.0, 85.7962703152066, 49.09175083453431, 50.695167422546305, 24.758836806279895, 61.032778078668514, 37.8549864614954], [108.16653826391968, 50.92150822589606, 65.79513659838392, 85.7962703152066, 0.0, 115.27792503337315, 53.823786563191554, 97.86725703727473, 38.07886552931954, 72.24956747275377], [21.18962010041709, 103.12128781197411, 49.49747468305833, 49.09175083453431, 115.27792503337315, 0.0, 63.245553203367585, 68.4470598345904, 79.40403012442127, 86.70063436907483], [61.1310068623117, 63.324560795950255, 17.029386365926403, 50.695167422546305, 53.823786563191554, 63.245553203367585, 0.0, 72.91776189653656, 16.278820596099706, 64.66065264130884], [47.51841748206689, 57.4543296888929, 58.52349955359813, 24.758836806279895, 97.86725703727473, 68.4470598345904, 72.91776189653656, 0.0, 80.52328855678958, 31.400636936215164], [75.96051605933177, 57.8013840664737, 31.38470965295043, 61.032778078668514, 38.07886552931954, 79.40403012442127, 16.278820596099706, 80.52328855678958, 0.0, 65.80273550544841], [68.41052550594829, 26.40075756488817, 56.36488268416781, 37.8549864614954, 72.24956747275377, 86.70063436907483, 64.66065264130884, 31.400636936215164, 65.80273550544841, 0.0]], "task_locations": [[91, 21], [49, 98], [49, 36], [81, 50], [1, 81], [84, 1], [32, 37], [98, 68], [20, 48], [73, 87]], "precedence_constraints": [[6, 4], [7, 4], [5, 2]]}