{"Q": [[1, 1, 1], [0, 1, 0], [1, 0, 0]], "R": [[0.0, 0.0, 0.0], [1.0, 0.0, 0.0], [0.0, 1.0, 0.0], [0.0, 0.0, 1.0], [1.0, 1.0, 1.0], [1.0, 1.0, 0.0], [1.0, 1.0, 0.0], [1.0, 0.0, 0.0], [0.0, 0.0, 1.0], [0.0, 0.0, 0.0]], "T_e": [0, 66, 55, 63, 96, 71, 53, 77, 63, 0], "T_t": [[0.0, 51.66236541235796, 21.93171219946131, 36.235341863986875, 43.9089968002003, 25.495097567963924, 62.64982043070834, 54.037024344425184, 37.64306044943742, 81.54140052758476], [51.66236541235796, 0.0, 30.265491900843113, 82.09750300709517, 88.45903006477066, 36.124783736376884, 104.9952379872535, 47.67598976424087, 62.625873247404705, 120.28299963003916], [21.93171219946131, 30.265491900843113, 0.0, 52.61178575186362, 59.43904440685432, 20.223748416156685, 81.21576201698781, 48.30113870293329, 45.89117562233506, 98.79271228182775], [36.235341863986875, 82.09750300709517, 52.61178575186362, 0.0, 7.810249675906654, 61.71709649683789, 72.02777242147643, 89.87213138676528, 68.24954212300622, 92.0], [43.9089968002003, 88.45903006477066, 59.43904440685432, 7.810249675906654, 0.0, 69.35416353759881, 77.41446893184762, 97.65244492586962, 75.92759709091287, 97.18538984847466], [25.495097567963924, 36.124783736376884, 20.223748416156685, 61.71709649683789, 69.35416353759881, 0.0, 68.8839603971781, 29.832867780352597, 27.730849247724095, 84.38601779915912], [62.64982043070834, 104.9952379872535, 81.21576201698781, 72.02777242147643, 77.41446893184762, 68.8839603971781, 0.0, 75.0, 45.18849411078001, 20.09975124224178], [54.037024344425184, 47.67598976424087, 48.30113870293329, 89.87213138676528, 97.65244492586962, 29.832867780352597, 75.0, 0.0, 31.064449134018133, 84.59905436823747], [37.64306044943742, 62.625873247404705, 45.89117562233506, 68.24954212300622, 75.92759709091287, 27.730849247724095, 45.18849411078001, 31.064449134018133, 0.0, 58.05170109479997], [81.54140052758476, 120.28299963003916, 98.79271228182775, 92.0, 97.18538984847466, 84.38601779915912, 20.09975124224178, 84.59905436823747, 58.05170109479997, 0.0]], "task_locations": [[50, 22], [0, 9], [30, 13], [82, 5], [88, 0], [27, 33], [80, 77], [8, 56], [39, 58], [82, 97]], "precedence_constraints": [[2, 5], [8, 2], [8, 3], [8, 5], [7, 1]]}