{"Q": [[0, 1, 1], [0, 1, 0], [1, 0, 0]], "R": [[0.0, 0.0, 0.0], [0.0, 1.0, 1.0], [1.0, 0.0, 1.0], [1.0, 0.0, 0.0], [0.0, 1.0, 1.0], [0.0, 0.0, 1.0], [1.0, 0.0, 0.0], [1.0, 0.0, 1.0], [1.0, 0.0, 1.0], [0.0, 0.0, 0.0]], "T_e": [0, 65, 96, 83, 68, 61, 72, 51, 98, 0], "T_t": [[0.0, 35.014282800023196, 96.51942809610924, 60.30754513325841, 15.652475842498529, 56.0, 49.92995093127971, 18.681541692269406, 50.24937810560445, 36.6742416417845], [35.014282800023196, 0.0, 81.25269226308751, 45.17742799230607, 43.965895873961216, 65.19202405202648, 74.33034373659252, 53.150729063673246, 15.524174696260024, 15.132745950421556], [96.51942809610924, 81.25269226308751, 0.0, 37.16180835212409, 89.87213138676528, 59.09314681077663, 89.47066558375433, 103.96634070698074, 75.1065909225016, 67.35725647619564], [60.30754513325841, 45.17742799230607, 37.16180835212409, 0.0, 56.0357029044876, 40.26164427839479, 66.12110101926616, 70.21395872616783, 42.44997055358225, 30.59411708155671], [15.652475842498529, 43.965895873961216, 89.87213138676528, 56.0357029044876, 0.0, 42.579337712087536, 34.40930106817051, 14.212670403551895, 57.706152185014034, 40.049968789001575], [56.0, 65.19202405202648, 59.09314681077663, 40.26164427839479, 42.579337712087536, 0.0, 30.4138126514911, 54.08326913195984, 71.42128534267638, 51.85556864985669], [49.92995093127971, 74.33034373659252, 89.47066558375433, 66.12110101926616, 34.40930106817051, 30.4138126514911, 0.0, 38.07886552931954, 85.42833253669417, 65.39113089708727], [18.681541692269406, 53.150729063673246, 103.96634070698074, 70.21395872616783, 14.212670403551895, 54.08326913195984, 38.07886552931954, 0.0, 68.0, 52.172789842982326], [50.24937810560445, 15.524174696260024, 75.1065909225016, 42.44997055358225, 57.706152185014034, 71.42128534267638, 85.42833253669417, 68.0, 0.0, 20.248456731316587], [36.6742416417845, 15.132745950421556, 67.35725647619564, 30.59411708155671, 40.049968789001575, 51.85556864985669, 65.39113089708727, 52.172789842982326, 20.248456731316587, 0.0]], "task_locations": [[38, 6], [73, 7], [92, 86], [77, 52], [31, 20], [38, 62], [11, 48], [20, 11], [88, 11], [71, 22]], "precedence_constraints": [[2, 1], [4, 7], [3, 1]]}