{"Q": [[0, 1, 1], [1, 0, 0], [1, 0, 0]], "R": [[0.0, 0.0, 0.0], [0.0, 1.0, 1.0], [1.0, 1.0, 1.0], [1.0, 0.0, 0.0], [1.0, 1.0, 1.0], [1.0, 1.0, 0.0], [0.0, 0.0, 1.0], [0.0, 1.0, 0.0], [1.0, 1.0, 0.0], [0.0, 0.0, 0.0]], "T_e": [0, 51, 60, 76, 75, 91, 95, 51, 84, 0], "T_t": [[0.0, 28.600699292150182, 52.630789467763066, 75.45197147855052, 87.05170877128145, 27.459060435491963, 46.61544808322666, 22.80350850198276, 45.221676218380054, 101.86265262597475], [28.600699292150182, 0.0, 35.4400902933387, 46.87216658103186, 67.05221845696084, 2.0, 21.37755832643195, 11.045361017187261, 20.223748416156685, 73.55270219373317], [52.630789467763066, 35.4400902933387, 0.0, 49.64876634922564, 91.60785992479029, 37.36308338453881, 19.1049731745428, 45.89117562233506, 19.1049731745428, 63.89053137985315], [75.45197147855052, 46.87216658103186, 49.64876634922564, 0.0, 52.354560450833695, 48.010415536631214, 35.35533905932738, 54.48853090330111, 36.49657518178932, 29.546573405388315], [87.05170877128145, 67.05221845696084, 91.60785992479029, 52.354560450833695, 0.0, 66.48308055437865, 72.67048919609665, 65.62011886609167, 72.94518489934754, 74.14849964766651], [27.459060435491963, 2.0, 37.36308338453881, 48.010415536631214, 66.48308055437865, 0.0, 23.345235059857504, 9.055385138137417, 22.20360331117452, 75.0066663703967], [46.61544808322666, 21.37755832643195, 19.1049731745428, 35.35533905932738, 72.67048919609665, 23.345235059857504, 0.0, 32.38826948140329, 1.4142135623730951, 56.859475903318], [22.80350850198276, 11.045361017187261, 45.89117562233506, 54.48853090330111, 65.62011886609167, 9.055385138137417, 32.38826948140329, 0.0, 31.25699921617557, 82.46211251235322], [45.221676218380054, 20.223748416156685, 19.1049731745428, 36.49657518178932, 72.94518489934754, 22.20360331117452, 1.4142135623730951, 31.25699921617557, 0.0, 58.249463516842795], [101.86265262597475, 73.55270219373317, 63.89053137985315, 29.546573405388315, 74.14849964766651, 75.0066663703967, 56.859475903318, 82.46211251235322, 58.249463516842795, 0.0]], "task_locations": [[91, 18], [68, 35], [78, 69], [29, 61], [4, 15], [68, 33], [64, 56], [69, 24], [65, 55], [17, 88]], "precedence_constraints": [[8, 1], [2, 6], [3, 4], [4, 7]]}