{"Q": [[0, 0, 1], [1, 1, 1], [1, 0, 1]], "R": [[0.0, 0.0, 0.0], [1.0, 0.0, 1.0], [1.0, 1.0, 0.0], [0.0, 1.0, 1.0], [1.0, 1.0, 1.0], [0.0, 1.0, 1.0], [1.0, 0.0, 0.0], [1.0, 1.0, 0.0], [1.0, 1.0, 0.0], [0.0, 0.0, 0.0]], "T_e": [0, 81, 84, 89, 62, 66, 62, 81, 63, 0], "T_t": [[0.0, 30.01666203960727, 47.634021455258214, 43.93176527297759, 61.40032573203501, 21.587033144922902, 68.26419266350405, 41.72529209005013, 51.19570294468082, 70.21395872616783], [30.01666203960727, 0.0, 64.76109943476871, 44.553338819890925, 61.5223536610881, 48.05205510693585, 56.64803615307419, 14.560219778561036, 80.32434251209281, 79.07591289387686], [47.634021455258214, 64.76109943476871, 0.0, 91.54780172128658, 35.22782990761707, 29.68164415931166, 57.38466694161429, 67.00746227100382, 43.01162633521314, 27.294688127912362], [43.93176527297759, 44.553338819890925, 91.54780172128658, 0.0, 101.21264743103995, 63.812224534175265, 100.68763578513501, 58.077534382926416, 84.92938243034621, 113.45483682946268], [61.40032573203501, 61.5223536610881, 35.22782990761707, 101.21264743103995, 0.0, 54.147945482723536, 24.698178070456937, 55.758407437802596, 77.38862965578342, 24.08318915758459], [21.587033144922902, 48.05205510693585, 29.68164415931166, 63.812224534175265, 54.147945482723536, 0.0, 68.54195795277518, 56.36488268416781, 33.12099032335839, 55.71355310873648], [68.26419266350405, 56.64803615307419, 57.38466694161429, 100.68763578513501, 24.698178070456937, 68.54195795277518, 0.0, 45.79301256742124, 96.83491106000976, 48.27007354458868], [41.72529209005013, 14.560219778561036, 67.00746227100382, 58.077534382926416, 55.758407437802596, 56.36488268416781, 45.79301256742124, 0.0, 89.44271909999159, 76.32168761236873], [51.19570294468082, 80.32434251209281, 43.01162633521314, 84.92938243034621, 77.38862965578342, 33.12099032335839, 96.83491106000976, 89.44271909999159, 0.0, 68.59300255857006], [70.21395872616783, 79.07591289387686, 27.294688127912362, 113.45483682946268, 24.08318915758459, 55.71355310873648, 48.27007354458868, 76.32168761236873, 68.59300255857006, 0.0]], "task_locations": [[31, 43], [46, 17], [61, 80], [2, 10], [90, 60], [36, 64], [99, 37], [60, 13], [20, 93], [88, 84]], "precedence_constraints": [[6, 2], [7, 1], [2, 7]]}