{"Q": [[0, 1, 1], [0, 1, 0], [1, 0, 0]], "R": [[0.0, 0.0, 0.0], [1.0, 1.0, 1.0], [0.0, 1.0, 1.0], [0.0, 1.0, 1.0], [1.0, 0.0, 0.0], [1.0, 0.0, 0.0], [0.0, 0.0, 1.0], [0.0, 1.0, 0.0], [0.0, 0.0, 1.0], [0.0, 0.0, 0.0]], "T_e": [0, 79, 65, 95, 88, 92, 60, 56, 73, 0], "T_t": [[0.0, 19.924858845171276, 3.1622776601683795, 44.654227123532216, 45.221676218380054, 65.79513659838392, 29.120439557122072, 33.421549934136806, 47.38143096192854, 37.57658845611187], [19.924858845171276, 0.0, 16.76305461424021, 31.575306807693888, 37.33630940518894, 46.06517122512408, 47.042533945356304, 44.721359549995796, 31.304951684997057, 57.38466694161429], [3.1622776601683795, 16.76305461424021, 0.0, 42.190046219457976, 43.41658669218482, 62.64982043070834, 31.78049716414141, 34.655446902326915, 44.598206241955516, 40.718546143004666], [44.654227123532216, 31.575306807693888, 42.190046219457976, 0.0, 12.529964086141668, 36.40054944640259, 60.41522986797286, 47.29693436154187, 8.54400374531753, 79.30952023559341], [45.221676218380054, 37.33630940518894, 43.41658669218482, 12.529964086141668, 0.0, 48.703182647543684, 54.67174773134658, 38.91015291668744, 21.02379604162864, 76.05918747922567], [65.79513659838392, 46.06517122512408, 62.64982043070834, 36.40054944640259, 48.703182647543684, 0.0, 90.02777349240623, 81.00617260431454, 27.892651361962706, 103.36827366266692], [29.120439557122072, 47.042533945356304, 31.78049716414141, 60.41522986797286, 54.67174773134658, 90.02777349240623, 0.0, 19.313207915827967, 66.30987860040162, 24.73863375370596], [33.421549934136806, 44.721359549995796, 34.655446902326915, 47.29693436154187, 38.91015291668744, 81.00617260431454, 19.313207915827967, 0.0, 54.589376255824725, 43.965895873961216], [47.38143096192854, 31.304951684997057, 44.598206241955516, 8.54400374531753, 21.02379604162864, 27.892651361962706, 66.30987860040162, 54.589376255824725, 0.0, 83.60023923410746], [37.57658845611187, 57.38466694161429, 40.718546143004666, 79.30952023559341, 76.05918747922567, 103.36827366266692, 24.73863375370596, 43.965895873961216, 83.60023923410746, 0.0]], "task_locations": [[81, 34], [75, 53], [80, 37], [44, 59], [38, 48], [54, 94], [73, 6], [55, 13], [47, 67], [97, 0]], "precedence_constraints": [[4, 2], [5, 7], [3, 5]]}