{"Q": [[0, 1, 1], [1, 0, 1], [1, 1, 1]], "R": [[0.0, 0.0, 0.0], [1.0, 0.0, 0.0], [1.0, 0.0, 0.0], [0.0, 1.0, 0.0], [1.0, 0.0, 0.0], [1.0, 0.0, 0.0], [0.0, 1.0, 0.0], [1.0, 0.0, 1.0], [0.0, 0.0, 1.0], [0.0, 0.0, 0.0]], "T_e": [0, 86, 88, 96, 83, 51, 60, 66, 52, 0], "T_t": [[0.0, 39.44616584663204, 40.85339643163099, 68.59300255857006, 10.04987562112089, 99.12618221237011, 84.07734534343957, 60.08327554319921, 91.54780172128658, 57.3149195236284], [39.44616584663204, 0.0, 72.17340230306452, 64.4437739428721, 48.75448697299562, 67.1863081289633, 55.14526271584895, 64.63745044476924, 65.0, 34.713109915419565], [40.85339643163099, 72.17340230306452, 0.0, 60.41522986797286, 32.2490309931942, 113.22985472038724, 96.82974749528164, 46.09772228646444, 100.41912168506553, 97.29337079164233], [68.59300255857006, 64.4437739428721, 60.41522986797286, 0.0, 69.00724599634447, 62.36184731067546, 47.51841748206689, 14.866068747318506, 46.238512086787566, 99.15644204992432], [10.04987562112089, 48.75448697299562, 32.2490309931942, 69.00724599634447, 0.0, 105.43718509140881, 89.88882021697692, 58.69412236331676, 96.60227740586657, 67.1863081289633], [99.12618221237011, 67.1863081289633, 113.22985472038724, 62.36184731067546, 105.43718509140881, 0.0, 16.401219466856727, 75.39230729988306, 17.0, 91.19758768739445], [84.07734534343957, 55.14526271584895, 96.82974749528164, 47.51841748206689, 89.88882021697692, 16.401219466856727, 0.0, 59.77457653551382, 10.770329614269007, 83.19855767980596], [60.08327554319921, 64.63745044476924, 46.09772228646444, 14.866068747318506, 58.69412236331676, 75.39230729988306, 59.77457653551382, 0.0, 59.941638282582836, 98.71676655968832], [91.54780172128658, 65.0, 100.41912168506553, 46.238512086787566, 96.60227740586657, 17.0, 10.770329614269007, 59.941638282582836, 0.0, 93.86160024205851], [57.3149195236284, 34.713109915419565, 97.29337079164233, 99.15644204992432, 67.1863081289633, 91.19758768739445, 83.19855767980596, 98.71676655968832, 93.86160024205851, 0.0]], "task_locations": [[14, 39], [34, 73], [29, 1], [82, 30], [13, 29], [99, 90], [89, 77], [71, 20], [99, 73], [8, 96]], "precedence_constraints": [[4, 1], [8, 6], [6, 2]]}