{"Q": [[1, 1, 1], [0, 1, 1], [0, 1, 0]], "R": [[0.0, 0.0, 0.0], [0.0, 0.0, 1.0], [1.0, 1.0, 0.0], [1.0, 0.0, 1.0], [1.0, 0.0, 0.0], [0.0, 1.0, 1.0], [0.0, 0.0, 1.0], [0.0, 0.0, 1.0], [1.0, 0.0, 1.0], [0.0, 0.0, 0.0]], "T_e": [0, 57, 78, 72, 92, 59, 78, 98, 85, 0], "T_t": [[0.0, 28.0178514522438, 26.570660511172846, 14.7648230602334, 56.293871780150276, 86.76404785393545, 48.093658625644196, 56.0357029044876, 51.85556864985669, 43.278170016764804], [28.0178514522438, 0.0, 8.54400374531753, 17.0, 67.20119046564577, 101.41498903022176, 76.10519036176179, 84.00595217006948, 75.15317691222374, 64.4980619863884], [26.570660511172846, 8.54400374531753, 0.0, 20.0, 59.033888572581766, 93.43446901438462, 73.97972695272672, 81.30190649671138, 69.28924880528002, 58.180752831155424], [14.7648230602334, 17.0, 20.0, 0.0, 66.85057965343307, 99.12618221237011, 61.1310068623117, 69.58448102845921, 66.40030120413611, 57.28001396647874], [56.293871780150276, 67.20119046564577, 59.033888572581766, 66.85057965343307, 0.0, 34.713109915419565, 68.26419266350405, 68.8839603971781, 35.608987629529715, 27.202941017470888], [86.76404785393545, 101.41498903022176, 93.43446901438462, 99.12618221237011, 34.713109915419565, 0.0, 81.61494961096282, 78.10249675906654, 45.044422518220834, 46.09772228646444], [48.093658625644196, 76.10519036176179, 73.97972695272672, 61.1310068623117, 68.26419266350405, 81.61494961096282, 0.0, 9.433981132056603, 36.87817782917155, 41.182520563948], [56.0357029044876, 84.00595217006948, 81.30190649671138, 69.58448102845921, 68.8839603971781, 78.10249675906654, 9.433981132056603, 0.0, 34.88552708502482, 41.773197148410844], [51.85556864985669, 75.15317691222374, 69.28924880528002, 66.40030120413611, 35.608987629529715, 45.044422518220834, 36.87817782917155, 34.88552708502482, 0.0, 12.0], [43.278170016764804, 64.4980619863884, 58.180752831155424, 57.28001396647874, 27.202941017470888, 46.09772228646444, 41.182520563948, 41.773197148410844, 12.0, 0.0]], "task_locations": [[70, 8], [98, 9], [95, 17], [83, 1], [58, 63], [32, 86], [22, 5], [14, 10], [30, 41], [42, 41]], "precedence_constraints": [[6, 5], [3, 7], [2, 7], [5, 1], [6, 4]]}