{"Q": [[1, 0, 0], [0, 1, 1], [0, 1, 1]], "R": [[0.0, 0.0, 0.0], [1.0, 1.0, 0.0], [0.0, 0.0, 1.0], [0.0, 1.0, 1.0], [0.0, 1.0, 1.0], [0.0, 1.0, 0.0], [1.0, 1.0, 1.0], [1.0, 0.0, 0.0], [1.0, 1.0, 1.0], [0.0, 0.0, 0.0]], "T_e": [0, 70, 51, 53, 65, 60, 86, 54, 89, 0], "T_t": [[0.0, 90.60905032059435, 43.56604182158393, 18.384776310850235, 89.20201791439474, 35.11409973215888, 58.69412236331676, 65.5133574166368, 94.72592042308166, 56.293871780150276], [90.60905032059435, 0.0, 52.3450093132096, 76.10519036176179, 23.0, 91.80958555619343, 105.3612832116238, 60.74537019394976, 35.22782990761707, 44.68780594300866], [43.56604182158393, 52.3450093132096, 0.0, 26.0, 59.53990258641679, 61.326992425847855, 83.24061508662703, 60.08327554319921, 69.40461079784254, 39.35733730830886], [18.384776310850235, 76.10519036176179, 26.0, 0.0, 78.33900688673555, 46.010868281309364, 70.00714249274856, 63.702433234531945, 85.7962703152066, 48.877397639399746], [89.20201791439474, 23.0, 59.53990258641679, 78.33900688673555, 0.0, 81.59656855530139, 90.69729874698585, 43.278170016764804, 12.649110640673518, 34.52535300326414], [35.11409973215888, 91.80958555619343, 61.326992425847855, 46.010868281309364, 81.59656855530139, 0.0, 24.08318915758459, 44.01136216933077, 82.37718130647589, 47.853944456021594], [58.69412236331676, 105.3612832116238, 83.24061508662703, 70.00714249274856, 90.69729874698585, 24.08318915758459, 0.0, 47.885279575251516, 88.10221336606703, 60.876925020897694], [65.5133574166368, 60.74537019394976, 60.08327554319921, 63.702433234531945, 43.278170016764804, 44.01136216933077, 47.885279575251516, 0.0, 40.311288741492746, 22.02271554554524], [94.72592042308166, 35.22782990761707, 69.40461079784254, 85.7962703152066, 12.649110640673518, 82.37718130647589, 88.10221336606703, 40.311288741492746, 0.0, 38.47076812334269], [56.293871780150276, 44.68780594300866, 39.35733730830886, 48.877397639399746, 34.52535300326414, 47.853944456021594, 60.876925020897694, 22.02271554554524, 38.47076812334269, 0.0]], "task_locations": [[71, 4], [88, 93], [94, 41], [84, 17], [65, 93], [38, 16], [14, 18], [37, 60], [53, 97], [59, 59]], "precedence_constraints": [[8, 6], [5, 6], [4, 5]]}