{"Q": [[0, 1, 1], [0, 0, 1], [1, 0, 0]], "R": [[0.0, 0.0, 0.0], [0.0, 0.0, 1.0], [1.0, 0.0, 0.0], [1.0, 0.0, 0.0], [0.0, 1.0, 1.0], [1.0, 1.0, 1.0], [0.0, 1.0, 1.0], [1.0, 0.0, 0.0], [1.0, 1.0, 1.0], [0.0, 0.0, 0.0]], "T_e": [0, 82, 79, 74, 56, 97, 79, 99, 92, 0], "T_t": [[0.0, 48.46648326421054, 37.05401462729781, 30.4138126514911, 45.48626166217664, 76.57675887630658, 40.607881008493905, 38.07886552931954, 50.21951811795888, 60.13318551349163], [48.46648326421054, 0.0, 47.01063709417264, 41.7612260356422, 28.284271247461902, 69.2314957226839, 69.33974329343886, 57.245087125446844, 29.274562336608895, 26.627053911388696], [37.05401462729781, 47.01063709417264, 0.0, 7.615773105863909, 23.021728866442675, 103.46496991735899, 77.1621668954417, 72.03471385380801, 67.17886572427373, 71.02816342831905], [30.4138126514911, 41.7612260356422, 7.615773105863909, 0.0, 21.540659228538015, 95.96353474106714, 70.02856560004639, 64.53681120105021, 60.14149981501958, 64.66065264130884], [45.48626166217664, 28.284271247461902, 23.021728866442675, 21.540659228538015, 0.0, 93.98404119849285, 80.049984384758, 71.25307010929424, 54.56189146281496, 54.67174773134658], [76.57675887630658, 69.2314957226839, 103.46496991735899, 95.96353474106714, 93.98404119849285, 0.0, 51.97114584074513, 42.5440947723653, 40.024992192379, 46.04345773288535], [40.607881008493905, 69.33974329343886, 77.1621668954417, 70.02856560004639, 80.049984384758, 51.97114584074513, 0.0, 13.892443989449804, 51.03920062069938, 64.07027391856539], [38.07886552931954, 57.245087125446844, 72.03471385380801, 64.53681120105021, 71.25307010929424, 42.5440947723653, 13.892443989449804, 0.0, 37.20215047547655, 50.21951811795888], [50.21951811795888, 29.274562336608895, 67.17886572427373, 60.14149981501958, 54.56189146281496, 40.024992192379, 51.03920062069938, 37.20215047547655, 0.0, 13.038404810405298], [60.13318551349163, 26.627053911388696, 71.02816342831905, 64.66065264130884, 54.67174773134658, 46.04345773288535, 64.07027391856539, 50.21951811795888, 13.038404810405298, 0.0]], "task_locations": [[59, 76], [77, 31], [96, 74], [89, 71], [97, 51], [9, 18], [19, 69], [26, 57], [48, 27], [55, 16]], "precedence_constraints": [[1, 3], [6, 2], [6, 1], [2, 8]]}