{"Q": [[1, 0, 0], [0, 1, 1], [1, 0, 1]], "R": [[0.0, 0.0, 0.0], [1.0, 1.0, 1.0], [1.0, 0.0, 0.0], [0.0, 1.0, 0.0], [1.0, 0.0, 0.0], [1.0, 1.0, 0.0], [0.0, 1.0, 0.0], [1.0, 1.0, 0.0], [1.0, 0.0, 1.0], [0.0, 0.0, 0.0]], "T_e": [0, 60, 75, 94, 50, 65, 82, 96, 88, 0], "T_t": [[0.0, 84.01190391843289, 112.32987136109433, 70.21395872616783, 100.62305898749054, 97.74456506629922, 78.10249675906654, 53.45091205957107, 100.84641788382967, 85.61541917201598], [84.01190391843289, 0.0, 76.6550715869472, 107.81465577554843, 58.42088667591412, 37.94733192202055, 8.602325267042627, 43.18564576337837, 64.1248781675256, 8.0], [112.32987136109433, 76.6550715869472, 0.0, 80.22468448052632, 18.24828759089466, 40.049968789001575, 82.76472678623425, 63.0317380372777, 13.416407864998739, 84.5931439302264], [70.21395872616783, 107.81465577554843, 80.22468448052632, 0.0, 80.65358020571685, 94.02127418834527, 107.41508273980894, 65.21502894272147, 76.15773105863909, 114.0175425099138], [100.62305898749054, 58.42088667591412, 18.24828759089466, 80.65358020571685, 0.0, 22.561028345356956, 64.53681120105021, 48.60041152089147, 6.708203932499369, 66.37017402418047], [97.74456506629922, 37.94733192202055, 40.049968789001575, 94.02127418834527, 22.561028345356956, 0.0, 45.18849411078001, 44.553338819890925, 29.120439557122072, 45.60701700396552], [78.10249675906654, 8.602325267042627, 82.76472678623425, 107.41508273980894, 64.53681120105021, 45.18849411078001, 0.0, 42.20189569201838, 69.87131027825369, 7.615773105863909], [53.45091205957107, 43.18564576337837, 63.0317380372777, 65.21502894272147, 48.60041152089147, 44.553338819890925, 42.20189569201838, 0.0, 50.20956084253277, 48.91829923454004], [100.84641788382967, 64.1248781675256, 13.416407864998739, 76.15773105863909, 6.708203932499369, 29.120439557122072, 69.87131027825369, 50.20956084253277, 0.0, 72.11102550927978], [85.61541917201598, 8.0, 84.5931439302264, 114.0175425099138, 66.37017402418047, 45.60701700396552, 7.615773105863909, 48.91829923454004, 72.11102550927978, 0.0]], "task_locations": [[70, 0], [83, 83], [7, 93], [1, 13], [25, 90], [47, 95], [88, 76], [54, 51], [19, 87], [91, 83]], "precedence_constraints": [[4, 5], [8, 7], [1, 2]]}