{"Q": [[0, 0, 1], [0, 0, 1], [1, 1, 1]], "R": [[0.0, 0.0, 0.0], [0.0, 0.0, 1.0], [0.0, 0.0, 1.0], [1.0, 1.0, 1.0], [1.0, 1.0, 0.0], [0.0, 0.0, 1.0], [1.0, 1.0, 1.0], [1.0, 0.0, 1.0], [0.0, 1.0, 0.0], [0.0, 0.0, 0.0]], "T_e": [0, 67, 69, 56, 60, 98, 85, 89, 97, 0], "T_t": [[0.0, 60.53924347066124, 75.58438992278762, 59.033888572581766, 14.7648230602334, 52.15361924162119, 82.15229759416349, 21.633307652783937, 34.0147027033899, 29.5296461204668], [60.53924347066124, 0.0, 65.96969000988257, 102.95630140987001, 61.68468205316454, 35.0, 76.15773105863909, 80.60397012554654, 34.9857113690718, 68.5054742338158], [75.58438992278762, 65.96969000988257, 0.0, 70.9365914038728, 87.98295289429652, 33.12099032335839, 10.198039027185569, 81.39410298049853, 48.08326112068523, 54.45181356024793], [59.033888572581766, 102.95630140987001, 70.9365914038728, 0.0, 72.56031973468694, 74.33034373659252, 69.85699678629192, 43.32435804486894, 68.0, 35.11409973215888], [14.7648230602334, 61.68468205316454, 87.98295289429652, 72.56031973468694, 0.0, 61.40032573203501, 95.2102935611481, 31.400636936215164, 42.720018726587654, 44.294469180700204], [52.15361924162119, 35.0, 33.12099032335839, 74.33034373659252, 61.40032573203501, 0.0, 42.95346318982906, 65.5133574166368, 18.681541692269406, 43.9089968002003], [82.15229759416349, 76.15773105863909, 10.198039027185569, 69.85699678629192, 95.2102935611481, 42.95346318982906, 0.0, 85.72630868059116, 56.85068161420758, 58.52349955359813], [21.633307652783937, 80.60397012554654, 81.39410298049853, 43.32435804486894, 31.400636936215164, 65.5133574166368, 85.72630868059116, 0.0, 49.76946855251722, 27.202941017470888], [34.0147027033899, 34.9857113690718, 48.08326112068523, 68.0, 42.720018726587654, 18.681541692269406, 56.85068161420758, 49.76946855251722, 0.0, 33.60059523282288], [29.5296461204668, 68.5054742338158, 54.45181356024793, 35.11409973215888, 44.294469180700204, 43.9089968002003, 58.52349955359813, 27.202941017470888, 33.60059523282288, 0.0]], "task_locations": [[78, 39], [26, 8], [10, 72], [76, 98], [85, 26], [26, 43], [8, 82], [90, 57], [44, 38], [64, 65]], "precedence_constraints": [[4, 2], [3, 2], [4, 8]]}