{"Q": [[0, 1, 0], [1, 0, 1], [1, 1, 0]], "R": [[0.0, 0.0, 0.0], [0.0, 1.0, 0.0], [0.0, 1.0, 0.0], [1.0, 1.0, 1.0], [1.0, 0.0, 1.0], [0.0, 1.0, 1.0], [0.0, 0.0, 1.0], [1.0, 0.0, 1.0], [0.0, 1.0, 0.0], [0.0, 0.0, 0.0]], "T_e": [0, 68, 56, 72, 53, 57, 70, 53, 97, 0], "T_t": [[0.0, 77.1621668954417, 33.24154027718932, 19.235384061671343, 96.17692030835673, 39.319206502675, 76.69419795525604, 65.94694837519019, 67.88225099390856, 51.03920062069938], [77.1621668954417, 0.0, 44.01136216933077, 64.4980619863884, 23.323807579381203, 39.44616584663204, 54.037024344425184, 39.05124837953327, 33.97057550292606, 31.25699921617557], [33.24154027718932, 44.01136216933077, 0.0, 24.351591323771842, 64.07027391856539, 8.06225774829855, 54.45181356024793, 42.44997055358225, 42.15447781671598, 22.360679774997898], [19.235384061671343, 64.4980619863884, 24.351591323771842, 0.0, 80.99382692526635, 32.31098884280702, 77.20103626247513, 47.38143096192854, 49.8196748283246, 35.11409973215888], [96.17692030835673, 23.323807579381203, 64.07027391856539, 80.99382692526635, 0.0, 60.959002616512684, 75.31268153505093, 42.2965719651132, 37.12142238654117, 45.880278987817846], [39.319206502675, 39.44616584663204, 8.06225774829855, 32.31098884280702, 60.959002616512684, 0.0, 46.69047011971501, 45.17742799230607, 43.93176527297759, 24.186773244895647], [76.69419795525604, 54.037024344425184, 54.45181356024793, 77.20103626247513, 75.31268153505093, 46.69047011971501, 0.0, 83.81527307120105, 80.36168241145776, 64.8459713474939], [65.94694837519019, 39.05124837953327, 42.44997055358225, 47.38143096192854, 42.2965719651132, 45.17742799230607, 83.81527307120105, 0.0, 5.385164807134504, 21.02379604162864], [67.88225099390856, 33.97057550292606, 42.15447781671598, 49.8196748283246, 37.12142238654117, 43.93176527297759, 80.36168241145776, 5.385164807134504, 0.0, 19.924858845171276], [51.03920062069938, 31.25699921617557, 22.360679774997898, 35.11409973215888, 45.880278987817846, 24.186773244895647, 64.8459713474939, 21.02379604162864, 19.924858845171276, 0.0]], "task_locations": [[45, 0], [70, 73], [54, 32], [62, 9], [90, 85], [50, 39], [16, 71], [95, 43], [93, 48], [74, 42]], "precedence_constraints": [[3, 4], [5, 8], [2, 1], [7, 1], [4, 2]]}