{"Q": [[0, 1, 0], [1, 1, 0], [1, 1, 1]], "R": [[0.0, 0.0, 0.0], [0.0, 1.0, 0.0], [1.0, 0.0, 1.0], [1.0, 1.0, 1.0], [0.0, 1.0, 0.0], [1.0, 1.0, 1.0], [1.0, 0.0, 1.0], [0.0, 1.0, 0.0], [1.0, 0.0, 1.0], [0.0, 0.0, 0.0]], "T_e": [0, 55, 98, 58, 84, 56, 71, 68, 75, 0], "T_t": [[0.0, 85.0235261559999, 53.009433122794285, 67.47592163134935, 10.04987562112089, 11.40175425099138, 49.92995093127971, 54.230987451824994, 93.00537618869137, 67.72001181334805], [85.0235261559999, 0.0, 99.98499887483122, 52.630789467763066, 75.05997601918082, 82.49242389456137, 49.73932046178355, 80.0, 8.54400374531753, 26.248809496813376], [53.009433122794285, 99.98499887483122, 0.0, 53.9351462406472, 55.10898293381942, 42.190046219457976, 50.24937810560445, 22.20360331117452, 108.40664186294121, 74.24284477308234], [67.47592163134935, 52.630789467763066, 53.9351462406472, 0.0, 60.8276253029822, 58.52349955359813, 18.867962264113206, 31.78049716414141, 60.14149981501958, 27.294688127912362], [10.04987562112089, 75.05997601918082, 55.10898293381942, 60.8276253029822, 0.0, 13.892443989449804, 42.5205832509386, 52.172789842982326, 83.0, 58.52349955359813], [11.40175425099138, 82.49242389456137, 42.190046219457976, 58.52349955359813, 13.892443989449804, 0.0, 42.15447781671598, 42.95346318982906, 90.79647570252934, 62.51399843235114], [49.92995093127971, 49.73932046178355, 50.24937810560445, 18.867962264113206, 42.5205832509386, 42.15447781671598, 0.0, 31.144823004794873, 58.180752831155424, 24.351591323771842], [54.230987451824994, 80.0, 22.20360331117452, 31.78049716414141, 52.172789842982326, 42.95346318982906, 31.144823004794873, 0.0, 88.23264701911646, 53.823786563191554], [93.00537618869137, 8.54400374531753, 108.40664186294121, 60.14149981501958, 83.0, 90.79647570252934, 58.180752831155424, 88.23264701911646, 0.0, 34.40930106817051], [67.72001181334805, 26.248809496813376, 74.24284477308234, 27.294688127912362, 58.52349955359813, 62.51399843235114, 24.351591323771842, 53.823786563191554, 34.40930106817051, 0.0]], "task_locations": [[73, 1], [71, 86], [20, 0], [30, 53], [74, 11], [62, 4], [46, 43], [23, 22], [74, 94], [54, 66]], "precedence_constraints": [[5, 3]]}