{"Q": [[1, 0, 0], [0, 1, 0], [1, 1, 1]], "R": [[0.0, 0.0, 0.0], [0.0, 1.0, 0.0], [1.0, 0.0, 1.0], [1.0, 0.0, 0.0], [0.0, 1.0, 0.0], [1.0, 1.0, 0.0], [0.0, 0.0, 1.0], [1.0, 0.0, 0.0], [0.0, 0.0, 1.0], [0.0, 0.0, 0.0]], "T_e": [0, 94, 88, 58, 87, 68, 69, 75, 72, 0], "T_t": [[0.0, 65.5133574166368, 68.15423684555495, 60.8276253029822, 47.07440918375928, 67.36467917239716, 67.68308503607086, 71.28113354878694, 38.948684188300895, 29.206163733020468], [65.5133574166368, 0.0, 62.00806399170998, 24.331050121192877, 18.439088914585774, 21.213203435596427, 29.068883707497267, 51.0, 37.0, 46.87216658103186], [68.15423684555495, 62.00806399170998, 0.0, 80.52949770115296, 56.64803615307419, 81.12336284942828, 87.65842800324451, 14.560219778561036, 37.12142238654117, 40.792156108742276], [60.8276253029822, 24.331050121192877, 80.52949770115296, 0.0, 24.413111231467404, 7.615773105863909, 7.810249675906654, 71.84010022264724, 47.50789408087881, 53.41348144429457], [47.07440918375928, 18.439088914585774, 56.64803615307419, 24.413111231467404, 0.0, 27.018512172212592, 32.01562118716424, 49.36598018878993, 23.345235059857504, 30.870698080866262], [67.36467917239716, 21.213203435596427, 81.12336284942828, 7.615773105863909, 27.018512172212592, 0.0, 8.06225774829855, 71.30918594402827, 50.32891812864648, 57.4543296888929], [67.68308503607086, 29.068883707497267, 87.65842800324451, 7.810249675906654, 32.01562118716424, 8.06225774829855, 0.0, 78.43468620451031, 55.226805085936306, 61.220911460055866], [71.28113354878694, 51.0, 14.560219778561036, 71.84010022264724, 49.36598018878993, 71.30918594402827, 78.43468620451031, 0.0, 34.785054261852174, 42.190046219457976], [38.948684188300895, 37.0, 37.12142238654117, 47.50789408087881, 23.345235059857504, 50.32891812864648, 55.226805085936306, 34.785054261852174, 0.0, 11.40175425099138], [29.206163733020468, 46.87216658103186, 40.792156108742276, 53.41348144429457, 30.870698080866262, 57.4543296888929, 61.220911460055866, 42.190046219457976, 11.40175425099138, 0.0]], "task_locations": [[80, 80], [66, 16], [17, 54], [90, 20], [70, 34], [87, 13], [95, 14], [21, 40], [54, 51], [57, 62]], "precedence_constraints": [[4, 2], [8, 5], [7, 1]]}