{"Q": [[0, 1, 0], [1, 1, 1], [1, 1, 0]], "R": [[0.0, 0.0, 0.0], [1.0, 1.0, 0.0], [1.0, 0.0, 0.0], [0.0, 1.0, 1.0], [1.0, 1.0, 0.0], [0.0, 1.0, 1.0], [1.0, 1.0, 0.0], [1.0, 0.0, 0.0], [1.0, 0.0, 0.0], [0.0, 0.0, 0.0]], "T_e": [0, 69, 76, 98, 60, 50, 56, 63, 74, 0], "T_t": [[0.0, 55.362442142665635, 91.44397191723465, 24.041630560342615, 54.405882034941776, 45.60701700396552, 9.219544457292887, 16.0312195418814, 50.21951811795888, 45.5411901469428], [55.362442142665635, 0.0, 97.30878685915265, 70.00714249274856, 51.62363799656123, 20.808652046684813, 47.07440918375928, 52.0, 85.72630868059116, 73.16419889536138], [91.44397191723465, 97.30878685915265, 0.0, 74.43117626371358, 46.32493928760188, 77.42092740338364, 86.49277426467485, 75.66372975210778, 53.85164807134504, 48.373546489791295], [24.041630560342615, 70.00714249274856, 74.43117626371358, 0.0, 48.104053883222775, 54.12947441089743, 26.40075756488817, 18.027756377319946, 26.832815729997478, 26.076809620810597], [54.405882034941776, 51.62363799656123, 46.32493928760188, 48.104053883222775, 0.0, 31.240998703626616, 46.87216658103186, 39.0, 46.32493928760188, 32.28002478313795], [45.60701700396552, 20.808652046684813, 77.42092740338364, 54.12947441089743, 31.240998703626616, 0.0, 36.40054944640259, 37.0, 66.2872536767062, 53.16013544000805], [9.219544457292887, 47.07440918375928, 86.49277426467485, 26.40075756488817, 46.87216658103186, 36.40054944640259, 0.0, 11.661903789690601, 50.20956084253277, 43.04648650006177], [16.0312195418814, 52.0, 75.66372975210778, 18.027756377319946, 39.0, 37.0, 11.661903789690601, 0.0, 39.05124837953327, 31.38470965295043], [50.21951811795888, 85.72630868059116, 53.85164807134504, 26.832815729997478, 46.32493928760188, 66.2872536767062, 50.20956084253277, 39.05124837953327, 0.0, 14.142135623730951], [45.5411901469428, 73.16419889536138, 48.373546489791295, 26.076809620810597, 32.28002478313795, 53.16013544000805, 43.04648650006177, 31.38470965295043, 14.142135623730951, 0.0]], "task_locations": [[8, 67], [24, 14], [99, 76], [25, 84], [60, 51], [36, 31], [14, 60], [24, 66], [49, 96], [51, 82]], "precedence_constraints": [[5, 4], [1, 4], [7, 4], [8, 2], [3, 1]]}