{"Q": [[1, 0, 0], [1, 1, 1], [1, 0, 0]], "R": [[0.0, 0.0, 0.0], [1.0, 0.0, 1.0], [1.0, 0.0, 1.0], [0.0, 1.0, 1.0], [0.0, 1.0, 0.0], [1.0, 1.0, 1.0], [1.0, 1.0, 0.0], [1.0, 1.0, 1.0], [0.0, 1.0, 1.0], [0.0, 0.0, 0.0]], "T_e": [0, 64, 96, 72, 73, 68, 84, 92, 77, 0], "T_t": [[0.0, 59.665735560705194, 97.0051545022222, 32.38826948140329, 21.400934559032695, 16.1245154965971, 34.66987164671943, 84.52810183601665, 17.029386365926403, 19.72308292331602], [59.665735560705194, 0.0, 101.83319694480774, 45.221676218380054, 64.1404708432983, 72.24956747275377, 59.481089431852205, 80.77747210701756, 72.34638899074369, 56.08029957123981], [97.0051545022222, 101.83319694480774, 0.0, 70.2922470831599, 76.55063683601855, 89.94442728707543, 62.48199740725323, 22.02271554554524, 88.58893836140041, 77.46612162745726], [32.38826948140329, 45.221676218380054, 70.2922470831599, 0.0, 22.47220505424423, 35.73513677041127, 14.317821063276353, 54.405882034941776, 35.11409973215888, 15.811388300841896], [21.400934559032695, 64.1404708432983, 76.55063683601855, 22.47220505424423, 0.0, 15.033296378372908, 16.1245154965971, 66.09841147864296, 14.0, 8.06225774829855], [16.1245154965971, 72.24956747275377, 89.94442728707543, 35.73513677041127, 15.033296378372908, 0.0, 31.144823004794873, 80.77747210701756, 1.4142135623730951, 19.924858845171276], [34.66987164671943, 59.481089431852205, 62.48199740725323, 14.317821063276353, 16.1245154965971, 31.144823004794873, 0.0, 50.32891812864648, 30.066592756745816, 15.0], [84.52810183601665, 80.77747210701756, 22.02271554554524, 54.405882034941776, 66.09841147864296, 80.77747210701756, 50.32891812864648, 0.0, 79.55501241279521, 64.88451279003334], [17.029386365926403, 72.34638899074369, 88.58893836140041, 35.11409973215888, 14.0, 1.4142135623730951, 30.066592756745816, 79.55501241279521, 0.0, 19.313207915827967], [19.72308292331602, 56.08029957123981, 77.46612162745726, 15.811388300841896, 8.06225774829855, 19.924858845171276, 15.0, 64.88451279003334, 19.313207915827967, 0.0]], "task_locations": [[60, 85], [98, 39], [1, 8], [55, 53], [43, 72], [44, 87], [41, 56], [23, 9], [43, 86], [50, 68]], "precedence_constraints": [[6, 3]]}