{"Q": [[1, 0, 1], [0, 1, 0], [0, 1, 0]], "R": [[0.0, 0.0, 0.0], [0.0, 1.0, 0.0], [1.0, 0.0, 0.0], [1.0, 0.0, 1.0], [0.0, 1.0, 0.0], [0.0, 0.0, 1.0], [0.0, 1.0, 0.0], [1.0, 0.0, 1.0], [1.0, 0.0, 0.0], [0.0, 0.0, 0.0]], "T_e": [0, 51, 95, 86, 97, 96, 70, 67, 67, 0], "T_t": [[0.0, 74.43117626371358, 24.041630560342615, 32.2490309931942, 73.97972695272672, 23.021728866442675, 68.59300255857006, 34.0147027033899, 79.64923100695951, 27.294688127912362], [74.43117626371358, 0.0, 58.9406481131655, 60.29925372672534, 50.80354318352215, 64.76109943476871, 47.16990566028302, 47.634021455258214, 27.784887978899608, 47.16990566028302], [24.041630560342615, 58.9406481131655, 0.0, 9.486832980505138, 74.70609078247904, 6.0, 68.8839603971781, 34.828149534535996, 58.05170109479997, 19.72308292331602], [32.2490309931942, 60.29925372672534, 9.486832980505138, 0.0, 81.83520025025906, 9.486832980505138, 76.00657866263946, 43.139309220245984, 54.91812087098393, 27.586228448267445], [73.97972695272672, 50.80354318352215, 74.70609078247904, 81.83520025025906, 0.0, 80.05623023850174, 5.830951894845301, 41.10960958218893, 77.4919350642375, 55.00909015790027], [23.021728866442675, 64.76109943476871, 6.0, 9.486832980505138, 80.05623023850174, 0.0, 74.24957912338628, 39.66106403010388, 62.625873247404705, 25.079872407968907], [68.59300255857006, 47.16990566028302, 68.8839603971781, 76.00657866263946, 5.830951894845301, 74.24957912338628, 0.0, 35.4400902933387, 73.24616030891995, 49.193495504995376], [34.0147027033899, 47.634021455258214, 34.828149534535996, 43.139309220245984, 41.10960958218893, 39.66106403010388, 35.4400902933387, 0.0, 63.06346010171025, 15.620499351813308], [79.64923100695951, 27.784887978899608, 58.05170109479997, 54.91812087098393, 77.4919350642375, 62.625873247404705, 73.24616030891995, 63.06346010171025, 0.0, 55.47071299343465], [27.294688127912362, 47.16990566028302, 19.72308292331602, 27.586228448267445, 55.00909015790027, 25.079872407968907, 49.193495504995376, 15.620499351813308, 55.47071299343465, 0.0]], "task_locations": [[91, 66], [27, 28], [84, 43], [87, 34], [18, 78], [90, 43], [23, 75], [57, 65], [41, 4], [67, 53]], "precedence_constraints": [[7, 8], [4, 2], [2, 3], [2, 7], [1, 8]]}