{"Q": [[1, 1, 0], [1, 0, 1], [1, 0, 0]], "R": [[0.0, 0.0, 0.0], [1.0, 0.0, 1.0], [0.0, 1.0, 1.0], [1.0, 0.0, 0.0], [1.0, 1.0, 0.0], [0.0, 0.0, 1.0], [1.0, 1.0, 1.0], [1.0, 0.0, 0.0], [1.0, 1.0, 1.0], [0.0, 0.0, 0.0]], "T_e": [0, 71, 60, 52, 58, 54, 58, 99, 61, 0], "T_t": [[0.0, 43.41658669218482, 42.01190307520001, 83.02409288875127, 67.77905281132217, 69.77822009767804, 57.87054518492115, 57.0350769263968, 59.20304046246274, 24.08318915758459], [43.41658669218482, 0.0, 60.530983801686226, 55.00909015790027, 90.44888059008801, 90.08884503644167, 22.847319317591726, 37.013511046643494, 25.495097567963924, 36.124783736376884], [42.01190307520001, 60.530983801686226, 0.0, 66.88796603276258, 30.01666203960727, 30.265491900843113, 58.66856057549052, 43.840620433565945, 57.982756057296896, 63.50590523722971], [83.02409288875127, 55.00909015790027, 66.88796603276258, 0.0, 87.11486669908874, 83.86894538504703, 32.2490309931942, 26.30589287593181, 29.5296461204668, 87.80091115700337], [67.77905281132217, 90.44888059008801, 30.01666203960727, 87.11486669908874, 0.0, 5.0, 86.37708029332781, 68.8839603971781, 85.23496934944014, 91.09335870413386], [69.77822009767804, 90.08884503644167, 30.265491900843113, 83.86894538504703, 5.0, 0.0, 84.77027781009096, 66.70832032063167, 83.48652585896721, 92.69843580125827], [57.87054518492115, 22.847319317591726, 58.66856057549052, 32.2490309931942, 86.37708029332781, 84.77027781009096, 0.0, 20.09975124224178, 2.8284271247461903, 57.3149195236284], [57.0350769263968, 37.013511046643494, 43.840620433565945, 26.30589287593181, 68.8839603971781, 66.70832032063167, 20.09975124224178, 0.0, 18.0, 64.47480127925948], [59.20304046246274, 25.495097567963924, 57.982756057296896, 29.5296461204668, 85.23496934944014, 83.48652585896721, 2.8284271247461903, 18.0, 0.0, 59.53990258641679], [24.08318915758459, 36.124783736376884, 63.50590523722971, 87.80091115700337, 91.09335870413386, 92.69843580125827, 57.3149195236284, 64.47480127925948, 59.53990258641679, 0.0]], "task_locations": [[94, 72], [60, 99], [68, 39], [11, 74], [69, 9], [64, 9], [39, 90], [37, 70], [37, 88], [96, 96]], "precedence_constraints": [[7, 3], [2, 5], [7, 5], [3, 2], [6, 4]]}