{"Q": [[0, 0, 1], [1, 0, 1], [1, 1, 0]], "R": [[0.0, 0.0, 0.0], [0.0, 0.0, 1.0], [0.0, 0.0, 1.0], [0.0, 1.0, 1.0], [1.0, 1.0, 0.0], [1.0, 1.0, 0.0], [0.0, 1.0, 1.0], [1.0, 0.0, 0.0], [1.0, 0.0, 0.0], [0.0, 0.0, 0.0]], "T_e": [0, 52, 54, 71, 71, 99, 52, 66, 76, 0], "T_t": [[0.0, 90.87353850269065, 8.602325267042627, 74.30343195303969, 56.293871780150276, 35.73513677041127, 72.56031973468694, 34.40930106817051, 74.02702209328699, 34.828149534535996], [90.87353850269065, 0.0, 83.57032966310472, 18.027756377319946, 37.53664875824692, 55.47071299343465, 20.024984394500787, 79.20858539325141, 40.024992192379, 81.34494452638098], [8.602325267042627, 83.57032966310472, 0.0, 66.64082832618455, 50.24937810560445, 29.274562336608895, 64.8459713474939, 35.4682957019364, 69.58448102845921, 36.40054944640259], [74.30343195303969, 18.027756377319946, 66.64082832618455, 0.0, 26.0, 39.824615503479755, 2.0, 67.11929677819934, 39.05124837953327, 69.33974329343886], [56.293871780150276, 37.53664875824692, 50.24937810560445, 26.0, 0.0, 21.02379604162864, 25.298221281347036, 41.86884283091664, 23.600847442411894, 44.04543109109048], [35.73513677041127, 55.47071299343465, 29.274562336608895, 39.824615503479755, 21.02379604162864, 0.0, 38.28837943815329, 31.575306807693888, 42.05948168962618, 33.734255586866], [72.56031973468694, 20.024984394500787, 64.8459713474939, 2.0, 25.298221281347036, 38.28837943815329, 0.0, 66.03786792439622, 39.56008088970496, 68.26419266350405], [34.40930106817051, 79.20858539325141, 35.4682957019364, 67.11929677819934, 41.86884283091664, 31.575306807693888, 66.03786792439622, 0.0, 49.39635614091387, 2.23606797749979], [74.02702209328699, 40.024992192379, 69.58448102845921, 39.05124837953327, 23.600847442411894, 42.05948168962618, 39.56008088970496, 49.39635614091387, 0.0, 51.07837115648854], [34.828149534535996, 81.34494452638098, 36.40054944640259, 69.33974329343886, 44.04543109109048, 33.734255586866, 68.26419266350405, 2.23606797749979, 51.07837115648854, 0.0]], "task_locations": [[76, 9], [39, 92], [69, 14], [40, 74], [64, 64], [65, 43], [40, 72], [96, 37], [78, 83], [98, 36]], "precedence_constraints": [[5, 3], [1, 6], [6, 7]]}