{"Q": [[1, 1, 1], [0, 0, 1], [1, 0, 0]], "R": [[0.0, 0.0, 0.0], [1.0, 0.0, 0.0], [1.0, 0.0, 0.0], [1.0, 0.0, 0.0], [1.0, 1.0, 1.0], [0.0, 0.0, 1.0], [0.0, 1.0, 0.0], [0.0, 0.0, 1.0], [1.0, 1.0, 1.0], [0.0, 0.0, 0.0]], "T_e": [0, 56, 93, 90, 97, 85, 77, 91, 50, 0], "T_t": [[0.0, 68.6804193347711, 29.154759474226502, 15.811388300841896, 75.0066663703967, 70.77428911688199, 56.302753041036986, 64.53681120105021, 51.03920062069938, 60.440052945046304], [68.6804193347711, 0.0, 96.60745312862771, 77.69813382572325, 59.53990258641679, 29.832867780352597, 70.34912934784623, 34.17601498127012, 48.0, 8.94427190999916], [29.154759474226502, 96.60745312862771, 0.0, 20.0, 89.8443097808648, 93.81364506296512, 64.4980619863884, 93.40770846134703, 78.5175139698144, 88.75246475450696], [15.811388300841896, 77.69813382572325, 20.0, 0.0, 71.386273190299, 73.81734213584231, 48.16637831516918, 78.5175139698144, 66.37017402418047, 70.2353187506115], [75.0066663703967, 59.53990258641679, 89.8443097808648, 71.386273190299, 0.0, 30.675723300355934, 28.42534080710379, 88.41379982785493, 92.91393867445294, 60.60528029800704], [70.77428911688199, 29.832867780352597, 93.81364506296512, 73.81734213584231, 30.675723300355934, 0.0, 48.507731342539614, 61.85466837676846, 70.83784299369935, 33.015148038438355], [56.302753041036986, 70.34912934784623, 64.4980619863884, 48.16637831516918, 28.42534080710379, 48.507731342539614, 0.0, 90.80198235721508, 89.02246907382428, 67.68308503607086], [64.53681120105021, 34.17601498127012, 93.40770846134703, 78.5175139698144, 88.41379982785493, 61.85466837676846, 90.80198235721508, 0.0, 20.0, 28.844410203711913], [51.03920062069938, 48.0, 78.5175139698144, 66.37017402418047, 92.91393867445294, 70.83784299369935, 89.02246907382428, 20.0, 0.0, 40.19950248448356], [60.440052945046304, 8.94427190999916, 88.75246475450696, 70.2353187506115, 60.60528029800704, 33.015148038438355, 67.68308503607086, 28.844410203711913, 40.19950248448356, 0.0]], "task_locations": [[31, 77], [82, 31], [4, 88], [16, 72], [30, 2], [59, 12], [12, 24], [94, 63], [82, 79], [78, 39]], "precedence_constraints": [[4, 7]]}