{"Q": [[0, 0, 1], [1, 1, 1], [1, 1, 0]], "R": [[0.0, 0.0, 0.0], [0.0, 0.0, 1.0], [0.0, 1.0, 0.0], [1.0, 1.0, 0.0], [0.0, 1.0, 0.0], [1.0, 1.0, 0.0], [0.0, 0.0, 1.0], [1.0, 1.0, 0.0], [1.0, 0.0, 1.0], [0.0, 0.0, 0.0]], "T_e": [0, 92, 65, 98, 86, 84, 78, 58, 52, 0], "T_t": [[0.0, 97.32420048477151, 28.30194339616981, 35.805027579936315, 34.52535300326414, 65.92419889539804, 33.54101966249684, 77.1621668954417, 17.0, 77.02596964660685], [97.32420048477151, 0.0, 90.33825324855468, 67.1863081289633, 65.7875368135941, 41.10960958218893, 102.47438704378767, 28.319604517012593, 93.30058949438637, 61.29437168288782], [28.30194339616981, 90.33825324855468, 0.0, 47.12748667179272, 26.1725046566048, 51.66236541235796, 12.727922061357855, 64.8459713474939, 11.40175425099138, 53.85164807134504], [35.805027579936315, 67.1863081289633, 47.12748667179272, 0.0, 27.459060435491963, 48.16637831516918, 58.69412236331676, 54.589376255824725, 41.677331968349414, 70.178344238091], [34.52535300326414, 65.7875368135941, 26.1725046566048, 27.459060435491963, 0.0, 31.400636936215164, 38.897300677553446, 43.01162633521314, 27.51363298439521, 45.967379738244816], [65.92419889539804, 41.10960958218893, 51.66236541235796, 48.16637831516918, 31.400636936215164, 0.0, 62.96824596572466, 13.416407864998739, 57.14017850864661, 27.073972741361768], [33.54101966249684, 102.47438704378767, 12.727922061357855, 58.69412236331676, 38.897300677553446, 62.96824596572466, 0.0, 76.32168761236873, 18.110770276274835, 61.204574992397426], [77.1621668954417, 28.319604517012593, 64.8459713474939, 54.589376255824725, 43.01162633521314, 13.416407864998739, 76.32168761236873, 0.0, 69.72087205421343, 34.48187929913333], [17.0, 93.30058949438637, 11.40175425099138, 41.677331968349414, 27.51363298439521, 57.14017850864661, 18.110770276274835, 69.72087205421343, 0.0, 63.324560795950255], [77.02596964660685, 61.29437168288782, 53.85164807134504, 70.178344238091, 45.967379738244816, 27.073972741361768, 61.204574992397426, 34.48187929913333, 63.324560795950255, 0.0]], "task_locations": [[40, 0], [56, 96], [16, 15], [61, 29], [34, 34], [29, 65], [7, 6], [35, 77], [25, 8], [2, 67]], "precedence_constraints": [[5, 6], [6, 3], [2, 6], [5, 4]]}