{"Q": [[0, 0, 1], [0, 1, 1], [1, 0, 1]], "R": [[0.0, 0.0, 0.0], [1.0, 0.0, 0.0], [1.0, 0.0, 1.0], [1.0, 0.0, 1.0], [0.0, 1.0, 0.0], [0.0, 1.0, 1.0], [1.0, 1.0, 1.0], [1.0, 1.0, 1.0], [0.0, 1.0, 0.0], [0.0, 0.0, 0.0]], "T_e": [0, 69, 63, 68, 88, 71, 75, 94, 65, 0], "T_t": [[0.0, 40.22437072223753, 51.22499389946279, 49.8196748283246, 8.602325267042627, 64.35060217278468, 14.866068747318506, 17.029386365926403, 52.08646657242167, 14.866068747318506], [40.22437072223753, 0.0, 11.40175425099138, 62.03224967708329, 48.41487374764082, 70.03570517957252, 41.048751503547585, 27.202941017470888, 32.202484376209235, 25.942243542145693], [51.22499389946279, 11.40175425099138, 0.0, 71.56814934033156, 59.54829972383762, 78.16009211867653, 52.43090691567332, 38.600518131237564, 37.0, 36.61966684720111], [49.8196748283246, 62.03224967708329, 71.56814934033156, 0.0, 48.16637831516918, 15.652475842498529, 35.0, 42.37924020083418, 41.677331968349414, 54.230987451824994], [8.602325267042627, 48.41487374764082, 59.54829972383762, 48.16637831516918, 0.0, 63.41135544995076, 15.524174696260024, 23.40939982143925, 57.14017850864661, 23.430749027719962], [64.35060217278468, 70.03570517957252, 78.16009211867653, 15.652475842498529, 63.41135544995076, 0.0, 49.49747468305833, 54.70831746635972, 43.56604182158393, 66.88796603276258], [14.866068747318506, 41.048751503547585, 52.43090691567332, 35.0, 15.524174696260024, 49.49747468305833, 0.0, 13.892443989449804, 42.7551166528639, 22.0], [17.029386365926403, 27.202941017470888, 38.600518131237564, 42.37924020083418, 23.40939982143925, 54.70831746635972, 13.892443989449804, 0.0, 35.22782990761707, 12.206555615733702], [52.08646657242167, 32.202484376209235, 37.0, 41.677331968349414, 57.14017850864661, 43.56604182158393, 42.7551166528639, 35.22782990761707, 0.0, 44.27188724235731], [14.866068747318506, 25.942243542145693, 36.61966684720111, 54.230987451824994, 23.430749027719962, 66.88796603276258, 22.0, 12.206555615733702, 44.27188724235731, 0.0]], "task_locations": [[12, 33], [45, 10], [52, 1], [43, 72], [7, 40], [57, 79], [22, 44], [29, 32], [64, 36], [22, 22]], "precedence_constraints": [[5, 8], [5, 2], [5, 4], [4, 7], [1, 6]]}