{"Q": [[0, 1, 0], [0, 1, 1], [1, 0, 1]], "R": [[0.0, 0.0, 0.0], [1.0, 0.0, 0.0], [1.0, 0.0, 0.0], [0.0, 0.0, 1.0], [0.0, 0.0, 1.0], [1.0, 0.0, 0.0], [0.0, 0.0, 1.0], [0.0, 1.0, 1.0], [1.0, 1.0, 1.0], [0.0, 0.0, 0.0]], "T_e": [0, 93, 59, 82, 88, 88, 92, 62, 63, 0], "T_t": [[0.0, 76.60939890117922, 84.31488599292535, 60.41522986797286, 47.01063709417264, 59.30430001273095, 45.89117562233506, 92.9569792968769, 33.24154027718932, 38.58756276314948], [76.60939890117922, 0.0, 8.246211251235321, 18.35755975068582, 39.20459156782532, 57.723478758647246, 56.61271941887264, 17.4928556845359, 90.97252332435328, 38.28837943815329], [84.31488599292535, 8.246211251235321, 0.0, 24.758836806279895, 47.38143096192854, 65.11528238439882, 61.326992425847855, 13.038404810405298, 97.20082304178294, 45.803929962395145], [60.41522986797286, 18.35755975068582, 24.758836806279895, 0.0, 32.31098884280702, 55.758407437802596, 38.8329756778952, 35.84689665786984, 72.67048919609665, 21.93171219946131], [47.01063709417264, 39.20459156782532, 47.38143096192854, 32.31098884280702, 0.0, 24.758836806279895, 54.62600113499065, 51.62363799656123, 72.83543093852057, 23.259406699226016], [59.30430001273095, 57.723478758647246, 65.11528238439882, 55.758407437802596, 24.758836806279895, 0.0, 78.39005038906404, 65.00769185258002, 90.19977827023745, 47.43416490252569], [45.89117562233506, 56.61271941887264, 61.326992425847855, 38.8329756778952, 54.62600113499065, 78.39005038906404, 0.0, 73.7360156233031, 39.66106403010388, 31.38470965295043], [92.9569792968769, 17.4928556845359, 13.038404810405298, 35.84689665786984, 51.62363799656123, 65.00769185258002, 73.7360156233031, 0.0, 108.45275469069469, 55.17245689653489], [33.24154027718932, 90.97252332435328, 97.20082304178294, 72.67048919609665, 72.83543093852057, 90.19977827023745, 39.66106403010388, 108.45275469069469, 0.0, 55.154328932550705], [38.58756276314948, 38.28837943815329, 45.803929962395145, 21.93171219946131, 23.259406699226016, 47.43416490252569, 31.38470965295043, 55.17245689653489, 55.154328932550705, 0.0]], "task_locations": [[36, 1], [81, 63], [83, 71], [65, 54], [77, 24], [95, 7], [27, 46], [96, 72], [5, 13], [56, 34]], "precedence_constraints": [[7, 3]]}