{"Q": [[1, 1, 0], [0, 0, 1], [0, 1, 0]], "R": [[0.0, 0.0, 0.0], [0.0, 1.0, 0.0], [0.0, 1.0, 0.0], [1.0, 0.0, 0.0], [1.0, 0.0, 0.0], [1.0, 0.0, 1.0], [0.0, 0.0, 1.0], [1.0, 0.0, 0.0], [0.0, 1.0, 1.0], [0.0, 0.0, 0.0]], "T_e": [0, 57, 54, 79, 68, 51, 74, 76, 54, 0], "T_t": [[0.0, 58.25804665451803, 42.44997055358225, 15.231546211727817, 28.635642126552707, 15.620499351813308, 80.52949770115296, 53.41348144429457, 63.812224534175265, 66.73080248281148], [58.25804665451803, 0.0, 85.0881895447306, 72.12489168102785, 86.2670273047588, 73.66138744281159, 76.32168761236873, 5.0, 71.56814934033156, 61.68468205316454], [42.44997055358225, 85.0881895447306, 0.0, 31.906112267087632, 47.01063709417264, 35.805027579936315, 62.39390995922599, 80.23091673413684, 43.56604182158393, 55.362442142665635], [15.231546211727817, 72.12489168102785, 31.906112267087632, 0.0, 20.09975124224178, 4.47213595499958, 81.49233092751734, 67.17886572427373, 63.245553203367585, 69.46221994724903], [28.635642126552707, 86.2670273047588, 47.01063709417264, 20.09975124224178, 0.0, 16.0, 101.41498903022176, 81.54140052758476, 82.96987405076617, 89.56003573022959], [15.620499351813308, 73.66138744281159, 35.805027579936315, 4.47213595499958, 16.0, 0.0, 85.86617494683223, 68.76772498781678, 67.67569726275453, 73.68174807915459], [80.52949770115296, 76.32168761236873, 62.39390995922599, 81.49233092751734, 101.41498903022176, 85.86617494683223, 0.0, 73.824115301167, 19.0, 15.620499351813308], [53.41348144429457, 5.0, 80.23091673413684, 67.17886572427373, 81.54140052758476, 68.76772498781678, 73.824115301167, 0.0, 68.06614430096654, 58.872744118140105], [63.812224534175265, 71.56814934033156, 43.56604182158393, 63.245553203367585, 82.96987405076617, 67.67569726275453, 19.0, 68.06614430096654, 0.0, 15.0], [66.73080248281148, 61.68468205316454, 55.362442142665635, 69.46221994724903, 89.56003573022959, 73.68174807915459, 15.620499351813308, 58.872744118140105, 15.0, 0.0]], "task_locations": [[73, 39], [28, 2], [62, 80], [79, 53], [99, 51], [83, 51], [0, 73], [31, 6], [19, 73], [10, 61]], "precedence_constraints": [[3, 7], [2, 5], [3, 8], [5, 7]]}