{"Q": [[1, 0, 0], [1, 1, 0], [1, 1, 1]], "R": [[0.0, 0.0, 0.0], [1.0, 0.0, 1.0], [0.0, 1.0, 0.0], [1.0, 1.0, 1.0], [1.0, 1.0, 1.0], [1.0, 1.0, 0.0], [0.0, 1.0, 0.0], [1.0, 1.0, 1.0], [1.0, 0.0, 1.0], [0.0, 0.0, 0.0]], "T_e": [0, 98, 85, 68, 96, 69, 76, 79, 89, 0], "T_t": [[0.0, 34.655446902326915, 66.70832032063167, 83.43260753446461, 61.66036003787198, 34.48187929913333, 61.1310068623117, 24.20743687382041, 25.495097567963924, 31.76476034853718], [34.655446902326915, 0.0, 55.86591089385369, 56.142675390472796, 39.0, 54.589376255824725, 34.92849839314596, 39.45883931389772, 52.92447448959697, 52.952809179494906], [66.70832032063167, 55.86591089385369, 0.0, 38.48376280978771, 24.331050121192877, 50.28916384272063, 31.575306807693888, 46.0, 60.8276253029822, 51.66236541235796], [83.43260753446461, 56.142675390472796, 38.48376280978771, 0.0, 22.825424421026653, 81.21576201698781, 22.360679774997898, 71.19691004531025, 88.32326986700618, 81.60882305241266], [61.66036003787198, 39.0, 24.331050121192877, 22.825424421026653, 0.0, 58.7962583843564, 7.280109889280518, 48.373546489791295, 65.5133574166368, 59.033888572581766], [34.48187929913333, 54.589376255824725, 50.28916384272063, 81.21576201698781, 58.7962583843564, 0.0, 62.289646009589745, 15.132745950421556, 13.0, 2.8284271247461903], [61.1310068623117, 34.92849839314596, 31.575306807693888, 22.360679774997898, 7.280109889280518, 62.289646009589745, 0.0, 50.60632371551998, 67.80117993073571, 62.22539674441618], [24.20743687382041, 39.45883931389772, 46.0, 71.19691004531025, 48.373546489791295, 15.132745950421556, 50.60632371551998, 0.0, 17.204650534085253, 13.601470508735444], [25.495097567963924, 52.92447448959697, 60.8276253029822, 88.32326986700618, 65.5133574166368, 13.0, 67.80117993073571, 17.204650534085253, 0.0, 10.44030650891055], [31.76476034853718, 52.952809179494906, 51.66236541235796, 81.60882305241266, 59.033888572581766, 2.8284271247461903, 62.22539674441618, 13.601470508735444, 10.44030650891055, 0.0]], "task_locations": [[63, 84], [87, 59], [48, 19], [83, 3], [72, 23], [33, 67], [79, 25], [48, 65], [38, 79], [35, 69]], "precedence_constraints": [[2, 4]]}