{"Q": [[1, 0, 0], [1, 0, 1], [0, 1, 0]], "R": [[0.0, 0.0, 0.0], [0.0, 1.0, 0.0], [1.0, 0.0, 1.0], [0.0, 0.0, 1.0], [1.0, 1.0, 0.0], [1.0, 1.0, 1.0], [1.0, 0.0, 1.0], [1.0, 0.0, 0.0], [0.0, 1.0, 1.0], [0.0, 0.0, 0.0]], "T_e": [0, 50, 58, 88, 77, 76, 97, 59, 90, 0], "T_t": [[0.0, 22.67156809750927, 11.045361017187261, 39.05124837953327, 49.49747468305833, 29.0, 55.731499172371095, 18.867962264113206, 43.41658669218482, 23.021728866442675], [22.67156809750927, 0.0, 16.492422502470642, 55.326304774492215, 69.57010852370435, 6.4031242374328485, 72.24956747275377, 25.019992006393608, 38.897300677553446, 42.04759208325728], [11.045361017187261, 16.492422502470642, 0.0, 39.05124837953327, 53.14132102234569, 21.93171219946131, 56.0357029044876, 25.80697580112788, 33.24154027718932, 34.058772731852805], [39.05124837953327, 55.326304774492215, 39.05124837953327, 0.0, 19.4164878389476, 60.01666435249463, 17.0, 57.245087125446844, 42.638011210655684, 48.91829923454004], [49.49747468305833, 69.57010852370435, 53.14132102234569, 19.4164878389476, 0.0, 75.02666192761077, 17.08800749063506, 65.06919393998976, 62.00806399170998, 50.59644256269407], [29.0, 6.4031242374328485, 21.93171219946131, 60.01666435249463, 75.02666192761077, 0.0, 76.79192665899195, 30.4138126514911, 38.8329756778952, 48.30113870293329], [55.731499172371095, 72.24956747275377, 56.0357029044876, 17.0, 17.08800749063506, 76.79192665899195, 0.0, 73.49829930005184, 55.0, 62.76941930590086], [18.867962264113206, 25.019992006393608, 25.80697580112788, 57.245087125446844, 65.06919393998976, 30.4138126514911, 73.49829930005184, 0.0, 58.59180830116101, 21.400934559032695], [43.41658669218482, 38.897300677553446, 33.24154027718932, 42.638011210655684, 62.00806399170998, 38.8329756778952, 55.0, 58.59180830116101, 0.0, 65.76473218982953], [23.021728866442675, 42.04759208325728, 34.058772731852805, 48.91829923454004, 50.59644256269407, 48.30113870293329, 62.76941930590086, 21.400934559032695, 65.76473218982953, 0.0]], "task_locations": [[58, 40], [75, 55], [59, 51], [20, 49], [9, 33], [79, 60], [3, 49], [74, 30], [47, 82], [57, 17]], "precedence_constraints": [[7, 3], [4, 1], [2, 1], [2, 6], [4, 2]]}