{"Q": [[0, 1, 1], [1, 0, 0], [0, 0, 1]], "R": [[0.0, 0.0, 0.0], [1.0, 0.0, 0.0], [0.0, 0.0, 1.0], [1.0, 0.0, 1.0], [1.0, 0.0, 0.0], [1.0, 1.0, 0.0], [1.0, 1.0, 0.0], [1.0, 0.0, 0.0], [0.0, 1.0, 1.0], [0.0, 0.0, 0.0]], "T_e": [0, 78, 69, 68, 76, 85, 56, 57, 68, 0], "T_t": [[0.0, 40.01249804748511, 32.202484376209235, 79.00632886041473, 17.46424919657298, 50.93132631298737, 37.44329045369811, 16.401219466856727, 3.0, 26.92582403567252], [40.01249804748511, 0.0, 22.80350850198276, 39.05124837953327, 25.298221281347036, 38.3275357934736, 35.510561809129406, 51.419840528729765, 40.19950248448356, 16.1245154965971], [32.202484376209235, 22.80350850198276, 0.0, 56.64803615307419, 27.85677655436824, 56.71860364994893, 13.0, 36.49657518178932, 34.058772731852805, 26.0], [79.00632886041473, 39.05124837953327, 56.64803615307419, 0.0, 63.28506932918696, 56.85068161420758, 66.24198064671678, 90.09439494219383, 79.02531240052139, 53.33854141237835], [17.46424919657298, 25.298221281347036, 27.85677655436824, 63.28506932918696, 0.0, 35.510561809129406, 38.3275357934736, 32.802438933713454, 16.492422502470642, 10.0], [50.93132631298737, 38.3275357934736, 56.71860364994893, 56.85068161420758, 35.510561809129406, 0.0, 69.42621983083913, 67.26812023536856, 48.79549159502341, 31.32091952673165], [37.44329045369811, 35.510561809129406, 13.0, 66.24198064671678, 38.3275357934736, 69.42621983083913, 0.0, 35.84689665786984, 39.96248240537617, 38.3275357934736], [16.401219466856727, 51.419840528729765, 36.49657518178932, 90.09439494219383, 32.802438933713454, 67.26812023536856, 35.84689665786984, 0.0, 18.867962264113206, 41.182520563948], [3.0, 40.19950248448356, 34.058772731852805, 79.02531240052139, 16.492422502470642, 48.79549159502341, 39.96248240537617, 18.867962264113206, 0.0, 26.30589287593181], [26.92582403567252, 16.1245154965971, 26.0, 53.33854141237835, 10.0, 31.32091952673165, 38.3275357934736, 41.182520563948, 26.30589287593181, 0.0]], "task_locations": [[55, 83], [56, 43], [74, 57], [54, 4], [48, 67], [18, 48], [86, 62], [68, 93], [52, 83], [48, 57]], "precedence_constraints": [[3, 2], [1, 5]]}