{"Q": [[1, 0, 0], [1, 1, 0], [1, 1, 1]], "R": [[0.0, 0.0, 0.0], [1.0, 0.0, 0.0], [1.0, 1.0, 1.0], [0.0, 0.0, 1.0], [0.0, 0.0, 1.0], [0.0, 0.0, 1.0], [1.0, 1.0, 1.0], [1.0, 0.0, 1.0], [1.0, 0.0, 1.0], [0.0, 0.0, 0.0]], "T_e": [0, 53, 77, 63, 97, 66, 94, 88, 77, 0], "T_t": [[0.0, 70.71067811865476, 22.80350850198276, 43.41658669218482, 48.25971404805462, 64.07027391856539, 15.0, 24.413111231467404, 62.6418390534633, 45.27692569068709], [70.71067811865476, 0.0, 92.0869154657707, 41.19465984809196, 32.202484376209235, 66.18912297349165, 78.10889834071403, 46.51881339845203, 51.10772935672255, 85.14693182963201], [22.80350850198276, 92.0869154657707, 0.0, 66.03786792439622, 66.12866246946176, 83.74365647617735, 27.073972741361768, 46.69047011971501, 84.30895563343196, 57.706152185014034], [43.41658669218482, 41.19465984809196, 66.03786792439622, 0.0, 42.638011210655684, 31.622776601683793, 43.93176527297759, 24.020824298928627, 22.20360331117452, 44.01136216933077], [48.25971404805462, 32.202484376209235, 66.12866246946176, 42.638011210655684, 0.0, 74.2024258363566, 60.13318551349163, 29.410882339705484, 62.64982043070834, 78.7210264160726], [64.07027391856539, 66.18912297349165, 83.74365647617735, 31.622776601683793, 74.2024258363566, 0.0, 57.0087712549569, 52.81098370604357, 15.524174696260024, 36.069377593742864], [15.0, 78.10889834071403, 27.073972741361768, 43.93176527297759, 60.13318551349163, 57.0087712549569, 0.0, 32.38826948140329, 59.16924876994806, 31.953090617340916], [24.413111231467404, 46.51881339845203, 46.69047011971501, 24.020824298928627, 29.410882339705484, 52.81098370604357, 32.38826948140329, 0.0, 46.04345773288535, 49.73932046178355], [62.6418390534633, 51.10772935672255, 84.30895563343196, 22.20360331117452, 62.64982043070834, 15.524174696260024, 59.16924876994806, 46.04345773288535, 0.0, 46.06517122512408], [45.27692569068709, 85.14693182963201, 57.706152185014034, 44.01136216933077, 78.7210264160726, 36.069377593742864, 31.953090617340916, 49.73932046178355, 46.06517122512408, 0.0]], "task_locations": [[65, 27], [3, 61], [79, 9], [44, 65], [17, 32], [62, 91], [77, 36], [45, 41], [47, 87], [88, 66]], "precedence_constraints": [[6, 7], [5, 3], [4, 8]]}