{"Q": [[0, 1, 1], [1, 0, 0], [0, 1, 0]], "R": [[0.0, 0.0, 0.0], [0.0, 0.0, 1.0], [0.0, 1.0, 0.0], [1.0, 1.0, 1.0], [1.0, 0.0, 1.0], [0.0, 0.0, 1.0], [0.0, 1.0, 1.0], [1.0, 0.0, 1.0], [0.0, 0.0, 1.0], [0.0, 0.0, 0.0]], "T_e": [0, 68, 51, 78, 97, 57, 85, 59, 92, 0], "T_t": [[0.0, 95.12623192369179, 101.82337649086284, 88.60022573334675, 89.62700485902673, 47.38143096192854, 29.614185789921695, 98.2700361249552, 53.75872022286245, 93.43446901438462], [95.12623192369179, 0.0, 56.08029957123981, 88.3911760301898, 37.73592452822641, 61.61168720299745, 69.07966415668217, 32.28002478313795, 82.0792300158816, 29.0], [101.82337649086284, 56.08029957123981, 0.0, 42.44997055358225, 20.024984394500787, 54.45181356024793, 89.06739021662193, 24.186773244895647, 58.872744118140105, 83.67795408588812], [88.60022573334675, 88.3911760301898, 42.44997055358225, 0.0, 52.20153254455275, 49.040799340956916, 89.02246907382428, 61.91122676865643, 34.92849839314596, 110.9414259868693], [89.62700485902673, 37.73592452822641, 20.024984394500787, 52.20153254455275, 0.0, 43.86342439892262, 72.80109889280519, 11.045361017187261, 56.00892785976178, 64.19501538281614], [47.38143096192854, 61.61168720299745, 54.45181356024793, 49.040799340956916, 43.86342439892262, 0.0, 40.19950248448356, 53.75872022286245, 23.345235059857504, 73.81734213584231], [29.614185789921695, 69.07966415668217, 89.06739021662193, 89.02246907382428, 72.80109889280519, 40.19950248448356, 0.0, 79.20858539325141, 58.249463516842795, 64.07027391856539], [98.2700361249552, 32.28002478313795, 24.186773244895647, 61.91122676865643, 11.045361017187261, 53.75872022286245, 79.20858539325141, 0.0, 67.0, 60.67124524847005], [53.75872022286245, 82.0792300158816, 58.872744118140105, 34.92849839314596, 56.00892785976178, 23.345235059857504, 58.249463516842795, 67.0, 0.0, 96.82974749528164], [93.43446901438462, 29.0, 83.67795408588812, 110.9414259868693, 64.19501538281614, 73.81734213584231, 64.07027391856539, 60.67124524847005, 96.82974749528164, 0.0]], "task_locations": [[85, 93], [65, 0], [13, 21], [2, 62], [33, 20], [51, 60], [91, 64], [34, 9], [34, 76], [94, 0]], "precedence_constraints": [[6, 3]]}