{"Q": [[0, 1, 1], [0, 0, 1], [1, 1, 1]], "R": [[0.0, 0.0, 0.0], [0.0, 1.0, 1.0], [1.0, 1.0, 1.0], [0.0, 0.0, 1.0], [1.0, 0.0, 0.0], [1.0, 0.0, 0.0], [1.0, 0.0, 0.0], [1.0, 0.0, 0.0], [0.0, 1.0, 1.0], [0.0, 0.0, 0.0]], "T_e": [0, 95, 89, 67, 93, 72, 97, 93, 87, 0], "T_t": [[0.0, 112.0044641967453, 12.36931687685298, 51.62363799656123, 33.13608305156178, 49.64876634922564, 62.16912416947821, 21.095023109728988, 62.24146527838174, 26.92582403567252], [112.0044641967453, 0.0, 100.16985574512923, 61.40032573203501, 87.04596486914255, 89.27485648266257, 50.21951811795888, 103.58571330062848, 72.00694410957877, 86.2670273047588], [12.36931687685298, 100.16985574512923, 0.0, 39.395431207184416, 21.840329667841555, 46.17358552246078, 50.11985634456667, 15.231546211727817, 55.54277630799526, 14.560219778561036], [51.62363799656123, 61.40032573203501, 39.395431207184416, 0.0, 26.627053911388696, 50.0, 11.313708498984761, 42.42640687119285, 44.41846462902562, 25.059928172283335], [33.13608305156178, 87.04596486914255, 21.840329667841555, 26.627053911388696, 0.0, 57.697486947006624, 37.8021163428716, 17.0, 60.530983801686226, 12.206555615733702], [49.64876634922564, 89.27485648266257, 46.17358552246078, 50.0, 57.697486947006624, 0.0, 52.80151512977634, 60.8276253029822, 18.788294228055936, 45.69463863518345], [62.16912416947821, 50.21951811795888, 50.11985634456667, 11.313708498984761, 37.8021163428716, 52.80151512977634, 0.0, 53.74011537017761, 43.139309220245984, 36.05551275463989], [21.095023109728988, 103.58571330062848, 15.231546211727817, 42.42640687119285, 17.0, 60.8276253029822, 53.74011537017761, 0.0, 68.3593446428504, 19.697715603592208], [62.24146527838174, 72.00694410957877, 55.54277630799526, 44.41846462902562, 60.530983801686226, 18.788294228055936, 43.139309220245984, 68.3593446428504, 0.0, 50.00999900019995], [26.92582403567252, 86.2670273047588, 14.560219778561036, 25.059928172283335, 12.206555615733702, 45.69463863518345, 36.05551275463989, 19.697715603592208, 50.00999900019995, 0.0]], "task_locations": [[0, 15], [97, 71], [12, 18], [48, 34], [33, 12], [8, 64], [56, 42], [18, 4], [25, 72], [26, 22]], "precedence_constraints": [[5, 4], [7, 6], [7, 8], [5, 6], [5, 1], [4, 1]]}