{"Q": [[1, 1, 0], [1, 0, 0], [1, 1, 1]], "R": [[0.0, 0.0, 0.0], [1.0, 1.0, 0.0], [0.0, 1.0, 0.0], [0.0, 1.0, 1.0], [1.0, 1.0, 1.0], [0.0, 0.0, 1.0], [0.0, 1.0, 0.0], [1.0, 1.0, 1.0], [0.0, 1.0, 0.0], [0.0, 0.0, 0.0]], "T_e": [0, 99, 89, 53, 81, 60, 86, 94, 98, 0], "T_t": [[0.0, 50.08991914547278, 44.01136216933077, 66.70832032063167, 76.83749084919418, 47.38143096192854, 44.598206241955516, 41.30375285612676, 66.84309986827361, 40.26164427839479], [50.08991914547278, 0.0, 6.324555320336759, 54.45181356024793, 63.0317380372777, 75.07329751649384, 14.422205101855956, 12.041594578792296, 55.57877292636101, 73.23933369440222], [44.01136216933077, 6.324555320336759, 0.0, 52.009614495783374, 61.1310068623117, 69.31089380465383, 14.142135623730951, 6.708203932499369, 53.03772242470448, 67.20119046564577], [66.70832032063167, 54.45181356024793, 52.009614495783374, 0.0, 10.295630140987, 49.16299421312742, 66.007575322837, 46.04345773288535, 1.4142135623730951, 54.3415126767741], [76.83749084919418, 63.0317380372777, 61.1310068623117, 10.295630140987, 0.0, 55.54277630799526, 75.23961722390672, 55.44366510251645, 10.0, 61.68468205316454], [47.38143096192854, 75.07329751649384, 69.31089380465383, 49.16299421312742, 55.54277630799526, 0.0, 78.40918313565064, 63.0317380372777, 48.25971404805462, 8.94427190999916], [44.598206241955516, 14.422205101855956, 14.142135623730951, 66.007575322837, 75.23961722390672, 78.40918313565064, 0.0, 20.024984394500787, 67.0, 74.96665925596525], [41.30375285612676, 12.041594578792296, 6.708203932499369, 46.04345773288535, 55.44366510251645, 63.0317380372777, 20.024984394500787, 0.0, 47.01063709417264, 61.29437168288782], [66.84309986827361, 55.57877292636101, 53.03772242470448, 1.4142135623730951, 10.0, 48.25971404805462, 67.0, 47.01063709417264, 0.0, 53.600373133029585], [40.26164427839479, 73.23933369440222, 67.20119046564577, 54.3415126767741, 61.68468205316454, 8.94427190999916, 74.96665925596525, 61.29437168288782, 53.600373133029585, 0.0]], "task_locations": [[39, 22], [36, 72], [38, 66], [90, 65], [99, 70], [86, 16], [24, 64], [44, 63], [91, 64], [78, 12]], "precedence_constraints": [[7, 1], [7, 4], [6, 4], [1, 4], [1, 2], [8, 6]]}