{"Q": [[1, 1, 1], [1, 0, 0], [1, 0, 1]], "R": [[0.0, 0.0, 0.0], [0.0, 1.0, 0.0], [0.0, 1.0, 0.0], [1.0, 0.0, 0.0], [0.0, 1.0, 1.0], [1.0, 0.0, 0.0], [0.0, 1.0, 1.0], [0.0, 0.0, 1.0], [1.0, 0.0, 0.0], [0.0, 0.0, 0.0]], "T_e": [0, 56, 96, 70, 52, 63, 64, 72, 58, 0], "T_t": [[0.0, 64.07027391856539, 35.014282800023196, 43.73785545725808, 46.400431032480725, 47.38143096192854, 58.412327466040935, 98.2700361249552, 70.57619995437555, 40.162171256046406], [64.07027391856539, 0.0, 94.70480452437458, 61.40032573203501, 25.019992006393608, 20.09975124224178, 7.0, 68.0, 83.57032966310472, 93.86160024205851], [35.014282800023196, 94.70480452437458, 0.0, 49.92995093127971, 72.56031973468694, 75.58438992278762, 88.23831367382311, 110.27692415006868, 65.76473218982953, 12.36931687685298], [43.73785545725808, 61.40032573203501, 49.92995093127971, 0.0, 36.49657518178932, 41.97618372363071, 54.45181356024793, 60.41522986797286, 28.600699292150182, 42.42640687119285], [46.400431032480725, 25.019992006393608, 72.56031973468694, 36.49657518178932, 0.0, 5.830951894845301, 18.027756377319946, 59.413803110051795, 60.41522986797286, 70.22819946431775], [47.38143096192854, 20.09975124224178, 75.58438992278762, 41.97618372363071, 5.830951894845301, 0.0, 13.152946437965905, 63.150613615387776, 66.24198064671678, 74.04052944165107], [58.412327466040935, 7.0, 88.23831367382311, 54.45181356024793, 18.027756377319946, 13.152946437965905, 0.0, 65.0, 77.07788269017254, 87.09190547921202], [98.2700361249552, 68.0, 110.27692415006868, 60.41522986797286, 59.413803110051795, 63.150613615387776, 65.0, 0.0, 54.91812087098393, 101.83319694480774], [70.57619995437555, 83.57032966310472, 65.76473218982953, 28.600699292150182, 60.41522986797286, 66.24198064671678, 77.07788269017254, 54.91812087098393, 0.0, 54.57105459856901], [40.162171256046406, 93.86160024205851, 12.36931687685298, 42.42640687119285, 70.22819946431775, 74.04052944165107, 87.09190547921202, 101.83319694480774, 54.57105459856901, 0.0]], "task_locations": [[53, 97], [0, 61], [88, 96], [61, 54], [25, 60], [20, 63], [7, 61], [32, 1], [78, 31], [91, 84]], "precedence_constraints": [[1, 5]]}