{"Q": [[1, 0, 1], [0, 1, 1], [0, 0, 1]], "R": [[0.0, 0.0, 0.0], [1.0, 0.0, 1.0], [1.0, 0.0, 1.0], [0.0, 1.0, 0.0], [0.0, 0.0, 1.0], [0.0, 1.0, 1.0], [0.0, 1.0, 0.0], [1.0, 1.0, 1.0], [1.0, 0.0, 1.0], [0.0, 0.0, 0.0]], "T_e": [0, 86, 88, 51, 58, 82, 59, 71, 60, 0], "T_t": [[0.0, 10.816653826391969, 47.885279575251516, 55.71355310873648, 99.64436762808022, 16.1245154965971, 8.602325267042627, 27.073972741361768, 31.240998703626616, 77.1621668954417], [10.816653826391969, 0.0, 43.93176527297759, 50.24937810560445, 88.83692925805124, 8.06225774829855, 19.4164878389476, 34.785054261852174, 20.518284528683193, 66.76076692189807], [47.885279575251516, 43.93176527297759, 0.0, 10.44030650891055, 86.45229898620394, 50.24937810560445, 52.20153254455275, 44.181444068749045, 46.61544808322666, 57.14017850864661], [55.71355310873648, 50.24937810560445, 10.44030650891055, 0.0, 79.20227269466452, 55.60575509783138, 60.876925020897694, 54.45181356024793, 48.82622246293481, 49.658836071740545], [99.64436762808022, 88.83692925805124, 86.45229898620394, 79.20227269466452, 0.0, 85.86617494683223, 108.2266141020775, 117.51595636338071, 68.8839603971781, 29.546573405388315], [16.1245154965971, 8.06225774829855, 50.24937810560445, 55.60575509783138, 85.86617494683223, 0.0, 24.20743687382041, 42.20189569201838, 17.08800749063506, 65.92419889539804], [8.602325267042627, 19.4164878389476, 52.20153254455275, 60.876925020897694, 108.2266141020775, 24.20743687382041, 0.0, 22.561028345356956, 39.824615503479755, 85.44003745317531], [27.073972741361768, 34.785054261852174, 44.181444068749045, 54.45181356024793, 117.51595636338071, 42.20189569201838, 22.561028345356956, 0.0, 53.71219600798314, 91.2633551870629], [31.240998703626616, 20.518284528683193, 46.61544808322666, 48.82622246293481, 68.8839603971781, 17.08800749063506, 39.824615503479755, 53.71219600798314, 0.0, 49.25444142409901], [77.1621668954417, 66.76076692189807, 57.14017850864661, 49.658836071740545, 29.546573405388315, 65.92419889539804, 85.44003745317531, 91.2633551870629, 49.25444142409901, 0.0]], "task_locations": [[7, 43], [16, 49], [49, 20], [59, 23], [92, 95], [15, 57], [0, 38], [5, 16], [31, 63], [80, 68]], "precedence_constraints": [[4, 7], [1, 7], [2, 3], [2, 7], [5, 1]]}