{"Q": [[1, 0, 0], [1, 0, 0], [0, 1, 1]], "R": [[0.0, 0.0, 0.0], [1.0, 0.0, 1.0], [1.0, 1.0, 0.0], [1.0, 0.0, 0.0], [1.0, 0.0, 0.0], [1.0, 0.0, 0.0], [0.0, 0.0, 1.0], [0.0, 0.0, 1.0], [1.0, 1.0, 0.0], [0.0, 0.0, 0.0]], "T_e": [0, 70, 88, 63, 92, 93, 80, 54, 78, 0], "T_t": [[0.0, 72.62231062146122, 23.40939982143925, 6.082762530298219, 38.3275357934736, 56.00892785976178, 4.47213595499958, 43.278170016764804, 6.324555320336759, 56.302753041036986], [72.62231062146122, 0.0, 54.12947441089743, 69.8927750200262, 94.51454914456292, 46.010868281309364, 68.60029154456998, 115.36463929644994, 66.70832032063167, 26.076809620810597], [23.40939982143925, 54.12947441089743, 0.0, 18.35755975068582, 59.033888572581766, 53.225933528685054, 18.973665961010276, 65.73431371817918, 20.09975124224178, 33.97057550292606], [6.082762530298219, 69.8927750200262, 18.35755975068582, 0.0, 44.384682042344295, 57.42821606144492, 3.605551275463989, 47.43416490252569, 8.06225774829855, 52.009614495783374], [38.3275357934736, 94.51454914456292, 59.033888572581766, 44.384682042344295, 0.0, 58.412327466040935, 41.773197148410844, 38.2099463490856, 39.20459156782532, 86.58521813797087], [56.00892785976178, 46.010868281309364, 53.225933528685054, 57.42821606144492, 58.412327466040935, 0.0, 54.230987451824994, 89.88882021697692, 50.08991914547278, 54.120236510939236], [4.47213595499958, 68.60029154456998, 18.973665961010276, 3.605551275463989, 41.773197148410844, 54.230987451824994, 0.0, 47.634021455258214, 4.47213595499958, 51.86520991955976], [43.278170016764804, 115.36463929644994, 65.73431371817918, 47.43416490252569, 38.2099463490856, 89.88882021697692, 47.634021455258214, 0.0, 48.79549159502341, 99.40321926376429], [6.324555320336759, 66.70832032063167, 20.09975124224178, 8.06225774829855, 39.20459156782532, 50.08991914547278, 4.47213595499958, 48.79549159502341, 0.0, 51.478150704935004], [56.302753041036986, 26.076809620810597, 33.97057550292606, 52.009614495783374, 86.58521813797087, 54.120236510939236, 51.86520991955976, 99.40321926376429, 51.478150704935004, 0.0]], "task_locations": [[41, 55], [98, 10], [49, 33], [40, 49], [51, 92], [97, 56], [43, 51], [13, 88], [47, 53], [72, 8]], "precedence_constraints": [[8, 6]]}