{"Q": [[1, 1, 1], [0, 0, 1], [0, 1, 1]], "R": [[0.0, 0.0, 0.0], [1.0, 1.0, 0.0], [1.0, 0.0, 1.0], [0.0, 0.0, 1.0], [1.0, 0.0, 0.0], [1.0, 0.0, 1.0], [1.0, 1.0, 0.0], [1.0, 0.0, 0.0], [0.0, 1.0, 0.0], [0.0, 0.0, 0.0]], "T_e": [0, 94, 75, 64, 71, 67, 97, 54, 81, 0], "T_t": [[0.0, 82.0792300158816, 20.223748416156685, 35.22782990761707, 86.97700845625813, 31.89043743820395, 75.32595834106593, 81.49233092751734, 55.46169849544819, 36.05551275463989], [82.0792300158816, 0.0, 62.609903369994115, 53.907327887774215, 6.324555320336759, 55.44366510251645, 38.01315561749642, 10.295630140987, 55.362442142665635, 74.16872656315464], [20.223748416156685, 62.609903369994115, 0.0, 16.55294535724685, 67.23094525588644, 21.02379604162864, 55.90169943749474, 63.00793600809346, 47.16990566028302, 37.589892258425], [35.22782990761707, 53.907327887774215, 16.55294535724685, 0.0, 57.42821606144492, 31.304951684997057, 40.11234224026316, 56.85068161420758, 55.10898293381942, 51.85556864985669], [86.97700845625813, 6.324555320336759, 67.23094525588644, 57.42821606144492, 0.0, 61.204574992397426, 36.6742416417845, 15.556349186104045, 61.68468205316454, 80.30566605165541], [31.89043743820395, 55.44366510251645, 21.02379604162864, 31.304951684997057, 61.204574992397426, 0.0, 62.26556030423239, 52.49761899362675, 26.1725046566048, 22.47220505424423], [75.32595834106593, 38.01315561749642, 55.90169943749474, 40.11234224026316, 36.6742416417845, 62.26556030423239, 0.0, 47.16990566028302, 76.48529270389177, 84.72307831990054], [81.49233092751734, 10.295630140987, 63.00793600809346, 56.85068161420758, 15.556349186104045, 52.49761899362675, 47.16990566028302, 0.0, 48.05205510693585, 69.1158447825099], [55.46169849544819, 55.362442142665635, 47.16990566028302, 55.10898293381942, 61.68468205316454, 26.1725046566048, 76.48529270389177, 48.05205510693585, 0.0, 26.076809620810597], [36.05551275463989, 74.16872656315464, 37.589892258425, 51.85556864985669, 80.30566605165541, 22.47220505424423, 84.72307831990054, 69.1158447825099, 26.076809620810597, 0.0]], "task_locations": [[90, 50], [14, 19], [70, 47], [55, 54], [8, 21], [69, 26], [15, 57], [19, 10], [66, 0], [88, 14]], "precedence_constraints": [[7, 8], [7, 3], [6, 4], [6, 5]]}