{"Q": [[0, 1, 0], [1, 0, 0], [0, 0, 1]], "R": [[0.0, 0.0, 0.0], [0.0, 1.0, 0.0], [0.0, 1.0, 1.0], [1.0, 1.0, 0.0], [1.0, 0.0, 0.0], [0.0, 1.0, 0.0], [1.0, 1.0, 0.0], [0.0, 1.0, 1.0], [1.0, 1.0, 1.0], [0.0, 0.0, 0.0]], "T_e": [0, 93, 89, 56, 82, 52, 74, 64, 89, 0], "T_t": [[0.0, 55.47071299343465, 57.0087712549569, 13.416407864998739, 42.01190307520001, 57.271284253105414, 42.638011210655684, 39.293765408777, 29.154759474226502, 62.42595614005443], [55.47071299343465, 0.0, 41.43669871020132, 66.85057965343307, 83.23460818673925, 81.9084855189009, 76.32168761236873, 37.64306044943742, 26.40075756488817, 62.03224967708329], [57.0087712549569, 41.43669871020132, 0.0, 61.07372593840988, 60.37383539249432, 48.27007354458868, 95.01578816175763, 17.72004514666935, 42.42640687119285, 21.37755832643195], [13.416407864998739, 66.85057965343307, 61.07372593840988, 0.0, 30.805843601498726, 50.0, 49.658836071740545, 44.04543109109048, 41.10960958218893, 61.84658438426491], [42.01190307520001, 83.23460818673925, 60.37383539249432, 30.805843601498726, 0.0, 25.079872407968907, 80.05623023850174, 48.91829923454004, 61.84658438426491, 50.35871324805669], [57.271284253105414, 81.9084855189009, 48.27007354458868, 50.0, 25.079872407968907, 0.0, 99.12618221237011, 44.27188724235731, 67.00746227100382, 31.38470965295043], [42.638011210655684, 76.32168761236873, 95.01578816175763, 49.658836071740545, 80.05623023850174, 99.12618221237011, 0.0, 77.93587107359485, 55.02726596879042, 104.1393297462587], [39.293765408777, 37.64306044943742, 17.72004514666935, 44.04543109109048, 48.91829923454004, 44.27188724235731, 77.93587107359485, 0.0, 28.178005607210743, 29.068883707497267], [29.154759474226502, 26.40075756488817, 42.42640687119285, 41.10960958218893, 61.84658438426491, 67.00746227100382, 55.02726596879042, 28.178005607210743, 0.0, 57.245087125446844], [62.42595614005443, 62.03224967708329, 21.37755832643195, 61.84658438426491, 50.35871324805669, 31.38470965295043, 104.1393297462587, 29.068883707497267, 57.245087125446844, 0.0]], "task_locations": [[45, 39], [19, 88], [60, 94], [57, 33], [87, 40], [97, 63], [12, 12], [55, 77], [30, 64], [81, 90]], "precedence_constraints": [[1, 4], [5, 4], [5, 8]]}