{"Q": [[1, 0, 1], [1, 1, 0], [1, 0, 0]], "R": [[0.0, 0.0, 0.0], [1.0, 1.0, 0.0], [1.0, 0.0, 0.0], [0.0, 0.0, 1.0], [0.0, 1.0, 0.0], [1.0, 0.0, 1.0], [0.0, 1.0, 0.0], [1.0, 0.0, 0.0], [1.0, 0.0, 1.0], [0.0, 0.0, 0.0]], "T_e": [0, 86, 61, 98, 96, 64, 94, 78, 66, 0], "T_t": [[0.0, 39.0, 73.92563831310488, 62.42595614005443, 24.331050121192877, 15.231546211727817, 84.95881355103778, 15.811388300841896, 31.064449134018133, 34.713109915419565], [39.0, 0.0, 35.608987629529715, 53.16013544000805, 16.278820596099706, 23.769728648009426, 76.89603370785778, 45.044422518220834, 37.57658845611187, 17.029386365926403], [73.92563831310488, 35.608987629529715, 0.0, 74.14849964766651, 51.85556864985669, 58.83026432033091, 94.00531899844816, 76.84399781375251, 62.289646009589745, 42.44997055358225], [62.42595614005443, 53.16013544000805, 74.14849964766651, 0.0, 48.25971404805462, 55.97320787662612, 24.186773244895647, 77.46612162745726, 83.00602387778854, 68.0294054067798], [24.331050121192877, 16.278820596099706, 51.85556864985669, 48.25971404805462, 0.0, 10.198039027185569, 72.40165743959182, 34.20526275297414, 34.828149534535996, 22.02271554554524], [15.231546211727817, 23.769728648009426, 58.83026432033091, 55.97320787662612, 10.198039027185569, 0.0, 79.81227975693966, 24.041630560342615, 27.730849247724095, 21.93171219946131], [84.95881355103778, 76.89603370785778, 94.00531899844816, 24.186773244895647, 72.40165743959182, 79.81227975693966, 0.0, 100.41912168506553, 107.07474025184464, 92.13576938409967], [15.811388300841896, 45.044422518220834, 76.84399781375251, 77.46612162745726, 34.20526275297414, 24.041630560342615, 100.41912168506553, 0.0, 21.095023109728988, 34.539832078341085], [31.064449134018133, 37.57658845611187, 62.289646009589745, 83.00602387778854, 34.828149534535996, 27.730849247724095, 107.07474025184464, 21.095023109728988, 0.0, 21.587033144922902], [34.713109915419565, 17.029386365926403, 42.44997055358225, 68.0294054067798, 22.02271554554524, 21.93171219946131, 92.13576938409967, 34.539832078341085, 21.587033144922902, 0.0]], "task_locations": [[38, 83], [23, 47], [1, 19], [74, 32], [34, 59], [32, 69], [95, 20], [25, 92], [7, 81], [12, 60]], "precedence_constraints": [[4, 5], [6, 1], [7, 8], [2, 3]]}