{"Q": [[1, 1, 1], [0, 0, 1], [0, 1, 1]], "R": [[0.0, 0.0, 0.0], [1.0, 1.0, 0.0], [0.0, 1.0, 1.0], [1.0, 1.0, 0.0], [0.0, 1.0, 0.0], [1.0, 0.0, 0.0], [1.0, 0.0, 1.0], [1.0, 1.0, 0.0], [1.0, 0.0, 0.0], [0.0, 0.0, 0.0]], "T_e": [0, 88, 82, 63, 51, 92, 85, 95, 70, 0], "T_t": [[0.0, 44.91102314577124, 17.88854381999832, 69.57010852370435, 69.65629906907199, 11.045361017187261, 40.049968789001575, 53.23532661682466, 36.796738985948195, 44.68780594300866], [44.91102314577124, 0.0, 28.0178514522438, 25.553864678361276, 36.40054944640259, 47.4236228055175, 52.20153254455275, 88.86506625215557, 26.1725046566048, 39.293765408777], [17.88854381999832, 28.0178514522438, 0.0, 51.92301994298868, 52.3450093132096, 24.20743687382041, 34.92849839314596, 68.60029154456998, 21.02379604162864, 41.14608122288197], [69.57010852370435, 25.553864678361276, 51.92301994298868, 0.0, 25.059928172283335, 72.89718787443039, 66.48308055437865, 114.20157617125956, 41.30375285612676, 60.207972893961475], [69.65629906907199, 36.40054944640259, 52.3450093132096, 25.059928172283335, 0.0, 76.38062581571324, 52.15361924162119, 120.50726119201282, 33.61547262794322, 75.69015788066504], [11.045361017187261, 47.4236228055175, 24.20743687382041, 72.89718787443039, 76.38062581571324, 0.0, 51.0098029794274, 44.40720662234904, 44.94441010848846, 37.589892258425], [40.049968789001575, 52.20153254455275, 34.92849839314596, 66.48308055437865, 52.15361924162119, 51.0098029794274, 0.0, 91.09335870413386, 26.419689627245813, 76.05918747922567], [53.23532661682466, 88.86506625215557, 68.60029154456998, 114.20157617125956, 120.50726119201282, 44.40720662234904, 91.09335870413386, 0.0, 89.30845424706443, 61.68468205316454], [36.796738985948195, 26.1725046566048, 21.02379604162864, 41.30375285612676, 33.61547262794322, 44.94441010848846, 26.419689627245813, 89.30845424706443, 0.0, 56.71860364994893], [44.68780594300866, 39.293765408777, 41.14608122288197, 60.207972893961475, 75.69015788066504, 37.589892258425, 76.05918747922567, 61.68468205316454, 56.71860364994893, 0.0]], "task_locations": [[44, 66], [35, 22], [36, 50], [22, 0], [0, 12], [55, 65], [4, 64], [91, 91], [17, 41], [73, 32]], "precedence_constraints": [[7, 2], [7, 5], [2, 5]]}