{"Q": [[1, 1, 1], [0, 0, 1], [0, 1, 0]], "R": [[0.0, 0.0, 0.0], [0.0, 1.0, 0.0], [0.0, 0.0, 1.0], [0.0, 1.0, 0.0], [1.0, 0.0, 0.0], [1.0, 1.0, 1.0], [0.0, 1.0, 0.0], [0.0, 1.0, 1.0], [1.0, 1.0, 1.0], [0.0, 0.0, 0.0]], "T_e": [0, 89, 56, 70, 70, 93, 88, 71, 76, 0], "T_t": [[0.0, 82.22530024268686, 79.40403012442127, 29.966648127543394, 34.9857113690718, 67.35725647619564, 47.265209192385896, 64.88451279003334, 43.04648650006177, 51.61395160225576], [82.22530024268686, 0.0, 67.91170738539859, 53.33854141237835, 62.96824596572466, 16.1245154965971, 35.84689665786984, 25.942243542145693, 99.6393496566492, 78.87331614684399], [79.40403012442127, 67.91170738539859, 0.0, 70.49113419430843, 89.69392398596462, 68.0, 54.70831746635972, 78.31347265956222, 62.12889826803627, 34.36568055487916], [29.966648127543394, 53.33854141237835, 70.49113419430843, 0.0, 19.235384061671343, 37.8549864614954, 21.540659228538015, 34.9857113690718, 61.326992425847855, 55.08175741568164], [34.9857113690718, 62.96824596572466, 89.69392398596462, 19.235384061671343, 0.0, 46.87216658103186, 38.28837943815329, 39.01281840626232, 74.73285756613352, 72.99315036357864], [67.35725647619564, 16.1245154965971, 68.0, 37.8549864614954, 46.87216658103186, 0.0, 23.345235059857504, 12.206555615733702, 89.10667763978185, 71.58910531638176], [47.265209192385896, 35.84689665786984, 54.70831746635972, 21.540659228538015, 38.28837943815329, 23.345235059857504, 0.0, 27.85677655436824, 65.79513659838392, 49.9799959983992], [64.88451279003334, 25.942243542145693, 78.31347265956222, 34.9857113690718, 39.01281840626232, 12.206555615733702, 27.85677655436824, 0.0, 92.20086767487604, 77.83315488916018], [43.04648650006177, 99.6393496566492, 62.12889826803627, 61.326992425847855, 74.73285756613352, 89.10667763978185, 65.79513659838392, 92.20086767487604, 0.0, 28.0178514522438], [51.61395160225576, 78.87331614684399, 34.36568055487916, 55.08175741568164, 72.99315036357864, 71.58910531638176, 49.9799959983992, 77.83315488916018, 28.0178514522438, 0.0]], "task_locations": [[45, 15], [26, 95], [92, 79], [32, 42], [15, 33], [24, 79], [40, 62], [14, 72], [88, 17], [87, 45]], "precedence_constraints": [[6, 8]]}