{"Q": [[1, 1, 1], [1, 0, 0], [1, 1, 0]], "R": [[0.0, 0.0, 0.0], [0.0, 0.0, 1.0], [1.0, 0.0, 1.0], [0.0, 1.0, 1.0], [0.0, 1.0, 0.0], [1.0, 0.0, 0.0], [1.0, 0.0, 1.0], [1.0, 0.0, 1.0], [0.0, 0.0, 1.0], [0.0, 0.0, 0.0]], "T_e": [0, 85, 55, 66, 61, 54, 91, 61, 98, 0], "T_t": [[0.0, 38.62641583165593, 18.439088914585774, 10.816653826391969, 67.89698078707183, 11.661903789690601, 34.0, 84.38009243891595, 15.524174696260024, 43.86342439892262], [38.62641583165593, 0.0, 22.090722034374522, 45.70557952810576, 104.62313319720452, 27.202941017470888, 48.33218389437829, 86.37129152675674, 23.259406699226016, 44.181444068749045], [18.439088914585774, 22.090722034374522, 0.0, 23.769728648009426, 86.31338250816034, 7.211102550927978, 42.04759208325728, 89.19641248391103, 8.06225774829855, 45.69463863518345], [10.816653826391969, 45.70557952810576, 23.769728648009426, 0.0, 66.40030120413611, 19.0, 43.829214001622255, 94.30270409696638, 24.08318915758459, 54.56189146281496], [67.89698078707183, 104.62313319720452, 86.31338250816034, 66.40030120413611, 0.0, 79.30952023559341, 67.1863081289633, 96.30160954002794, 81.83520025025906, 82.76472678623425], [11.661903789690601, 27.202941017470888, 7.211102550927978, 19.0, 79.30952023559341, 0.0, 36.49657518178932, 85.0881895447306, 5.385164807134504, 42.190046219457976], [34.0, 48.33218389437829, 42.04759208325728, 43.829214001622255, 67.1863081289633, 36.49657518178932, 0.0, 50.47771785649585, 34.0147027033899, 16.0], [84.38009243891595, 86.37129152675674, 89.19641248391103, 94.30270409696638, 96.30160954002794, 85.0881895447306, 50.47771785649585, 0.0, 81.34494452638098, 43.68065933568311], [15.524174696260024, 23.259406699226016, 8.06225774829855, 24.08318915758459, 81.83520025025906, 5.385164807134504, 34.0147027033899, 81.34494452638098, 0.0, 38.01315561749642], [43.86342439892262, 44.181444068749045, 45.69463863518345, 54.56189146281496, 82.76472678623425, 42.190046219457976, 16.0, 43.68065933568311, 38.01315561749642, 0.0]], "task_locations": [[44, 79], [8, 93], [30, 91], [53, 85], [93, 32], [34, 85], [28, 49], [0, 7], [29, 83], [12, 49]], "precedence_constraints": [[2, 5], [1, 3], [7, 8]]}