{"Q": [[1, 0, 0], [0, 0, 1], [0, 1, 0]], "R": [[0.0, 0.0, 0.0], [1.0, 0.0, 1.0], [0.0, 0.0, 1.0], [0.0, 0.0, 1.0], [1.0, 1.0, 0.0], [0.0, 0.0, 1.0], [1.0, 0.0, 1.0], [1.0, 1.0, 1.0], [1.0, 1.0, 0.0], [0.0, 0.0, 0.0]], "T_e": [0, 85, 54, 58, 64, 90, 68, 70, 83, 0], "T_t": [[0.0, 15.297058540778355, 13.0, 31.400636936215164, 27.202941017470888, 11.313708498984761, 43.32435804486894, 30.886890422961002, 49.8196748283246, 55.569775957799216], [15.297058540778355, 0.0, 3.605551275463989, 44.04543109109048, 20.248456731316587, 25.495097567963924, 52.69724850502159, 45.69463863518345, 36.87817782917155, 62.24146527838174], [13.0, 3.605551275463989, 0.0, 40.607881008493905, 18.35755975068582, 22.47220505424423, 49.09175083453431, 42.720018726587654, 40.45985664828782, 63.12685640834652], [31.400636936215164, 44.04543109109048, 40.607881008493905, 0.0, 41.97618372363071, 20.248456731316587, 16.76305461424021, 12.806248474865697, 80.62257748298549, 73.55270219373317], [27.202941017470888, 20.248456731316587, 18.35755975068582, 41.97618372363071, 0.0, 31.04834939252005, 43.829214001622255, 49.01020301937138, 49.9799959983992, 81.21576201698781], [11.313708498984761, 25.495097567963924, 22.47220505424423, 20.248456731316587, 31.04834939252005, 0.0, 33.54101966249684, 20.248456731316587, 61.07372593840988, 59.464274989274024], [43.32435804486894, 52.69724850502159, 49.09175083453431, 16.76305461424021, 43.829214001622255, 33.54101966249684, 0.0, 29.068883707497267, 89.40357934669059, 90.09439494219383], [30.886890422961002, 45.69463863518345, 42.720018726587654, 12.806248474865697, 49.01020301937138, 20.248456731316587, 29.068883707497267, 0.0, 80.44874144447506, 63.00793600809346], [49.8196748283246, 36.87817782917155, 40.45985664828782, 80.62257748298549, 49.9799959983992, 61.07372593840988, 89.40357934669059, 80.44874144447506, 0.0, 69.12307863514182], [55.569775957799216, 62.24146527838174, 63.12685640834652, 73.55270219373317, 81.21576201698781, 59.464274989274024, 90.09439494219383, 63.00793600809346, 69.12307863514182, 0.0]], "task_locations": [[44, 48], [29, 51], [31, 48], [63, 23], [22, 32], [52, 40], [58, 7], [71, 33], [5, 79], [72, 96]], "precedence_constraints": [[1, 3], [7, 2], [2, 3], [4, 5]]}