{"Q": [[1, 1, 1], [1, 1, 0], [1, 0, 0]], "R": [[0.0, 0.0, 0.0], [1.0, 0.0, 1.0], [0.0, 1.0, 0.0], [0.0, 0.0, 1.0], [1.0, 0.0, 1.0], [1.0, 1.0, 1.0], [0.0, 1.0, 1.0], [1.0, 0.0, 0.0], [0.0, 0.0, 1.0], [0.0, 0.0, 0.0]], "T_e": [0, 87, 71, 81, 81, 76, 96, 84, 52, 0], "T_t": [[0.0, 9.899494936611665, 55.97320787662612, 45.17742799230607, 23.0, 20.615528128088304, 48.010415536631214, 23.323807579381203, 61.40032573203501, 22.360679774997898], [9.899494936611665, 0.0, 65.85590330410783, 49.040799340956916, 17.46424919657298, 23.769728648009426, 41.773197148410844, 33.015148038438355, 51.884487084291386, 31.016124838541646], [55.97320787662612, 65.85590330410783, 0.0, 58.034472514187634, 73.23933369440222, 58.872744118140105, 94.37160589923221, 34.48187929913333, 115.88356225108029, 38.58756276314948], [45.17742799230607, 49.040799340956916, 58.034472514187634, 0.0, 40.049968789001575, 64.63745044476924, 47.43416490252569, 49.64876634922564, 77.87810988975015, 30.805843601498726], [23.0, 17.46424919657298, 73.23933369440222, 40.049968789001575, 0.0, 41.10960958218893, 25.019992006393608, 44.64302857109943, 43.139309220245984, 34.828149534535996], [20.615528128088304, 23.769728648009426, 58.872744118140105, 64.63745044476924, 41.10960958218893, 0.0, 65.5133574166368, 25.317977802344327, 71.30918594402827, 37.0], [48.010415536631214, 41.773197148410844, 94.37160589923221, 47.43416490252569, 25.019992006393608, 65.5133574166368, 0.0, 68.8839603971781, 32.38826948140329, 56.08029957123981], [23.323807579381203, 33.015148038438355, 34.48187929913333, 49.64876634922564, 44.64302857109943, 25.317977802344327, 68.8839603971781, 0.0, 84.72307831990054, 18.867962264113206], [61.40032573203501, 51.884487084291386, 115.88356225108029, 77.87810988975015, 43.139309220245984, 71.30918594402827, 32.38826948140329, 84.72307831990054, 0.0, 77.83315488916018], [22.360679774997898, 31.016124838541646, 38.58756276314948, 30.805843601498726, 34.828149534535996, 37.0, 56.08029957123981, 18.867962264113206, 77.83315488916018, 0.0]], "task_locations": [[38, 52], [45, 45], [1, 94], [59, 92], [61, 52], [22, 39], [86, 53], [18, 64], [91, 21], [34, 74]], "precedence_constraints": [[6, 1], [5, 1], [6, 5], [5, 8], [3, 8]]}