{"Q": [[1, 1, 0], [0, 1, 0], [1, 0, 1]], "R": [[0.0, 0.0, 0.0], [0.0, 1.0, 0.0], [0.0, 1.0, 0.0], [0.0, 1.0, 0.0], [1.0, 0.0, 0.0], [0.0, 1.0, 1.0], [1.0, 1.0, 0.0], [1.0, 0.0, 0.0], [1.0, 1.0, 1.0], [0.0, 0.0, 0.0]], "T_e": [0, 98, 94, 76, 62, 73, 53, 63, 56, 0], "T_t": [[0.0, 53.03772242470448, 63.60031446463138, 72.09022125087424, 27.65863337187866, 60.207972893961475, 9.899494936611665, 25.495097567963924, 95.524865872714, 56.462376853972415], [53.03772242470448, 0.0, 40.049968789001575, 33.61547262794322, 37.73592452822641, 73.49829930005184, 46.2709412050371, 32.69556544854363, 58.66856057549052, 24.020824298928627], [63.60031446463138, 40.049968789001575, 0.0, 17.4928556845359, 36.05551275463989, 44.294469180700204, 62.93647591023825, 38.897300677553446, 32.89376840679705, 16.0312195418814], [72.09022125087424, 33.61547262794322, 17.4928556845359, 0.0, 46.32493928760188, 61.773780845922005, 69.1158447825099, 46.61544808322666, 25.612496949731394, 15.652475842498529], [27.65863337187866, 37.73592452822641, 36.05551275463989, 46.32493928760188, 0.0, 41.97618372363071, 28.653097563788805, 7.280109889280518, 68.42514157822401, 31.25699921617557], [60.207972893961475, 73.49829930005184, 44.294469180700204, 61.773780845922005, 41.97618372363071, 0.0, 66.18912297349165, 49.24428900898052, 70.71067811865476, 54.48853090330111], [9.899494936611665, 46.2709412050371, 62.93647591023825, 69.1158447825099, 28.653097563788805, 66.18912297349165, 0.0, 24.08318915758459, 93.60021367496978, 53.53503525729669], [25.495097567963924, 32.69556544854363, 38.897300677553446, 46.61544808322666, 7.280109889280518, 49.24428900898052, 24.08318915758459, 0.0, 70.178344238091, 31.016124838541646], [95.524865872714, 58.66856057549052, 32.89376840679705, 25.612496949731394, 68.42514157822401, 70.71067811865476, 93.60021367496978, 70.178344238091, 0.0, 40.36087214122113], [56.462376853972415, 24.020824298928627, 16.0312195418814, 15.652475842498529, 31.25699921617557, 54.48853090330111, 53.53503525729669, 31.016124838541646, 40.36087214122113, 0.0]], "task_locations": [[16, 88], [14, 35], [54, 37], [45, 22], [34, 67], [75, 76], [9, 81], [27, 65], [65, 6], [38, 36]], "precedence_constraints": [[1, 2], [7, 3], [1, 5]]}