{"Q": [[1, 1, 1], [1, 0, 0], [1, 1, 0]], "R": [[0.0, 0.0, 0.0], [0.0, 1.0, 1.0], [1.0, 0.0, 0.0], [1.0, 0.0, 0.0], [0.0, 1.0, 0.0], [0.0, 1.0, 1.0], [0.0, 1.0, 0.0], [1.0, 0.0, 0.0], [1.0, 0.0, 0.0], [0.0, 0.0, 0.0]], "T_e": [0, 78, 72, 73, 59, 77, 84, 92, 53, 0], "T_t": [[0.0, 23.769728648009426, 65.29931086925804, 79.81227975693966, 15.231546211727817, 17.72004514666935, 27.018512172212592, 27.073972741361768, 98.41239759298622, 23.769728648009426], [23.769728648009426, 0.0, 78.49203781276162, 71.02816342831905, 37.0, 30.083217912982647, 30.4138126514911, 32.64965543462902, 106.4048871058092, 21.2602916254693], [65.29931086925804, 78.49203781276162, 0.0, 68.54195795277518, 52.15361924162119, 49.57822102496216, 48.76474136094644, 46.14108798023731, 37.21558813185679, 58.180752831155424], [79.81227975693966, 71.02816342831905, 68.54195795277518, 0.0, 79.1580697086532, 65.39113089708727, 53.85164807134504, 55.036351623268054, 67.7421582177598, 56.293871780150276], [15.231546211727817, 37.0, 52.15361924162119, 79.1580697086532, 0.0, 14.212670403551895, 25.80697580112788, 24.186773244895647, 87.09190547921202, 28.0178514522438], [17.72004514666935, 30.083217912982647, 49.57822102496216, 65.39113089708727, 14.212670403551895, 0.0, 11.661903789690601, 10.44030650891055, 81.12336284942828, 14.866068747318506], [27.018512172212592, 30.4138126514911, 48.76474136094644, 53.85164807134504, 25.80697580112788, 11.661903789690601, 0.0, 3.0, 76.21679604916491, 9.433981132056603], [27.073972741361768, 32.64965543462902, 46.14108798023731, 55.036351623268054, 24.186773244895647, 10.44030650891055, 3.0, 0.0, 74.4043009509531, 12.083045973594572], [98.41239759298622, 106.4048871058092, 37.21558813185679, 67.7421582177598, 87.09190547921202, 81.12336284942828, 76.21679604916491, 74.4043009509531, 0.0, 85.14693182963201], [23.769728648009426, 21.2602916254693, 58.180752831155424, 56.293871780150276, 28.0178514522438, 14.866068747318506, 9.433981132056603, 12.083045973594572, 85.14693182963201, 0.0]], "task_locations": [[35, 98], [12, 92], [77, 48], [14, 21], [49, 92], [40, 81], [34, 71], [37, 71], [81, 11], [26, 76]], "precedence_constraints": [[6, 8], [6, 3], [2, 6], [2, 5], [4, 7], [6, 5]]}