{"Q": [[1, 0, 0], [0, 1, 1], [1, 1, 1]], "R": [[0.0, 0.0, 0.0], [1.0, 1.0, 0.0], [0.0, 0.0, 1.0], [1.0, 0.0, 1.0], [0.0, 1.0, 1.0], [1.0, 1.0, 1.0], [0.0, 1.0, 1.0], [0.0, 0.0, 1.0], [0.0, 0.0, 1.0], [0.0, 0.0, 0.0]], "T_e": [0, 58, 82, 96, 62, 83, 73, 64, 71, 0], "T_t": [[0.0, 19.72308292331602, 35.805027579936315, 51.86520991955976, 38.07886552931954, 20.024984394500787, 33.52610922848042, 25.495097567963924, 46.69047011971501, 57.48912940721924], [19.72308292331602, 0.0, 33.24154027718932, 32.202484376209235, 20.024984394500787, 18.867962264113206, 15.0, 44.598206241955516, 66.06814663663572, 57.584720195551874], [35.805027579936315, 33.24154027718932, 0.0, 51.92301994298868, 31.04834939252005, 49.64876634922564, 31.144823004794873, 56.32051136131489, 63.953107821277925, 24.351591323771842], [51.86520991955976, 32.202484376209235, 51.92301994298868, 0.0, 20.8806130178211, 42.95346318982906, 21.95449840010015, 76.02631123499285, 98.2344135219425, 73.24616030891995], [38.07886552931954, 20.024984394500787, 31.04834939252005, 20.8806130178211, 0.0, 37.64306044943742, 5.0990195135927845, 63.56099432828282, 81.98780397107853, 53.0], [20.024984394500787, 18.867962264113206, 49.64876634922564, 42.95346318982906, 37.64306044943742, 0.0, 32.57299494980466, 36.069377593742864, 62.68173577685928, 73.43023900274328], [33.52610922848042, 15.0, 31.144823004794873, 21.95449840010015, 5.0990195135927845, 32.57299494980466, 0.0, 58.9406481131655, 78.23042886243178, 54.230987451824994], [25.495097567963924, 44.598206241955516, 56.32051136131489, 76.02631123499285, 63.56099432828282, 36.069377593742864, 58.9406481131655, 0.0, 28.460498941515414, 73.24616030891995], [46.69047011971501, 66.06814663663572, 63.953107821277925, 98.2344135219425, 81.98780397107853, 62.68173577685928, 78.23042886243178, 28.460498941515414, 0.0, 72.00694410957877], [57.48912940721924, 57.584720195551874, 24.351591323771842, 73.24616030891995, 53.0, 73.43023900274328, 54.230987451824994, 73.24616030891995, 72.00694410957877, 0.0]], "task_locations": [[62, 52], [72, 69], [41, 81], [91, 95], [71, 89], [82, 53], [72, 84], [57, 27], [30, 18], [18, 89]], "precedence_constraints": [[1, 7], [8, 5], [7, 8], [2, 6]]}