{"Q": [[1, 1, 0], [1, 0, 0], [1, 0, 1]], "R": [[0.0, 0.0, 0.0], [1.0, 0.0, 0.0], [1.0, 1.0, 1.0], [1.0, 0.0, 1.0], [1.0, 1.0, 0.0], [0.0, 1.0, 0.0], [1.0, 0.0, 0.0], [1.0, 1.0, 1.0], [1.0, 0.0, 0.0], [0.0, 0.0, 0.0]], "T_e": [0, 95, 65, 64, 99, 91, 58, 76, 78, 0], "T_t": [[0.0, 34.20526275297414, 37.107950630558946, 51.24451190127583, 99.80981915623332, 80.09993757800315, 5.830951894845301, 34.23448553724738, 33.54101966249684, 40.01249804748511], [34.20526275297414, 0.0, 18.24828759089466, 22.80350850198276, 69.42621983083913, 48.76474136094644, 36.22154055254967, 5.0990195135927845, 45.79301256742124, 46.010868281309364], [37.107950630558946, 18.24828759089466, 0.0, 15.524174696260024, 82.15229759416349, 44.28317965096906, 41.43669871020132, 13.152946437965905, 59.39696961966999, 61.40032573203501], [51.24451190127583, 22.80350850198276, 15.524174696260024, 0.0, 71.69379331573968, 29.017236257093817, 54.91812087098393, 19.235384061671343, 68.5054742338158, 68.76772498781678], [99.80981915623332, 69.42621983083913, 82.15229759416349, 71.69379331573968, 0.0, 65.00769185258002, 99.29753269845128, 72.62231062146122, 89.49301648732151, 82.71033792700887], [80.09993757800315, 48.76474136094644, 44.28317965096906, 29.017236257093817, 65.00769185258002, 0.0, 83.48652585896721, 46.69047011971501, 93.62157870918435, 92.17917335276988], [5.830951894845301, 36.22154055254967, 41.43669871020132, 54.91812087098393, 99.29753269845128, 83.48652585896721, 0.0, 37.013511046643494, 28.160255680657446, 35.05709628591621], [34.23448553724738, 5.0990195135927845, 13.152946437965905, 19.235384061671343, 72.62231062146122, 46.69047011971501, 37.013511046643494, 0.0, 49.4064773081425, 50.20956084253277], [33.54101966249684, 45.79301256742124, 59.39696961966999, 68.5054742338158, 89.49301648732151, 93.62157870918435, 28.160255680657446, 49.4064773081425, 0.0, 8.602325267042627], [40.01249804748511, 46.010868281309364, 61.40032573203501, 68.76772498781678, 82.71033792700887, 92.17917335276988, 35.05709628591621, 50.20956084253277, 8.602325267042627, 0.0]], "task_locations": [[85, 31], [52, 40], [49, 22], [34, 26], [6, 92], [5, 27], [88, 36], [51, 35], [91, 64], [86, 71]], "precedence_constraints": [[6, 2], [7, 4], [2, 5], [8, 2]]}