{"Q": [[0, 1, 0], [0, 1, 1], [1, 0, 0]], "R": [[0.0, 0.0, 0.0], [1.0, 0.0, 0.0], [1.0, 0.0, 1.0], [0.0, 0.0, 1.0], [0.0, 0.0, 1.0], [1.0, 1.0, 0.0], [0.0, 0.0, 1.0], [1.0, 1.0, 1.0], [0.0, 1.0, 1.0], [0.0, 0.0, 0.0]], "T_e": [0, 59, 90, 51, 87, 59, 76, 51, 89, 0], "T_t": [[0.0, 73.08214556237385, 26.076809620810597, 103.60019305001319, 53.23532661682466, 40.024992192379, 89.94442728707543, 43.04648650006177, 91.2414379544733, 58.137767414994535], [73.08214556237385, 0.0, 48.507731342539614, 62.51399843235114, 81.54140052758476, 63.60031446463138, 63.97655820689325, 33.015148038438355, 42.190046219457976, 20.808652046684813], [26.076809620810597, 48.507731342539614, 0.0, 79.75587752636166, 47.43416490252569, 28.178005607210743, 68.30812543175226, 24.186773244895647, 65.85590330410783, 37.36308338453881], [103.60019305001319, 62.51399843235114, 79.75587752636166, 0.0, 73.40980860893181, 68.8839603971781, 19.4164878389476, 83.19855767980596, 20.396078054371138, 79.1012010022604], [53.23532661682466, 81.54140052758476, 47.43416490252569, 73.40980860893181, 0.0, 19.79898987322333, 54.589376255824725, 70.03570517957252, 71.7007670809734, 79.81227975693966], [40.024992192379, 63.60031446463138, 28.178005607210743, 68.8839603971781, 19.79898987322333, 0.0, 52.49761899362675, 50.24937810560445, 61.84658438426491, 60.21627686929839], [89.94442728707543, 63.97655820689325, 68.30812543175226, 19.4164878389476, 54.589376255824725, 52.49761899362675, 0.0, 77.0, 28.0178514522438, 76.48529270389177], [43.04648650006177, 33.015148038438355, 24.186773244895647, 83.19855767980596, 70.03570517957252, 50.24937810560445, 77.0, 0.0, 65.19202405202648, 15.132745950421556], [91.2414379544733, 42.190046219457976, 65.85590330410783, 20.396078054371138, 71.7007670809734, 61.84658438426491, 28.0178514522438, 65.19202405202648, 0.0, 59.53990258641679], [58.137767414994535, 20.808652046684813, 37.36308338453881, 79.1012010022604, 79.81227975693966, 60.21627686929839, 76.48529270389177, 15.132745950421556, 59.53990258641679, 0.0]], "task_locations": [[22, 88], [92, 67], [44, 74], [84, 5], [17, 35], [31, 49], [65, 9], [65, 86], [88, 25], [80, 84]], "precedence_constraints": [[7, 5], [3, 2], [2, 8], [8, 6], [2, 6]]}