{"Q": [[0, 1, 0], [1, 0, 0], [0, 0, 1]], "R": [[0.0, 0.0, 0.0], [0.0, 1.0, 1.0], [1.0, 0.0, 1.0], [1.0, 1.0, 0.0], [1.0, 1.0, 1.0], [1.0, 0.0, 1.0], [1.0, 1.0, 1.0], [0.0, 1.0, 0.0], [0.0, 1.0, 1.0], [0.0, 0.0, 0.0]], "T_e": [0, 53, 95, 53, 96, 70, 74, 53, 75, 0], "T_t": [[0.0, 51.40038910358559, 82.96987405076617, 90.97252332435328, 46.17358552246078, 97.94896630388705, 61.40032573203501, 47.38143096192854, 53.85164807134504, 87.0], [51.40038910358559, 0.0, 52.55473337388365, 39.824615503479755, 29.966648127543394, 56.142675390472796, 24.166091947189145, 8.54400374531753, 58.872744118140105, 36.40054944640259], [82.96987405076617, 52.55473337388365, 0.0, 61.773780845922005, 36.87817782917155, 24.041630560342615, 28.460498941515414, 47.29693436154187, 45.60701700396552, 45.617978911828175], [90.97252332435328, 39.824615503479755, 61.773780845922005, 0.0, 62.289646009589745, 48.27007354458868, 45.09988913511872, 45.880278987817846, 90.0222194794152, 16.401219466856727], [46.17358552246078, 29.966648127543394, 36.87817782917155, 62.289646009589745, 0.0, 53.009433122794285, 19.235384061671343, 21.470910553583888, 29.120439557122072, 51.54609587543949], [97.94896630388705, 56.142675390472796, 24.041630560342615, 48.27007354458868, 53.009433122794285, 0.0, 36.76955262170047, 54.3415126767741, 68.60029154456998, 32.449961479175904], [61.40032573203501, 24.166091947189145, 28.460498941515414, 45.09988913511872, 19.235384061671343, 36.76955262170047, 0.0, 19.1049731745428, 45.0111097397076, 32.7566787083184], [47.38143096192854, 8.54400374531753, 47.29693436154187, 45.880278987817846, 21.470910553583888, 54.3415126767741, 19.1049731745428, 0.0, 50.32891812864648, 39.698866482558415], [53.85164807134504, 58.872744118140105, 45.60701700396552, 90.0222194794152, 29.120439557122072, 68.60029154456998, 45.0111097397076, 50.32891812864648, 0.0, 77.41446893184762], [87.0, 36.40054944640259, 45.617978911828175, 16.401219466856727, 51.54609587543949, 32.449961479175904, 32.7566787083184, 39.698866482558415, 77.41446893184762, 0.0]], "task_locations": [[90, 84], [59, 43], [10, 62], [40, 8], [46, 70], [3, 39], [37, 53], [56, 51], [38, 98], [30, 21]], "precedence_constraints": [[6, 1], [7, 8], [4, 7], [6, 5], [8, 3], [4, 8]]}