{"Q": [[0, 1, 0], [0, 0, 1], [1, 1, 1]], "R": [[0.0, 0.0, 0.0], [1.0, 0.0, 1.0], [0.0, 1.0, 1.0], [1.0, 0.0, 1.0], [1.0, 0.0, 1.0], [1.0, 0.0, 0.0], [0.0, 1.0, 1.0], [0.0, 0.0, 1.0], [1.0, 0.0, 0.0], [0.0, 0.0, 0.0]], "T_e": [0, 51, 70, 91, 67, 54, 80, 81, 59, 0], "T_t": [[0.0, 28.319604517012593, 9.899494936611665, 70.40596565632774, 24.08318915758459, 35.6931365951495, 28.600699292150182, 72.61542535852834, 25.317977802344327, 69.77105417004964], [28.319604517012593, 0.0, 18.439088914585774, 94.70480452437458, 52.40229002629561, 55.78530272392541, 44.04543109109048, 86.28441342444185, 15.524174696260024, 65.43699259593154], [9.899494936611665, 18.439088914585774, 0.0, 78.84795495128583, 33.97057550292606, 42.0, 31.622776601683793, 76.92203845452875, 18.24828759089466, 67.42403132415029], [70.40596565632774, 94.70480452437458, 78.84795495128583, 0.0, 53.150729063673246, 39.96248240537617, 86.46964785403026, 42.04759208325728, 82.76472678623425, 84.52810183601665], [24.08318915758459, 52.40229002629561, 33.97057550292606, 53.150729063673246, 0.0, 31.400636936215164, 33.37663853655727, 68.6804193347711, 47.4236228055175, 81.58431221748455], [35.6931365951495, 55.78530272392541, 42.0, 39.96248240537617, 31.400636936215164, 0.0, 60.03332407921454, 38.27531841800928, 42.95346318982906, 55.08175741568164], [28.600699292150182, 44.04543109109048, 31.622776601683793, 86.46964785403026, 33.37663853655727, 60.03332407921454, 0.0, 98.2700361249552, 49.72926703662542, 98.11218069128827], [72.61542535852834, 86.28441342444185, 76.92203845452875, 42.04759208325728, 68.6804193347711, 38.27531841800928, 98.2700361249552, 0.0, 71.06335201775947, 48.79549159502341], [25.317977802344327, 15.524174696260024, 18.24828759089466, 82.76472678623425, 47.4236228055175, 42.95346318982906, 49.72926703662542, 71.06335201775947, 0.0, 51.62363799656123], [69.77105417004964, 65.43699259593154, 67.42403132415029, 84.52810183601665, 81.58431221748455, 55.08175741568164, 98.11218069128827, 48.79549159502341, 51.62363799656123, 0.0]], "task_locations": [[67, 80], [46, 99], [60, 87], [81, 11], [85, 64], [60, 45], [90, 97], [39, 13], [42, 84], [5, 48]], "precedence_constraints": [[2, 7], [8, 6], [8, 2], [6, 7]]}