{"Q": [[1, 0, 0], [1, 0, 0], [1, 1, 1]], "R": [[0.0, 0.0, 0.0], [1.0, 0.0, 1.0], [1.0, 1.0, 1.0], [0.0, 0.0, 1.0], [1.0, 1.0, 0.0], [0.0, 1.0, 1.0], [0.0, 0.0, 1.0], [0.0, 0.0, 1.0], [1.0, 1.0, 0.0], [0.0, 0.0, 0.0]], "T_e": [0, 94, 64, 87, 98, 52, 53, 63, 55, 0], "T_t": [[0.0, 16.0312195418814, 27.313000567495326, 41.72529209005013, 27.313000567495326, 84.50443775329198, 44.181444068749045, 51.15662224971465, 66.40030120413611, 91.92388155425118], [16.0312195418814, 0.0, 37.48332962798263, 33.61547262794322, 37.48332962798263, 76.15773105863909, 49.24428900898052, 35.12833614050059, 59.09314681077663, 98.08669634563088], [27.313000567495326, 37.48332962798263, 0.0, 40.311288741492746, 0.0, 76.32168761236873, 20.248456731316587, 68.4470598345904, 58.180752831155424, 65.11528238439882], [41.72529209005013, 33.61547262794322, 40.311288741492746, 0.0, 40.311288741492746, 43.01162633521314, 35.84689665786984, 40.496913462633174, 25.495097567963924, 78.64477096412705], [27.313000567495326, 37.48332962798263, 0.0, 40.311288741492746, 0.0, 76.32168761236873, 20.248456731316587, 68.4470598345904, 58.180752831155424, 65.11528238439882], [84.50443775329198, 76.15773105863909, 76.32168761236873, 43.01162633521314, 76.32168761236873, 0.0, 61.68468205316454, 69.06518659932803, 18.439088914585774, 80.65358020571685], [44.181444068749045, 49.24428900898052, 20.248456731316587, 35.84689665786984, 20.248456731316587, 61.68468205316454, 0.0, 73.0, 44.91102314577124, 48.84669896727925], [51.15662224971465, 35.12833614050059, 68.4470598345904, 40.496913462633174, 68.4470598345904, 69.06518659932803, 73.0, 0.0, 58.05170109479997, 118.84864324004712], [66.40030120413611, 59.09314681077663, 58.180752831155424, 25.495097567963924, 58.180752831155424, 18.439088914585774, 44.91102314577124, 58.05170109479997, 0.0, 72.56031973468694], [91.92388155425118, 98.08669634563088, 65.11528238439882, 78.64477096412705, 65.11528238439882, 80.65358020571685, 48.84669896727925, 118.84864324004712, 72.56031973468694, 0.0]], "task_locations": [[95, 67], [96, 51], [70, 78], [65, 38], [70, 78], [30, 13], [51, 71], [99, 16], [42, 27], [6, 90]], "precedence_constraints": [[2, 6], [6, 7], [2, 4]]}