{"Q": [[0, 1, 0], [1, 1, 1], [1, 1, 0]], "R": [[0.0, 0.0, 0.0], [0.0, 1.0, 1.0], [1.0, 1.0, 1.0], [0.0, 1.0, 0.0], [1.0, 0.0, 0.0], [0.0, 0.0, 1.0], [0.0, 0.0, 1.0], [0.0, 1.0, 0.0], [0.0, 1.0, 1.0], [0.0, 0.0, 0.0]], "T_e": [0, 61, 60, 97, 60, 75, 70, 60, 68, 0], "T_t": [[0.0, 72.56721022610694, 45.69463863518345, 38.600518131237564, 72.27724399837061, 69.1158447825099, 71.19691004531025, 84.72307831990054, 36.49657518178932, 64.03124237432849], [72.56721022610694, 0.0, 29.154759474226502, 79.39773296511683, 33.015148038438355, 52.392747589718944, 28.0178514522438, 28.071337695236398, 79.81227975693966, 58.872744118140105], [45.69463863518345, 29.154759474226502, 0.0, 63.13477647065839, 45.60701700396552, 56.61271941887264, 41.773197148410844, 39.824615503479755, 51.264022471905186, 58.54912467321779], [38.600518131237564, 79.39773296511683, 63.13477647065839, 0.0, 61.98386886924694, 48.010415536631214, 63.694583757176716, 101.21264743103995, 74.95331880577403, 39.11521443121589], [72.27724399837061, 33.015148038438355, 45.60701700396552, 61.98386886924694, 0.0, 21.095023109728988, 5.0, 61.07372593840988, 93.23089616645332, 29.732137494637012], [69.1158447825099, 52.392747589718944, 56.61271941887264, 48.010415536631214, 21.095023109728988, 0.0, 25.495097567963924, 80.23091673413684, 97.0, 9.848857801796104], [71.19691004531025, 28.0178514522438, 41.773197148410844, 63.694583757176716, 5.0, 25.495097567963924, 0.0, 56.08029957123981, 90.4267659490264, 33.60059523282288], [84.72307831990054, 28.071337695236398, 39.824615503479755, 101.21264743103995, 61.07372593840988, 80.23091673413684, 56.08029957123981, 0.0, 79.30952023559341, 86.1278120005379], [36.49657518178932, 79.81227975693966, 51.264022471905186, 74.95331880577403, 93.23089616645332, 97.0, 90.4267659490264, 79.30952023559341, 0.0, 94.40338976964757], [64.03124237432849, 58.872744118140105, 58.54912467321779, 39.11521443121589, 29.732137494637012, 9.848857801796104, 33.60059523282288, 86.1278120005379, 94.40338976964757, 0.0]], "task_locations": [[48, 73], [63, 2], [66, 31], [11, 62], [30, 3], [12, 14], [35, 3], [91, 0], [84, 79], [8, 23]], "precedence_constraints": [[6, 3], [2, 4]]}