{"Q": [[1, 1, 1], [0, 1, 0], [1, 1, 0]], "R": [[0.0, 0.0, 0.0], [0.0, 0.0, 1.0], [1.0, 0.0, 0.0], [0.0, 0.0, 1.0], [1.0, 1.0, 0.0], [0.0, 1.0, 0.0], [0.0, 1.0, 0.0], [1.0, 1.0, 0.0], [0.0, 0.0, 1.0], [0.0, 0.0, 0.0]], "T_e": [0, 63, 95, 63, 59, 98, 91, 90, 74, 0], "T_t": [[0.0, 30.265491900843113, 74.96665925596525, 28.0178514522438, 35.510561809129406, 48.877397639399746, 71.19691004531025, 47.885279575251516, 38.897300677553446, 41.593268686170845], [30.265491900843113, 0.0, 72.27724399837061, 49.76946855251722, 55.47071299343465, 75.0, 58.215118311311535, 22.47220505424423, 62.39390995922599, 34.785054261852174], [74.96665925596525, 72.27724399837061, 0.0, 58.180752831155424, 53.823786563191554, 72.91776189653656, 25.942243542145693, 59.16924876994806, 61.71709649683789, 37.656340767525464], [28.0178514522438, 49.76946855251722, 58.180752831155424, 0.0, 7.615773105863909, 26.076809620810597, 64.20280367709809, 58.0, 12.649110640673518, 37.69615364994153], [35.510561809129406, 55.47071299343465, 53.823786563191554, 7.615773105863909, 0.0, 23.53720459187964, 62.76941930590086, 61.40032573203501, 9.486832980505138, 38.63935817272331], [48.877397639399746, 75.0, 72.91776189653656, 26.076809620810597, 23.53720459187964, 0.0, 85.42833253669417, 84.02380615040002, 14.142135623730951, 62.16912416947821], [71.19691004531025, 58.215118311311535, 25.942243542145693, 64.20280367709809, 62.76941930590086, 85.42833253669417, 0.0, 39.6232255123179, 72.069410986909, 29.68164415931166], [47.885279575251516, 22.47220505424423, 59.16924876994806, 58.0, 61.40032573203501, 84.02380615040002, 39.6232255123179, 0.0, 70.11419257183242, 26.92582403567252], [38.897300677553446, 62.39390995922599, 61.71709649683789, 12.649110640673518, 9.486832980505138, 14.142135623730951, 72.069410986909, 70.11419257183242, 0.0, 48.05205510693585], [41.593268686170845, 34.785054261852174, 37.656340767525464, 37.69615364994153, 38.63935817272331, 62.16912416947821, 29.68164415931166, 26.92582403567252, 48.05205510693585, 0.0]], "task_locations": [[80, 47], [76, 17], [6, 35], [57, 63], [50, 66], [55, 89], [18, 12], [57, 5], [53, 75], [43, 28]], "precedence_constraints": [[6, 1], [2, 7], [5, 6], [5, 2]]}