{"Q": [[1, 0, 1], [0, 0, 1], [0, 1, 0]], "R": [[0.0, 0.0, 0.0], [1.0, 0.0, 1.0], [1.0, 0.0, 0.0], [1.0, 0.0, 1.0], [0.0, 1.0, 1.0], [0.0, 1.0, 1.0], [0.0, 0.0, 1.0], [1.0, 1.0, 0.0], [0.0, 0.0, 1.0], [0.0, 0.0, 0.0]], "T_e": [0, 55, 72, 75, 66, 88, 93, 80, 68, 0], "T_t": [[0.0, 78.10889834071403, 34.0147027033899, 24.596747752497688, 41.182520563948, 49.09175083453431, 57.982756057296896, 43.60045871318328, 39.21734310225516, 15.620499351813308], [78.10889834071403, 0.0, 47.70744176750625, 53.85164807134504, 38.3275357934736, 37.53664875824692, 25.709920264364882, 64.20280367709809, 86.97700845625813, 71.19691004531025], [34.0147027033899, 47.70744176750625, 0.0, 16.97056274847714, 21.095023109728988, 15.132745950421556, 35.34119409414458, 25.019992006393608, 41.677331968349414, 23.769728648009426], [24.596747752497688, 53.85164807134504, 16.97056274847714, 0.0, 16.64331697709324, 30.4138126514911, 33.60059523282288, 39.21734310225516, 48.83646178829912, 23.259406699226016], [41.182520563948, 38.3275357934736, 21.095023109728988, 16.64331697709324, 0.0, 26.419689627245813, 17.029386365926403, 46.010868281309364, 61.465437442517235, 38.41874542459709], [49.09175083453431, 37.53664875824692, 15.132745950421556, 30.4138126514911, 26.419689627245813, 0.0, 34.0, 26.92582403567252, 49.51767361255979, 37.656340767525464], [57.982756057296896, 25.709920264364882, 35.34119409414458, 33.60059523282288, 17.029386365926403, 34.0, 0.0, 58.69412236331676, 76.94153624668537, 55.226805085936306], [43.60045871318328, 64.20280367709809, 25.019992006393608, 39.21734310225516, 46.010868281309364, 26.92582403567252, 58.69412236331676, 0.0, 24.596747752497688, 28.0178514522438], [39.21734310225516, 86.97700845625813, 41.677331968349414, 48.83646178829912, 61.465437442517235, 49.51767361255979, 76.94153624668537, 24.596747752497688, 0.0, 27.018512172212592], [15.620499351813308, 71.19691004531025, 23.769728648009426, 23.259406699226016, 38.41874542459709, 37.656340767525464, 55.226805085936306, 28.0178514522438, 27.018512172212592, 0.0]], "task_locations": [[53, 88], [78, 14], [52, 54], [64, 66], [73, 52], [50, 39], [84, 39], [27, 53], [16, 75], [43, 76]], "precedence_constraints": [[8, 2], [6, 5], [6, 7], [3, 6], [6, 1]]}