{"Q": [[0, 1, 1], [1, 0, 0], [1, 0, 0]], "R": [[0.0, 0.0, 0.0], [0.0, 1.0, 1.0], [1.0, 0.0, 1.0], [0.0, 1.0, 0.0], [1.0, 0.0, 0.0], [1.0, 0.0, 1.0], [0.0, 1.0, 0.0], [1.0, 0.0, 1.0], [1.0, 0.0, 0.0], [0.0, 0.0, 0.0]], "T_e": [0, 85, 82, 59, 75, 78, 87, 96, 65, 0], "T_t": [[0.0, 15.0, 43.01162633521314, 46.09772228646444, 44.598206241955516, 23.53720459187964, 18.867962264113206, 50.24937810560445, 51.66236541235796, 35.90264614203248], [15.0, 0.0, 57.48912940721924, 58.309518948453004, 58.9406481131655, 30.479501308256342, 29.68164415931166, 44.384682042344295, 41.88078318274385, 21.540659228538015], [43.01162633521314, 57.48912940721924, 0.0, 43.41658669218482, 28.0178514522438, 50.91168824543142, 31.144823004794873, 87.32124598286491, 92.43916918709297, 76.16429609731846], [46.09772228646444, 58.309518948453004, 43.41658669218482, 0.0, 16.55294535724685, 30.805843601498726, 52.354560450833695, 62.369864518050704, 73.17103251970687, 79.64923100695951], [44.598206241955516, 58.9406481131655, 28.0178514522438, 16.55294535724685, 0.0, 37.8549864614954, 44.553338819890925, 73.53910524340094, 82.46211251235322, 80.36168241145776], [23.53720459187964, 30.479501308256342, 50.91168824543142, 30.805843601498726, 37.8549864614954, 0.0, 39.319206502675, 36.89173349139343, 44.64302857109943, 50.60632371551998], [18.867962264113206, 29.68164415931166, 31.144823004794873, 52.354560450833695, 44.553338819890925, 39.319206502675, 0.0, 69.1158447825099, 70.03570517957252, 45.70557952810576], [50.24937810560445, 44.384682042344295, 87.32124598286491, 62.369864518050704, 73.53910524340094, 36.89173349139343, 69.1158447825099, 0.0, 14.422205101855956, 51.78802950489621], [51.66236541235796, 41.88078318274385, 92.43916918709297, 73.17103251970687, 82.46211251235322, 44.64302857109943, 70.03570517957252, 14.422205101855956, 0.0, 43.104524124504614], [35.90264614203248, 21.540659228538015, 76.16429609731846, 79.64923100695951, 80.36168241145776, 50.60632371551998, 45.70557952810576, 51.78802950489621, 43.104524124504614, 0.0]], "task_locations": [[55, 43], [55, 28], [68, 84], [25, 78], [40, 85], [32, 48], [71, 53], [12, 17], [20, 5], [63, 8]], "precedence_constraints": [[6, 2]]}