{"Q": [[0, 1, 1], [1, 0, 0], [0, 1, 0]], "R": [[0.0, 0.0, 0.0], [0.0, 0.0, 1.0], [0.0, 0.0, 1.0], [1.0, 1.0, 0.0], [0.0, 0.0, 1.0], [0.0, 0.0, 1.0], [1.0, 0.0, 0.0], [0.0, 1.0, 0.0], [1.0, 0.0, 0.0], [0.0, 0.0, 0.0]], "T_e": [0, 56, 65, 85, 88, 83, 68, 56, 57, 0], "T_t": [[0.0, 48.25971404805462, 47.53945729601885, 39.395431207184416, 61.35144660071187, 25.298221281347036, 43.04648650006177, 33.015148038438355, 46.17358552246078, 26.1725046566048], [48.25971404805462, 0.0, 74.33034373659252, 56.71860364994893, 50.32891812864648, 38.48376280978771, 91.26883367283708, 47.80167361086848, 85.23496934944014, 50.99019513592785], [47.53945729601885, 74.33034373659252, 0.0, 86.92525524840292, 46.647615158762406, 36.49657518178932, 59.23681287847955, 26.570660511172846, 22.090722034374522, 25.0], [39.395431207184416, 56.71860364994893, 86.92525524840292, 0.0, 92.80086206496145, 59.464274989274024, 61.68468205316454, 69.81403870282824, 82.87339742040264, 64.66065264130884], [61.35144660071187, 50.32891812864648, 46.647615158762406, 92.80086206496145, 0.0, 36.05551275463989, 95.02105029939419, 31.016124838541646, 67.23094525588644, 40.01249804748511], [25.298221281347036, 38.48376280978771, 36.49657518178932, 59.464274989274024, 36.05551275463989, 0.0, 62.5859409132754, 11.40175425099138, 47.20169488482379, 12.529964086141668], [43.04648650006177, 91.26883367283708, 59.23681287847955, 61.68468205316454, 95.02105029939419, 62.5859409132754, 0.0, 64.07027391856539, 40.80441152620633, 55.08175741568164], [33.015148038438355, 47.80167361086848, 26.570660511172846, 69.81403870282824, 31.016124838541646, 11.40175425099138, 64.07027391856539, 0.0, 41.10960958218893, 9.0], [46.17358552246078, 85.23496934944014, 22.090722034374522, 82.87339742040264, 67.23094525588644, 47.20169488482379, 40.80441152620633, 41.10960958218893, 0.0, 34.828149534535996], [26.1725046566048, 50.99019513592785, 25.0, 64.66065264130884, 40.01249804748511, 12.529964086141668, 55.08175741568164, 9.0, 34.828149534535996, 0.0]], "task_locations": [[48, 59], [21, 19], [92, 41], [12, 75], [68, 1], [56, 35], [70, 96], [67, 32], [94, 63], [67, 41]], "precedence_constraints": [[1, 3], [5, 6]]}