{"Q": [[1, 0, 1], [1, 0, 1], [1, 1, 0]], "R": [[0.0, 0.0, 0.0], [1.0, 0.0, 0.0], [1.0, 0.0, 0.0], [0.0, 1.0, 1.0], [0.0, 1.0, 0.0], [1.0, 1.0, 0.0], [1.0, 0.0, 1.0], [1.0, 1.0, 0.0], [1.0, 1.0, 0.0], [0.0, 0.0, 0.0]], "T_e": [0, 93, 66, 57, 71, 75, 66, 55, 88, 0], "T_t": [[0.0, 44.77722635447622, 42.190046219457976, 86.31338250816034, 53.08483775994799, 37.33630940518894, 27.294688127912362, 70.02856560004639, 55.226805085936306, 72.94518489934754], [44.77722635447622, 0.0, 3.0, 95.44108130150245, 52.20153254455275, 77.87810988975015, 68.41052550594829, 63.12685640834652, 19.1049731745428, 85.0881895447306], [42.190046219457976, 3.0, 0.0, 93.00537618869137, 49.8196748283246, 74.95331880577403, 65.52098900352466, 61.220911460055866, 19.026297590440446, 82.49242389456137], [86.31338250816034, 95.44108130150245, 93.00537618869137, 0.0, 43.266615305567875, 72.02777242147643, 73.97972695272672, 37.656340767525464, 84.09518416651456, 13.601470508735444], [53.08483775994799, 52.20153254455275, 49.8196748283246, 43.266615305567875, 0.0, 58.82176467941097, 54.56189146281496, 17.029386365926403, 41.7612260356422, 33.83784863137726], [37.33630940518894, 77.87810988975015, 74.95331880577403, 72.02777242147643, 58.82176467941097, 0.0, 10.04987562112089, 73.824115301167, 82.29216244576394, 59.033888572581766], [27.294688127912362, 68.41052550594829, 65.52098900352466, 73.97972695272672, 54.56189146281496, 10.04987562112089, 0.0, 70.57619995437555, 73.92563831310488, 60.530983801686226], [70.02856560004639, 63.12685640834652, 61.220911460055866, 37.656340767525464, 17.029386365926403, 73.824115301167, 70.57619995437555, 0.0, 48.60041152089147, 33.54101966249684], [55.226805085936306, 19.1049731745428, 19.026297590440446, 84.09518416651456, 41.7612260356422, 82.29216244576394, 73.92563831310488, 48.60041152089147, 0.0, 75.58438992278762], [72.94518489934754, 85.0881895447306, 82.49242389456137, 13.601470508735444, 33.83784863137726, 59.033888572581766, 60.530983801686226, 33.54101966249684, 75.58438992278762, 0.0]], "task_locations": [[84, 53], [62, 14], [62, 17], [7, 92], [31, 56], [79, 90], [80, 80], [14, 55], [43, 16], [20, 88]], "precedence_constraints": [[8, 3], [7, 8]]}