{"Q": [[1, 1, 0], [0, 1, 0], [1, 0, 1]], "R": [[0.0, 0.0, 0.0], [0.0, 0.0, 1.0], [1.0, 0.0, 0.0], [1.0, 1.0, 1.0], [1.0, 0.0, 0.0], [0.0, 0.0, 1.0], [0.0, 1.0, 0.0], [0.0, 1.0, 0.0], [1.0, 0.0, 0.0], [0.0, 0.0, 0.0]], "T_e": [0, 53, 77, 76, 67, 94, 95, 61, 67, 0], "T_t": [[0.0, 67.67569726275453, 70.71067811865476, 83.60023923410746, 61.71709649683789, 45.65084884205331, 78.43468620451031, 75.0066663703967, 8.602325267042627, 66.70832032063167], [67.67569726275453, 0.0, 72.24956747275377, 81.46778504415104, 48.83646178829912, 45.69463863518345, 10.770329614269007, 23.706539182259394, 65.7419196555744, 35.805027579936315], [70.71067811865476, 72.24956747275377, 0.0, 13.0, 23.430749027719962, 32.31098884280702, 77.6659513557904, 94.79451460923254, 77.1621668954417, 38.07886552931954], [83.60023923410746, 81.46778504415104, 13.0, 0.0, 33.28663395418648, 44.64302857109943, 85.70297544426332, 104.63746938836012, 90.13878188659973, 45.967379738244816], [61.71709649683789, 48.83646178829912, 23.430749027719962, 33.28663395418648, 0.0, 16.15549442140351, 54.378304497290095, 71.58910531638176, 66.12866246946176, 15.524174696260024], [45.65084884205331, 45.69463863518345, 32.31098884280702, 44.64302857109943, 16.15549442140351, 0.0, 53.85164807134504, 65.80273550544841, 49.9799959983992, 23.706539182259394], [78.43468620451031, 10.770329614269007, 77.6659513557904, 85.70297544426332, 54.378304497290095, 53.85164807134504, 0.0, 25.019992006393608, 76.48529270389177, 39.824615503479755], [75.0066663703967, 23.706539182259394, 94.79451460923254, 104.63746938836012, 71.58910531638176, 65.80273550544841, 25.019992006393608, 0.0, 70.45565981523414, 59.36328831862332], [8.602325267042627, 65.7419196555744, 77.1621668954417, 90.13878188659973, 66.12866246946176, 49.9799959983992, 76.48529270389177, 70.45565981523414, 0.0, 69.33974329343886], [66.70832032063167, 35.805027579936315, 38.07886552931954, 45.967379738244816, 15.524174696260024, 23.706539182259394, 39.824615503479755, 59.36328831862332, 69.33974329343886, 0.0]], "task_locations": [[13, 11], [77, 33], [23, 81], [23, 94], [41, 66], [35, 51], [87, 37], [88, 12], [18, 4], [56, 62]], "precedence_constraints": [[8, 5], [2, 7], [8, 7], [8, 4]]}