{"Q": [[1, 1, 0], [0, 1, 0], [1, 1, 1]], "R": [[0.0, 0.0, 0.0], [1.0, 1.0, 1.0], [1.0, 1.0, 1.0], [0.0, 0.0, 1.0], [1.0, 1.0, 0.0], [0.0, 1.0, 1.0], [0.0, 1.0, 1.0], [1.0, 1.0, 0.0], [1.0, 1.0, 1.0], [0.0, 0.0, 0.0]], "T_e": [0, 67, 62, 69, 83, 53, 86, 51, 79, 0], "T_t": [[0.0, 20.615528128088304, 65.79513659838392, 70.8801805866774, 15.297058540778355, 64.35060217278468, 77.3692445355388, 20.808652046684813, 63.788713735268246, 71.06335201775947], [20.615528128088304, 0.0, 53.907327887774215, 56.43580423808985, 28.0178514522438, 55.44366510251645, 62.16912416947821, 39.824615503479755, 43.56604182158393, 50.80354318352215], [65.79513659838392, 53.907327887774215, 0.0, 10.63014581273465, 58.249463516842795, 10.0, 17.0, 72.69112738154499, 42.04759208325728, 44.91102314577124], [70.8801805866774, 56.43580423808985, 10.63014581273465, 0.0, 65.19202405202648, 20.518284528683193, 7.0710678118654755, 80.05623023850174, 35.510561809129406, 37.013511046643494], [15.297058540778355, 28.0178514522438, 58.249463516842795, 65.19202405202648, 0.0, 54.78138369920935, 72.11102550927978, 15.132745950421556, 66.18912297349165, 73.348483283569], [64.35060217278468, 55.44366510251645, 10.0, 20.518284528683193, 54.78138369920935, 0.0, 26.40075756488817, 68.41052550594829, 50.635955604688654, 54.120236510939236], [77.3692445355388, 62.16912416947821, 17.0, 7.0710678118654755, 72.11102550927978, 26.40075756488817, 0.0, 87.02298546935747, 36.40054944640259, 36.49657518178932], [20.808652046684813, 39.824615503479755, 72.69112738154499, 80.05623023850174, 15.132745950421556, 68.41052550594829, 87.02298546935747, 0.0, 80.62257748298549, 87.84645695758026], [63.788713735268246, 43.56604182158393, 42.04759208325728, 35.510561809129406, 66.18912297349165, 50.635955604688654, 36.40054944640259, 80.62257748298549, 0.0, 7.280109889280518], [71.06335201775947, 50.80354318352215, 44.91102314577124, 37.013511046643494, 73.348483283569, 54.120236510939236, 36.49657518178932, 87.84645695758026, 7.280109889280518, 0.0]], "task_locations": [[23, 71], [42, 79], [83, 44], [91, 51], [26, 56], [77, 36], [98, 52], [11, 54], [85, 86], [92, 88]], "precedence_constraints": [[8, 6], [2, 3], [8, 2]]}