{"Q": [[0, 1, 1], [1, 1, 1], [1, 1, 0]], "R": [[0.0, 0.0, 0.0], [0.0, 1.0, 0.0], [0.0, 0.0, 1.0], [1.0, 1.0, 0.0], [1.0, 0.0, 0.0], [0.0, 1.0, 0.0], [0.0, 1.0, 1.0], [1.0, 0.0, 1.0], [1.0, 0.0, 0.0], [0.0, 0.0, 0.0]], "T_e": [0, 95, 95, 98, 78, 95, 53, 66, 61, 0], "T_t": [[0.0, 76.15773105863909, 46.51881339845203, 85.23496934944014, 18.788294228055936, 42.42640687119285, 92.41753080449618, 70.83078426785913, 51.19570294468082, 63.15853069855251], [76.15773105863909, 0.0, 29.732137494637012, 62.64982043070834, 57.38466694161429, 104.6900186264192, 54.78138369920935, 10.816653826391969, 45.617978911828175, 56.293871780150276], [46.51881339845203, 29.732137494637012, 0.0, 63.8200595424354, 27.730849247724095, 78.40918313565064, 63.12685640834652, 24.839484696748443, 32.01562118716424, 47.75981574503821], [85.23496934944014, 62.64982043070834, 63.8200595424354, 0.0, 73.78346698278686, 85.58621384311844, 15.556349186104045, 70.3420215802759, 35.805027579936315, 22.135943621178654], [18.788294228055936, 57.38466694161429, 27.730849247724095, 73.78346698278686, 0.0, 55.036351623268054, 78.54934754662193, 52.15361924162119, 38.07886552931954, 52.630789467763066], [42.42640687119285, 104.6900186264192, 78.40918313565064, 85.58621384311844, 55.036351623268054, 0.0, 98.2700361249552, 102.82509421342633, 64.00781202322104, 66.21933252457322], [92.41753080449618, 54.78138369920935, 63.12685640834652, 15.556349186104045, 78.54934754662193, 98.2700361249552, 0.0, 63.953107821277925, 41.23105625617661, 32.2490309931942], [70.83078426785913, 10.816653826391969, 24.839484696748443, 70.3420215802759, 52.15361924162119, 102.82509421342633, 63.953107821277925, 0.0, 48.27007354458868, 61.07372593840988], [51.19570294468082, 45.617978911828175, 32.01562118716424, 35.805027579936315, 38.07886552931954, 64.00781202322104, 41.23105625617661, 48.27007354458868, 0.0, 16.1245154965971], [63.15853069855251, 56.293871780150276, 47.75981574503821, 22.135943621178654, 52.630789467763066, 66.21933252457322, 32.2490309931942, 61.07372593840988, 16.1245154965971, 0.0]], "task_locations": [[91, 43], [21, 13], [49, 23], [12, 75], [74, 35], [97, 85], [1, 64], [30, 7], [41, 54], [33, 68]], "precedence_constraints": [[2, 3], [1, 2], [6, 7]]}