{"Q": [[1, 0, 1], [1, 0, 1], [0, 1, 1]], "R": [[0.0, 0.0, 0.0], [1.0, 1.0, 0.0], [1.0, 0.0, 0.0], [0.0, 0.0, 1.0], [1.0, 0.0, 0.0], [1.0, 0.0, 1.0], [1.0, 1.0, 0.0], [1.0, 1.0, 0.0], [1.0, 1.0, 0.0], [0.0, 0.0, 0.0]], "T_e": [0, 66, 57, 99, 54, 89, 62, 73, 73, 0], "T_t": [[0.0, 43.41658669218482, 50.24937810560445, 17.0, 36.24913792078372, 43.60045871318328, 30.083217912982647, 49.24428900898052, 49.193495504995376, 48.08326112068523], [43.41658669218482, 0.0, 28.635642126552707, 36.138621999185304, 13.45362404707371, 44.384682042344295, 14.142135623730951, 89.10667763978185, 75.29276193632427, 86.76981041814025], [50.24937810560445, 28.635642126552707, 0.0, 34.66987164671943, 19.4164878389476, 69.87131027825369, 27.202941017470888, 83.18653737234169, 59.841457201508724, 98.3107318658548], [17.0, 36.138621999185304, 34.66987164671943, 0.0, 25.0, 53.14132102234569, 22.135943621178654, 53.23532661682466, 41.72529209005013, 64.53681120105021], [36.24913792078372, 13.45362404707371, 19.4164878389476, 25.0, 0.0, 50.48762224545735, 8.06225774829855, 78.16009211867653, 62.177166226839255, 83.00602387778854], [43.60045871318328, 44.384682042344295, 69.87131027825369, 53.14132102234569, 50.48762224545735, 0.0, 43.104524124504614, 89.81091247727082, 92.43916918709297, 60.00833275470999], [30.083217912982647, 14.142135623730951, 27.202941017470888, 22.135943621178654, 8.06225774829855, 43.104524124504614, 0.0, 74.96665925596525, 62.42595614005443, 75.71657678474378], [49.24428900898052, 89.10667763978185, 83.18653737234169, 53.23532661682466, 78.16009211867653, 89.81091247727082, 74.96665925596525, 0.0, 33.24154027718932, 55.10898293381942], [49.193495504995376, 75.29276193632427, 59.841457201508724, 41.72529209005013, 62.177166226839255, 92.43916918709297, 62.42595614005443, 33.24154027718932, 0.0, 78.91767862779544], [48.08326112068523, 86.76981041814025, 98.3107318658548, 64.53681120105021, 83.00602387778854, 60.00833275470999, 75.71657678474378, 55.10898293381942, 78.91767862779544, 0.0]], "task_locations": [[52, 58], [9, 52], [15, 24], [44, 43], [19, 43], [26, 93], [23, 50], [97, 38], [74, 14], [86, 92]], "precedence_constraints": [[1, 8]]}