{"Q": [[0, 1, 1], [1, 1, 1], [0, 1, 0]], "R": [[0.0, 0.0, 0.0], [0.0, 1.0, 0.0], [1.0, 0.0, 1.0], [1.0, 0.0, 1.0], [0.0, 1.0, 0.0], [0.0, 0.0, 1.0], [1.0, 1.0, 0.0], [1.0, 0.0, 0.0], [0.0, 1.0, 1.0], [0.0, 0.0, 0.0]], "T_e": [0, 94, 97, 54, 54, 80, 88, 65, 71, 0], "T_t": [[0.0, 34.713109915419565, 108.16653826391968, 88.28363381737297, 29.0, 115.66330446602328, 53.31041174104736, 97.63708311906906, 53.823786563191554, 106.83164325236227], [34.713109915419565, 0.0, 75.13321502504735, 61.5223536610881, 6.324555320336759, 81.49233092751734, 26.476404589747453, 63.52952069707436, 19.697715603592208, 72.40165743959182], [108.16653826391968, 75.13321502504735, 0.0, 79.71198153351854, 79.75587752636166, 45.803929962395145, 56.586217403180434, 43.04648650006177, 61.1310068623117, 38.897300677553446], [88.28363381737297, 61.5223536610881, 79.71198153351854, 0.0, 67.26812023536856, 49.03060268852505, 74.24284477308234, 38.3275357934736, 45.880278987817846, 47.0], [29.0, 6.324555320336759, 79.75587752636166, 67.26812023536856, 0.0, 87.70974860299168, 28.0178514522438, 69.77105417004964, 26.0, 78.54934754662193], [115.66330446602328, 81.49233092751734, 45.803929962395145, 49.03060268852505, 87.70974860299168, 0.0, 77.27871634544663, 18.027756377319946, 61.91122676865643, 10.04987562112089], [53.31041174104736, 26.476404589747453, 56.586217403180434, 74.24284477308234, 28.0178514522438, 77.27871634544663, 0.0, 61.1310068623117, 29.206163733020468, 67.26812023536856], [97.63708311906906, 63.52952069707436, 43.04648650006177, 38.3275357934736, 69.77105417004964, 18.027756377319946, 61.1310068623117, 0.0, 43.9089968002003, 10.295630140987], [53.823786563191554, 19.697715603592208, 61.1310068623117, 45.880278987817846, 26.0, 61.91122676865643, 29.206163733020468, 43.9089968002003, 0.0, 53.009433122794285], [106.83164325236227, 72.40165743959182, 38.897300677553446, 47.0, 78.54934754662193, 10.04987562112089, 67.26812023536856, 10.295630140987, 53.009433122794285, 0.0]], "task_locations": [[0, 5], [26, 28], [60, 95], [87, 20], [20, 26], [97, 68], [21, 54], [82, 58], [44, 36], [87, 67]], "precedence_constraints": [[7, 1], [5, 2], [3, 4], [5, 6], [3, 7]]}