{"Q": [[0, 1, 1], [0, 1, 1], [1, 0, 1]], "R": [[0.0, 0.0, 0.0], [1.0, 1.0, 0.0], [0.0, 1.0, 1.0], [0.0, 1.0, 1.0], [1.0, 0.0, 0.0], [0.0, 1.0, 0.0], [0.0, 1.0, 1.0], [1.0, 0.0, 0.0], [0.0, 0.0, 1.0], [0.0, 0.0, 0.0]], "T_e": [0, 66, 79, 96, 82, 76, 82, 76, 67, 0], "T_t": [[0.0, 23.53720459187964, 26.40075756488817, 70.8801805866774, 68.6804193347711, 58.180752831155424, 46.09772228646444, 44.77722635447622, 22.20360331117452, 40.22437072223753], [23.53720459187964, 0.0, 47.38143096192854, 76.27581530209953, 61.1310068623117, 36.235341863986875, 30.805843601498726, 54.56189146281496, 8.06225774829855, 29.732137494637012], [26.40075756488817, 47.38143096192854, 0.0, 57.14017850864661, 69.81403870282824, 76.90253571892151, 59.09314681077663, 30.59411708155671, 48.08326112068523, 66.37017402418047], [70.8801805866774, 76.27581530209953, 57.14017850864661, 0.0, 39.05124837953327, 81.49233092751734, 59.90826320300064, 27.073972741361768, 82.49242389456137, 105.30906893520614], [68.6804193347711, 61.1310068623117, 69.81403870282824, 39.05124837953327, 0.0, 49.678969393496885, 32.89376840679705, 44.654227123532216, 69.06518659932803, 90.09439494219383], [58.180752831155424, 36.235341863986875, 76.90253571892151, 81.49233092751734, 49.678969393496885, 0.0, 22.135943621178654, 70.21395872616783, 42.44997055358225, 54.08326913195984], [46.09772228646444, 30.805843601498726, 59.09314681077663, 59.90826320300064, 32.89376840679705, 22.135943621178654, 0.0, 48.373546489791295, 38.8329756778952, 58.077534382926416], [44.77722635447622, 54.56189146281496, 30.59411708155671, 27.073972741361768, 44.654227123532216, 70.21395872616783, 48.373546489791295, 0.0, 59.464274989274024, 81.83520025025906], [22.20360331117452, 8.06225774829855, 48.08326112068523, 82.49242389456137, 69.06518659932803, 42.44997055358225, 38.8329756778952, 59.464274989274024, 0.0, 22.825424421026653], [40.22437072223753, 29.732137494637012, 66.37017402418047, 105.30906893520614, 90.09439494219383, 54.08326913195984, 58.077534382926416, 81.83520025025906, 22.825424421026653, 0.0]], "task_locations": [[29, 61], [34, 38], [40, 85], [97, 81], [95, 42], [57, 10], [64, 31], [70, 79], [26, 39], [6, 28]], "precedence_constraints": [[2, 4], [8, 1], [5, 4], [3, 4]]}