{"Q": [[1, 0, 0], [0, 1, 0], [1, 0, 1]], "R": [[0.0, 0.0, 0.0], [1.0, 1.0, 0.0], [0.0, 1.0, 0.0], [1.0, 0.0, 0.0], [0.0, 1.0, 1.0], [0.0, 1.0, 1.0], [0.0, 1.0, 0.0], [0.0, 0.0, 1.0], [0.0, 0.0, 1.0], [0.0, 0.0, 0.0]], "T_e": [0, 53, 96, 61, 59, 60, 92, 86, 89, 0], "T_t": [[0.0, 57.982756057296896, 125.8729518204765, 82.97590011563598, 49.01020301937138, 85.09406559801923, 19.924858845171276, 30.870698080866262, 111.5212984142491, 68.59300255857006], [57.982756057296896, 0.0, 70.21395872616783, 26.92582403567252, 51.264022471905186, 75.66372975210778, 39.05124837953327, 27.65863337187866, 59.23681287847955, 17.0], [125.8729518204765, 70.21395872616783, 0.0, 43.41658669218482, 97.16995420396162, 94.04786015641186, 108.4665847162157, 97.30878685915265, 19.1049731745428, 57.28001396647874], [82.97590011563598, 26.92582403567252, 43.41658669218482, 0.0, 62.20128616033595, 73.824115301167, 65.11528238439882, 53.907327887774215, 32.984845004941285, 15.231546211727817], [49.01020301937138, 51.264022471905186, 97.16995420396162, 62.20128616033595, 0.0, 36.345563690772494, 46.61544808322666, 45.0, 79.17701686727027, 48.010415536631214], [85.09406559801923, 75.66372975210778, 94.04786015641186, 73.824115301167, 36.345563690772494, 0.0, 82.28000972289685, 78.79086241436883, 75.0066663703967, 64.63745044476924], [19.924858845171276, 39.05124837953327, 108.4665847162157, 65.11528238439882, 46.61544808322666, 82.28000972289685, 0.0, 11.40175425099138, 95.4148835350125, 51.61395160225576], [30.870698080866262, 27.65863337187866, 97.30878685915265, 53.907327887774215, 45.0, 78.79086241436883, 11.40175425099138, 0.0, 84.72307831990054, 40.8166632639171], [111.5212984142491, 59.23681287847955, 19.1049731745428, 32.984845004941285, 79.17701686727027, 75.0066663703967, 95.4148835350125, 84.72307831990054, 0.0, 43.9089968002003], [68.59300255857006, 17.0, 57.28001396647874, 15.231546211727817, 48.010415536631214, 64.63745044476924, 51.61395160225576, 40.8166632639171, 43.9089968002003, 0.0]], "task_locations": [[9, 1], [58, 32], [99, 89], [72, 55], [10, 50], [5, 86], [28, 7], [37, 14], [80, 87], [58, 49]], "precedence_constraints": [[8, 2], [6, 5]]}