{"Q": [[1, 0, 1], [0, 1, 1], [1, 1, 1]], "R": [[0.0, 0.0, 0.0], [1.0, 0.0, 0.0], [1.0, 1.0, 1.0], [1.0, 0.0, 1.0], [0.0, 1.0, 0.0], [0.0, 1.0, 1.0], [0.0, 1.0, 0.0], [0.0, 1.0, 1.0], [0.0, 1.0, 0.0], [0.0, 0.0, 0.0]], "T_e": [0, 78, 92, 80, 76, 62, 73, 53, 66, 0], "T_t": [[0.0, 39.6232255123179, 92.19544457292888, 32.28002478313795, 66.61080993352356, 86.35392289873113, 51.088159097779204, 26.570660511172846, 47.53945729601885, 70.21395872616783], [39.6232255123179, 0.0, 91.00549433962765, 70.02856560004639, 87.36704184073076, 83.02409288875127, 40.0, 64.03124237432849, 8.602325267042627, 51.264022471905186], [92.19544457292888, 91.00549433962765, 0.0, 115.80155439371269, 50.32891812864648, 8.54400374531753, 51.0098029794274, 112.32987136109433, 96.33275663033837, 47.01063709417264], [32.28002478313795, 70.02856560004639, 115.80155439371269, 0.0, 78.16009211867653, 111.39569111954016, 81.6333265278342, 6.0, 77.05841939723393, 101.21264743103995], [66.61080993352356, 87.36704184073076, 50.32891812864648, 78.16009211867653, 0.0, 50.99019513592785, 58.249463516842795, 76.68767828015137, 95.44108130150245, 70.57619995437555], [86.35392289873113, 83.02409288875127, 8.54400374531753, 111.39569111954016, 50.99019513592785, 0.0, 43.04648650006177, 107.61505470890214, 88.14193099768123, 38.48376280978771], [51.088159097779204, 40.0, 51.0098029794274, 81.6333265278342, 58.249463516842795, 43.04648650006177, 0.0, 76.55063683601855, 45.5411901469428, 19.697715603592208], [26.570660511172846, 64.03124237432849, 112.32987136109433, 6.0, 76.68767828015137, 107.61505470890214, 76.55063683601855, 0.0, 71.06335201775947, 96.04165762834376], [47.53945729601885, 8.602325267042627, 96.33275663033837, 77.05841939723393, 95.44108130150245, 88.14193099768123, 45.5411901469428, 71.06335201775947, 0.0, 54.12947441089743], [70.21395872616783, 51.264022471905186, 47.01063709417264, 101.21264743103995, 70.57619995437555, 38.48376280978771, 19.697715603592208, 96.04165762834376, 54.12947441089743, 0.0]], "task_locations": [[85, 61], [92, 22], [1, 23], [94, 92], [19, 70], [9, 20], [52, 22], [94, 86], [97, 15], [44, 4]], "precedence_constraints": [[5, 8]]}