{"Q": [[0, 1, 1], [0, 1, 0], [1, 0, 1]], "R": [[0.0, 0.0, 0.0], [0.0, 1.0, 1.0], [0.0, 1.0, 0.0], [1.0, 0.0, 1.0], [0.0, 0.0, 1.0], [0.0, 1.0, 1.0], [0.0, 1.0, 1.0], [1.0, 0.0, 1.0], [1.0, 0.0, 0.0], [0.0, 0.0, 0.0]], "T_e": [0, 97, 94, 60, 88, 57, 92, 89, 53, 0], "T_t": [[0.0, 72.91776189653656, 57.38466694161429, 27.459060435491963, 99.86490875177326, 35.90264614203248, 85.7962703152066, 92.76313923105448, 85.0, 13.92838827718412], [72.91776189653656, 0.0, 15.556349186104045, 92.17917335276988, 33.13608305156178, 60.08327554319921, 38.600518131237564, 83.35466393669883, 29.5296461204668, 86.05230967266364], [57.38466694161429, 15.556349186104045, 0.0, 77.38862965578342, 46.17358552246078, 46.69047011971501, 43.68065933568311, 80.8084154033477, 37.12142238654117, 70.60453243241541], [27.459060435491963, 92.17917335276988, 77.38862965578342, 0.0, 113.95174417269794, 63.34824385884742, 94.81033698917012, 86.46964785403026, 96.89685237405806, 17.204650534085253], [99.86490875177326, 33.13608305156178, 46.17358552246078, 113.95174417269794, 0.0, 92.64987857520376, 26.076809620810597, 75.53806987208503, 18.384776310850235, 111.66467659918243], [35.90264614203248, 60.08327554319921, 46.69047011971501, 63.34824385884742, 92.64987857520376, 0.0, 88.09086218218096, 112.29425630903836, 83.15046602394962, 48.093658625644196], [85.7962703152066, 38.600518131237564, 43.68065933568311, 94.81033698917012, 26.076809620810597, 88.09086218218096, 0.0, 50.21951811795888, 10.295630140987, 95.71311299921238], [92.76313923105448, 83.35466393669883, 80.8084154033477, 86.46964785403026, 75.53806987208503, 112.29425630903836, 50.21951811795888, 0.0, 60.166435825965294, 96.13012014972206], [85.0, 29.5296461204668, 37.12142238654117, 96.89685237405806, 18.384776310850235, 83.15046602394962, 10.295630140987, 60.166435825965294, 0.0, 95.96353474106714], [13.92838827718412, 86.05230967266364, 70.60453243241541, 17.204650534085253, 111.66467659918243, 48.093658625644196, 95.71311299921238, 96.13012014972206, 95.96353474106714, 0.0]], "task_locations": [[58, 91], [4, 42], [15, 53], [85, 86], [1, 9], [23, 99], [27, 11], [76, 0], [18, 16], [71, 96]], "precedence_constraints": [[1, 2], [7, 6], [3, 5]]}