{"Q": [[1, 1, 1], [1, 0, 1], [0, 1, 0]], "R": [[0.0, 0.0, 0.0], [0.0, 1.0, 1.0], [1.0, 1.0, 0.0], [1.0, 1.0, 1.0], [0.0, 1.0, 0.0], [0.0, 1.0, 1.0], [1.0, 0.0, 0.0], [0.0, 0.0, 1.0], [0.0, 1.0, 0.0], [0.0, 0.0, 0.0]], "T_e": [0, 67, 79, 81, 98, 80, 64, 82, 93, 0], "T_t": [[0.0, 102.17631819555841, 32.69556544854363, 12.041594578792296, 42.190046219457976, 36.24913792078372, 46.2709412050371, 61.66036003787198, 32.55764119219941, 49.64876634922564], [102.17631819555841, 0.0, 71.50524456289902, 103.1746092796091, 78.71467461661771, 92.66067126888301, 75.69015788066504, 76.90253571892151, 75.6042326857432, 79.47955712005447], [32.69556544854363, 71.50524456289902, 0.0, 38.2099463490856, 20.808652046684813, 28.160255680657446, 41.400483088968905, 38.01315561749642, 7.280109889280518, 28.319604517012593], [12.041594578792296, 103.1746092796091, 38.2099463490856, 0.0, 51.66236541235796, 47.50789408087881, 39.21734310225516, 71.30918594402827, 40.11234224026316, 59.481089431852205], [42.190046219457976, 78.71467461661771, 20.808652046684813, 51.66236541235796, 0.0, 14.212670403551895, 62.20128616033595, 19.6468827043885, 14.142135623730951, 8.06225774829855], [36.24913792078372, 92.66067126888301, 28.160255680657446, 47.50789408087881, 14.212670403551895, 0.0, 67.11929677819934, 28.635642126552707, 21.02379604162864, 17.46424919657298], [46.2709412050371, 75.69015788066504, 41.400483088968905, 39.21734310225516, 62.20128616033595, 67.11929677819934, 0.0, 78.49203781276162, 48.25971404805462, 69.65629906907199], [61.66036003787198, 76.90253571892151, 38.01315561749642, 71.30918594402827, 19.6468827043885, 28.635642126552707, 78.49203781276162, 0.0, 32.64965543462902, 12.041594578792296], [32.55764119219941, 75.6042326857432, 7.280109889280518, 40.11234224026316, 14.142135623730951, 21.02379604162864, 48.25971404805462, 32.64965543462902, 0.0, 22.02271554554524], [49.64876634922564, 79.47955712005447, 28.319604517012593, 59.481089431852205, 8.06225774829855, 17.46424919657298, 69.65629906907199, 12.041594578792296, 22.02271554554524, 0.0]], "task_locations": [[77, 9], [11, 87], [64, 39], [68, 1], [81, 51], [92, 42], [31, 14], [86, 70], [71, 41], [85, 58]], "precedence_constraints": [[8, 7], [2, 5], [8, 1], [4, 1], [6, 1], [2, 7]]}