{"Q": [[0, 1, 0], [1, 1, 0], [1, 0, 1]], "R": [[0.0, 0.0, 0.0], [1.0, 0.0, 0.0], [1.0, 0.0, 0.0], [1.0, 0.0, 0.0], [0.0, 1.0, 0.0], [1.0, 0.0, 1.0], [1.0, 1.0, 1.0], [0.0, 0.0, 1.0], [0.0, 1.0, 1.0], [0.0, 0.0, 0.0]], "T_e": [0, 63, 67, 96, 93, 94, 67, 55, 89, 0], "T_t": [[0.0, 52.0, 76.68767828015137, 41.78516483155236, 71.8679344353238, 75.0, 31.78049716414141, 82.03657720797473, 46.84015371452148, 38.47076812334269], [52.0, 0.0, 101.23734488813898, 53.75872022286245, 62.5859409132754, 78.39005038906404, 26.419689627245813, 57.42821606144492, 14.7648230602334, 25.45584412271571], [76.68767828015137, 101.23734488813898, 0.0, 47.50789408087881, 55.78530272392541, 37.12142238654117, 98.8382517044894, 77.12976079309465, 86.97700845625813, 75.82216034906945], [41.78516483155236, 53.75872022286245, 47.50789408087881, 0.0, 31.827660925679098, 33.54101966249684, 53.85164807134504, 47.53945729601885, 39.698866482558415, 28.319604517012593], [71.8679344353238, 62.5859409132754, 55.78530272392541, 31.827660925679098, 0.0, 20.248456731316587, 74.54528824815154, 21.37755832643195, 48.507731342539614, 43.18564576337837], [75.0, 78.39005038906404, 37.12142238654117, 33.54101966249684, 20.248456731316587, 0.0, 85.37564055396598, 40.85339643163099, 63.694583757176716, 55.54277630799526], [31.78049716414141, 26.419689627245813, 98.8382517044894, 53.85164807134504, 74.54528824815154, 85.37564055396598, 0.0, 76.15773105863909, 30.528675044947494, 31.400636936215164], [82.03657720797473, 57.42821606144492, 77.12976079309465, 47.53945729601885, 21.37755832643195, 40.85339643163099, 76.15773105863909, 0.0, 46.17358552246078, 46.32493928760188], [46.84015371452148, 14.7648230602334, 86.97700845625813, 39.698866482558415, 48.507731342539614, 63.694583757176716, 30.528675044947494, 46.17358552246078, 0.0, 12.083045973594572], [38.47076812334269, 25.45584412271571, 75.82216034906945, 28.319604517012593, 43.18564576337837, 55.54277630799526, 31.400636936215164, 46.32493928760188, 12.083045973594572, 0.0]], "task_locations": [[20, 17], [20, 69], [95, 1], [59, 32], [81, 55], [92, 38], [7, 46], [77, 76], [33, 62], [38, 51]], "precedence_constraints": [[7, 1], [7, 3], [7, 8], [7, 2], [3, 1], [8, 2]]}