{"Q": [[0, 1, 0], [1, 0, 0], [1, 0, 1]], "R": [[0.0, 0.0, 0.0], [1.0, 1.0, 0.0], [0.0, 1.0, 1.0], [0.0, 1.0, 0.0], [1.0, 0.0, 1.0], [0.0, 1.0, 0.0], [1.0, 0.0, 0.0], [0.0, 1.0, 0.0], [1.0, 1.0, 1.0], [0.0, 0.0, 0.0]], "T_e": [0, 51, 72, 52, 50, 96, 64, 77, 76, 0], "T_t": [[0.0, 44.94441010848846, 44.553338819890925, 49.193495504995376, 38.07886552931954, 50.47771785649585, 37.48332962798263, 56.22277118748239, 41.6293165929973, 38.01315561749642], [44.94441010848846, 0.0, 56.43580423808985, 6.324555320336759, 76.48529270389177, 5.656854249492381, 64.07027391856539, 59.30430001273095, 7.0, 72.3394774656273], [44.553338819890925, 56.43580423808985, 0.0, 55.54277630799526, 79.40403012442127, 61.0, 82.03657720797473, 13.341664064126334, 49.49747468305833, 81.40024569987489], [49.193495504995376, 6.324555320336759, 55.54277630799526, 0.0, 82.03657720797473, 6.324555320336759, 70.178344238091, 57.0, 7.810249675906654, 78.16009211867653], [38.07886552931954, 76.48529270389177, 79.40403012442127, 82.03657720797473, 0.0, 81.25269226308751, 21.095023109728988, 92.17917335276988, 75.4254598925323, 8.54400374531753], [50.47771785649585, 5.656854249492381, 61.0, 6.324555320336759, 81.25269226308751, 0.0, 68.00735254367721, 63.0317380372777, 11.704699910719626, 76.79192665899195], [37.48332962798263, 64.07027391856539, 82.03657720797473, 70.178344238091, 21.095023109728988, 68.00735254367721, 0.0, 93.50935782048768, 64.77653896280658, 12.806248474865697], [56.22277118748239, 59.30430001273095, 13.341664064126334, 57.0, 92.17917335276988, 63.0317380372777, 93.50935782048768, 0.0, 52.3450093132096, 93.74433316206373], [41.6293165929973, 7.0, 49.49747468305833, 7.810249675906654, 75.4254598925323, 11.704699910719626, 64.77653896280658, 52.3450093132096, 0.0, 72.0], [38.01315561749642, 72.3394774656273, 81.40024569987489, 78.16009211867653, 8.54400374531753, 76.79192665899195, 12.806248474865697, 93.74433316206373, 72.0, 0.0]], "task_locations": [[42, 38], [80, 14], [73, 70], [86, 16], [5, 29], [84, 10], [16, 11], [86, 73], [80, 21], [8, 21]], "precedence_constraints": [[4, 2], [4, 1], [3, 6], [7, 2], [4, 3]]}