{"Q": [[1, 1, 0], [1, 0, 1], [0, 0, 1]], "R": [[0.0, 0.0, 0.0], [0.0, 1.0, 0.0], [1.0, 1.0, 1.0], [0.0, 1.0, 1.0], [0.0, 1.0, 1.0], [0.0, 0.0, 1.0], [1.0, 0.0, 0.0], [0.0, 0.0, 1.0], [1.0, 0.0, 1.0], [0.0, 0.0, 0.0]], "T_e": [0, 71, 90, 62, 74, 59, 88, 96, 94, 0], "T_t": [[0.0, 59.0, 44.94441010848846, 92.19544457292888, 70.60453243241541, 97.0, 3.605551275463989, 58.82176467941097, 107.48953437428223, 54.70831746635972], [59.0, 0.0, 23.345235059857504, 86.58521813797087, 78.89233169326408, 72.24956747275377, 56.0357029044876, 18.24828759089466, 77.12976079309465, 56.302753041036986], [44.94441010848846, 23.345235059857504, 0.0, 68.11754546370561, 56.859475903318, 60.53924347066124, 41.43669871020132, 14.142135623730951, 68.60029154456998, 34.0147027033899], [92.19544457292888, 86.58521813797087, 68.11754546370561, 0.0, 24.839484696748443, 29.546573405388315, 89.15716460273958, 68.41052550594829, 40.024992192379, 38.3275357934736], [70.60453243241541, 78.89233169326408, 56.859475903318, 24.839484696748443, 0.0, 46.17358552246078, 67.91170738539859, 62.20128616033595, 58.42088667591412, 22.847319317591726], [97.0, 72.24956747275377, 60.53924347066124, 29.546573405388315, 46.17358552246078, 0.0, 93.50935782048768, 54.74486277268398, 12.36931687685298, 44.654227123532216], [3.605551275463989, 56.0357029044876, 41.43669871020132, 89.15716460273958, 67.91170738539859, 93.50935782048768, 0.0, 55.362442142665635, 103.9471019317037, 51.478150704935004], [58.82176467941097, 18.24828759089466, 14.142135623730951, 68.41052550594829, 62.20128616033595, 54.74486277268398, 55.362442142665635, 0.0, 60.74537019394976, 40.311288741492746], [107.48953437428223, 77.12976079309465, 68.60029154456998, 40.024992192379, 58.42088667591412, 12.36931687685298, 103.9471019317037, 60.74537019394976, 0.0, 56.43580423808985], [54.70831746635972, 56.302753041036986, 34.0147027033899, 38.3275357934736, 22.847319317591726, 44.654227123532216, 51.478150704935004, 40.311288741492746, 56.43580423808985, 0.0]], "task_locations": [[97, 90], [97, 31], [81, 48], [13, 52], [29, 71], [25, 25], [95, 87], [79, 34], [22, 13], [50, 62]], "precedence_constraints": [[7, 3]]}