{"Q": [[1, 0, 0], [0, 1, 0], [1, 1, 1]], "R": [[0.0, 0.0, 0.0], [1.0, 1.0, 0.0], [0.0, 1.0, 1.0], [1.0, 1.0, 0.0], [1.0, 1.0, 0.0], [1.0, 0.0, 0.0], [1.0, 1.0, 1.0], [1.0, 0.0, 1.0], [0.0, 1.0, 0.0], [0.0, 0.0, 0.0]], "T_e": [0, 98, 96, 91, 91, 62, 69, 96, 63, 0], "T_t": [[0.0, 52.0, 51.86520991955976, 53.33854141237835, 37.12142238654117, 34.132096331752024, 37.94733192202055, 61.68468205316454, 40.0, 15.132745950421556], [52.0, 0.0, 30.364452901377952, 27.65863337187866, 25.495097567963924, 75.76938695805846, 53.81449618829484, 21.840329667841555, 82.46211251235322, 56.04462507680822], [51.86520991955976, 30.364452901377952, 0.0, 56.08029957123981, 15.620499351813308, 61.0, 72.01388754955533, 17.0, 90.60905032059435, 62.93647591023825], [53.33854141237835, 27.65863337187866, 56.08029957123981, 0.0, 45.880278987817846, 85.0411665018772, 35.17101079013795, 49.47726750741192, 70.178344238091, 49.47726750741192], [37.12142238654117, 25.495097567963924, 15.620499351813308, 45.880278987817846, 0.0, 52.392747589718944, 57.0087712549569, 25.317977802344327, 75.16648189186454, 47.4236228055175], [34.132096331752024, 75.76938695805846, 61.0, 85.0411665018772, 52.392747589718944, 0.0, 71.58910531638176, 76.4198926981712, 61.29437168288782, 46.8187996428785], [37.94733192202055, 53.81449618829484, 72.01388754955533, 35.17101079013795, 57.0087712549569, 71.58910531638176, 0.0, 73.24616030891995, 36.22154055254967, 25.238858928247925], [61.68468205316454, 21.840329667841555, 17.0, 49.47726750741192, 25.317977802344327, 76.4198926981712, 73.24616030891995, 0.0, 97.63708311906906, 69.9714227381436], [40.0, 82.46211251235322, 90.60905032059435, 70.178344238091, 75.16648189186454, 61.29437168288782, 36.22154055254967, 97.63708311906906, 0.0, 27.80287754891569], [15.132745950421556, 56.04462507680822, 62.93647591023825, 49.47726750741192, 47.4236228055175, 46.8187996428785, 25.238858928247925, 69.9714227381436, 27.80287754891569, 0.0]], "task_locations": [[37, 42], [89, 42], [80, 71], [83, 15], [70, 59], [19, 71], [49, 6], [95, 63], [13, 10], [35, 27]], "precedence_constraints": [[5, 4]]}