{"Q": [[1, 0, 0], [0, 1, 0], [0, 1, 1]], "R": [[0.0, 0.0, 0.0], [1.0, 1.0, 0.0], [1.0, 1.0, 1.0], [0.0, 1.0, 0.0], [0.0, 1.0, 0.0], [1.0, 0.0, 0.0], [0.0, 1.0, 0.0], [0.0, 0.0, 1.0], [0.0, 1.0, 0.0], [0.0, 0.0, 0.0]], "T_e": [0, 76, 93, 98, 97, 99, 85, 69, 90, 0], "T_t": [[0.0, 50.60632371551998, 21.02379604162864, 20.808652046684813, 95.1892851112981, 85.88364221433555, 81.34494452638098, 58.137767414994535, 76.53103945458993, 55.226805085936306], [50.60632371551998, 0.0, 45.17742799230607, 48.76474136094644, 45.18849411078001, 37.107950630558946, 32.2490309931942, 25.238858928247925, 42.190046219457976, 39.0], [21.02379604162864, 45.17742799230607, 0.0, 3.605551275463989, 85.58621384311844, 75.16648189186454, 77.41446893184762, 61.40032573203501, 59.77457653551382, 36.22154055254967], [20.808652046684813, 48.76474136094644, 3.605551275463989, 0.0, 89.10667763978185, 78.64477096412705, 81.00617260431454, 64.6297145282261, 62.625873247404705, 38.63935817272331], [95.1892851112981, 45.18849411078001, 85.58621384311844, 89.10667763978185, 0.0, 11.180339887498949, 26.570660511172846, 55.036351623268054, 41.30375285612676, 60.83584469702052], [85.88364221433555, 37.107950630558946, 75.16648189186454, 78.64477096412705, 11.180339887498949, 0.0, 27.586228448267445, 51.419840528729765, 31.0, 49.658836071740545], [81.34494452638098, 32.2490309931942, 77.41446893184762, 81.00617260431454, 26.570660511172846, 27.586228448267445, 0.0, 30.805843601498726, 53.85164807134504, 64.00781202322104], [58.137767414994535, 25.238858928247925, 61.40032573203501, 64.6297145282261, 55.036351623268054, 51.419840528729765, 30.805843601498726, 0.0, 65.94694837519019, 63.953107821277925], [76.53103945458993, 42.190046219457976, 59.77457653551382, 62.625873247404705, 41.30375285612676, 31.0, 53.85164807134504, 65.94694837519019, 0.0, 25.238858928247925], [55.226805085936306, 39.0, 36.22154055254967, 38.63935817272331, 60.83584469702052, 49.658836071740545, 64.00781202322104, 63.953107821277925, 25.238858928247925, 0.0]], "task_locations": [[12, 16], [52, 47], [31, 7], [29, 4], [93, 66], [88, 56], [68, 75], [38, 68], [88, 25], [67, 11]], "precedence_constraints": [[6, 1], [6, 5], [3, 7]]}