{"Q": [[0, 1, 0], [0, 1, 1], [1, 0, 1]], "R": [[0.0, 0.0, 0.0], [1.0, 1.0, 1.0], [1.0, 0.0, 0.0], [1.0, 0.0, 1.0], [0.0, 1.0, 0.0], [0.0, 1.0, 0.0], [1.0, 1.0, 1.0], [1.0, 0.0, 1.0], [0.0, 1.0, 1.0], [0.0, 0.0, 0.0]], "T_e": [0, 68, 62, 87, 62, 86, 76, 56, 97, 0], "T_t": [[0.0, 82.41965784932621, 35.0, 26.0, 85.21150157109074, 94.2443632266673, 45.18849411078001, 88.52683209061533, 96.13532129243653, 5.830951894845301], [82.41965784932621, 0.0, 106.66770832824712, 91.8313671900838, 45.69463863518345, 82.00609733428362, 71.8679344353238, 33.015148038438355, 29.410882339705484, 82.15229759416349], [35.0, 106.66770832824712, 0.0, 14.866068747318506, 94.37160589923221, 89.08984229416954, 44.01136216933077, 102.62553288534, 112.4144118874444, 40.11234224026316], [26.0, 91.8313671900838, 14.866068747318506, 0.0, 80.77747210701756, 79.30952023559341, 31.400636936215164, 88.32326986700618, 97.9081201943945, 31.78049716414141], [85.21150157109074, 45.69463863518345, 94.37160589923221, 80.77747210701756, 0.0, 37.21558813185679, 50.60632371551998, 15.033296378372908, 25.709920264364882, 88.0056816347672], [94.2443632266673, 82.00609733428362, 89.08984229416954, 79.30952023559341, 37.21558813185679, 0.0, 49.47726750741192, 52.08646657242167, 62.03224967708329, 98.79271228182775], [45.18849411078001, 71.8679344353238, 44.01136216933077, 31.400636936215164, 50.60632371551998, 49.47726750741192, 0.0, 60.207972893961475, 70.71067811865476, 50.11985634456667], [88.52683209061533, 33.015148038438355, 102.62553288534, 88.32326986700618, 15.033296378372908, 52.08646657242167, 60.207972893961475, 0.0, 11.180339887498949, 90.4267659490264], [96.13532129243653, 29.410882339705484, 112.4144118874444, 97.9081201943945, 25.709920264364882, 62.03224967708329, 70.71067811865476, 11.180339887498949, 0.0, 97.52948272189288], [5.830951894845301, 82.15229759416349, 40.11234224026316, 31.78049716414141, 88.0056816347672, 98.79271228182775, 50.11985634456667, 90.4267659490264, 97.52948272189288, 0.0]], "task_locations": [[4, 52], [71, 4], [4, 87], [14, 76], [89, 46], [93, 83], [45, 71], [90, 31], [95, 21], [1, 47]], "precedence_constraints": [[2, 8], [2, 3], [5, 8]]}