{"Q": [[0, 1, 1], [1, 0, 0], [1, 0, 0]], "R": [[0.0, 0.0, 0.0], [1.0, 0.0, 0.0], [1.0, 1.0, 1.0], [1.0, 1.0, 0.0], [0.0, 0.0, 1.0], [0.0, 1.0, 0.0], [1.0, 1.0, 0.0], [0.0, 1.0, 0.0], [1.0, 0.0, 0.0], [0.0, 0.0, 0.0]], "T_e": [0, 71, 73, 79, 93, 71, 94, 92, 60, 0], "T_t": [[0.0, 87.55569655939013, 67.1863081289633, 51.22499389946279, 52.43090691567332, 55.08175741568164, 91.28526715741155, 41.400483088968905, 47.29693436154187, 44.9221548904324], [87.55569655939013, 0.0, 20.396078054371138, 69.52697318307479, 42.95346318982906, 94.33981132056604, 59.033888572581766, 61.18823416311342, 40.26164427839479, 42.7551166528639], [67.1863081289633, 20.396078054371138, 0.0, 55.00909015790027, 25.553864678361276, 77.89736837660179, 57.87054518492115, 43.08131845707603, 19.924858845171276, 22.360679774997898], [51.22499389946279, 69.52697318307479, 55.00909015790027, 0.0, 62.07253821135398, 97.04638066409278, 43.41658669218482, 66.70832032063167, 43.41658669218482, 45.09988913511872], [52.43090691567332, 42.95346318982906, 25.553864678361276, 62.07253821135398, 0.0, 52.354560450833695, 78.89233169326408, 18.24828759089466, 19.235384061671343, 17.0], [55.08175741568164, 94.33981132056604, 77.89736837660179, 97.04638066409278, 52.354560450833695, 0.0, 126.66885963013956, 35.608987629529715, 65.85590330410783, 62.289646009589745], [91.28526715741155, 59.033888572581766, 57.87054518492115, 43.41658669218482, 78.89233169326408, 126.66885963013956, 0.0, 91.67878707749138, 61.40032573203501, 64.81512169239521], [41.400483088968905, 61.18823416311342, 43.08131845707603, 66.70832032063167, 18.24828759089466, 35.608987629529715, 91.67878707749138, 0.0, 30.4138126514911, 26.90724809414742], [47.29693436154187, 40.26164427839479, 19.924858845171276, 43.41658669218482, 19.235384061671343, 65.85590330410783, 61.40032573203501, 30.4138126514911, 0.0, 3.605551275463989], [44.9221548904324, 42.7551166528639, 22.360679774997898, 45.09988913511872, 17.0, 62.289646009589745, 64.81512169239521, 26.90724809414742, 3.605551275463989, 0.0]], "task_locations": [[57, 7], [36, 92], [40, 72], [89, 47], [27, 50], [2, 4], [95, 90], [24, 32], [46, 53], [44, 50]], "precedence_constraints": [[2, 6], [3, 1], [4, 1], [7, 3]]}