{"Q": [[0, 0, 1], [0, 1, 1], [1, 0, 1]], "R": [[0.0, 0.0, 0.0], [0.0, 0.0, 1.0], [0.0, 1.0, 0.0], [1.0, 1.0, 0.0], [0.0, 1.0, 0.0], [1.0, 0.0, 1.0], [1.0, 0.0, 1.0], [0.0, 1.0, 0.0], [1.0, 0.0, 1.0], [0.0, 0.0, 0.0]], "T_e": [0, 79, 66, 80, 53, 62, 58, 57, 60, 0], "T_t": [[0.0, 61.68468205316454, 85.492689745966, 91.54780172128658, 40.19950248448356, 86.00581375697809, 9.433981132056603, 52.08646657242167, 76.02631123499285, 76.16429609731846], [61.68468205316454, 0.0, 61.465437442517235, 39.84971769034255, 30.805843601498726, 87.78382538941898, 70.9365914038728, 63.13477647065839, 81.39410298049853, 24.08318915758459], [85.492689745966, 61.465437442517235, 0.0, 39.824615503479755, 82.15229759416349, 36.87817782917155, 93.47726996441435, 41.23105625617661, 37.05401462729781, 83.72574275573791], [91.54780172128658, 39.84971769034255, 39.824615503479755, 0.0, 69.77822009767804, 75.96051605933177, 100.89598604503551, 67.36467917239716, 73.97972695272672, 54.3323108288245], [40.19950248448356, 30.805843601498726, 82.15229759416349, 69.77822009767804, 0.0, 98.89893831583835, 48.010415536631214, 67.11929677819934, 90.35485598461214, 37.107950630558946], [86.00581375697809, 87.78382538941898, 36.87817782917155, 75.96051605933177, 98.89893831583835, 0.0, 91.26883367283708, 34.23448553724738, 10.04987562112089, 111.75866856758807], [9.433981132056603, 70.9365914038728, 93.47726996441435, 100.89598604503551, 48.010415536631214, 91.26883367283708, 0.0, 58.05170109479997, 81.2219182240853, 84.5931439302264], [52.08646657242167, 63.13477647065839, 41.23105625617661, 67.36467917239716, 67.11929677819934, 34.23448553724738, 58.05170109479997, 0.0, 24.515301344262525, 86.82165628459296], [76.02631123499285, 81.39410298049853, 37.05401462729781, 73.97972695272672, 90.35485598461214, 10.04987562112089, 81.2219182240853, 24.515301344262525, 0.0, 105.47511554864494], [76.16429609731846, 24.08318915758459, 83.72574275573791, 54.3323108288245, 37.107950630558946, 111.75866856758807, 84.5931439302264, 86.82165628459296, 105.47511554864494, 0.0]], "task_locations": [[89, 86], [31, 65], [54, 8], [19, 27], [49, 90], [90, 0], [97, 91], [86, 34], [91, 10], [13, 81]], "precedence_constraints": [[5, 1], [5, 7], [1, 3], [3, 7], [1, 2]]}