{"Q": [[0, 1, 1], [1, 1, 0], [0, 1, 0]], "R": [[0.0, 0.0, 0.0], [1.0, 0.0, 0.0], [1.0, 0.0, 0.0], [1.0, 1.0, 0.0], [0.0, 0.0, 1.0], [0.0, 1.0, 1.0], [1.0, 1.0, 1.0], [1.0, 0.0, 0.0], [0.0, 1.0, 0.0], [0.0, 0.0, 0.0]], "T_e": [0, 92, 96, 51, 83, 68, 64, 93, 52, 0], "T_t": [[0.0, 92.77930803794561, 46.51881339845203, 49.16299421312742, 68.54195795277518, 105.30906893520614, 86.20904824900923, 19.924858845171276, 55.97320787662612, 18.973665961010276], [92.77930803794561, 0.0, 59.36328831862332, 43.73785545725808, 82.61961026293939, 41.012193308819754, 8.48528137423857, 86.28441342444185, 84.59905436823747, 76.15773105863909], [46.51881339845203, 59.36328831862332, 0.0, 25.0, 84.34453153583817, 87.92041856133307, 51.10772935672255, 53.075418038862395, 76.84399781375251, 27.784887978899608], [49.16299421312742, 43.73785545725808, 25.0, 0.0, 62.96824596572466, 64.53681120105021, 37.05401462729781, 45.5411901469428, 57.982756057296896, 32.57299494980466], [68.54195795277518, 82.61961026293939, 84.34453153583817, 62.96824596572466, 0.0, 64.77653896280658, 82.03657720797473, 48.75448697299562, 13.45362404707371, 69.58448102845921], [105.30906893520614, 41.012193308819754, 87.92041856133307, 64.53681120105021, 64.77653896280658, 0.0, 47.265209192385896, 91.54780172128658, 73.0, 93.86160024205851], [86.20904824900923, 8.48528137423857, 51.10772935672255, 37.05401462729781, 82.03657720797473, 47.265209192385896, 0.0, 81.04936767180853, 82.66196223173026, 69.05070600652827], [19.924858845171276, 86.28441342444185, 53.075418038862395, 45.5411901469428, 48.75448697299562, 91.54780172128658, 81.04936767180853, 0.0, 36.05551275463989, 27.730849247724095], [55.97320787662612, 84.59905436823747, 76.84399781375251, 57.982756057296896, 13.45362404707371, 73.0, 82.66196223173026, 36.05551275463989, 0.0, 59.0], [18.973665961010276, 76.15773105863909, 27.784887978899608, 32.57299494980466, 69.58448102845921, 93.86160024205851, 69.05070600652827, 27.730849247724095, 59.0, 0.0]], "task_locations": [[26, 6], [38, 98], [6, 48], [30, 55], [89, 33], [79, 97], [32, 92], [45, 12], [79, 24], [20, 24]], "precedence_constraints": [[7, 3]]}