{"Q": [[1, 1, 1], [0, 1, 1], [1, 1, 0]], "R": [[0.0, 0.0, 0.0], [0.0, 1.0, 0.0], [0.0, 1.0, 0.0], [0.0, 0.0, 1.0], [0.0, 1.0, 0.0], [0.0, 0.0, 1.0], [0.0, 1.0, 0.0], [0.0, 1.0, 0.0], [1.0, 1.0, 0.0], [0.0, 0.0, 0.0]], "T_e": [0, 90, 80, 58, 75, 98, 96, 67, 51, 0], "T_t": [[0.0, 10.295630140987, 37.8549864614954, 63.071388124885914, 42.720018726587654, 93.39164844888434, 49.49747468305833, 33.54101966249684, 73.38937252763509, 56.32051136131489], [10.295630140987, 0.0, 30.870698080866262, 63.245553203367585, 35.510561809129406, 86.83317338436964, 46.8187996428785, 26.40075756488817, 65.96969000988257, 53.16013544000805], [37.8549864614954, 30.870698080866262, 0.0, 91.21951545584969, 52.80151512977634, 100.2845950283492, 72.00694410957877, 4.47213595499958, 77.92945527847606, 77.10382610480494], [63.071388124885914, 63.245553203367585, 91.21951545584969, 0.0, 45.31004303683677, 58.82176467941097, 21.540659228538015, 87.0, 53.36665625650534, 21.02379604162864], [42.720018726587654, 35.510561809129406, 52.80151512977634, 45.31004303683677, 0.0, 51.35172830587107, 23.769728648009426, 49.39635614091387, 30.675723300355934, 26.40075756488817], [93.39164844888434, 86.83317338436964, 100.2845950283492, 58.82176467941097, 51.35172830587107, 0.0, 50.47771785649585, 97.73944955850733, 22.360679774997898, 44.204072210600685], [49.49747468305833, 46.8187996428785, 72.00694410957877, 21.540659228538015, 23.769728648009426, 50.47771785649585, 0.0, 68.00735254367721, 37.73592452822641, 7.0710678118654755], [33.54101966249684, 26.40075756488817, 4.47213595499958, 87.0, 49.39635614091387, 97.73944955850733, 68.00735254367721, 0.0, 75.4254598925323, 73.24616030891995], [73.38937252763509, 65.96969000988257, 77.92945527847606, 53.36665625650534, 30.675723300355934, 22.360679774997898, 37.73592452822641, 75.4254598925323, 0.0, 33.61547262794322], [56.32051136131489, 53.16013544000805, 77.10382610480494, 21.02379604162864, 26.40075756488817, 44.204072210600685, 7.0710678118654755, 73.24616030891995, 33.61547262794322, 0.0]], "task_locations": [[67, 91], [58, 86], [30, 99], [94, 34], [52, 51], [46, 0], [74, 42], [34, 97], [42, 22], [73, 35]], "precedence_constraints": [[3, 8], [4, 8], [4, 2], [1, 5], [6, 4]]}