{"Q": [[1, 0, 0], [1, 1, 0], [1, 0, 1]], "R": [[0.0, 0.0, 0.0], [0.0, 1.0, 1.0], [1.0, 0.0, 1.0], [1.0, 0.0, 1.0], [0.0, 1.0, 1.0], [1.0, 0.0, 0.0], [0.0, 0.0, 1.0], [0.0, 0.0, 1.0], [0.0, 0.0, 1.0], [0.0, 0.0, 0.0]], "T_e": [0, 76, 74, 98, 95, 54, 68, 61, 57, 0], "T_t": [[0.0, 39.11521443121589, 42.01190307520001, 48.79549159502341, 96.16652224137046, 58.52349955359813, 77.62087348130012, 69.00724599634447, 18.788294228055936, 57.0350769263968], [39.11521443121589, 0.0, 5.0, 32.38826948140329, 71.17583859709698, 55.362442142665635, 42.01190307520001, 77.17512552629896, 51.07837115648854, 18.681541692269406], [42.01190307520001, 5.0, 0.0, 36.87817782917155, 73.7360156233031, 60.166435825965294, 42.42640687119285, 82.15229759416349, 52.49761899362675, 15.033296378372908], [48.79549159502341, 32.38826948140329, 36.87817782917155, 0.0, 47.38143096192854, 24.413111231467404, 38.47076812334269, 48.79549159502341, 66.84309986827361, 43.56604182158393], [96.16652224137046, 71.17583859709698, 73.7360156233031, 47.38143096192854, 0.0, 49.72926703662542, 39.20459156782532, 69.00724599634447, 114.02192771568107, 70.8590149522275], [58.52349955359813, 55.362442142665635, 60.166435825965294, 24.413111231467404, 49.72926703662542, 0.0, 58.137767414994535, 25.238858928247925, 77.25283166331187, 67.95586803212802], [77.62087348130012, 42.01190307520001, 42.42640687119285, 38.47076812334269, 39.20459156782532, 58.137767414994535, 0.0, 83.24061508662703, 92.28217596047462, 34.438350715445125], [69.00724599634447, 77.17512552629896, 82.15229759416349, 48.79549159502341, 69.00724599634447, 25.238858928247925, 83.24061508662703, 0.0, 86.28441342444185, 91.67878707749138], [18.788294228055936, 51.07837115648854, 52.49761899362675, 66.84309986827361, 114.02192771568107, 77.25283166331187, 92.28217596047462, 86.28441342444185, 0.0, 66.70832032063167], [57.0350769263968, 18.681541692269406, 15.033296378372908, 43.56604182158393, 70.8590149522275, 67.95586803212802, 34.438350715445125, 91.67878707749138, 66.70832032063167, 0.0]], "task_locations": [[17, 29], [56, 32], [59, 28], [51, 64], [85, 97], [37, 84], [89, 58], [16, 98], [9, 12], [74, 27]], "precedence_constraints": [[6, 3], [5, 8]]}