{"Q": [[1, 0, 1], [0, 0, 1], [0, 1, 0]], "R": [[0.0, 0.0, 0.0], [0.0, 1.0, 0.0], [1.0, 1.0, 0.0], [0.0, 1.0, 0.0], [0.0, 0.0, 1.0], [1.0, 0.0, 1.0], [1.0, 1.0, 0.0], [1.0, 1.0, 0.0], [0.0, 0.0, 1.0], [0.0, 0.0, 0.0]], "T_e": [0, 96, 56, 94, 91, 94, 60, 58, 91, 0], "T_t": [[0.0, 83.24061508662703, 43.04648650006177, 21.540659228538015, 35.0, 43.32435804486894, 44.82186966202994, 49.9799959983992, 77.02596964660685, 86.58521813797087], [83.24061508662703, 0.0, 105.26157893552613, 61.84658438426491, 50.53711507397311, 40.024992192379, 53.36665625650534, 94.17536832951598, 19.849433241279208, 4.47213595499958], [43.04648650006177, 105.26157893552613, 0.0, 55.54277630799526, 56.72741841473134, 71.40028011149536, 83.57032966310472, 19.4164878389476, 106.4048871058092, 107.20074626605917], [21.540659228538015, 61.84658438426491, 55.54277630799526, 0.0, 17.0, 21.840329667841555, 28.160255680657446, 55.08175741568164, 55.758407437802596, 65.30696746902278], [35.0, 50.53711507397311, 56.72741841473134, 17.0, 0.0, 15.231546211727817, 35.6931365951495, 50.32891812864648, 49.678969393496885, 53.31041174104736], [43.32435804486894, 40.024992192379, 71.40028011149536, 21.840329667841555, 15.231546211727817, 0.0, 24.698178070456937, 65.55150646628954, 35.38361202590826, 43.56604182158393], [44.82186966202994, 53.36665625650534, 83.57032966310472, 28.160255680657446, 35.6931365951495, 24.698178070456937, 0.0, 82.73451516749222, 39.11521443121589, 57.723478758647246], [49.9799959983992, 94.17536832951598, 19.4164878389476, 55.08175741568164, 50.32891812864648, 65.55150646628954, 82.73451516749222, 0.0, 98.6154146165801, 95.46203433826454], [77.02596964660685, 19.849433241279208, 106.4048871058092, 55.758407437802596, 49.678969393496885, 35.38361202590826, 39.11521443121589, 98.6154146165801, 0.0, 24.041630560342615], [86.58521813797087, 4.47213595499958, 107.20074626605917, 65.30696746902278, 53.31041174104736, 43.56604182158393, 57.723478758647246, 95.46203433826454, 24.041630560342615, 0.0]], "task_locations": [[14, 57], [94, 80], [12, 14], [34, 65], [49, 57], [55, 71], [42, 92], [31, 10], [81, 95], [98, 78]], "precedence_constraints": [[2, 1], [7, 5], [2, 8]]}