{"Q": [[0, 1, 1], [1, 0, 0], [1, 1, 1]], "R": [[0.0, 0.0, 0.0], [0.0, 1.0, 0.0], [1.0, 0.0, 0.0], [1.0, 0.0, 0.0], [0.0, 1.0, 1.0], [0.0, 1.0, 0.0], [0.0, 0.0, 1.0], [1.0, 1.0, 1.0], [1.0, 0.0, 1.0], [0.0, 0.0, 0.0]], "T_e": [0, 79, 77, 73, 98, 55, 74, 61, 82, 0], "T_t": [[0.0, 59.07622195096772, 24.596747752497688, 38.07886552931954, 56.43580423808985, 38.01315561749642, 14.142135623730951, 52.40229002629561, 60.876925020897694, 41.10960958218893], [59.07622195096772, 0.0, 51.62363799656123, 34.058772731852805, 61.0, 48.25971404805462, 58.05170109479997, 68.73136110975832, 78.40918313565064, 87.13208364316786], [24.596747752497688, 51.62363799656123, 0.0, 46.52956049652737, 31.906112267087632, 53.31041174104736, 12.041594578792296, 29.410882339705484, 38.948684188300895, 35.510561809129406], [38.07886552931954, 34.058772731852805, 46.52956049652737, 0.0, 71.58910531638176, 14.317821063276353, 45.27692569068709, 74.0, 84.11896337925236, 76.94153624668537], [56.43580423808985, 61.0, 31.906112267087632, 71.58910531638176, 0.0, 81.60882305241266, 42.95346318982906, 12.206555615733702, 18.788294228055936, 47.80167361086848], [38.01315561749642, 48.25971404805462, 53.31041174104736, 14.317821063276353, 81.60882305241266, 0.0, 48.83646178829912, 82.29823813423954, 92.13576938409967, 79.02531240052139], [14.142135623730951, 58.05170109479997, 12.041594578792296, 45.27692569068709, 42.95346318982906, 48.83646178829912, 0.0, 38.28837943815329, 46.75467891024384, 31.78049716414141], [52.40229002629561, 68.73136110975832, 29.410882339705484, 74.0, 12.206555615733702, 82.29823813423954, 38.28837943815329, 0.0, 10.198039027185569, 36.49657518178932], [60.876925020897694, 78.40918313565064, 38.948684188300895, 84.11896337925236, 18.788294228055936, 92.13576938409967, 46.75467891024384, 10.198039027185569, 0.0, 38.2099463490856], [41.10960958218893, 87.13208364316786, 35.510561809129406, 76.94153624668537, 47.80167361086848, 79.02531240052139, 31.78049716414141, 36.49657518178932, 38.2099463490856, 0.0]], "task_locations": [[69, 51], [20, 18], [47, 62], [54, 16], [20, 79], [68, 13], [59, 61], [30, 86], [28, 96], [66, 92]], "precedence_constraints": [[2, 8], [7, 4], [2, 3]]}