{"Q": [[1, 0, 1], [1, 1, 1], [0, 1, 0]], "R": [[0.0, 0.0, 0.0], [0.0, 1.0, 0.0], [0.0, 1.0, 0.0], [1.0, 0.0, 1.0], [1.0, 1.0, 1.0], [1.0, 1.0, 0.0], [1.0, 0.0, 0.0], [1.0, 1.0, 1.0], [1.0, 0.0, 0.0], [0.0, 0.0, 0.0]], "T_e": [0, 81, 64, 72, 64, 50, 85, 54, 90, 0], "T_t": [[0.0, 23.323807579381203, 46.400431032480725, 41.400483088968905, 24.166091947189145, 35.4682957019364, 21.0, 21.02379604162864, 52.773099207835045, 69.65629906907199], [23.323807579381203, 0.0, 43.46262762420146, 21.587033144922902, 14.142135623730951, 35.6931365951495, 21.93171219946131, 21.02379604162864, 32.14031735997639, 65.5133574166368], [46.400431032480725, 43.46262762420146, 0.0, 62.16912416947821, 56.824290580701486, 11.180339887498949, 61.40032573203501, 60.802960454241045, 39.92492955535426, 23.345235059857504], [41.400483088968905, 21.587033144922902, 62.16912416947821, 0.0, 18.601075237738275, 56.0357029044876, 27.730849247724095, 26.832815729997478, 36.124783736376884, 82.28000972289685], [24.166091947189145, 14.142135623730951, 56.824290580701486, 18.601075237738275, 0.0, 48.104053883222775, 10.04987562112089, 9.055385138137417, 43.965895873961216, 79.32212806020776], [35.4682957019364, 35.6931365951495, 11.180339887498949, 56.0357029044876, 48.104053883222775, 0.0, 51.62363799656123, 51.10772935672255, 40.607881008493905, 34.20526275297414], [21.0, 21.93171219946131, 61.40032573203501, 27.730849247724095, 10.04987562112089, 51.62363799656123, 0.0, 1.0, 53.36665625650534, 84.50443775329198], [21.02379604162864, 21.02379604162864, 60.802960454241045, 26.832815729997478, 9.055385138137417, 51.10772935672255, 1.0, 0.0, 52.392747589718944, 83.86894538504703], [52.773099207835045, 32.14031735997639, 39.92492955535426, 36.124783736376884, 43.965895873961216, 40.607881008493905, 53.36665625650534, 52.392747589718944, 0.0, 53.03772242470448], [69.65629906907199, 65.5133574166368, 23.345235059857504, 82.28000972289685, 79.32212806020776, 34.20526275297414, 84.50443775329198, 83.86894538504703, 53.03772242470448, 0.0]], "task_locations": [[42, 50], [62, 38], [79, 78], [67, 17], [52, 28], [69, 73], [42, 29], [43, 29], [94, 41], [96, 94]], "precedence_constraints": [[6, 3], [6, 1], [4, 7], [8, 5]]}