{"Q": [[1, 1, 0], [1, 1, 1], [0, 1, 1]], "R": [[0.0, 0.0, 0.0], [0.0, 1.0, 0.0], [1.0, 0.0, 1.0], [1.0, 0.0, 0.0], [0.0, 1.0, 0.0], [1.0, 0.0, 0.0], [1.0, 0.0, 0.0], [0.0, 1.0, 1.0], [0.0, 1.0, 0.0], [0.0, 0.0, 0.0]], "T_e": [0, 92, 85, 94, 55, 66, 55, 72, 70, 0], "T_t": [[0.0, 44.28317965096906, 54.91812087098393, 15.620499351813308, 38.62641583165593, 69.81403870282824, 9.433981132056603, 45.34313619501854, 54.91812087098393, 47.16990566028302], [44.28317965096906, 0.0, 46.09772228646444, 30.805843601498726, 82.85529554590944, 36.124783736376884, 34.92849839314596, 49.36598018878993, 61.032778078668514, 84.02380615040002], [54.91812087098393, 46.09772228646444, 0.0, 42.0, 82.09750300709517, 33.015148038438355, 49.040799340956916, 87.36131867136622, 20.0, 65.45991139621256], [15.620499351813308, 30.805843601498726, 42.0, 0.0, 52.839379254491625, 54.20332093147061, 7.280109889280518, 48.373546489791295, 46.51881339845203, 54.230987451824994], [38.62641583165593, 82.85529554590944, 82.09750300709517, 52.839379254491625, 0.0, 104.89041900955492, 47.92702786528704, 71.80529228406496, 72.80109889280519, 32.01562118716424], [69.81403870282824, 36.124783736376884, 33.015148038438355, 54.20332093147061, 104.89041900955492, 0.0, 61.032778078668514, 85.47514258543241, 53.009433122794285, 94.93682109698007], [9.433981132056603, 34.92849839314596, 49.040799340956916, 7.280109889280518, 47.92702786528704, 61.032778078668514, 0.0, 43.60045871318328, 52.20153254455275, 53.36665625650534], [45.34313619501854, 49.36598018878993, 87.36131867136622, 48.373546489791295, 71.80529228406496, 85.47514258543241, 43.60045871318328, 0.0, 94.82615672903758, 91.0659101969557], [54.91812087098393, 61.032778078668514, 20.0, 46.51881339845203, 72.80109889280519, 53.009433122794285, 52.20153254455275, 94.82615672903758, 0.0, 50.24937810560445], [47.16990566028302, 84.02380615040002, 65.45991139621256, 54.230987451824994, 32.01562118716424, 94.93682109698007, 53.36665625650534, 91.0659101969557, 50.24937810560445, 0.0]], "task_locations": [[59, 54], [40, 14], [5, 44], [47, 44], [73, 90], [4, 11], [54, 46], [89, 20], [5, 64], [42, 98]], "precedence_constraints": [[2, 5], [2, 8], [4, 2]]}