{"Q": [[1, 0, 1], [1, 0, 0], [0, 1, 0]], "R": [[0.0, 0.0, 0.0], [1.0, 1.0, 0.0], [0.0, 1.0, 1.0], [0.0, 1.0, 0.0], [0.0, 0.0, 1.0], [1.0, 1.0, 0.0], [0.0, 0.0, 1.0], [1.0, 0.0, 0.0], [0.0, 1.0, 0.0], [0.0, 0.0, 0.0]], "T_e": [0, 60, 99, 68, 98, 86, 86, 87, 81, 0], "T_t": [[0.0, 84.38009243891595, 79.83107164506812, 77.10382610480494, 57.0087712549569, 79.51100552753688, 67.11929677819934, 82.87339742040264, 64.07027391856539, 59.033888572581766], [84.38009243891595, 0.0, 25.709920264364882, 67.11929677819934, 33.61547262794322, 63.324560795950255, 17.46424919657298, 20.09975124224178, 53.823786563191554, 47.80167361086848], [79.83107164506812, 25.709920264364882, 0.0, 42.190046219457976, 45.48626166217664, 38.01315561749642, 23.706539182259394, 6.4031242374328485, 31.400636936215164, 62.76941930590086], [77.10382610480494, 67.11929677819934, 42.190046219457976, 0.0, 74.06078584514209, 5.385164807134504, 58.05170109479997, 48.54894437575342, 17.26267650163207, 90.55385138137417], [57.0087712549569, 33.61547262794322, 45.48626166217664, 74.06078584514209, 0.0, 72.44308110509934, 22.02271554554524, 43.93176527297759, 57.0, 17.46424919657298], [79.51100552753688, 63.324560795950255, 38.01315561749642, 5.385164807134504, 72.44308110509934, 0.0, 55.326304774492215, 44.294469180700204, 17.0, 89.26925562588724], [67.11929677819934, 17.46424919657298, 23.706539182259394, 58.05170109479997, 22.02271554554524, 55.326304774492215, 0.0, 21.93171219946131, 42.37924020083418, 39.11521443121589], [82.87339742040264, 20.09975124224178, 6.4031242374328485, 48.54894437575342, 43.93176527297759, 44.294469180700204, 21.93171219946131, 0.0, 37.64306044943742, 60.802960454241045], [64.07027391856539, 53.823786563191554, 31.400636936215164, 17.26267650163207, 57.0, 17.0, 42.37924020083418, 37.64306044943742, 0.0, 73.33484846919642], [59.033888572581766, 47.80167361086848, 62.76941930590086, 90.55385138137417, 17.46424919657298, 89.26925562588724, 39.11521443121589, 60.802960454241045, 73.33484846919642, 0.0]], "task_locations": [[42, 12], [34, 96], [59, 90], [95, 68], [21, 65], [93, 73], [38, 79], [54, 94], [78, 65], [5, 58]], "precedence_constraints": [[8, 3], [5, 3], [7, 4]]}