{"Q": [[0, 0, 1], [1, 1, 1], [1, 1, 1]], "R": [[0.0, 0.0, 0.0], [1.0, 0.0, 0.0], [0.0, 1.0, 0.0], [0.0, 1.0, 0.0], [1.0, 0.0, 0.0], [0.0, 0.0, 1.0], [1.0, 0.0, 0.0], [0.0, 0.0, 1.0], [0.0, 1.0, 1.0], [0.0, 0.0, 0.0]], "T_e": [0, 81, 73, 87, 74, 85, 69, 84, 84, 0], "T_t": [[0.0, 15.524174696260024, 78.33900688673555, 22.561028345356956, 7.0, 20.518284528683193, 47.38143096192854, 8.48528137423857, 53.48831648126533, 32.449961479175904], [15.524174696260024, 0.0, 72.11102550927978, 26.90724809414742, 8.94427190999916, 31.622776601683793, 62.80127387243033, 21.095023109728988, 57.201398584300364, 44.27188724235731], [78.33900688673555, 72.11102550927978, 0.0, 59.09314681077663, 76.94153624668537, 70.71067811865476, 105.26157893552613, 74.33034373659252, 46.04345773288535, 74.02702209328699], [22.561028345356956, 26.90724809414742, 59.09314681077663, 0.0, 25.059928172283335, 12.806248474865697, 50.47771785649585, 16.0312195418814, 31.304951684997057, 22.360679774997898], [7.0, 8.94427190999916, 76.94153624668537, 25.059928172283335, 0.0, 26.076809620810597, 54.3323108288245, 14.317821063276353, 56.356011214421486, 38.47076812334269], [20.518284528683193, 31.622776601683793, 70.71067811865476, 12.806248474865697, 26.076809620810597, 0.0, 37.73592452822641, 12.041594578792296, 36.22154055254967, 12.649110640673518], [47.38143096192854, 62.80127387243033, 105.26157893552613, 50.47771785649585, 54.3323108288245, 37.73592452822641, 0.0, 42.720018726587654, 62.609903369994115, 31.240998703626616], [8.48528137423857, 21.095023109728988, 74.33034373659252, 16.0312195418814, 14.317821063276353, 12.041594578792296, 42.720018726587654, 0.0, 45.880278987817846, 24.186773244895647], [53.48831648126533, 57.201398584300364, 46.04345773288535, 31.304951684997057, 56.356011214421486, 36.22154055254967, 62.609903369994115, 45.880278987817846, 0.0, 32.984845004941285], [32.449961479175904, 44.27188724235731, 74.02702209328699, 22.360679774997898, 38.47076812334269, 12.649110640673518, 31.240998703626616, 24.186773244895647, 32.984845004941285, 0.0]], "task_locations": [[10, 76], [14, 91], [86, 95], [32, 71], [10, 83], [24, 61], [4, 29], [16, 70], [60, 57], [28, 49]], "precedence_constraints": [[7, 1], [6, 7], [8, 3], [2, 8]]}