{"Q": [[1, 1, 0], [1, 0, 0], [0, 0, 1]], "R": [[0.0, 0.0, 0.0], [0.0, 1.0, 0.0], [0.0, 1.0, 0.0], [0.0, 1.0, 0.0], [0.0, 1.0, 0.0], [0.0, 1.0, 1.0], [1.0, 0.0, 1.0], [1.0, 0.0, 1.0], [0.0, 0.0, 1.0], [0.0, 0.0, 0.0]], "T_e": [0, 60, 66, 79, 75, 73, 90, 90, 52, 0], "T_t": [[0.0, 68.59300255857006, 54.120236510939236, 70.21395872616783, 36.345563690772494, 33.734255586866, 97.41663102366043, 56.88585061331157, 27.018512172212592, 101.83319694480774], [68.59300255857006, 0.0, 58.05170109479997, 55.072679252057455, 32.2490309931942, 65.55150646628954, 44.598206241955516, 22.47220505424423, 69.3757882838098, 52.20153254455275], [54.120236510939236, 58.05170109479997, 0.0, 18.35755975068582, 44.384682042344295, 23.430749027719962, 58.077534382926416, 65.76473218982953, 31.89043743820395, 59.033888572581766], [70.21395872616783, 55.072679252057455, 18.35755975068582, 0.0, 52.23983154643591, 41.617304093369626, 42.42640687119285, 68.65857557508748, 50.0, 42.04759208325728], [36.345563690772494, 32.2490309931942, 44.384682042344295, 52.23983154643591, 0.0, 40.311288741492746, 65.76473218982953, 25.0, 41.340053217188775, 71.58910531638176], [33.734255586866, 65.55150646628954, 23.430749027719962, 41.617304093369626, 40.311288741492746, 0.0, 78.10249675906654, 65.19202405202648, 8.48528137423857, 80.32434251209281], [97.41663102366043, 44.598206241955516, 58.077534382926416, 42.42640687119285, 65.76473218982953, 78.10249675906654, 0.0, 66.70832032063167, 85.44003745317531, 8.0], [56.88585061331157, 22.47220505424423, 65.76473218982953, 68.65857557508748, 25.0, 65.19202405202648, 66.70832032063167, 0.0, 66.2872536767062, 74.09453421137081], [27.018512172212592, 69.3757882838098, 31.89043743820395, 50.0, 41.340053217188775, 8.48528137423857, 85.44003745317531, 66.2872536767062, 0.0, 88.02272433866155], [101.83319694480774, 52.20153254455275, 59.033888572581766, 42.04759208325728, 71.58910531638176, 80.32434251209281, 8.0, 74.09453421137081, 88.02272433866155, 0.0]], "task_locations": [[68, 93], [59, 25], [20, 68], [11, 52], [63, 57], [35, 86], [17, 10], [78, 37], [41, 92], [9, 10]], "precedence_constraints": [[2, 5], [8, 2], [8, 6]]}