{"Q": [[0, 1, 1], [1, 0, 1], [1, 1, 1]], "R": [[0.0, 0.0, 0.0], [1.0, 0.0, 1.0], [1.0, 1.0, 1.0], [1.0, 1.0, 0.0], [0.0, 0.0, 1.0], [1.0, 1.0, 1.0], [1.0, 0.0, 1.0], [1.0, 1.0, 0.0], [1.0, 0.0, 1.0], [0.0, 0.0, 0.0]], "T_e": [0, 76, 56, 68, 69, 83, 77, 71, 83, 0], "T_t": [[0.0, 39.81205847478876, 47.4236228055175, 72.91776189653656, 69.52697318307479, 73.824115301167, 55.036351623268054, 72.49827584156743, 11.313708498984761, 35.35533905932738], [39.81205847478876, 0.0, 12.649110640673518, 43.657759905886145, 39.56008088970496, 50.24937810560445, 74.88658090739622, 46.61544808322666, 31.0, 54.817880294662984], [47.4236228055175, 12.649110640673518, 0.0, 31.016124838541646, 26.92582403567252, 59.23681287847955, 72.49827584156743, 55.036351623268054, 37.0, 66.85057965343307], [72.91776189653656, 43.657759905886145, 31.016124838541646, 0.0, 4.123105625617661, 84.71717653463199, 77.00649323271382, 79.90619500389191, 61.61980201201558, 97.24710792614863], [69.52697318307479, 39.56008088970496, 26.92582403567252, 4.123105625617661, 0.0, 80.89499366462674, 76.16429609731846, 76.11832893594026, 58.25804665451803, 93.29523031752481], [73.824115301167, 50.24937810560445, 59.23681287847955, 84.71717653463199, 80.89499366462674, 0.0, 122.34786471369249, 5.0990195135927845, 71.40028011149536, 60.0], [55.036351623268054, 74.88658090739622, 72.49827584156743, 77.00649323271382, 76.16429609731846, 122.34786471369249, 0.0, 119.6703806294607, 52.20153254455275, 89.49301648732151], [72.49827584156743, 46.61544808322666, 55.036351623268054, 79.90619500389191, 76.11832893594026, 5.0990195135927845, 119.6703806294607, 0.0, 69.33974329343886, 61.204574992397426], [11.313708498984761, 31.0, 37.0, 61.61980201201558, 58.25804665451803, 71.40028011149536, 52.20153254455275, 69.33974329343886, 0.0, 43.104524124504614], [35.35533905932738, 54.817880294662984, 66.85057965343307, 97.24710792614863, 93.29523031752481, 60.0, 89.49301648732151, 61.204574992397426, 43.104524124504614, 0.0]], "task_locations": [[58, 28], [50, 67], [38, 71], [9, 82], [13, 81], [93, 93], [8, 5], [88, 94], [50, 36], [93, 33]], "precedence_constraints": [[1, 5], [8, 5], [4, 5]]}