{"Q": [[0, 1, 1], [0, 0, 1], [1, 0, 1]], "R": [[0.0, 0.0, 0.0], [0.0, 1.0, 1.0], [1.0, 1.0, 1.0], [0.0, 0.0, 1.0], [0.0, 1.0, 1.0], [1.0, 0.0, 0.0], [0.0, 1.0, 1.0], [0.0, 1.0, 0.0], [0.0, 1.0, 1.0], [0.0, 0.0, 0.0]], "T_e": [0, 96, 76, 84, 71, 56, 58, 53, 51, 0], "T_t": [[0.0, 50.48762224545735, 23.430749027719962, 28.160255680657446, 49.73932046178355, 31.76476034853718, 20.591260281974, 60.876925020897694, 17.46424919657298, 61.07372593840988], [50.48762224545735, 0.0, 71.47027354082255, 67.23094525588644, 32.7566787083184, 40.8166632639171, 65.0, 52.773099207835045, 67.468511173732, 55.10898293381942], [23.430749027719962, 71.47027354082255, 0.0, 15.620499351813308, 61.814237842102365, 54.20332093147061, 8.54400374531753, 66.18912297349165, 8.246211251235321, 65.36818798161687], [28.160255680657446, 67.23094525588644, 15.620499351813308, 0.0, 51.03920062069938, 59.61543424315552, 9.219544457292887, 52.20153254455275, 21.540659228538015, 51.07837115648854], [49.73932046178355, 32.7566787083184, 61.814237842102365, 51.03920062069938, 0.0, 59.941638282582836, 53.46026561849464, 20.09975124224178, 61.68468205316454, 22.360679774997898], [31.76476034853718, 40.8166632639171, 54.20332093147061, 59.61543424315552, 59.941638282582836, 0.0, 52.354560450833695, 77.4919350642375, 46.75467891024384, 78.74642849044012], [20.591260281974, 65.0, 8.54400374531753, 9.219544457292887, 53.46026561849464, 52.354560450833695, 0.0, 57.706152185014034, 12.529964086141668, 56.938563381947034], [60.876925020897694, 52.773099207835045, 66.18912297349165, 52.20153254455275, 20.09975124224178, 77.4919350642375, 57.706152185014034, 0.0, 68.5054742338158, 2.8284271247461903], [17.46424919657298, 67.468511173732, 8.246211251235321, 21.540659228538015, 61.68468205316454, 46.75467891024384, 12.529964086141668, 68.5054742338158, 0.0, 68.00735254367721], [61.07372593840988, 55.10898293381942, 65.36818798161687, 51.07837115648854, 22.360679774997898, 78.74642849044012, 56.938563381947034, 2.8284271247461903, 68.00735254367721, 0.0]], "task_locations": [[30, 76], [23, 26], [45, 94], [57, 84], [55, 33], [2, 61], [48, 86], [75, 35], [37, 92], [77, 37]], "precedence_constraints": [[3, 1], [5, 8]]}