{"Q": [[0, 1, 1], [0, 0, 1], [1, 0, 1]], "R": [[0.0, 0.0, 0.0], [0.0, 1.0, 1.0], [0.0, 1.0, 0.0], [0.0, 1.0, 1.0], [1.0, 0.0, 0.0], [0.0, 1.0, 1.0], [0.0, 1.0, 0.0], [1.0, 1.0, 1.0], [0.0, 1.0, 0.0], [0.0, 0.0, 0.0]], "T_e": [0, 81, 89, 56, 58, 94, 97, 71, 81, 0], "T_t": [[0.0, 68.15423684555495, 55.226805085936306, 61.587336360651285, 8.246211251235321, 98.00510190801293, 2.8284271247461903, 41.97618372363071, 69.65629906907199, 82.13403679352427], [68.15423684555495, 0.0, 32.01562118716424, 60.01666435249463, 69.83552104767315, 85.5102333057278, 65.55150646628954, 41.340053217188775, 82.22530024268686, 81.02468759581859], [55.226805085936306, 32.01562118716424, 0.0, 28.160255680657446, 53.08483775994799, 58.180752831155424, 53.46026561849464, 14.560219778561036, 50.21951811795888, 50.35871324805669], [61.587336360651285, 60.01666435249463, 28.160255680657446, 0.0, 55.90169943749474, 36.796738985948195, 61.032778078668514, 26.40075756488817, 22.47220505424423, 23.769728648009426], [8.246211251235321, 69.83552104767315, 53.08483775994799, 55.90169943749474, 0.0, 91.80958555619343, 10.0, 39.01281840626232, 62.289646009589745, 75.43208866258443], [98.00510190801293, 85.5102333057278, 58.180752831155424, 36.796738985948195, 91.80958555619343, 0.0, 97.6165969494942, 62.00806399170998, 35.22782990761707, 18.24828759089466], [2.8284271247461903, 65.55150646628954, 53.46026561849464, 61.032778078668514, 10.0, 97.6165969494942, 0.0, 40.52159917870962, 70.0, 82.03657720797473], [41.97618372363071, 41.340053217188775, 14.560219778561036, 26.40075756488817, 39.01281840626232, 62.00806399170998, 40.52159917870962, 0.0, 45.09988913511872, 50.15974481593781], [69.65629906907199, 82.22530024268686, 50.21951811795888, 22.47220505424423, 62.289646009589745, 35.22782990761707, 70.0, 45.09988913511872, 0.0, 17.029386365926403], [82.13403679352427, 81.02468759581859, 50.35871324805669, 23.769728648009426, 75.43208866258443, 18.24828759089466, 82.03657720797473, 50.15974481593781, 17.029386365926403, 0.0]], "task_locations": [[12, 72], [75, 98], [67, 67], [64, 39], [14, 64], [91, 14], [14, 74], [53, 63], [56, 18], [73, 17]], "precedence_constraints": [[7, 3]]}