{"Q": [[1, 0, 1], [1, 0, 0], [1, 1, 1]], "R": [[0.0, 0.0, 0.0], [0.0, 0.0, 1.0], [1.0, 1.0, 0.0], [0.0, 0.0, 1.0], [1.0, 1.0, 1.0], [0.0, 0.0, 1.0], [1.0, 0.0, 0.0], [0.0, 1.0, 1.0], [1.0, 1.0, 1.0], [0.0, 0.0, 0.0]], "T_e": [0, 83, 95, 65, 87, 76, 72, 74, 80, 0], "T_t": [[0.0, 91.39474820797966, 33.54101966249684, 101.04454463255303, 26.076809620810597, 6.708203932499369, 83.0, 93.05912099305473, 66.37017402418047, 54.62600113499065], [91.39474820797966, 0.0, 92.45539465060976, 91.35097153287424, 77.38862965578342, 90.62008607367353, 28.284271247461902, 72.17340230306452, 100.16985574512923, 62.20128616033595], [33.54101966249684, 92.45539465060976, 0.0, 72.00694410957877, 17.46424919657298, 26.832815729997478, 74.32361670424818, 68.4470598345904, 33.015148038438355, 35.90264614203248], [101.04454463255303, 91.35097153287424, 72.00694410957877, 0.0, 75.16648189186454, 95.0, 63.12685640834652, 19.235384061671343, 45.39823785126467, 50.21951811795888], [26.076809620810597, 77.38862965578342, 17.46424919657298, 75.16648189186454, 0.0, 20.615528128088304, 62.5859409132754, 67.08203932499369, 44.64302857109943, 29.120439557122072], [6.708203932499369, 90.62008607367353, 26.832815729997478, 95.0, 20.615528128088304, 0.0, 80.22468448052632, 87.66413177577246, 59.682493245507096, 49.64876634922564], [83.0, 28.284271247461902, 74.32361670424818, 63.12685640834652, 62.5859409132754, 80.22468448052632, 0.0, 44.01136216933077, 75.16648189186454, 39.66106403010388], [93.05912099305473, 72.17340230306452, 68.4470598345904, 19.235384061671343, 67.08203932499369, 87.66413177577246, 44.01136216933077, 0.0, 49.72926703662542, 38.8329756778952], [66.37017402418047, 100.16985574512923, 33.015148038438355, 45.39823785126467, 44.64302857109943, 59.682493245507096, 75.16648189186454, 49.72926703662542, 0.0, 38.48376280978771], [54.62600113499065, 62.20128616033595, 35.90264614203248, 50.21951811795888, 29.120439557122072, 49.64876634922564, 39.66106403010388, 38.8329756778952, 38.48376280978771, 0.0]], "task_locations": [[95, 66], [8, 94], [80, 36], [16, 3], [73, 52], [92, 60], [12, 66], [13, 22], [61, 9], [45, 44]], "precedence_constraints": [[8, 7], [7, 6], [7, 4]]}