{"Q": [[1, 0, 0], [1, 1, 1], [0, 1, 0]], "R": [[0.0, 0.0, 0.0], [1.0, 0.0, 0.0], [0.0, 1.0, 1.0], [1.0, 0.0, 0.0], [1.0, 0.0, 1.0], [1.0, 1.0, 0.0], [0.0, 0.0, 1.0], [0.0, 1.0, 0.0], [0.0, 1.0, 0.0], [0.0, 0.0, 0.0]], "T_e": [0, 65, 58, 66, 93, 72, 93, 93, 93, 0], "T_t": [[0.0, 73.97972695272672, 59.665735560705194, 40.311288741492746, 61.26989472816156, 57.21887800367987, 63.00793600809346, 12.041594578792296, 28.442925306655784, 46.04345773288535], [73.97972695272672, 0.0, 91.54780172128658, 45.60701700396552, 42.95346318982906, 104.1393297462587, 33.301651610693426, 64.1248781675256, 45.5411901469428, 30.4138126514911], [59.665735560705194, 91.54780172128658, 0.0, 47.885279575251516, 51.40038910358559, 19.026297590440446, 101.95096860746347, 66.18912297349165, 64.53681120105021, 64.4980619863884], [40.311288741492746, 45.60701700396552, 47.885279575251516, 0.0, 21.095023109728988, 58.69412236331676, 54.817880294662984, 36.87817782917155, 22.847319317591726, 16.64331697709324], [61.26989472816156, 42.95346318982906, 51.40038910358559, 21.095023109728988, 0.0, 67.08203932499369, 64.1248781675256, 57.8013840664737, 41.86884283091664, 26.570660511172846], [57.21887800367987, 104.1393297462587, 19.026297590440446, 58.69412236331676, 67.08203932499369, 0.0, 109.41663493271945, 66.49060083951716, 70.2353187506115, 75.0066663703967], [63.00793600809346, 33.301651610693426, 101.95096860746347, 54.817880294662984, 64.1248781675256, 109.41663493271945, 0.0, 51.03920062069938, 39.408120990476064, 39.319206502675], [12.041594578792296, 64.1248781675256, 66.18912297349165, 36.87817782917155, 57.8013840664737, 66.49060083951716, 51.03920062069938, 0.0, 19.235384061671343, 38.3275357934736], [28.442925306655784, 45.5411901469428, 64.53681120105021, 22.847319317591726, 41.86884283091664, 70.2353187506115, 39.408120990476064, 19.235384061671343, 0.0, 19.313207915827967], [46.04345773288535, 30.4138126514911, 64.4980619863884, 16.64331697709324, 26.570660511172846, 75.0066663703967, 39.319206502675, 38.3275357934736, 19.313207915827967, 0.0]], "task_locations": [[58, 7], [70, 80], [0, 21], [42, 44], [31, 62], [1, 2], [95, 58], [66, 16], [63, 35], [56, 53]], "precedence_constraints": [[3, 5]]}