{"Q": [[1, 0, 1], [0, 0, 1], [0, 1, 0]], "R": [[0.0, 0.0, 0.0], [1.0, 0.0, 0.0], [1.0, 1.0, 1.0], [0.0, 1.0, 1.0], [0.0, 0.0, 1.0], [0.0, 1.0, 0.0], [1.0, 0.0, 1.0], [1.0, 1.0, 1.0], [0.0, 1.0, 0.0], [0.0, 0.0, 0.0]], "T_e": [0, 56, 51, 98, 99, 95, 79, 66, 59, 0], "T_t": [[0.0, 54.589376255824725, 59.77457653551382, 89.58794561770016, 102.07840124139877, 36.76955262170047, 29.120439557122072, 71.42128534267638, 17.26267650163207, 52.3450093132096], [54.589376255824725, 0.0, 44.91102314577124, 35.4682957019364, 48.16637831516918, 42.37924020083418, 40.049968789001575, 24.186773244895647, 51.78802950489621, 14.142135623730951], [59.77457653551382, 44.91102314577124, 0.0, 69.3757882838098, 80.65358020571685, 23.345235059857504, 67.20863039818622, 68.26419266350405, 69.46221994724903, 57.245087125446844], [89.58794561770016, 35.4682957019364, 69.3757882838098, 0.0, 12.727922061357855, 75.16648189186454, 70.21395872616783, 24.020824298928627, 84.30895563343196, 39.21734310225516], [102.07840124139877, 48.16637831516918, 80.65358020571685, 12.727922061357855, 0.0, 87.65842800324451, 81.70679286326198, 33.95585369269929, 96.17692030835673, 50.99019513592785], [36.76955262170047, 42.37924020083418, 23.345235059857504, 75.16648189186454, 87.65842800324451, 0.0, 49.39635614091387, 66.21933252457322, 48.27007354458868, 50.15974481593781], [29.120439557122072, 40.049968789001575, 67.20863039818622, 70.21395872616783, 81.70679286326198, 49.39635614091387, 0.0, 48.30113870293329, 15.556349186104045, 31.04834939252005], [71.42128534267638, 24.186773244895647, 68.26419266350405, 24.020824298928627, 33.95585369269929, 66.21933252457322, 48.30113870293329, 0.0, 63.28506932918696, 19.1049731745428], [17.26267650163207, 51.78802950489621, 69.46221994724903, 84.30895563343196, 96.17692030835673, 48.27007354458868, 15.556349186104045, 63.28506932918696, 0.0, 45.18849411078001], [52.3450093132096, 14.142135623730951, 57.245087125446844, 39.21734310225516, 50.99019513592785, 50.15974481593781, 31.04834939252005, 19.1049731745428, 45.18849411078001, 0.0]], "task_locations": [[40, 92], [66, 44], [22, 35], [89, 17], [98, 8], [26, 58], [68, 84], [90, 41], [57, 95], [76, 54]], "precedence_constraints": [[7, 5], [5, 6], [3, 5]]}