{"Q": [[1, 1, 0], [0, 1, 0], [0, 0, 1]], "R": [[0.0, 0.0, 0.0], [0.0, 1.0, 1.0], [1.0, 1.0, 1.0], [0.0, 1.0, 0.0], [0.0, 1.0, 0.0], [0.0, 1.0, 0.0], [1.0, 1.0, 0.0], [0.0, 1.0, 0.0], [1.0, 0.0, 0.0], [0.0, 0.0, 0.0]], "T_e": [0, 72, 67, 70, 82, 68, 93, 80, 87, 0], "T_t": [[0.0, 39.698866482558415, 41.86884283091664, 17.029386365926403, 12.529964086141668, 50.47771785649585, 38.948684188300895, 59.464274989274024, 43.18564576337837, 36.796738985948195], [39.698866482558415, 0.0, 6.708203932499369, 28.178005607210743, 52.009614495783374, 55.31726674375732, 78.2368199762746, 26.68332812825267, 82.87943049997388, 76.38062581571324], [41.86884283091664, 6.708203932499369, 0.0, 32.57299494980466, 53.74011537017761, 61.84658438426491, 79.51100552753688, 31.38470965295043, 84.86459803710851, 78.64477096412705], [17.029386365926403, 28.178005607210743, 32.57299494980466, 0.0, 28.861739379323623, 38.28837943815329, 54.78138369920935, 43.382023926967726, 57.4543296888929, 50.47771785649585], [12.529964086141668, 52.009614495783374, 53.74011537017761, 28.861739379323623, 0.0, 57.38466694161429, 26.419689627245813, 71.8679344353238, 31.144823004794873, 25.238858928247925], [50.47771785649585, 55.31726674375732, 61.84658438426491, 38.28837943815329, 57.38466694161429, 0.0, 76.53103945458993, 50.0, 74.00675644831355, 67.00746227100382], [38.948684188300895, 78.2368199762746, 79.51100552753688, 54.78138369920935, 26.419689627245813, 76.53103945458993, 0.0, 98.08669634563088, 10.198039027185569, 12.041594578792296], [59.464274989274024, 26.68332812825267, 31.38470965295043, 43.382023926967726, 71.8679344353238, 50.0, 98.08669634563088, 0.0, 100.72239075796404, 93.64827814754524], [43.18564576337837, 82.87943049997388, 84.86459803710851, 57.4543296888929, 31.144823004794873, 74.00675644831355, 10.198039027185569, 100.72239075796404, 0.0, 7.280109889280518], [36.796738985948195, 76.38062581571324, 78.64477096412705, 50.47771785649585, 25.238858928247925, 67.00746227100382, 12.041594578792296, 93.64827814754524, 7.280109889280518, 0.0]], "task_locations": [[38, 30], [68, 56], [65, 62], [55, 31], [27, 24], [80, 2], [4, 11], [94, 50], [6, 1], [13, 3]], "precedence_constraints": [[3, 1], [7, 6], [3, 7], [8, 1], [5, 7], [5, 6]]}