{"Q": [[0, 1, 1], [0, 1, 0], [1, 0, 1]], "R": [[0.0, 0.0, 0.0], [1.0, 0.0, 1.0], [1.0, 1.0, 0.0], [0.0, 0.0, 1.0], [0.0, 1.0, 0.0], [1.0, 0.0, 0.0], [0.0, 0.0, 1.0], [1.0, 1.0, 1.0], [1.0, 0.0, 0.0], [0.0, 0.0, 0.0]], "T_e": [0, 83, 50, 88, 69, 89, 60, 90, 57, 0], "T_t": [[0.0, 31.04834939252005, 54.037024344425184, 54.20332093147061, 85.5102333057278, 95.85927185202274, 85.05292469985967, 34.48187929913333, 12.165525060596439, 45.27692569068709], [31.04834939252005, 0.0, 43.68065933568311, 55.08175741568164, 59.09314681077663, 72.67048919609665, 55.226805085936306, 9.0, 20.591260281974, 32.28002478313795], [54.037024344425184, 43.68065933568311, 0.0, 19.849433241279208, 45.69463863518345, 48.010415536631214, 56.72741841473134, 52.392747589718944, 43.86342439892262, 11.40175425099138], [54.20332093147061, 55.08175741568164, 19.849433241279208, 0.0, 64.88451279003334, 64.53681120105021, 76.57675887630658, 64.07027391856539, 47.43416490252569, 26.832815729997478], [85.5102333057278, 59.09314681077663, 45.69463863518345, 64.88451279003334, 0.0, 18.027756377319946, 19.026297590440446, 63.28506932918696, 73.348483283569, 45.5411901469428], [95.85927185202274, 72.67048919609665, 48.010415536631214, 64.53681120105021, 18.027756377319946, 0.0, 36.345563690772494, 78.10249675906654, 83.93449827097318, 51.97114584074513], [85.05292469985967, 55.226805085936306, 56.72741841473134, 76.57675887630658, 19.026297590440446, 36.345563690772494, 0.0, 56.753854494650845, 73.17103251970687, 52.839379254491625], [34.48187929913333, 9.0, 52.392747589718944, 64.07027391856539, 63.28506932918696, 78.10249675906654, 56.753854494650845, 0.0, 26.1725046566048, 41.0], [12.165525060596439, 20.591260281974, 43.86342439892262, 47.43416490252569, 73.348483283569, 83.93449827097318, 73.17103251970687, 26.1725046566048, 0.0, 34.20526275297414], [45.27692569068709, 32.28002478313795, 11.40175425099138, 26.832815729997478, 45.5411901469428, 51.97114584074513, 52.839379254491625, 41.0, 34.20526275297414, 0.0]], "task_locations": [[98, 40], [68, 32], [56, 74], [71, 87], [14, 56], [8, 73], [13, 37], [68, 23], [86, 42], [59, 63]], "precedence_constraints": [[7, 3], [1, 7]]}