{"Q": [[0, 0, 1], [0, 1, 1], [1, 0, 1]], "R": [[0.0, 0.0, 0.0], [0.0, 1.0, 0.0], [1.0, 0.0, 0.0], [1.0, 0.0, 0.0], [0.0, 1.0, 1.0], [1.0, 1.0, 1.0], [1.0, 0.0, 1.0], [1.0, 1.0, 0.0], [0.0, 1.0, 0.0], [0.0, 0.0, 0.0]], "T_e": [0, 81, 62, 69, 86, 82, 53, 80, 58, 0], "T_t": [[0.0, 42.5440947723653, 29.274562336608895, 49.09175083453431, 59.405386961116584, 64.35060217278468, 39.698866482558415, 46.09772228646444, 61.61980201201558, 50.32891812864648], [42.5440947723653, 0.0, 37.0, 70.22819946431775, 31.25699921617557, 88.86506625215557, 81.30190649671138, 88.23264701911646, 85.09406559801923, 91.80958555619343], [29.274562336608895, 37.0, 0.0, 33.24154027718932, 36.359317925395686, 51.86520991955976, 64.66065264130884, 62.625873247404705, 48.104053883222775, 74.88658090739622], [49.09175083453431, 70.22819946431775, 33.24154027718932, 0.0, 62.39390995922599, 18.681541692269406, 67.06713054842886, 54.08326913195984, 14.866068747318506, 74.81310045707235], [59.405386961116584, 31.25699921617557, 36.359317925395686, 62.39390995922599, 0.0, 80.02499609497022, 98.49365461794989, 98.812954616285, 76.02631123499285, 109.04127658827184], [64.35060217278468, 88.86506625215557, 51.86520991955976, 18.681541692269406, 80.02499609497022, 0.0, 73.54590403278758, 56.0, 4.0, 79.30952023559341], [39.698866482558415, 81.30190649671138, 64.66065264130884, 67.06713054842886, 98.49365461794989, 73.54590403278758, 0.0, 21.93171219946131, 72.83543093852057, 10.63014581273465], [46.09772228646444, 88.23264701911646, 62.625873247404705, 54.08326913195984, 98.812954616285, 56.0, 21.93171219946131, 0.0, 56.142675390472796, 24.041630560342615], [61.61980201201558, 85.09406559801923, 48.104053883222775, 14.866068747318506, 76.02631123499285, 4.0, 72.83543093852057, 56.142675390472796, 0.0, 79.05694150420949], [50.32891812864648, 91.80958555619343, 74.88658090739622, 74.81310045707235, 109.04127658827184, 79.30952023559341, 10.63014581273465, 24.041630560342615, 79.05694150420949, 0.0]], "task_locations": [[53, 43], [36, 4], [24, 39], [12, 70], [5, 8], [7, 88], [79, 73], [63, 88], [7, 84], [86, 81]], "precedence_constraints": [[7, 4], [5, 7], [1, 7]]}