{"Q": [[0, 0, 1], [1, 0, 0], [1, 1, 1]], "R": [[0.0, 0.0, 0.0], [1.0, 0.0, 1.0], [1.0, 0.0, 0.0], [0.0, 1.0, 0.0], [1.0, 0.0, 1.0], [1.0, 1.0, 1.0], [1.0, 1.0, 1.0], [1.0, 1.0, 1.0], [1.0, 0.0, 0.0], [0.0, 0.0, 0.0]], "T_e": [0, 92, 71, 53, 99, 68, 98, 55, 91, 0], "T_t": [[0.0, 74.46475676452586, 81.41252974819048, 47.4236228055175, 22.561028345356956, 65.00769185258002, 92.66067126888301, 93.53608929178085, 13.45362404707371, 20.396078054371138], [74.46475676452586, 0.0, 19.0, 80.91971329657564, 87.23531395025755, 21.18962010041709, 64.6297145282261, 64.77653896280658, 68.0294054067798, 78.39005038906404], [81.41252974819048, 19.0, 0.0, 96.25487000666512, 97.6165969494942, 39.6232255123179, 83.48652585896721, 83.60023923410746, 77.80102827083971, 89.37561188601732], [47.4236228055175, 80.91971329657564, 96.25487000666512, 0.0, 32.64965543462902, 61.554853586049575, 61.032778078668514, 62.03224967708329, 35.4400902933387, 28.0178514522438], [22.561028345356956, 87.23531395025755, 97.6165969494942, 32.64965543462902, 0.0, 73.08214556237385, 89.02246907382428, 89.98888820293314, 19.849433241279208, 9.219544457292887], [65.00769185258002, 21.18962010041709, 39.6232255123179, 61.554853586049575, 73.08214556237385, 0.0, 46.8187996428785, 47.16990566028302, 55.57877292636101, 63.89053137985315], [92.66067126888301, 64.6297145282261, 83.48652585896721, 61.032778078668514, 89.02246907382428, 46.8187996428785, 0.0, 1.0, 79.60527620704548, 80.95677859203639], [93.53608929178085, 64.77653896280658, 83.60023923410746, 62.03224967708329, 89.98888820293314, 47.16990566028302, 1.0, 0.0, 80.49844718999243, 81.9084855189009], [13.45362404707371, 68.0294054067798, 77.80102827083971, 35.4400902933387, 19.849433241279208, 55.57877292636101, 79.60527620704548, 80.49844718999243, 0.0, 12.529964086141668], [20.396078054371138, 78.39005038906404, 89.37561188601732, 28.0178514522438, 9.219544457292887, 63.89053137985315, 80.95677859203639, 81.9084855189009, 12.529964086141668, 0.0]], "task_locations": [[55, 15], [74, 87], [93, 87], [12, 35], [33, 10], [54, 80], [10, 96], [10, 97], [46, 25], [35, 19]], "precedence_constraints": [[8, 1], [1, 6], [1, 2], [8, 6]]}