{"Q": [[1, 0, 1], [1, 1, 0], [1, 1, 0]], "R": [[0.0, 0.0, 0.0], [1.0, 1.0, 0.0], [1.0, 0.0, 1.0], [1.0, 0.0, 1.0], [0.0, 0.0, 1.0], [1.0, 0.0, 0.0], [1.0, 0.0, 0.0], [0.0, 1.0, 1.0], [0.0, 1.0, 0.0], [0.0, 0.0, 0.0]], "T_e": [0, 54, 89, 65, 93, 99, 69, 89, 85, 0], "T_t": [[0.0, 43.32435804486894, 19.026297590440446, 35.4400902933387, 25.80697580112788, 24.413111231467404, 23.08679276123039, 44.77722635447622, 63.953107821277925, 74.09453421137081], [43.32435804486894, 0.0, 40.311288741492746, 25.0, 66.03786792439622, 27.65863337187866, 63.387695966961914, 31.400636936215164, 57.4543296888929, 49.040799340956916], [19.026297590440446, 40.311288741492746, 0.0, 43.93176527297759, 43.08131845707603, 13.038404810405298, 25.942243542145693, 29.0, 45.12205669071391, 58.137767414994535], [35.4400902933387, 25.0, 43.93176527297759, 0.0, 50.21951811795888, 36.05551275463989, 58.52349955359813, 50.44799302251776, 76.53757247260981, 73.17103251970687], [25.80697580112788, 66.03786792439622, 43.08131845707603, 50.21951811795888, 0.0, 50.21951811795888, 28.861739379323623, 70.49113419430843, 87.93179174792243, 99.85990186255943], [24.413111231467404, 27.65863337187866, 13.038404810405298, 36.05551275463989, 50.21951811795888, 0.0, 38.27531841800928, 20.615528128088304, 43.104524124504614, 49.73932046178355], [23.08679276123039, 63.387695966961914, 25.942243542145693, 58.52349955359813, 28.861739379323623, 38.27531841800928, 0.0, 54.405882034941776, 65.0, 82.80700453464067], [44.77722635447622, 31.400636936215164, 29.0, 50.44799302251776, 70.49113419430843, 20.615528128088304, 54.405882034941776, 0.0, 26.40075756488817, 29.410882339705484], [63.953107821277925, 57.4543296888929, 45.12205669071391, 76.53757247260981, 87.93179174792243, 43.104524124504614, 65.0, 26.40075756488817, 0.0, 28.0], [74.09453421137081, 49.040799340956916, 58.137767414994535, 73.17103251970687, 99.85990186255943, 49.73932046178355, 82.80700453464067, 29.410882339705484, 28.0, 0.0]], "task_locations": [[30, 35], [71, 49], [31, 54], [64, 25], [15, 14], [44, 55], [8, 42], [52, 74], [41, 98], [69, 98]], "precedence_constraints": [[4, 3], [7, 3]]}