{"Q": [[1, 1, 1], [0, 0, 1], [0, 1, 0]], "R": [[0.0, 0.0, 0.0], [1.0, 1.0, 0.0], [1.0, 0.0, 0.0], [0.0, 1.0, 1.0], [1.0, 1.0, 0.0], [0.0, 1.0, 0.0], [0.0, 1.0, 1.0], [0.0, 1.0, 0.0], [1.0, 0.0, 1.0], [0.0, 0.0, 0.0]], "T_e": [0, 50, 56, 83, 92, 63, 62, 74, 60, 0], "T_t": [[0.0, 67.446274915669, 61.61168720299745, 28.284271247461902, 56.0357029044876, 24.73863375370596, 12.529964086141668, 25.553864678361276, 50.99019513592785, 55.226805085936306], [67.446274915669, 0.0, 73.92563831310488, 85.0235261559999, 72.00694410957877, 71.25307010929424, 79.6994353806851, 87.14355971613737, 64.00781202322104, 101.13851887386922], [61.61168720299745, 73.92563831310488, 0.0, 89.64373932405988, 5.656854249492381, 85.0881895447306, 64.38167441127949, 85.63293758829018, 12.165525060596439, 41.30375285612676], [28.284271247461902, 85.0235261559999, 89.64373932405988, 0.0, 84.02380615040002, 14.560219778561036, 27.51363298439521, 7.280109889280518, 79.2464510246358, 76.48529270389177], [56.0357029044876, 72.00694410957877, 5.656854249492381, 84.02380615040002, 0.0, 79.64923100695951, 58.728187440104094, 79.98124780221924, 8.246211251235321, 38.07886552931954], [24.73863375370596, 71.25307010929424, 85.0881895447306, 14.560219778561036, 79.64923100695951, 0.0, 30.4138126514911, 19.4164878389476, 73.78346698278686, 79.00632886041473], [12.529964086141668, 79.6994353806851, 64.38167441127949, 27.51363298439521, 58.728187440104094, 30.4138126514911, 0.0, 21.95449840010015, 55.21775076911409, 49.36598018878993], [25.553864678361276, 87.14355971613737, 85.63293758829018, 7.280109889280518, 79.98124780221924, 19.4164878389476, 21.95449840010015, 0.0, 75.7429864739964, 70.09279563550022], [50.99019513592785, 64.00781202322104, 12.165525060596439, 79.2464510246358, 8.246211251235321, 73.78346698278686, 55.21775076911409, 75.7429864739964, 0.0, 42.5440947723653], [55.226805085936306, 101.13851887386922, 41.30375285612676, 76.48529270389177, 38.07886552931954, 79.00632886041473, 49.36598018878993, 70.09279563550022, 42.5440947723653, 0.0]], "task_locations": [[56, 22], [74, 87], [6, 58], [76, 2], [10, 54], [80, 16], [50, 11], [69, 0], [18, 56], [1, 17]], "precedence_constraints": [[2, 4]]}