{"Q": [[0, 1, 1], [0, 1, 0], [1, 0, 0]], "R": [[0.0, 0.0, 0.0], [0.0, 0.0, 1.0], [1.0, 1.0, 0.0], [1.0, 1.0, 0.0], [1.0, 0.0, 0.0], [1.0, 0.0, 0.0], [0.0, 0.0, 1.0], [0.0, 1.0, 1.0], [1.0, 0.0, 1.0], [0.0, 0.0, 0.0]], "T_e": [0, 63, 79, 67, 93, 79, 74, 89, 73, 0], "T_t": [[0.0, 50.99019513592785, 4.47213595499958, 31.04834939252005, 65.76473218982953, 39.6232255123179, 41.23105625617661, 44.04543109109048, 40.0, 79.81227975693966], [50.99019513592785, 0.0, 55.46169849544819, 74.96665925596525, 70.60453243241541, 89.81091247727082, 92.19544457292888, 74.96665925596525, 70.71067811865476, 41.10960958218893], [4.47213595499958, 55.46169849544819, 0.0, 28.284271247461902, 67.26812023536856, 35.35533905932738, 36.76955262170047, 43.266615305567875, 39.44616584663204, 83.86894538504703], [31.04834939252005, 74.96665925596525, 28.284271247461902, 0.0, 95.02105029939419, 38.600518131237564, 33.1058907144937, 67.05221845696084, 64.03124237432849, 109.07795377618706], [65.76473218982953, 70.60453243241541, 67.26812023536856, 95.02105029939419, 0.0, 77.62087348130012, 85.70297544426332, 35.84689665786984, 35.84689665786984, 59.033888572581766], [39.6232255123179, 89.81091247727082, 35.35533905932738, 38.600518131237564, 77.62087348130012, 0.0, 9.055385138137417, 42.44997055358225, 41.78516483155236, 112.44554237496477], [41.23105625617661, 92.19544457292888, 36.76955262170047, 33.1058907144937, 85.70297544426332, 9.055385138137417, 0.0, 50.99019513592785, 50.0, 117.51595636338071], [44.04543109109048, 74.96665925596525, 43.266615305567875, 67.05221845696084, 35.84689665786984, 42.44997055358225, 50.99019513592785, 0.0, 4.47213595499958, 82.28000972289685], [40.0, 70.71067811865476, 39.44616584663204, 64.03124237432849, 35.84689665786984, 41.78516483155236, 50.0, 4.47213595499958, 0.0, 79.30952023559341], [79.81227975693966, 41.10960958218893, 83.86894538504703, 109.07795377618706, 59.033888572581766, 112.44554237496477, 117.51595636338071, 82.28000972289685, 79.30952023559341, 0.0]], "task_locations": [[45, 32], [91, 54], [41, 30], [37, 2], [35, 97], [6, 25], [7, 16], [17, 66], [21, 64], [94, 95]], "precedence_constraints": [[8, 7], [3, 7]]}