{"Q": [[0, 1, 1], [0, 0, 1], [1, 0, 0]], "R": [[0.0, 0.0, 0.0], [0.0, 1.0, 0.0], [1.0, 0.0, 0.0], [0.0, 1.0, 0.0], [0.0, 0.0, 1.0], [1.0, 0.0, 1.0], [0.0, 0.0, 1.0], [1.0, 0.0, 1.0], [0.0, 1.0, 1.0], [0.0, 0.0, 0.0]], "T_e": [0, 75, 98, 53, 69, 99, 91, 51, 77, 0], "T_t": [[0.0, 104.23531071570709, 78.60025445251433, 47.4236228055175, 45.70557952810576, 101.41498903022176, 105.47511554864494, 38.3275357934736, 32.01562118716424, 84.59905436823747], [104.23531071570709, 0.0, 47.12748667179272, 84.62860036654276, 84.09518416651456, 22.67156809750927, 6.324555320336759, 67.42403132415029, 92.57429448826494, 19.697715603592208], [78.60025445251433, 47.12748667179272, 0.0, 83.09632964216891, 42.95346318982906, 30.14962686336267, 43.73785545725808, 53.9351462406472, 55.47071299343465, 34.828149534535996], [47.4236228055175, 84.62860036654276, 83.09632964216891, 0.0, 73.824115301167, 92.47702417357513, 88.50988645343524, 30.59411708155671, 66.84309986827361, 68.42514157822401], [45.70557952810576, 84.09518416651456, 42.95346318982906, 73.824115301167, 0.0, 72.12489168102785, 82.60750571225353, 45.45327270945405, 14.7648230602334, 66.12110101926616], [101.41498903022176, 22.67156809750927, 30.14962686336267, 92.47702417357513, 72.12489168102785, 0.0, 17.029386365926403, 68.81860213634101, 83.2586331859946, 25.179356624028344], [105.47511554864494, 6.324555320336759, 43.73785545725808, 88.50988645343524, 82.60750571225353, 17.029386365926403, 0.0, 69.52697318307479, 91.92388155425118, 21.2602916254693], [38.3275357934736, 67.42403132415029, 53.9351462406472, 30.59411708155671, 45.45327270945405, 68.81860213634101, 69.52697318307479, 0.0, 42.190046219457976, 48.27007354458868], [32.01562118716424, 92.57429448826494, 55.47071299343465, 66.84309986827361, 14.7648230602334, 83.2586331859946, 91.92388155425118, 42.190046219457976, 0.0, 73.55270219373317], [84.59905436823747, 19.697715603592208, 34.828149534535996, 68.42514157822401, 66.12110101926616, 25.179356624028344, 21.2602916254693, 48.27007354458868, 73.55270219373317, 0.0]], "task_locations": [[98, 24], [6, 73], [51, 87], [55, 4], [90, 69], [21, 90], [8, 79], [61, 34], [97, 56], [24, 65]], "precedence_constraints": [[1, 5], [2, 3], [3, 8]]}