{"Q": [[0, 1, 0], [1, 1, 0], [0, 1, 1]], "R": [[0.0, 0.0, 0.0], [1.0, 0.0, 0.0], [0.0, 1.0, 1.0], [0.0, 1.0, 1.0], [0.0, 0.0, 1.0], [0.0, 1.0, 0.0], [0.0, 1.0, 1.0], [1.0, 0.0, 0.0], [1.0, 0.0, 0.0], [0.0, 0.0, 0.0]], "T_e": [0, 53, 87, 66, 79, 67, 85, 71, 58, 0], "T_t": [[0.0, 53.85164807134504, 58.412327466040935, 38.600518131237564, 46.04345773288535, 77.46612162745726, 99.00505037623081, 78.16009211867653, 43.657759905886145, 86.57944328765345], [53.85164807134504, 0.0, 29.5296461204668, 33.61547262794322, 58.137767414994535, 85.7962703152066, 53.31041174104736, 61.71709649683789, 40.8166632639171, 77.17512552629896], [58.412327466040935, 29.5296461204668, 0.0, 57.0087712549569, 38.0, 59.16924876994806, 41.88078318274385, 32.202484376209235, 21.587033144922902, 47.70744176750625], [38.600518131237564, 33.61547262794322, 57.0087712549569, 0.0, 69.06518659932803, 101.35580891098448, 86.92525524840292, 87.29833904490967, 56.462376853972415, 100.68763578513501], [46.04345773288535, 58.137767414994535, 38.0, 69.06518659932803, 0.0, 32.69556544854363, 76.53757247260981, 37.64306044943742, 17.72004514666935, 41.7612260356422], [77.46612162745726, 85.7962703152066, 59.16924876994806, 101.35580891098448, 32.69556544854363, 0.0, 86.28441342444185, 37.013511046643494, 46.09772228646444, 26.92582403567252], [99.00505037623081, 53.31041174104736, 41.88078318274385, 86.92525524840292, 76.53757247260981, 86.28441342444185, 0.0, 49.36598018878993, 62.609903369994115, 63.324560795950255], [78.16009211867653, 61.71709649683789, 32.202484376209235, 87.29833904490967, 37.64306044943742, 37.013511046643494, 49.36598018878993, 0.0, 34.713109915419565, 16.278820596099706], [43.657759905886145, 40.8166632639171, 21.587033144922902, 56.462376853972415, 17.72004514666935, 46.09772228646444, 62.609903369994115, 34.713109915419565, 0.0, 45.27692569068709], [86.57944328765345, 77.17512552629896, 47.70744176750625, 100.68763578513501, 41.7612260356422, 26.92582403567252, 63.324560795950255, 16.278820596099706, 45.27692569068709, 0.0]], "task_locations": [[11, 24], [31, 74], [57, 60], [0, 61], [57, 22], [87, 9], [80, 95], [86, 46], [52, 39], [97, 34]], "precedence_constraints": [[7, 5], [8, 6], [4, 3]]}