{"Q": [[0, 1, 0], [1, 1, 0], [1, 1, 1]], "R": [[0.0, 0.0, 0.0], [0.0, 0.0, 1.0], [1.0, 0.0, 0.0], [0.0, 0.0, 1.0], [1.0, 0.0, 0.0], [0.0, 0.0, 1.0], [0.0, 1.0, 1.0], [1.0, 0.0, 1.0], [1.0, 0.0, 0.0], [0.0, 0.0, 0.0]], "T_e": [0, 75, 74, 74, 68, 68, 86, 50, 90, 0], "T_t": [[0.0, 44.181444068749045, 5.830951894845301, 29.0, 28.178005607210743, 33.1058907144937, 5.830951894845301, 32.2490309931942, 34.132096331752024, 53.71219600798314], [44.181444068749045, 0.0, 39.6232255123179, 68.70953354520753, 63.953107821277925, 17.204650534085253, 41.97618372363071, 60.0, 60.440052945046304, 93.62157870918435], [5.830951894845301, 39.6232255123179, 0.0, 30.805843601498726, 28.42534080710379, 30.23243291566195, 2.8284271247461903, 30.364452901377952, 32.01562118716424, 59.53990258641679], [29.0, 68.70953354520753, 30.805843601498726, 0.0, 8.06225774829855, 61.032778078668514, 28.0178514522438, 19.4164878389476, 21.400934559032695, 54.20332093147061], [28.178005607210743, 63.953107821277925, 28.42534080710379, 8.06225774829855, 0.0, 58.05170109479997, 25.612496949731394, 11.40175425099138, 13.45362404707371, 61.29437168288782], [33.1058907144937, 17.204650534085253, 30.23243291566195, 61.032778078668514, 58.05170109479997, 0.0, 33.015148038438355, 57.201398584300364, 58.249463516842795, 77.92945527847606], [5.830951894845301, 41.97618372363071, 2.8284271247461903, 28.0178514522438, 25.612496949731394, 33.015148038438355, 0.0, 27.892651361962706, 29.614185789921695, 58.83026432033091], [32.2490309931942, 60.0, 30.364452901377952, 19.4164878389476, 11.40175425099138, 57.201398584300364, 27.892651361962706, 0.0, 2.23606797749979, 72.20110802473879], [34.132096331752024, 60.440052945046304, 32.01562118716424, 21.400934559032695, 13.45362404707371, 58.249463516842795, 29.614185789921695, 2.23606797749979, 0.0, 74.4043009509531], [53.71219600798314, 93.62157870918435, 59.53990258641679, 54.20332093147061, 61.29437168288782, 77.92945527847606, 58.83026432033091, 72.20110802473879, 74.4043009509531, 0.0]], "task_locations": [[69, 52], [73, 96], [66, 57], [48, 32], [44, 39], [83, 82], [64, 55], [37, 48], [35, 49], [95, 5]], "precedence_constraints": [[8, 4]]}