{"Q": [[0, 0, 1], [1, 1, 1], [1, 0, 1]], "R": [[0.0, 0.0, 0.0], [1.0, 0.0, 1.0], [0.0, 1.0, 0.0], [1.0, 1.0, 0.0], [0.0, 1.0, 0.0], [1.0, 0.0, 0.0], [0.0, 1.0, 0.0], [1.0, 1.0, 0.0], [0.0, 0.0, 1.0], [0.0, 0.0, 0.0]], "T_e": [0, 83, 89, 70, 88, 97, 59, 80, 97, 0], "T_t": [[0.0, 89.1852005660132, 57.0087712549569, 76.55716818169282, 51.0, 30.265491900843113, 71.06335201775947, 62.289646009589745, 50.24937810560445, 28.0], [89.1852005660132, 0.0, 89.19641248391103, 15.524174696260024, 43.41658669218482, 81.05553651663777, 18.867962264113206, 47.01063709417264, 42.01190307520001, 63.071388124885914], [57.0087712549569, 89.19641248391103, 0.0, 73.7360156233031, 75.82216034906945, 27.16615541441225, 78.89233169326408, 42.44997055358225, 52.20153254455275, 63.071388124885914], [76.55716818169282, 15.524174696260024, 73.7360156233031, 0.0, 36.359317925395686, 66.007575322837, 14.035668847618199, 31.76476034853718, 27.459060435491963, 52.20153254455275], [51.0, 43.41658669218482, 75.82216034906945, 36.359317925395686, 0.0, 55.758407437802596, 24.758836806279895, 46.87216658103186, 27.202941017470888, 23.0], [30.265491900843113, 81.05553651663777, 27.16615541441225, 66.007575322837, 55.758407437802596, 0.0, 66.2872536767062, 41.23105625617661, 39.20459156782532, 38.41874542459709], [71.06335201775947, 18.867962264113206, 78.89233169326408, 14.035668847618199, 24.758836806279895, 66.2872536767062, 0.0, 39.6232255123179, 27.51363298439521, 44.384682042344295], [62.289646009589745, 47.01063709417264, 42.44997055358225, 31.76476034853718, 46.87216658103186, 41.23105625617661, 39.6232255123179, 0.0, 20.024984394500787, 48.08326112068523], [50.24937810560445, 42.01190307520001, 52.20153254455275, 27.459060435491963, 27.202941017470888, 39.20459156782532, 27.51363298439521, 20.024984394500787, 0.0, 30.01666203960727], [28.0, 63.071388124885914, 63.071388124885914, 52.20153254455275, 23.0, 38.41874542459709, 44.384682042344295, 48.08326112068523, 30.01666203960727, 0.0]], "task_locations": [[11, 85], [96, 58], [12, 28], [81, 54], [62, 85], [15, 55], [80, 68], [53, 39], [54, 59], [39, 85]], "precedence_constraints": [[5, 4]]}