{"Q": [[1, 0, 0], [0, 1, 0], [0, 0, 1]], "R": [[0.0, 0.0, 0.0], [0.0, 0.0, 1.0], [1.0, 0.0, 0.0], [1.0, 1.0, 0.0], [1.0, 0.0, 0.0], [0.0, 1.0, 1.0], [1.0, 0.0, 1.0], [0.0, 0.0, 1.0], [1.0, 0.0, 1.0], [0.0, 0.0, 0.0]], "T_e": [0, 93, 74, 50, 85, 64, 81, 54, 73, 0], "T_t": [[0.0, 43.0, 101.24228365658294, 47.853944456021594, 71.47027354082255, 39.56008088970496, 29.068883707497267, 102.0, 96.79876032264049, 69.35416353759881], [43.0, 0.0, 85.84287972802403, 48.30113870293329, 71.16881339463234, 12.083045973594572, 50.21951811795888, 90.13878188659973, 65.21502894272147, 77.82673062643708], [101.24228365658294, 85.84287972802403, 0.0, 54.037024344425184, 37.12142238654117, 75.92759709091287, 77.10382610480494, 8.602325267042627, 41.23105625617661, 50.59644256269407], [47.853944456021594, 48.30113870293329, 54.037024344425184, 0.0, 25.019992006393608, 36.235341863986875, 23.600847442411894, 54.20332093147061, 60.8276253029822, 29.5296461204668], [71.47027354082255, 71.16881339463234, 37.12142238654117, 25.019992006393608, 0.0, 59.20304046246274, 43.829214001622255, 34.058772731852805, 60.876925020897694, 15.033296378372908], [39.56008088970496, 12.083045973594572, 75.92759709091287, 36.235341863986875, 59.20304046246274, 0.0, 40.24922359499622, 79.63039620647382, 60.108235708594876, 65.76473218982953], [29.068883707497267, 50.21951811795888, 77.10382610480494, 23.600847442411894, 43.829214001622255, 40.24922359499622, 0.0, 76.40026177965623, 82.56512580987206, 40.311288741492746], [102.0, 90.13878188659973, 8.602325267042627, 54.20332093147061, 34.058772731852805, 79.63039620647382, 76.40026177965623, 0.0, 49.57822102496216, 46.06517122512408], [96.79876032264049, 65.21502894272147, 41.23105625617661, 60.8276253029822, 60.876925020897694, 60.108235708594876, 82.56512580987206, 49.57822102496216, 0.0, 75.7099729229908], [69.35416353759881, 77.82673062643708, 50.59644256269407, 29.5296461204668, 15.033296378372908, 65.76473218982953, 40.311288741492746, 46.06517122512408, 75.7099729229908, 0.0]], "task_locations": [[4, 16], [4, 59], [89, 71], [47, 37], [72, 38], [15, 54], [33, 18], [94, 64], [57, 97], [73, 23]], "precedence_constraints": [[7, 8], [3, 2], [6, 1]]}