{"Q": [[0, 0, 1], [0, 1, 0], [1, 1, 0]], "R": [[0.0, 0.0, 0.0], [1.0, 0.0, 1.0], [1.0, 0.0, 0.0], [0.0, 0.0, 1.0], [0.0, 1.0, 0.0], [0.0, 1.0, 0.0], [0.0, 0.0, 1.0], [0.0, 0.0, 1.0], [0.0, 1.0, 0.0], [0.0, 0.0, 0.0]], "T_e": [0, 66, 82, 88, 83, 55, 74, 68, 84, 0], "T_t": [[0.0, 53.0, 86.83317338436964, 78.10249675906654, 59.80802621722272, 50.99019513592785, 6.4031242374328485, 36.359317925395686, 46.010868281309364, 34.713109915419565], [53.0, 0.0, 81.32035415564789, 32.38826948140329, 13.038404810405298, 29.206163733020468, 47.01063709417264, 76.53103945458993, 76.23647421018367, 68.0294054067798], [86.83317338436964, 81.32035415564789, 0.0, 67.23094525588644, 94.06912352095134, 52.49761899362675, 82.56512580987206, 69.6419413859206, 55.362442142665635, 61.0], [78.10249675906654, 32.38826948140329, 67.23094525588644, 0.0, 39.45883931389772, 31.304951684997057, 71.7007670809734, 90.78546139112804, 85.07055894961546, 80.52949770115296], [59.80802621722272, 13.038404810405298, 94.06912352095134, 39.45883931389772, 0.0, 42.20189569201838, 54.405882034941776, 87.02298546935747, 87.96590248499699, 79.1580697086532], [50.99019513592785, 29.206163733020468, 52.49761899362675, 31.304951684997057, 42.20189569201838, 0.0, 44.77722635447622, 59.481089431852205, 54.3415126767741, 49.24428900898052], [6.4031242374328485, 47.01063709417264, 82.56512580987206, 71.7007670809734, 54.405882034941776, 44.77722635447622, 0.0, 37.69615364994153, 45.45327270945405, 34.20526275297414], [36.359317925395686, 76.53103945458993, 69.6419413859206, 90.78546139112804, 87.02298546935747, 59.481089431852205, 37.69615364994153, 0.0, 15.0, 10.63014581273465], [46.010868281309364, 76.23647421018367, 55.362442142665635, 85.07055894961546, 87.96590248499699, 54.3415126767741, 45.45327270945405, 15.0, 0.0, 11.313708498984761], [34.713109915419565, 68.0294054067798, 61.0, 80.52949770115296, 79.1580697086532, 49.24428900898052, 34.20526275297414, 10.63014581273465, 11.313708498984761, 0.0]], "task_locations": [[31, 12], [76, 40], [19, 98], [81, 72], [87, 33], [53, 58], [35, 17], [0, 31], [0, 46], [8, 38]], "precedence_constraints": [[2, 3], [8, 2], [5, 6]]}