{"Q": [[1, 0, 1], [1, 1, 1], [0, 0, 1]], "R": [[0.0, 0.0, 0.0], [0.0, 0.0, 1.0], [1.0, 0.0, 0.0], [0.0, 1.0, 1.0], [0.0, 0.0, 1.0], [0.0, 0.0, 1.0], [0.0, 1.0, 0.0], [0.0, 1.0, 0.0], [0.0, 0.0, 1.0], [0.0, 0.0, 0.0]], "T_e": [0, 53, 52, 66, 50, 99, 98, 88, 85, 0], "T_t": [[0.0, 46.32493928760188, 41.88078318274385, 15.231546211727817, 35.4682957019364, 82.73451516749222, 14.560219778561036, 29.732137494637012, 36.345563690772494, 34.88552708502482], [46.32493928760188, 0.0, 62.0966987850401, 46.32493928760188, 13.416407864998739, 85.37564055396598, 36.68787265568828, 17.72004514666935, 77.62087348130012, 78.49203781276162], [41.88078318274385, 62.0966987850401, 0.0, 56.938563381947034, 49.03060268852505, 42.720018726587654, 52.55473337388365, 55.00909015790027, 71.28113354878694, 39.20459156782532], [15.231546211727817, 46.32493928760188, 56.938563381947034, 0.0, 39.01281840626232, 97.0, 10.0, 28.635642126552707, 31.32091952673165, 46.09772228646444], [35.4682957019364, 13.416407864998739, 49.03060268852505, 39.01281840626232, 0.0, 75.61084578286372, 29.017236257093817, 13.038404810405298, 69.46221994724903, 65.85590330410783], [82.73451516749222, 85.37564055396598, 42.720018726587654, 97.0, 75.61084578286372, 0.0, 90.60353193998566, 86.33075929238663, 113.99122773266372, 79.71198153351854], [14.560219778561036, 36.68787265568828, 52.55473337388365, 10.0, 29.017236257093817, 90.60353193998566, 0.0, 18.973665961010276, 41.0, 49.24428900898052], [29.732137494637012, 17.72004514666935, 55.00909015790027, 28.635642126552707, 13.038404810405298, 86.33075929238663, 18.973665961010276, 0.0, 59.90826320300064, 63.60031446463138], [36.345563690772494, 77.62087348130012, 71.28113354878694, 31.32091952673165, 69.46221994724903, 113.99122773266372, 41.0, 59.90826320300064, 0.0, 41.182520563948], [34.88552708502482, 78.49203781276162, 39.20459156782532, 46.09772228646444, 65.85590330410783, 79.71198153351854, 49.24428900898052, 63.60031446463138, 41.182520563948, 0.0]], "task_locations": [[60, 68], [21, 93], [37, 33], [66, 82], [27, 81], [1, 10], [56, 82], [38, 88], [96, 73], [76, 37]], "precedence_constraints": [[6, 3], [5, 7], [8, 2], [8, 5]]}