{"Q": [[0, 1, 0], [1, 1, 1], [0, 0, 1]], "R": [[0.0, 0.0, 0.0], [0.0, 1.0, 0.0], [1.0, 1.0, 1.0], [0.0, 1.0, 0.0], [1.0, 0.0, 1.0], [0.0, 1.0, 0.0], [1.0, 0.0, 0.0], [0.0, 0.0, 1.0], [0.0, 0.0, 1.0], [0.0, 0.0, 0.0]], "T_e": [0, 87, 72, 52, 69, 84, 63, 76, 52, 0], "T_t": [[0.0, 57.0087712549569, 63.788713735268246, 14.212670403551895, 80.0, 84.30895563343196, 10.63014581273465, 38.47076812334269, 60.74537019394976, 33.37663853655727], [57.0087712549569, 0.0, 32.57299494980466, 70.68238818828917, 34.20526275297414, 27.313000567495326, 67.11929677819934, 30.886890422961002, 12.165525060596439, 59.22837157984339], [63.788713735268246, 32.57299494980466, 0.0, 74.00675644831355, 19.72308292331602, 44.598206241955516, 71.06335201775947, 25.317977802344327, 44.64302857109943, 80.45495634204272], [14.212670403551895, 70.68238818828917, 74.00675644831355, 0.0, 91.44397191723465, 97.98979538707079, 3.605551275463989, 49.09175083453431, 74.88658090739622, 42.42640687119285], [80.0, 34.20526275297414, 19.72308292331602, 91.44397191723465, 0.0, 32.0624390837628, 88.2779700718135, 42.42640687119285, 43.93176527297759, 91.18113840043894], [84.30895563343196, 27.313000567495326, 44.598206241955516, 97.98979538707079, 32.0624390837628, 0.0, 94.42986815621421, 55.17245689653489, 27.018512172212592, 83.00602387778854], [10.63014581273465, 67.11929677819934, 71.06335201775947, 3.605551275463989, 88.2779700718135, 94.42986815621421, 0.0, 46.010868281309364, 71.28113354878694, 40.11234224026316], [38.47076812334269, 30.886890422961002, 25.317977802344327, 49.09175083453431, 42.42640687119285, 55.17245689653489, 46.010868281309364, 0.0, 41.10960958218893, 58.05170109479997], [60.74537019394976, 12.165525060596439, 44.64302857109943, 74.88658090739622, 43.93176527297759, 27.018512172212592, 71.28113354878694, 41.10960958218893, 0.0, 56.0], [33.37663853655727, 59.22837157984339, 80.45495634204272, 42.42640687119285, 91.18113840043894, 83.00602387778854, 40.11234224026316, 58.05170109479997, 56.0, 0.0]], "task_locations": [[82, 71], [29, 50], [19, 81], [93, 80], [2, 71], [4, 39], [90, 78], [44, 77], [31, 38], [87, 38]], "precedence_constraints": [[7, 8], [6, 1]]}