{"Q": [[1, 1, 0], [1, 0, 1], [1, 0, 0]], "R": [[0.0, 0.0, 0.0], [0.0, 1.0, 0.0], [0.0, 1.0, 0.0], [0.0, 0.0, 1.0], [1.0, 0.0, 0.0], [0.0, 1.0, 0.0], [0.0, 1.0, 0.0], [1.0, 0.0, 1.0], [1.0, 0.0, 1.0], [0.0, 0.0, 0.0]], "T_e": [0, 88, 64, 55, 63, 58, 59, 84, 79, 0], "T_t": [[0.0, 21.95449840010015, 35.84689665786984, 54.42425929675111, 18.0, 43.08131845707603, 68.96375859826666, 76.05918747922567, 51.24451190127583, 17.26267650163207], [21.95449840010015, 0.0, 28.653097563788805, 43.86342439892262, 38.600518131237564, 51.088159097779204, 72.56721022610694, 65.94694837519019, 60.13318551349163, 35.608987629529715], [35.84689665786984, 28.653097563788805, 0.0, 18.681541692269406, 52.88667128870941, 31.064449134018133, 46.010868281309364, 40.24922359499622, 39.35733730830886, 36.124783736376884], [54.42425929675111, 43.86342439892262, 18.681541692269406, 0.0, 71.56814934033156, 40.8166632639171, 44.384682042344295, 22.20360331117452, 46.861498055439924, 54.037024344425184], [18.0, 38.600518131237564, 52.88667128870941, 71.56814934033156, 0.0, 52.49761899362675, 79.39773296511683, 92.69843580125827, 59.07622195096772, 22.67156809750927], [43.08131845707603, 51.088159097779204, 31.064449134018133, 40.8166632639171, 52.49761899362675, 0.0, 26.90724809414742, 53.600373133029585, 9.055385138137417, 29.832867780352597], [68.96375859826666, 72.56721022610694, 46.010868281309364, 44.384682042344295, 79.39773296511683, 26.90724809414742, 0.0, 44.82186966202994, 21.95449840010015, 56.72741841473134], [76.05918747922567, 65.94694837519019, 40.24922359499622, 22.20360331117452, 92.69843580125827, 53.600373133029585, 44.82186966202994, 0.0, 56.61271941887264, 73.54590403278758], [51.24451190127583, 60.13318551349163, 39.35733730830886, 46.861498055439924, 59.07622195096772, 9.055385138137417, 21.95449840010015, 56.61271941887264, 0.0, 36.71511950137164], [17.26267650163207, 35.608987629529715, 36.124783736376884, 54.037024344425184, 22.67156809750927, 29.832867780352597, 56.72741841473134, 73.54590403278758, 36.71511950137164, 0.0]], "task_locations": [[72, 65], [53, 76], [39, 51], [21, 46], [90, 65], [56, 25], [38, 5], [3, 33], [57, 16], [75, 48]], "precedence_constraints": [[6, 8], [8, 7], [6, 3], [7, 5]]}