{"Q": [[0, 0, 1], [1, 1, 0], [0, 1, 1]], "R": [[0.0, 0.0, 0.0], [0.0, 1.0, 1.0], [1.0, 0.0, 1.0], [1.0, 0.0, 1.0], [1.0, 1.0, 1.0], [1.0, 1.0, 0.0], [0.0, 1.0, 1.0], [1.0, 0.0, 1.0], [0.0, 0.0, 1.0], [0.0, 0.0, 0.0]], "T_e": [0, 61, 52, 95, 67, 63, 83, 82, 73, 0], "T_t": [[0.0, 42.01190307520001, 11.045361017187261, 33.24154027718932, 57.271284253105414, 54.230987451824994, 32.449961479175904, 54.08326913195984, 72.78049189171504, 20.024984394500787], [42.01190307520001, 0.0, 34.828149534535996, 72.62231062146122, 26.92582403567252, 17.72004514666935, 55.08175741568164, 19.235384061671343, 56.639209034025185, 29.966648127543394], [11.045361017187261, 34.828149534535996, 0.0, 37.8021163428716, 46.84015371452148, 44.77722635447622, 26.92582403567252, 49.76946855251722, 61.84658438426491, 9.0], [33.24154027718932, 72.62231062146122, 37.8021163428716, 0.0, 80.45495634204272, 80.91971329657564, 30.265491900843113, 86.83317338436964, 84.34453153583817, 43.86342439892262], [57.271284253105414, 26.92582403567252, 46.84015371452148, 80.45495634204272, 0.0, 10.816653826391969, 54.45181356024793, 42.01190307520001, 31.76476034853718, 38.27531841800928], [54.230987451824994, 17.72004514666935, 44.77722635447622, 80.91971329657564, 10.816653826391969, 0.0, 57.688820407423826, 31.240998703626616, 42.5440947723653, 37.20215047547655], [32.449961479175904, 55.08175741568164, 26.92582403567252, 30.265491900843113, 54.45181356024793, 57.688820407423826, 0.0, 72.99315036357864, 54.12947441089743, 26.076809620810597], [54.08326913195984, 19.235384061671343, 49.76946855251722, 86.83317338436964, 42.01190307520001, 31.240998703626616, 72.99315036357864, 0.0, 73.49829930005184, 47.07440918375928], [72.78049189171504, 56.639209034025185, 61.84658438426491, 84.34453153583817, 31.76476034853718, 42.5440947723653, 54.12947441089743, 73.49829930005184, 0.0, 53.16013544000805], [20.024984394500787, 29.966648127543394, 9.0, 43.86342439892262, 38.27531841800928, 37.20215047547655, 26.076809620810597, 47.07440918375928, 53.16013544000805, 0.0]], "task_locations": [[84, 45], [51, 71], [73, 44], [96, 14], [28, 57], [34, 66], [66, 18], [54, 90], [13, 29], [64, 44]], "precedence_constraints": [[5, 3], [5, 8], [8, 2], [5, 6]]}