{"Q": [[0, 1, 0], [1, 0, 1], [0, 1, 0]], "R": [[0.0, 0.0, 0.0], [0.0, 0.0, 1.0], [1.0, 0.0, 1.0], [1.0, 0.0, 1.0], [0.0, 1.0, 0.0], [1.0, 1.0, 1.0], [0.0, 1.0, 1.0], [0.0, 1.0, 1.0], [1.0, 1.0, 1.0], [0.0, 0.0, 0.0]], "T_e": [0, 85, 92, 75, 58, 79, 86, 55, 95, 0], "T_t": [[0.0, 33.24154027718932, 79.51100552753688, 55.14526271584895, 95.524865872714, 19.4164878389476, 54.230987451824994, 47.042533945356304, 70.83078426785913, 36.359317925395686], [33.24154027718932, 0.0, 57.97413216254298, 37.73592452822641, 93.86160024205851, 27.459060435491963, 52.478567053607705, 35.38361202590826, 46.69047011971501, 55.14526271584895], [79.51100552753688, 57.97413216254298, 0.0, 24.515301344262525, 58.077534382926416, 83.60023923410746, 41.72529209005013, 33.83784863137726, 12.206555615733702, 72.11102550927978], [55.14526271584895, 37.73592452822641, 24.515301344262525, 0.0, 59.481089431852205, 60.876925020897694, 25.495097567963924, 10.0, 18.439088914585774, 50.20956084253277], [95.524865872714, 93.86160024205851, 58.077534382926416, 59.481089431852205, 0.0, 109.63576058932597, 42.5205832509386, 58.60034129593445, 66.2872536767062, 65.52098900352466], [19.4164878389476, 27.459060435491963, 83.60023923410746, 60.876925020897694, 109.63576058932597, 0.0, 67.20119046564577, 55.154328932550705, 73.06161783043132, 55.036351623268054], [54.230987451824994, 52.478567053607705, 41.72529209005013, 25.495097567963924, 42.5205832509386, 67.20119046564577, 0.0, 19.235384061671343, 41.593268686170845, 32.57299494980466], [47.042533945356304, 35.38361202590826, 33.83784863137726, 10.0, 58.60034129593445, 55.154328932550705, 19.235384061671343, 0.0, 28.42534080710379, 40.311288741492746], [70.83078426785913, 46.69047011971501, 12.206555615733702, 18.439088914585774, 66.2872536767062, 73.06161783043132, 41.593268686170845, 28.42534080710379, 0.0, 68.62215385719105], [36.359317925395686, 55.14526271584895, 72.11102550927978, 50.20956084253277, 65.52098900352466, 55.036351623268054, 32.57299494980466, 40.311288741492746, 68.62215385719105, 0.0]], "task_locations": [[37, 6], [13, 29], [28, 85], [33, 61], [86, 88], [18, 2], [58, 56], [39, 53], [21, 75], [68, 25]], "precedence_constraints": [[8, 7], [4, 3], [8, 1]]}