{"Q": [[1, 0, 0], [0, 1, 1], [0, 0, 1]], "R": [[0.0, 0.0, 0.0], [1.0, 0.0, 1.0], [0.0, 1.0, 0.0], [1.0, 1.0, 0.0], [0.0, 1.0, 1.0], [1.0, 0.0, 0.0], [1.0, 1.0, 0.0], [0.0, 0.0, 1.0], [1.0, 0.0, 0.0], [0.0, 0.0, 0.0]], "T_e": [0, 87, 66, 79, 97, 87, 62, 66, 67, 0], "T_t": [[0.0, 44.04543109109048, 51.19570294468082, 63.324560795950255, 51.42956348249516, 20.615528128088304, 14.317821063276353, 39.35733730830886, 28.231188426986208, 98.08159868191383], [44.04543109109048, 0.0, 42.15447781671598, 52.478567053607705, 52.392747589718944, 56.64803615307419, 49.64876634922564, 10.04987562112089, 18.788294228055936, 54.037024344425184], [51.19570294468082, 42.15447781671598, 0.0, 12.529964086141668, 12.649110640673518, 71.56814934033156, 44.04543109109048, 32.64965543462902, 32.55764119219941, 77.4919350642375], [63.324560795950255, 52.478567053607705, 12.529964086141668, 0.0, 16.15549442140351, 83.81527307120105, 55.14526271584895, 43.60045871318328, 44.82186966202994, 80.4114419718985], [51.42956348249516, 52.392747589718944, 12.649110640673518, 16.15549442140351, 0.0, 72.01388754955533, 41.23105625617661, 42.44997055358225, 39.44616584663204, 90.13878188659973], [20.615528128088304, 56.64803615307419, 71.56814934033156, 83.81527307120105, 72.01388754955533, 0.0, 32.64965543462902, 54.91812087098393, 45.09988913511872, 109.27488274987991], [14.317821063276353, 49.64876634922564, 44.04543109109048, 55.14526271584895, 41.23105625617661, 32.64965543462902, 0.0, 42.44997055358225, 31.240998703626616, 102.59142264341595], [39.35733730830886, 10.04987562112089, 32.64965543462902, 43.60045871318328, 42.44997055358225, 54.91812087098393, 42.44997055358225, 0.0, 11.40175425099138, 60.14149981501958], [28.231188426986208, 18.788294228055936, 32.55764119219941, 44.82186966202994, 39.44616584663204, 45.09988913511872, 31.240998703626616, 11.40175425099138, 0.0, 71.42128534267638], [98.08159868191383, 54.037024344425184, 77.4919350642375, 80.4114419718985, 90.13878188659973, 109.27488274987991, 102.59142264341595, 60.14149981501958, 71.42128534267638, 0.0]], "task_locations": [[64, 23], [36, 57], [75, 73], [81, 84], [87, 69], [56, 4], [77, 29], [46, 58], [53, 49], [2, 99]], "precedence_constraints": [[5, 4], [7, 8], [8, 5], [1, 3]]}