{"Q": [[0, 1, 1], [0, 0, 1], [1, 0, 0]], "R": [[0.0, 0.0, 0.0], [1.0, 0.0, 0.0], [1.0, 0.0, 1.0], [0.0, 0.0, 1.0], [1.0, 1.0, 0.0], [0.0, 1.0, 0.0], [1.0, 0.0, 0.0], [0.0, 1.0, 0.0], [1.0, 0.0, 1.0], [0.0, 0.0, 0.0]], "T_e": [0, 88, 90, 87, 85, 62, 94, 68, 86, 0], "T_t": [[0.0, 36.124783736376884, 55.60575509783138, 28.231188426986208, 65.96969000988257, 67.26812023536856, 41.012193308819754, 62.96824596572466, 49.01020301937138, 50.695167422546305], [36.124783736376884, 0.0, 85.7962703152066, 52.32590180780452, 64.19501538281614, 76.55063683601855, 6.4031242374328485, 57.723478758647246, 57.8013840664737, 70.43436661176133], [55.60575509783138, 85.7962703152066, 0.0, 33.95585369269929, 67.08203932499369, 50.32891812864648, 91.92388155425118, 70.57619995437555, 47.43416490252569, 28.178005607210743], [28.231188426986208, 52.32590180780452, 33.95585369269929, 0.0, 46.61544808322666, 41.30375285612676, 58.59180830116101, 46.66904755831214, 25.942243542145693, 22.47220505424423], [65.96969000988257, 64.19501538281614, 67.08203932499369, 46.61544808322666, 0.0, 22.20360331117452, 69.6419413859206, 7.810249675906654, 21.213203435596427, 38.91015291668744], [67.26812023536856, 76.55063683601855, 50.32891812864648, 41.30375285612676, 22.20360331117452, 0.0, 82.66196223173026, 29.120439557122072, 19.313207915827967, 23.853720883753127], [41.012193308819754, 6.4031242374328485, 91.92388155425118, 58.59180830116101, 69.6419413859206, 82.66196223173026, 0.0, 62.93647591023825, 64.03124237432849, 76.83749084919418], [62.96824596572466, 57.723478758647246, 70.57619995437555, 46.66904755831214, 7.810249675906654, 29.120439557122072, 62.93647591023825, 0.0, 23.259406699226016, 42.720018726587654], [49.01020301937138, 57.8013840664737, 47.43416490252569, 25.942243542145693, 21.213203435596427, 19.313207915827967, 64.03124237432849, 23.259406699226016, 0.0, 20.09975124224178], [50.695167422546305, 70.43436661176133, 28.178005607210743, 22.47220505424423, 38.91015291668744, 23.853720883753127, 76.83749084919418, 42.720018726587654, 20.09975124224178, 0.0]], "task_locations": [[83, 52], [80, 88], [49, 8], [57, 41], [19, 68], [16, 46], [84, 93], [24, 74], [34, 53], [36, 33]], "precedence_constraints": [[2, 1], [5, 8], [6, 5], [3, 7]]}