{"Q": [[1, 1, 1], [0, 1, 0], [1, 0, 1]], "R": [[0.0, 0.0, 0.0], [1.0, 0.0, 1.0], [1.0, 0.0, 0.0], [0.0, 1.0, 0.0], [1.0, 0.0, 0.0], [1.0, 0.0, 0.0], [1.0, 1.0, 1.0], [0.0, 1.0, 0.0], [0.0, 0.0, 1.0], [0.0, 0.0, 0.0]], "T_e": [0, 59, 58, 93, 87, 56, 95, 60, 82, 0], "T_t": [[0.0, 77.3692445355388, 28.231188426986208, 58.077534382926416, 4.0, 84.40379138403677, 37.48332962798263, 10.63014581273465, 51.97114584074513, 12.36931687685298], [77.3692445355388, 0.0, 49.24428900898052, 33.83784863137726, 73.824115301167, 15.033296378372908, 95.67131231461184, 81.93289937503738, 95.524865872714, 87.09190547921202], [28.231188426986208, 49.24428900898052, 0.0, 32.984845004941285, 24.596747752497688, 57.3149195236284, 52.0, 34.23448553724738, 62.12889826803627, 38.8329756778952], [58.077534382926416, 33.83784863137726, 32.984845004941285, 0.0, 54.08326913195984, 48.05205510693585, 65.60487786742691, 66.12110101926616, 93.91485505499116, 70.0], [4.0, 73.824115301167, 24.596747752497688, 54.08326913195984, 0.0, 81.21576201698781, 37.05401462729781, 13.892443989449804, 54.08326913195984, 16.278820596099706], [84.40379138403677, 15.033296378372908, 57.3149195236284, 48.05205510693585, 81.21576201698781, 0.0, 106.83164325236227, 87.32124598286491, 94.13288479590966, 92.78469701410896], [37.48332962798263, 95.67131231461184, 52.0, 65.60487786742691, 37.05401462729781, 106.83164325236227, 0.0, 46.17358552246078, 88.02272433866155, 43.86342439892262], [10.63014581273465, 81.93289937503738, 34.23448553724738, 66.12110101926616, 13.892443989449804, 87.32124598286491, 46.17358552246078, 0.0, 42.04759208325728, 5.656854249492381], [51.97114584074513, 95.524865872714, 62.12889826803627, 93.91485505499116, 54.08326913195984, 94.13288479590966, 88.02272433866155, 42.04759208325728, 0.0, 44.27188724235731], [12.36931687685298, 87.09190547921202, 38.8329756778952, 70.0, 16.278820596099706, 92.78469701410896, 43.86342439892262, 5.656854249492381, 44.27188724235731, 0.0]], "task_locations": [[47, 28], [82, 97], [58, 54], [50, 86], [47, 32], [97, 96], [10, 34], [54, 20], [92, 2], [50, 16]], "precedence_constraints": [[7, 2], [5, 2]]}