{"Q": [[0, 1, 0], [1, 0, 1], [0, 1, 0]], "R": [[0.0, 0.0, 0.0], [1.0, 0.0, 1.0], [1.0, 1.0, 0.0], [1.0, 0.0, 0.0], [1.0, 1.0, 1.0], [1.0, 1.0, 0.0], [0.0, 0.0, 1.0], [1.0, 0.0, 0.0], [1.0, 1.0, 1.0], [0.0, 0.0, 0.0]], "T_e": [0, 79, 84, 69, 75, 80, 52, 54, 75, 0], "T_t": [[0.0, 27.730849247724095, 92.84934033152847, 18.439088914585774, 25.942243542145693, 31.622776601683793, 13.45362404707371, 48.75448697299562, 71.19691004531025, 46.69047011971501], [27.730849247724095, 0.0, 98.50888284819801, 41.72529209005013, 50.93132631298737, 55.036351623268054, 40.496913462633174, 56.142675390472796, 82.87339742040264, 73.24616030891995], [92.84934033152847, 98.50888284819801, 0.0, 78.39005038906404, 78.60025445251433, 115.93532679903913, 87.8179936004006, 44.27188724235731, 27.202941017470888, 84.81155581640984], [18.439088914585774, 41.72529209005013, 78.39005038906404, 0.0, 9.433981132056603, 38.2099463490856, 9.433981132056603, 36.069377593742864, 54.70831746635972, 32.2490309931942], [25.942243542145693, 50.93132631298737, 78.60025445251433, 9.433981132056603, 0.0, 37.589892258425, 13.341664064126334, 39.11521443121589, 53.23532661682466, 22.825424421026653], [31.622776601683793, 55.036351623268054, 115.93532679903913, 38.2099463490856, 37.589892258425, 0.0, 29.0, 74.27651041883968, 90.82400563727631, 44.04543109109048], [13.45362404707371, 40.496913462633174, 87.8179936004006, 9.433981132056603, 13.341664064126334, 29.0, 0.0, 45.34313619501854, 63.90618123468183, 33.24154027718932], [48.75448697299562, 56.142675390472796, 44.27188724235731, 36.069377593742864, 39.11521443121589, 74.27651041883968, 45.34313619501854, 0.0, 27.202941017470888, 53.9351462406472], [71.19691004531025, 82.87339742040264, 27.202941017470888, 54.70831746635972, 53.23532661682466, 90.82400563727631, 63.90618123468183, 27.202941017470888, 0.0, 57.62811813689564], [46.69047011971501, 73.24616030891995, 84.81155581640984, 32.2490309931942, 22.825424421026653, 44.04543109109048, 33.24154027718932, 53.9351462406472, 57.62811813689564, 0.0]], "task_locations": [[13, 66], [1, 41], [99, 31], [31, 70], [36, 78], [3, 96], [23, 75], [57, 45], [83, 53], [47, 98]], "precedence_constraints": [[1, 3], [8, 4], [6, 3], [2, 7], [1, 5]]}