{"Q": [[1, 0, 1], [1, 0, 1], [0, 1, 1]], "R": [[0.0, 0.0, 0.0], [0.0, 0.0, 1.0], [1.0, 0.0, 0.0], [1.0, 0.0, 0.0], [1.0, 1.0, 1.0], [1.0, 0.0, 0.0], [1.0, 1.0, 1.0], [0.0, 1.0, 0.0], [1.0, 0.0, 0.0], [0.0, 0.0, 0.0]], "T_e": [0, 66, 81, 69, 64, 53, 70, 95, 60, 0], "T_t": [[0.0, 69.26037828369117, 72.069410986909, 25.495097567963924, 49.4064773081425, 39.824615503479755, 53.36665625650534, 13.45362404707371, 51.86520991955976, 11.045361017187261], [69.26037828369117, 0.0, 52.20153254455275, 92.13576938409967, 41.593268686170845, 49.040799340956916, 16.64331697709324, 63.52952069707436, 24.351591323771842, 65.76473218982953], [72.069410986909, 52.20153254455275, 0.0, 97.09788875150684, 23.769728648009426, 32.2490309931942, 53.75872022286245, 76.21679604916491, 34.92849839314596, 62.12889826803627], [25.495097567963924, 92.13576938409967, 97.09788875150684, 0.0, 74.81310045707235, 64.89992295835181, 75.64390259630977, 28.792360097775937, 76.83749084919418, 34.9857113690718], [49.4064773081425, 41.593268686170845, 23.769728648009426, 74.81310045707235, 0.0, 11.180339887498949, 36.235341863986875, 52.55473337388365, 17.804493814764857, 40.311288741492746], [39.824615503479755, 49.040799340956916, 32.2490309931942, 64.89992295835181, 11.180339887498949, 0.0, 40.22437072223753, 44.91102314577124, 24.73863375370596, 30.0], [53.36665625650534, 16.64331697709324, 53.75872022286245, 75.64390259630977, 36.235341863986875, 40.22437072223753, 0.0, 46.95742752749558, 19.235384061671343, 51.0098029794274], [13.45362404707371, 63.52952069707436, 76.21679604916491, 28.792360097775937, 52.55473337388365, 44.91102314577124, 46.95742752749558, 0.0, 50.32891812864648, 21.93171219946131], [51.86520991955976, 24.351591323771842, 34.92849839314596, 76.83749084919418, 17.804493814764857, 24.73863375370596, 19.235384061671343, 50.32891812864648, 0.0, 45.69463863518345], [11.045361017187261, 65.76473218982953, 62.12889826803627, 34.9857113690718, 40.311288741492746, 30.0, 51.0098029794274, 21.93171219946131, 45.69463863518345, 0.0]], "task_locations": [[69, 31], [48, 97], [6, 66], [88, 14], [29, 60], [34, 50], [57, 83], [78, 41], [40, 74], [58, 32]], "precedence_constraints": [[3, 6], [3, 5], [4, 2], [3, 2], [1, 5], [4, 6]]}