{"Q": [[0, 1, 0], [0, 1, 0], [1, 0, 1]], "R": [[0.0, 0.0, 0.0], [1.0, 0.0, 0.0], [1.0, 0.0, 1.0], [0.0, 1.0, 1.0], [0.0, 1.0, 0.0], [1.0, 1.0, 0.0], [0.0, 1.0, 1.0], [0.0, 1.0, 1.0], [0.0, 1.0, 0.0], [0.0, 0.0, 0.0]], "T_e": [0, 57, 79, 73, 60, 52, 71, 83, 89, 0], "T_t": [[0.0, 90.21086409075129, 66.88796603276258, 51.61395160225576, 58.18934610390462, 25.079872407968907, 41.7612260356422, 21.470910553583888, 44.384682042344295, 65.73431371817918], [90.21086409075129, 0.0, 23.323807579381203, 47.265209192385896, 58.54912467321779, 68.76772498781678, 65.37583651472461, 68.79680225126747, 66.12110101926616, 63.34824385884742], [66.88796603276258, 23.323807579381203, 0.0, 27.892651361962706, 42.941821107167776, 45.967379738244816, 45.27692569068709, 45.48626166217664, 46.69047011971501, 50.48762224545735], [51.61395160225576, 47.265209192385896, 27.892651361962706, 0.0, 17.029386365926403, 40.311288741492746, 18.110770276274835, 33.83784863137726, 19.026297590440446, 66.37017402418047], [58.18934610390462, 58.54912467321779, 42.941821107167776, 17.029386365926403, 0.0, 53.33854141237835, 16.55294535724685, 45.0, 14.422205101855956, 83.21658488546619], [25.079872407968907, 68.76772498781678, 45.967379738244816, 40.311288741492746, 53.33854141237835, 0.0, 40.162171256046406, 10.0, 43.32435804486894, 42.5440947723653], [41.7612260356422, 65.37583651472461, 45.27692569068709, 18.110770276274835, 16.55294535724685, 40.162171256046406, 0.0, 30.805843601498726, 3.1622776601683795, 75.69015788066504], [21.470910553583888, 68.79680225126747, 45.48626166217664, 33.83784863137726, 45.0, 10.0, 30.805843601498726, 0.0, 33.95585369269929, 51.478150704935004], [44.384682042344295, 66.12110101926616, 46.69047011971501, 19.026297590440446, 14.422205101855956, 43.32435804486894, 3.1622776601683795, 33.95585369269929, 0.0, 78.56844150166147], [65.73431371817918, 63.34824385884742, 50.48762224545735, 66.37017402418047, 83.21658488546619, 42.5440947723653, 75.69015788066504, 51.478150704935004, 78.56844150166147, 0.0]], "task_locations": [[71, 11], [24, 88], [36, 68], [29, 41], [16, 30], [69, 36], [31, 23], [61, 30], [28, 22], [86, 75]], "precedence_constraints": [[5, 2], [5, 1], [2, 6]]}