{"Q": [[0, 1, 0], [1, 0, 1], [1, 0, 0]], "R": [[0.0, 0.0, 0.0], [1.0, 0.0, 1.0], [0.0, 0.0, 1.0], [0.0, 0.0, 1.0], [1.0, 1.0, 0.0], [1.0, 1.0, 1.0], [0.0, 0.0, 1.0], [1.0, 0.0, 0.0], [1.0, 1.0, 0.0], [0.0, 0.0, 0.0]], "T_e": [0, 86, 61, 88, 81, 94, 90, 50, 72, 0], "T_t": [[0.0, 22.47220505424423, 7.0, 57.97413216254298, 49.193495504995376, 20.223748416156685, 68.4470598345904, 52.61178575186362, 32.202484376209235, 50.48762224545735], [22.47220505424423, 0.0, 16.97056274847714, 44.181444068749045, 32.14031735997639, 41.78516483155236, 50.99019513592785, 48.25971404805462, 31.78049716414141, 46.04345773288535], [7.0, 16.97056274847714, 0.0, 56.568542494923804, 46.486557196677836, 27.16615541441225, 65.7875368135941, 54.120236510939236, 26.870057685088806, 51.92301994298868], [57.97413216254298, 44.181444068749045, 56.568542494923804, 0.0, 13.892443989449804, 68.60029154456998, 15.231546211727817, 23.345235059857504, 75.8023746329889, 22.80350850198276], [49.193495504995376, 32.14031735997639, 46.486557196677836, 13.892443989449804, 0.0, 63.0317380372777, 19.313207915827967, 31.04834939252005, 63.12685640834652, 29.614185789921695], [20.223748416156685, 41.78516483155236, 27.16615541441225, 68.60029154456998, 63.0317380372777, 0.0, 81.40024569987489, 56.293871780150276, 48.703182647543684, 54.57105459856901], [68.4470598345904, 50.99019513592785, 65.7875368135941, 15.231546211727817, 19.313207915827967, 81.40024569987489, 0.0, 38.3275357934736, 81.05553651663777, 37.94733192202055], [52.61178575186362, 48.25971404805462, 54.120236510939236, 23.345235059857504, 31.04834939252005, 56.293871780150276, 38.3275357934736, 0.0, 78.7210264160726, 2.23606797749979], [32.202484376209235, 31.78049716414141, 26.870057685088806, 75.8023746329889, 63.12685640834652, 48.703182647543684, 81.05553651663777, 78.7210264160726, 0.0, 76.48529270389177], [50.48762224545735, 46.04345773288535, 51.92301994298868, 22.80350850198276, 29.614185789921695, 54.57105459856901, 37.94733192202055, 2.23606797749979, 76.48529270389177, 0.0]], "task_locations": [[70, 40], [58, 21], [70, 33], [14, 25], [26, 18], [73, 60], [8, 11], [18, 48], [89, 14], [20, 47]], "precedence_constraints": [[3, 8], [5, 4], [5, 2], [3, 4], [2, 8]]}