{"Q": [[1, 0, 0], [0, 1, 1], [1, 1, 0]], "R": [[0.0, 0.0, 0.0], [0.0, 0.0, 1.0], [1.0, 0.0, 0.0], [1.0, 0.0, 0.0], [1.0, 1.0, 0.0], [0.0, 1.0, 0.0], [0.0, 1.0, 0.0], [0.0, 1.0, 1.0], [0.0, 0.0, 1.0], [0.0, 0.0, 0.0]], "T_e": [0, 75, 54, 61, 61, 87, 78, 87, 92, 0], "T_t": [[0.0, 30.805843601498726, 49.39635614091387, 98.48857801796105, 64.40496875241847, 76.84399781375251, 57.87054518492115, 33.97057550292606, 64.00781202322104, 104.69479452198185], [30.805843601498726, 0.0, 18.788294228055936, 91.0659101969557, 40.11234224026316, 73.66138744281159, 52.40229002629561, 5.0, 33.61547262794322, 79.30952023559341], [49.39635614091387, 18.788294228055936, 0.0, 94.847245611035, 34.92849839314596, 81.02468759581859, 60.53924347066124, 17.26267650163207, 14.866068747318506, 69.02897942168927], [98.48857801796105, 91.0659101969557, 94.847245611035, 0.0, 62.80127387243033, 23.08679276123039, 40.80441152620633, 86.82165628459296, 101.53324578678651, 66.007575322837], [64.40496875241847, 40.11234224026316, 34.92849839314596, 62.80127387243033, 0.0, 54.120236510939236, 38.01315561749642, 35.12833614050059, 38.897300677553446, 40.311288741492746], [76.84399781375251, 73.66138744281159, 81.02468759581859, 23.08679276123039, 54.120236510939236, 0.0, 21.2602916254693, 70.00714249274856, 90.35485598461214, 71.47027354082255], [57.87054518492115, 52.40229002629561, 60.53924347066124, 40.80441152620633, 38.01315561749642, 21.2602916254693, 0.0, 48.79549159502341, 70.9365914038728, 66.03029607687671], [33.97057550292606, 5.0, 17.26267650163207, 86.82165628459296, 35.12833614050059, 70.00714249274856, 48.79549159502341, 0.0, 32.01562118716424, 74.46475676452586], [64.00781202322104, 33.61547262794322, 14.866068747318506, 101.53324578678651, 38.897300677553446, 90.35485598461214, 70.9365914038728, 32.01562118716424, 0.0, 65.11528238439882], [104.69479452198185, 79.30952023559341, 69.02897942168927, 66.007575322837, 40.311288741492746, 71.47027354082255, 66.03029607687671, 74.46475676452586, 65.11528238439882, 0.0]], "task_locations": [[61, 98], [36, 80], [19, 72], [83, 2], [33, 40], [85, 25], [71, 41], [36, 75], [5, 67], [17, 3]], "precedence_constraints": [[1, 4], [1, 7], [8, 6], [1, 8], [6, 7]]}