{"Q": [[1, 1, 0], [1, 1, 1], [1, 0, 0]], "R": [[0.0, 0.0, 0.0], [0.0, 1.0, 0.0], [0.0, 1.0, 1.0], [1.0, 1.0, 0.0], [0.0, 1.0, 0.0], [1.0, 1.0, 0.0], [0.0, 1.0, 0.0], [1.0, 1.0, 0.0], [0.0, 1.0, 0.0], [0.0, 0.0, 0.0]], "T_e": [0, 63, 79, 92, 92, 80, 56, 94, 96, 0], "T_t": [[0.0, 66.007575322837, 64.19501538281614, 18.681541692269406, 63.28506932918696, 87.09190547921202, 21.400934559032695, 30.083217912982647, 23.853720883753127, 50.92150822589606], [66.007575322837, 0.0, 6.324555320336759, 84.09518416651456, 7.615773105863909, 50.35871324805669, 50.96076922496363, 39.293765408777, 57.0087712549569, 25.45584412271571], [64.19501538281614, 6.324555320336759, 0.0, 82.60750571225353, 1.4142135623730951, 44.721359549995796, 47.67598976424087, 39.395431207184416, 53.16013544000805, 20.0], [18.681541692269406, 84.09518416651456, 82.60750571225353, 0.0, 81.74350127074322, 104.95713410721541, 39.35733730830886, 46.389654018972806, 39.824615503479755, 69.57010852370435], [63.28506932918696, 7.615773105863909, 1.4142135623730951, 81.74350127074322, 0.0, 43.93176527297759, 46.52956049652737, 38.91015291668744, 51.92301994298868, 18.601075237738275], [87.09190547921202, 50.35871324805669, 44.721359549995796, 104.95713410721541, 43.93176527297759, 0.0, 65.73431371817918, 74.4043009509531, 65.7419196555744, 40.0], [21.400934559032695, 50.96076922496363, 47.67598976424087, 39.35733730830886, 46.52956049652737, 65.73431371817918, 0.0, 26.40075756488817, 8.06225774829855, 31.25699921617557], [30.083217912982647, 39.293765408777, 39.395431207184416, 46.389654018972806, 38.91015291668744, 74.4043009509531, 26.40075756488817, 0.0, 34.438350715445125, 34.40930106817051], [23.853720883753127, 57.0087712549569, 53.16013544000805, 39.824615503479755, 51.92301994298868, 65.7419196555744, 8.06225774829855, 34.438350715445125, 0.0, 35.12833614050059], [50.92150822589606, 25.45584412271571, 20.0, 69.57010852370435, 18.601075237738275, 40.0, 31.25699921617557, 34.40930106817051, 35.12833614050059, 0.0]], "task_locations": [[26, 60], [92, 61], [90, 55], [8, 65], [89, 54], [98, 11], [43, 47], [54, 71], [39, 40], [74, 43]], "precedence_constraints": [[6, 8], [2, 5], [6, 5]]}