{"Q": [[0, 0, 1], [1, 1, 1], [1, 0, 0]], "R": [[0.0, 0.0, 0.0], [0.0, 1.0, 0.0], [0.0, 1.0, 0.0], [1.0, 0.0, 0.0], [1.0, 0.0, 0.0], [1.0, 0.0, 0.0], [0.0, 0.0, 1.0], [1.0, 1.0, 0.0], [0.0, 0.0, 1.0], [0.0, 0.0, 0.0]], "T_e": [0, 83, 96, 76, 85, 64, 50, 67, 95, 0], "T_t": [[0.0, 36.87817782917155, 24.596747752497688, 28.071337695236398, 37.64306044943742, 41.617304093369626, 51.478150704935004, 84.72307831990054, 41.10960958218893, 78.77182237323191], [36.87817782917155, 0.0, 14.317821063276353, 26.30589287593181, 6.4031242374328485, 62.0, 24.041630560342615, 86.2670273047588, 35.35533905932738, 46.09772228646444], [24.596747752497688, 14.317821063276353, 0.0, 26.248809496813376, 18.110770276274835, 57.48912940721924, 36.013886210738214, 89.8276126811795, 39.05124837953327, 60.166435825965294], [28.071337695236398, 26.30589287593181, 26.248809496813376, 0.0, 22.02271554554524, 36.22154055254967, 26.870057685088806, 63.63961030678928, 13.92838827718412, 54.56189146281496], [37.64306044943742, 6.4031242374328485, 18.110770276274835, 22.02271554554524, 0.0, 58.215118311311535, 18.24828759089466, 80.15609770940699, 29.546573405388315, 42.37924020083418], [41.617304093369626, 62.0, 57.48912940721924, 36.22154055254967, 58.215118311311535, 0.0, 59.61543424315552, 49.8196748283246, 35.35533905932738, 84.90583018850944], [51.478150704935004, 24.041630560342615, 36.013886210738214, 26.870057685088806, 18.24828759089466, 59.61543424315552, 0.0, 69.07966415668217, 24.73863375370596, 27.80287754891569], [84.72307831990054, 86.2670273047588, 89.8276126811795, 63.63961030678928, 80.15609770940699, 49.8196748283246, 69.07966415668217, 0.0, 51.22499389946279, 81.09870529176159], [41.10960958218893, 35.35533905932738, 39.05124837953327, 13.92838827718412, 29.546573405388315, 35.35533905932738, 24.73863375370596, 51.22499389946279, 0.0, 49.64876634922564], [78.77182237323191, 46.09772228646444, 60.166435825965294, 54.56189146281496, 42.37924020083418, 84.90583018850944, 27.80287754891569, 81.09870529176159, 49.64876634922564, 0.0]], "task_locations": [[75, 44], [51, 16], [64, 22], [47, 42], [46, 20], [51, 78], [28, 23], [2, 87], [34, 47], [6, 6]], "precedence_constraints": [[5, 4], [7, 4], [7, 5]]}