{"Q": [[1, 1, 0], [0, 0, 1], [1, 0, 0]], "R": [[0.0, 0.0, 0.0], [0.0, 1.0, 1.0], [1.0, 1.0, 0.0], [1.0, 1.0, 1.0], [0.0, 1.0, 1.0], [1.0, 1.0, 0.0], [1.0, 1.0, 1.0], [0.0, 0.0, 1.0], [1.0, 0.0, 0.0], [0.0, 0.0, 0.0]], "T_e": [0, 88, 86, 95, 78, 51, 71, 64, 61, 0], "T_t": [[0.0, 53.75872022286245, 36.124783736376884, 29.966648127543394, 52.81098370604357, 48.373546489791295, 32.2490309931942, 42.43819034784589, 33.28663395418648, 45.967379738244816], [53.75872022286245, 0.0, 89.80534505250787, 27.85677655436824, 22.825424421026653, 63.198101237299845, 55.731499172371095, 61.1310068623117, 68.30812543175226, 99.72462083156798], [36.124783736376884, 89.80534505250787, 0.0, 65.45991139621256, 86.09297300012354, 69.0, 55.57877292636101, 59.07622195096772, 42.01190307520001, 10.295630140987], [29.966648127543394, 27.85677655436824, 65.45991139621256, 0.0, 38.3275357934736, 39.92492955535426, 29.017236257093817, 55.54277630799526, 55.226805085936306, 74.81310045707235], [52.81098370604357, 22.825424421026653, 86.09297300012354, 38.3275357934736, 0.0, 78.10889834071403, 66.91038783328041, 43.657759905886145, 55.21775076911409, 96.38464608017192], [48.373546489791295, 63.198101237299845, 69.0, 39.92492955535426, 78.10889834071403, 0.0, 16.1245154965971, 88.52683209061533, 81.6333265278342, 74.54528824815154], [32.2490309931942, 55.731499172371095, 55.57877292636101, 29.017236257093817, 66.91038783328041, 16.1245154965971, 0.0, 72.83543093852057, 65.5133574166368, 62.36184731067546], [42.43819034784589, 61.1310068623117, 59.07622195096772, 55.54277630799526, 43.657759905886145, 88.52683209061533, 72.83543093852057, 0.0, 17.46424919657298, 68.46897107449476], [33.28663395418648, 68.30812543175226, 42.01190307520001, 55.226805085936306, 55.21775076911409, 81.6333265278342, 65.5133574166368, 17.46424919657298, 0.0, 51.15662224971465], [45.967379738244816, 99.72462083156798, 10.295630140987, 74.81310045707235, 96.38464608017192, 74.54528824815154, 62.36184731067546, 68.46897107449476, 51.15662224971465, 0.0]], "task_locations": [[55, 56], [16, 19], [79, 83], [42, 29], [5, 39], [79, 14], [71, 28], [20, 80], [37, 84], [88, 88]], "precedence_constraints": [[6, 5], [3, 2]]}