{"Q": [[1, 1, 1], [0, 0, 1], [1, 0, 1]], "R": [[0.0, 0.0, 0.0], [0.0, 0.0, 1.0], [0.0, 1.0, 0.0], [0.0, 0.0, 1.0], [0.0, 0.0, 1.0], [0.0, 0.0, 1.0], [1.0, 1.0, 1.0], [1.0, 1.0, 1.0], [1.0, 0.0, 1.0], [0.0, 0.0, 0.0]], "T_e": [0, 68, 75, 65, 71, 81, 62, 66, 67, 0], "T_t": [[0.0, 114.85643212288984, 73.97972695272672, 37.12142238654117, 40.049968789001575, 98.97979591815695, 65.73431371817918, 27.85677655436824, 42.720018726587654, 41.773197148410844], [114.85643212288984, 0.0, 80.77747210701756, 101.24228365658294, 86.83317338436964, 18.788294228055936, 79.02531240052139, 88.09086218218096, 97.3498844375277, 74.70609078247904], [73.97972695272672, 80.77747210701756, 0.0, 90.4267659490264, 34.48187929913333, 62.369864518050704, 95.60334722173695, 51.894122981316485, 33.13608305156178, 62.24146527838174], [37.12142238654117, 101.24228365658294, 90.4267659490264, 0.0, 58.05170109479997, 89.80534505250787, 32.449961479175904, 39.6232255123179, 67.47592163134935, 31.575306807693888], [40.049968789001575, 86.83317338436964, 34.48187929913333, 58.05170109479997, 0.0, 68.6804193347711, 70.57619995437555, 18.439088914585774, 13.0, 35.11409973215888], [98.97979591815695, 18.788294228055936, 62.369864518050704, 89.80534505250787, 68.6804193347711, 0.0, 72.56721022610694, 71.56116265125938, 78.81624198095213, 60.728905802755904], [65.73431371817918, 79.02531240052139, 95.60334722173695, 32.449961479175904, 70.57619995437555, 72.56721022610694, 0.0, 55.10898293381942, 82.86132994346639, 35.4682957019364], [27.85677655436824, 88.09086218218096, 51.894122981316485, 39.6232255123179, 18.439088914585774, 71.56116265125938, 55.10898293381942, 0.0, 28.653097563788805, 21.095023109728988], [42.720018726587654, 97.3498844375277, 33.13608305156178, 67.47592163134935, 13.0, 78.81624198095213, 82.86132994346639, 28.653097563788805, 0.0, 47.53945729601885], [41.773197148410844, 74.70609078247904, 62.24146527838174, 31.575306807693888, 35.11409973215888, 60.728905802755904, 35.4682957019364, 21.095023109728988, 47.53945729601885, 0.0]], "task_locations": [[78, 95], [12, 1], [90, 22], [41, 98], [80, 55], [29, 9], [14, 80], [68, 69], [93, 55], [47, 67]], "precedence_constraints": [[8, 5], [8, 1], [3, 1]]}