{"Q": [[1, 0, 0], [0, 1, 0], [1, 0, 1]], "R": [[0.0, 0.0, 0.0], [1.0, 1.0, 0.0], [1.0, 0.0, 1.0], [0.0, 1.0, 0.0], [1.0, 1.0, 1.0], [1.0, 0.0, 1.0], [1.0, 0.0, 0.0], [1.0, 0.0, 0.0], [1.0, 1.0, 0.0], [0.0, 0.0, 0.0]], "T_e": [0, 66, 97, 71, 88, 66, 69, 90, 65, 0], "T_t": [[0.0, 43.86342439892262, 55.90169943749474, 88.20430828479978, 43.139309220245984, 51.24451190127583, 90.35485598461214, 40.44749683231337, 33.60059523282288, 28.792360097775937], [43.86342439892262, 0.0, 57.87054518492115, 66.57326790837296, 61.032778078668514, 39.824615503479755, 49.47726750741192, 39.293765408777, 58.249463516842795, 40.311288741492746], [55.90169943749474, 57.87054518492115, 0.0, 42.485291572496, 20.8806130178211, 20.024984394500787, 73.40980860893181, 85.7962703152066, 30.066592756745816, 27.459060435491963], [88.20430828479978, 66.57326790837296, 42.485291572496, 0.0, 63.15853069855251, 37.013511046643494, 48.662100242385755, 104.65180361560904, 71.16881339463234, 61.1310068623117], [43.139309220245984, 61.032778078668514, 20.8806130178211, 63.15853069855251, 0.0, 33.421549934136806, 88.48163651289458, 79.60527620704548, 10.770329614269007, 21.213203435596427], [51.24451190127583, 39.824615503479755, 20.024984394500787, 37.013511046643494, 33.421549934136806, 0.0, 55.226805085936306, 72.62231062146122, 38.01315561749642, 24.515301344262525], [90.35485598461214, 49.47726750741192, 73.40980860893181, 48.662100242385755, 88.48163651289458, 55.226805085936306, 0.0, 86.02325267042627, 91.43850392476902, 74.24957912338628], [40.44749683231337, 39.293765408777, 85.7962703152066, 104.65180361560904, 79.60527620704548, 72.62231062146122, 86.02325267042627, 0.0, 71.8679344353238, 59.90826320300064], [33.60059523282288, 58.249463516842795, 30.066592756745816, 71.16881339463234, 10.770329614269007, 38.01315561749642, 91.43850392476902, 71.8679344353238, 0.0, 18.384776310850235], [28.792360097775937, 40.311288741492746, 27.459060435491963, 61.1310068623117, 21.213203435596427, 24.515301344262525, 74.24957912338628, 59.90826320300064, 18.384776310850235, 0.0]], "task_locations": [[54, 89], [24, 57], [79, 39], [60, 1], [85, 59], [59, 38], [12, 9], [14, 95], [81, 69], [64, 62]], "precedence_constraints": [[8, 2]]}