{"Q": [[1, 0, 1], [0, 1, 0], [1, 1, 1]], "R": [[0.0, 0.0, 0.0], [0.0, 1.0, 1.0], [0.0, 1.0, 0.0], [1.0, 0.0, 1.0], [0.0, 1.0, 0.0], [0.0, 1.0, 1.0], [1.0, 1.0, 0.0], [1.0, 0.0, 0.0], [1.0, 0.0, 1.0], [0.0, 0.0, 0.0]], "T_e": [0, 88, 99, 91, 97, 51, 91, 58, 57, 0], "T_t": [[0.0, 76.55063683601855, 69.05070600652827, 38.27531841800928, 83.09632964216891, 31.78049716414141, 103.96634070698074, 95.88013350011565, 32.01562118716424, 95.0789145920377], [76.55063683601855, 0.0, 30.265491900843113, 40.311288741492746, 11.0, 48.104053883222775, 31.953090617340916, 44.01136216933077, 57.0701322935211, 64.03124237432849], [69.05070600652827, 30.265491900843113, 0.0, 32.01562118716424, 41.19465984809196, 37.33630940518894, 60.40695324215582, 73.76313442364011, 62.93647591023825, 91.30169768410661], [38.27531841800928, 40.311288741492746, 32.01562118716424, 0.0, 48.82622246293481, 7.810249675906654, 70.7248188403477, 71.02112361825881, 33.28663395418648, 79.90619500389191], [83.09632964216891, 11.0, 41.19465984809196, 48.82622246293481, 0.0, 56.61271941887264, 21.95449840010015, 34.0, 60.166435825965294, 55.86591089385369], [31.78049716414141, 48.104053883222775, 37.33630940518894, 7.810249675906654, 56.61271941887264, 0.0, 78.49203781276162, 77.87810988975015, 33.24154027718932, 85.28774824088158], [103.96634070698074, 31.953090617340916, 60.40695324215582, 70.7248188403477, 21.95449840010015, 78.49203781276162, 0.0, 29.154759474226502, 78.54934754662193, 54.78138369920935], [95.88013350011565, 44.01136216933077, 73.76313442364011, 71.02112361825881, 34.0, 77.87810988975015, 29.154759474226502, 0.0, 65.60487786742691, 25.632011235952593], [32.01562118716424, 57.0701322935211, 62.93647591023825, 33.28663395418648, 60.166435825965294, 33.24154027718932, 78.54934754662193, 65.60487786742691, 0.0, 63.06346010171025], [95.0789145920377, 64.03124237432849, 91.30169768410661, 79.90619500389191, 55.86591089385369, 85.28774824088158, 54.78138369920935, 25.632011235952593, 63.06346010171025, 0.0]], "task_locations": [[5, 23], [47, 87], [17, 91], [18, 59], [58, 87], [12, 54], [77, 98], [88, 71], [36, 31], [97, 47]], "precedence_constraints": [[2, 6], [7, 1], [7, 3]]}