{"Q": [[0, 0, 1], [1, 1, 0], [1, 0, 1]], "R": [[0.0, 0.0, 0.0], [1.0, 0.0, 0.0], [0.0, 0.0, 1.0], [0.0, 0.0, 1.0], [0.0, 0.0, 1.0], [1.0, 0.0, 0.0], [1.0, 1.0, 1.0], [1.0, 0.0, 1.0], [0.0, 1.0, 0.0], [0.0, 0.0, 0.0]], "T_e": [0, 70, 73, 95, 55, 92, 99, 88, 56, 0], "T_t": [[0.0, 40.792156108742276, 59.481089431852205, 61.1310068623117, 57.62811813689564, 63.56099432828282, 14.866068747318506, 71.7007670809734, 46.09772228646444, 63.25345840347388], [40.792156108742276, 0.0, 30.23243291566195, 20.615528128088304, 44.28317965096906, 74.67261881037788, 29.068883707497267, 35.84689665786984, 69.02897942168927, 48.83646178829912], [59.481089431852205, 30.23243291566195, 0.0, 33.06055050963308, 22.47220505424423, 62.24146527838174, 53.33854141237835, 15.652475842498529, 66.64082832618455, 24.351591323771842], [61.1310068623117, 20.615528128088304, 33.06055050963308, 0.0, 53.85164807134504, 90.0499861188218, 48.373546489791295, 28.635642126552707, 87.68124086713189, 56.88585061331157], [57.62811813689564, 44.28317965096906, 22.47220505424423, 53.85164807134504, 0.0, 40.45985664828782, 57.201398584300364, 36.76955262170047, 49.03060268852505, 5.656854249492381], [63.56099432828282, 74.67261881037788, 62.24146527838174, 90.0499861188218, 40.45985664828782, 0.0, 72.06247289678588, 77.15568676384133, 23.345235059857504, 41.340053217188775], [14.866068747318506, 29.068883707497267, 53.33854141237835, 48.373546489791295, 57.201398584300364, 72.06247289678588, 0.0, 63.245553203367585, 57.723478758647246, 62.80127387243033], [71.7007670809734, 35.84689665786984, 15.652475842498529, 28.635642126552707, 36.76955262170047, 77.15568676384133, 63.245553203367585, 0.0, 82.29216244576394, 37.20215047547655], [46.09772228646444, 69.02897942168927, 66.64082832618455, 87.68124086713189, 49.03060268852505, 23.345235059857504, 57.723478758647246, 82.29216244576394, 0.0, 52.3450093132096], [63.25345840347388, 48.83646178829912, 24.351591323771842, 56.88585061331157, 5.656854249492381, 41.340053217188775, 62.80127387243033, 37.20215047547655, 52.3450093132096, 0.0]], "task_locations": [[18, 28], [10, 68], [35, 85], [2, 87], [54, 73], [80, 42], [8, 39], [28, 99], [64, 25], [58, 77]], "precedence_constraints": [[3, 8], [1, 3], [3, 4]]}