{"Q": [[1, 0, 0], [1, 1, 1], [0, 0, 1]], "R": [[0.0, 0.0, 0.0], [0.0, 0.0, 1.0], [1.0, 1.0, 1.0], [1.0, 0.0, 0.0], [0.0, 0.0, 1.0], [1.0, 1.0, 0.0], [1.0, 0.0, 1.0], [0.0, 1.0, 1.0], [0.0, 1.0, 1.0], [0.0, 0.0, 0.0]], "T_e": [0, 77, 94, 88, 60, 71, 88, 71, 81, 0], "T_t": [[0.0, 62.369864518050704, 71.56814934033156, 88.23831367382311, 64.4980619863884, 9.433981132056603, 46.486557196677836, 67.47592163134935, 47.042533945356304, 49.64876634922564], [62.369864518050704, 0.0, 31.11269837220809, 34.52535300326414, 12.727922061357855, 60.30754513325841, 32.14031735997639, 11.704699910719626, 43.0, 18.24828759089466], [71.56814934033156, 31.11269837220809, 0.0, 20.0, 18.384776310850235, 65.55150646628954, 59.50630218724736, 42.01190307520001, 30.4138126514911, 25.317977802344327], [88.23831367382311, 34.52535300326414, 20.0, 0.0, 25.179356624028344, 83.24061508662703, 66.61080993352356, 41.6293165929973, 50.24937810560445, 38.897300677553446], [64.4980619863884, 12.727922061357855, 18.384776310850235, 25.179356624028344, 0.0, 60.60528029800704, 42.720018726587654, 23.853720883753127, 35.17101079013795, 15.0], [9.433981132056603, 60.30754513325841, 65.55150646628954, 83.24061508662703, 60.60528029800704, 0.0, 49.49747468305833, 66.88796603276258, 39.11521443121589, 45.60701700396552], [46.486557196677836, 32.14031735997639, 59.50630218724736, 66.61080993352356, 42.720018726587654, 49.49747468305833, 0.0, 29.120439557122072, 56.0357029044876, 35.805027579936315], [67.47592163134935, 11.704699910719626, 42.01190307520001, 41.6293165929973, 23.853720883753127, 66.88796603276258, 29.120439557122072, 0.0, 54.147945482723536, 29.017236257093817], [47.042533945356304, 43.0, 30.4138126514911, 50.24937810560445, 35.17101079013795, 39.11521443121589, 56.0357029044876, 54.147945482723536, 0.0, 25.179356624028344], [49.64876634922564, 18.24828759089466, 25.317977802344327, 38.897300677553446, 15.0, 45.60701700396552, 35.805027579936315, 29.017236257093817, 25.179356624028344, 0.0]], "task_locations": [[8, 19], [55, 60], [77, 38], [89, 54], [64, 51], [16, 14], [23, 63], [51, 71], [55, 17], [52, 42]], "precedence_constraints": [[4, 7], [6, 3]]}