{"Q": [[1, 0, 1], [1, 1, 0], [1, 0, 1]], "R": [[0.0, 0.0, 0.0], [0.0, 0.0, 1.0], [1.0, 0.0, 1.0], [0.0, 0.0, 1.0], [1.0, 0.0, 1.0], [0.0, 1.0, 1.0], [1.0, 0.0, 0.0], [0.0, 1.0, 0.0], [1.0, 1.0, 1.0], [0.0, 0.0, 0.0]], "T_e": [0, 64, 56, 73, 52, 78, 59, 73, 78, 0], "T_t": [[0.0, 73.57309290766564, 59.20304046246274, 24.041630560342615, 102.39628899525607, 36.0, 37.21558813185679, 89.26925562588724, 92.80086206496145, 105.89145385724005], [73.57309290766564, 0.0, 54.3323108288245, 60.207972893961475, 28.844410203711913, 46.61544808322666, 59.00847396772772, 33.97057550292606, 36.6742416417845, 34.66987164671943], [59.20304046246274, 54.3323108288245, 0.0, 35.17101079013795, 76.15773105863909, 26.40075756488817, 74.95331880577403, 43.840620433565945, 90.00555538409837, 86.68333173107735], [24.041630560342615, 60.207972893961475, 35.17101079013795, 0.0, 88.41379982785493, 14.7648230602334, 47.92702786528704, 68.62215385719105, 87.46427842267951, 94.64142856064674], [102.39628899525607, 28.844410203711913, 76.15773105863909, 88.41379982785493, 0.0, 74.27651041883968, 84.72307831990054, 39.01281840626232, 36.89173349139343, 13.92838827718412], [36.0, 46.61544808322666, 26.40075756488817, 14.7648230602334, 74.27651041883968, 0.0, 48.91829923454004, 54.120236510939236, 76.6550715869472, 81.27115109311545], [37.21558813185679, 59.00847396772772, 74.95331880577403, 47.92702786528704, 84.72307831990054, 48.91829923454004, 0.0, 86.83317338436964, 63.8200595424354, 83.57032966310472], [89.26925562588724, 33.97057550292606, 43.840620433565945, 68.62215385719105, 39.01281840626232, 54.120236510939236, 86.83317338436964, 0.0, 67.11929677819934, 52.3450093132096], [92.80086206496145, 36.6742416417845, 90.00555538409837, 87.46427842267951, 36.89173349139343, 76.6550715869472, 63.8200595424354, 67.11929677819934, 0.0, 26.92582403567252], [105.89145385724005, 34.66987164671943, 86.68333173107735, 94.64142856064674, 13.92838827718412, 81.27115109311545, 83.57032966310472, 52.3450093132096, 26.92582403567252, 0.0]], "task_locations": [[1, 76], [64, 38], [58, 92], [24, 83], [88, 22], [37, 76], [5, 39], [89, 61], [57, 2], [83, 9]], "precedence_constraints": [[1, 7]]}