{"Q": [[1, 0, 1], [0, 1, 1], [0, 0, 1]], "R": [[0.0, 0.0, 0.0], [1.0, 1.0, 0.0], [1.0, 0.0, 1.0], [0.0, 0.0, 1.0], [1.0, 0.0, 1.0], [1.0, 1.0, 0.0], [0.0, 1.0, 1.0], [0.0, 0.0, 1.0], [1.0, 0.0, 0.0], [0.0, 0.0, 0.0]], "T_e": [0, 90, 66, 90, 68, 65, 83, 80, 82, 0], "T_t": [[0.0, 66.007575322837, 75.92759709091287, 81.8413098624405, 37.21558813185679, 85.0, 76.94153624668537, 70.22819946431775, 67.47592163134935, 110.11357772772621], [66.007575322837, 0.0, 48.662100242385755, 36.6742416417845, 38.47076812334269, 98.47842403288143, 14.866068747318506, 77.38862965578342, 87.86353054595519, 65.92419889539804], [75.92759709091287, 48.662100242385755, 0.0, 19.209372712298546, 39.698866482558415, 57.0087712549569, 41.14608122288197, 38.01315561749642, 53.14132102234569, 35.4682957019364], [81.8413098624405, 36.6742416417845, 19.209372712298546, 0.0, 44.77722635447622, 76.21679604916491, 25.179356624028344, 56.938563381947034, 71.58910531638176, 30.805843601498726], [37.21558813185679, 38.47076812334269, 39.698866482558415, 44.77722635447622, 0.0, 67.72001181334805, 44.553338819890925, 47.67598976424087, 53.665631459994955, 73.00684899377592], [85.0, 98.47842403288143, 57.0087712549569, 76.21679604916491, 67.72001181334805, 0.0, 95.67131231461184, 21.095023109728988, 17.72004514666935, 81.04319835741924], [76.94153624668537, 14.866068747318506, 41.14608122288197, 25.179356624028344, 44.553338819890925, 95.67131231461184, 0.0, 74.96665925596525, 87.45856161634491, 52.20153254455275], [70.22819946431775, 77.38862965578342, 38.01315561749642, 56.938563381947034, 47.67598976424087, 21.095023109728988, 74.96665925596525, 0.0, 16.0312195418814, 67.11929677819934], [67.47592163134935, 87.86353054595519, 53.14132102234569, 71.58910531638176, 53.665631459994955, 17.72004514666935, 87.45856161634491, 16.0312195418814, 0.0, 83.15046602394962], [110.11357772772621, 65.92419889539804, 35.4682957019364, 30.805843601498726, 73.00684899377592, 81.04319835741924, 52.20153254455275, 67.11929677819934, 83.15046602394962, 0.0]], "task_locations": [[96, 3], [95, 69], [47, 61], [59, 76], [77, 35], [12, 16], [84, 79], [30, 27], [29, 11], [34, 94]], "precedence_constraints": [[4, 2], [1, 2], [7, 3], [3, 6], [8, 5]]}