{"Q": [[0, 1, 0], [1, 1, 0], [0, 0, 1]], "R": [[0.0, 0.0, 0.0], [1.0, 1.0, 0.0], [0.0, 1.0, 1.0], [0.0, 1.0, 0.0], [0.0, 1.0, 1.0], [1.0, 1.0, 1.0], [0.0, 1.0, 1.0], [1.0, 1.0, 0.0], [1.0, 1.0, 1.0], [0.0, 0.0, 0.0]], "T_e": [0, 53, 58, 74, 90, 80, 73, 62, 67, 0], "T_t": [[0.0, 26.40075756488817, 60.21627686929839, 22.67156809750927, 69.06518659932803, 20.09975124224178, 53.600373133029585, 68.8839603971781, 60.00833275470999, 67.02984409947557], [26.40075756488817, 0.0, 61.0, 39.45883931389772, 45.70557952810576, 38.01315561749642, 54.589376255824725, 50.774009099144415, 74.63243262818116, 82.21921916437786], [60.21627686929839, 61.0, 0.0, 82.80096617793781, 62.12889826803627, 43.93176527297759, 6.708203932499369, 45.967379738244816, 35.73513677041127, 41.14608122288197], [22.67156809750927, 39.45883931389772, 82.80096617793781, 0.0, 85.15867542417507, 40.718546143004666, 76.21679604916491, 88.3911760301898, 78.64477096412705, 85.0], [69.06518659932803, 45.70557952810576, 62.12889826803627, 85.15867542417507, 0.0, 70.83784299369935, 59.033888572581766, 19.1049731745428, 92.69843580125827, 99.70456358662827], [20.09975124224178, 38.01315561749642, 43.93176527297759, 40.718546143004666, 70.83784299369935, 0.0, 37.8021163428716, 65.12296062065974, 40.01249804748511, 47.16990566028302], [53.600373133029585, 54.589376255824725, 6.708203932499369, 76.21679604916491, 59.033888572581766, 37.8021163428716, 0.0, 44.204072210600685, 35.35533905932738, 41.617304093369626], [68.8839603971781, 50.774009099144415, 45.967379738244816, 88.3911760301898, 19.1049731745428, 65.12296062065974, 44.204072210600685, 0.0, 79.32212806020776, 85.80209787645055], [60.00833275470999, 74.63243262818116, 35.73513677041127, 78.64477096412705, 92.69843580125827, 40.01249804748511, 35.35533905932738, 79.32212806020776, 0.0, 7.615773105863909], [67.02984409947557, 82.21921916437786, 41.14608122288197, 85.0, 99.70456358662827, 47.16990566028302, 41.617304093369626, 85.80209787645055, 7.615773105863909, 0.0]], "task_locations": [[84, 22], [60, 11], [49, 71], [99, 5], [15, 19], [82, 42], [52, 65], [17, 38], [83, 82], [86, 89]], "precedence_constraints": [[1, 5], [4, 5], [1, 6], [7, 5], [7, 2]]}