{"Q": [[0, 1, 1], [0, 0, 1], [1, 0, 1]], "R": [[0.0, 0.0, 0.0], [1.0, 1.0, 0.0], [1.0, 0.0, 0.0], [0.0, 0.0, 1.0], [1.0, 0.0, 1.0], [1.0, 1.0, 1.0], [0.0, 1.0, 1.0], [1.0, 0.0, 0.0], [1.0, 1.0, 0.0], [0.0, 0.0, 0.0]], "T_e": [0, 70, 95, 82, 97, 98, 60, 97, 71, 0], "T_t": [[0.0, 64.66065264130884, 49.03060268852505, 15.297058540778355, 87.14355971613737, 89.55445270895244, 62.24146527838174, 31.38470965295043, 85.0881895447306, 72.12489168102785], [64.66065264130884, 0.0, 44.553338819890925, 61.032778078668514, 43.18564576337837, 27.073972741361768, 37.8021163428716, 43.289721643826724, 42.05948168962618, 19.1049731745428], [49.03060268852505, 44.553338819890925, 0.0, 56.79788728465171, 41.78516483155236, 57.201398584300364, 70.83784299369935, 53.075418038862395, 84.2140130857092, 37.44329045369811], [15.297058540778355, 61.032778078668514, 56.79788728465171, 0.0, 90.55385138137417, 87.55569655939013, 50.47771785649585, 20.518284528683193, 74.2024258363566, 72.24956747275377], [87.14355971613737, 43.18564576337837, 41.78516483155236, 90.55385138137417, 0.0, 31.400636936215164, 80.91971329657564, 78.74642849044012, 82.37718130647589, 24.08318915758459], [89.55445270895244, 27.073972741361768, 57.201398584300364, 87.55569655939013, 31.400636936215164, 0.0, 60.74537019394976, 70.34912934784623, 55.17245689653489, 19.849433241279208], [62.24146527838174, 37.8021163428716, 70.83784299369935, 50.47771785649585, 80.91971329657564, 60.74537019394976, 0.0, 30.870698080866262, 24.041630560342615, 56.85068161420758], [31.38470965295043, 43.289721643826724, 53.075418038862395, 20.518284528683193, 78.74642849044012, 70.34912934784623, 30.870698080866262, 0.0, 54.08326913195984, 57.55866572463264], [85.0881895447306, 42.05948168962618, 84.2140130857092, 74.2024258363566, 82.37718130647589, 55.17245689653489, 24.041630560342615, 54.08326913195984, 0.0, 59.481089431852205], [72.12489168102785, 19.1049731745428, 37.44329045369811, 72.24956747275377, 24.08318915758459, 19.849433241279208, 56.85068161420758, 57.55866572463264, 59.481089431852205, 0.0]], "task_locations": [[17, 88], [51, 33], [7, 40], [32, 91], [22, 1], [53, 6], [74, 63], [46, 76], [91, 46], [38, 19]], "precedence_constraints": [[7, 6], [7, 1], [5, 1]]}