{"Q": [[1, 1, 0], [0, 0, 1], [1, 0, 0]], "R": [[0.0, 0.0, 0.0], [1.0, 0.0, 0.0], [0.0, 1.0, 1.0], [1.0, 1.0, 1.0], [1.0, 1.0, 0.0], [1.0, 0.0, 1.0], [1.0, 0.0, 0.0], [1.0, 0.0, 0.0], [0.0, 1.0, 0.0], [0.0, 0.0, 0.0]], "T_e": [0, 91, 58, 89, 95, 91, 92, 65, 81, 0], "T_t": [[0.0, 79.20858539325141, 39.20459156782532, 22.135943621178654, 36.124783736376884, 19.6468827043885, 61.1310068623117, 39.96248240537617, 66.60330322138685, 50.695167422546305], [79.20858539325141, 0.0, 54.08326913195984, 60.0, 84.50443775329198, 90.44335243676011, 53.33854141237835, 41.677331968349414, 13.92838827718412, 68.46897107449476], [39.20459156782532, 54.08326913195984, 0.0, 18.24828759089466, 30.463092423455635, 41.048751503547585, 66.88796603276258, 34.9857113690718, 46.2709412050371, 19.72308292331602], [22.135943621178654, 60.0, 18.24828759089466, 0.0, 31.575306807693888, 30.528675044947494, 56.61271941887264, 27.0, 48.76474136094644, 34.40930106817051], [36.124783736376884, 84.50443775329198, 30.463092423455635, 31.575306807693888, 0.0, 22.561028345356956, 88.05679985100527, 58.309518948453004, 75.92759709091287, 24.596747752497688], [19.6468827043885, 90.44335243676011, 41.048751503547585, 30.528675044947494, 22.561028345356956, 0.0, 80.00624975587844, 55.362442142665635, 79.25906888173743, 44.40720662234904], [61.1310068623117, 53.33854141237835, 66.88796603276258, 56.61271941887264, 88.05679985100527, 80.00624975587844, 0.0, 31.906112267087632, 41.48493702538308, 86.6083136886985], [39.96248240537617, 41.677331968349414, 34.9857113690718, 27.0, 58.309518948453004, 55.362442142665635, 31.906112267087632, 0.0, 28.0178514522438, 54.70831746635972], [66.60330322138685, 13.92838827718412, 46.2709412050371, 48.76474136094644, 75.92759709091287, 79.25906888173743, 41.48493702538308, 28.0178514522438, 0.0, 63.198101237299845], [50.695167422546305, 68.46897107449476, 19.72308292331602, 34.40930106817051, 24.596747752497688, 44.40720662234904, 86.6083136886985, 54.70831746635972, 63.198101237299845, 0.0]], "task_locations": [[71, 65], [14, 10], [32, 61], [50, 58], [44, 89], [66, 84], [67, 4], [50, 31], [27, 15], [22, 78]], "precedence_constraints": [[5, 8], [2, 1]]}