{"Q": [[1, 0, 1], [1, 1, 0], [1, 0, 0]], "R": [[0.0, 0.0, 0.0], [0.0, 1.0, 1.0], [1.0, 1.0, 1.0], [0.0, 1.0, 1.0], [0.0, 0.0, 1.0], [1.0, 1.0, 0.0], [0.0, 0.0, 1.0], [1.0, 1.0, 1.0], [0.0, 1.0, 1.0], [0.0, 0.0, 0.0]], "T_e": [0, 57, 81, 95, 60, 93, 94, 50, 90, 0], "T_t": [[0.0, 85.00588214941364, 78.79086241436883, 29.0, 61.05735008989499, 92.04890004774636, 58.872744118140105, 51.61395160225576, 37.44329045369811, 48.27007354458868], [85.00588214941364, 0.0, 35.4682957019364, 90.13878188659973, 74.95331880577403, 28.160255680657446, 37.20215047547655, 68.60029154456998, 58.309518948453004, 66.03029607687671], [78.79086241436883, 35.4682957019364, 0.0, 72.06247289678588, 44.721359549995796, 16.76305461424021, 20.248456731316587, 85.0881895447306, 42.44997055358225, 41.30375285612676], [29.0, 90.13878188659973, 72.06247289678588, 0.0, 39.408120990476064, 88.02272433866155, 55.57877292636101, 77.07788269017254, 32.01562118716424, 32.01562118716424], [61.05735008989499, 74.95331880577403, 44.721359549995796, 39.408120990476064, 0.0, 61.326992425847855, 38.600518131237564, 94.02127418834527, 31.016124838541646, 15.033296378372908], [92.04890004774636, 28.160255680657446, 16.76305461424021, 88.02272433866155, 61.326992425847855, 0.0, 33.54101966249684, 90.13878188659973, 57.3149195236284, 57.87054518492115], [58.872744118140105, 37.20215047547655, 20.248456731316587, 55.57877292636101, 38.600518131237564, 33.54101966249684, 0.0, 67.77905281132217, 24.0, 28.844410203711913], [51.61395160225576, 68.60029154456998, 85.0881895447306, 77.07788269017254, 94.02127418834527, 90.13878188659973, 67.77905281132217, 0.0, 63.00793600809346, 79.00632886041473], [37.44329045369811, 58.309518948453004, 42.44997055358225, 32.01562118716424, 31.016124838541646, 57.3149195236284, 24.0, 63.00793600809346, 0.0, 16.0], [48.27007354458868, 66.03029607687671, 41.30375285612676, 32.01562118716424, 15.033296378372908, 57.87054518492115, 28.844410203711913, 79.00632886041473, 16.0, 0.0]], "task_locations": [[1, 57], [86, 58], [73, 25], [1, 28], [33, 5], [89, 30], [56, 36], [31, 99], [32, 36], [32, 20]], "precedence_constraints": [[8, 3], [3, 4]]}