{"Q": [[0, 1, 0], [1, 1, 0], [0, 1, 1]], "R": [[0.0, 0.0, 0.0], [1.0, 1.0, 1.0], [1.0, 1.0, 1.0], [1.0, 0.0, 1.0], [1.0, 1.0, 0.0], [0.0, 1.0, 0.0], [0.0, 1.0, 1.0], [1.0, 1.0, 1.0], [0.0, 1.0, 0.0], [0.0, 0.0, 0.0]], "T_e": [0, 98, 90, 65, 78, 66, 72, 87, 93, 0], "T_t": [[0.0, 33.24154027718932, 83.38465086573187, 90.44335243676011, 51.24451190127583, 94.2443632266673, 83.48652585896721, 47.75981574503821, 19.026297590440446, 118.86967653695369], [33.24154027718932, 0.0, 73.00684899377592, 63.12685640834652, 54.70831746635972, 62.16912416947821, 56.08029957123981, 16.97056274847714, 35.34119409414458, 95.88013350011565], [83.38465086573187, 73.00684899377592, 0.0, 48.877397639399746, 37.48332962798263, 73.24616030891995, 47.634021455258214, 62.369864518050704, 65.76473218982953, 50.00999900019995], [90.44335243676011, 63.12685640834652, 48.877397639399746, 0.0, 69.00724599634447, 25.80697580112788, 7.0710678118654755, 46.22769732530488, 80.11242100947892, 35.6931365951495], [51.24451190127583, 54.70831746635972, 37.48332962798263, 69.00724599634447, 0.0, 86.34813257969161, 64.1248781675256, 53.150729063673246, 32.2490309931942, 84.09518416651456], [94.2443632266673, 62.16912416947821, 73.24616030891995, 25.80697580112788, 86.34813257969161, 0.0, 25.612496949731394, 46.486557196677836, 88.81441324469807, 56.568542494923804], [83.48652585896721, 56.08029957123981, 47.634021455258214, 7.0710678118654755, 64.1248781675256, 25.612496949731394, 0.0, 39.20459156782532, 73.53910524340094, 41.7612260356422], [47.75981574503821, 16.97056274847714, 62.369864518050704, 46.22769732530488, 53.150729063673246, 46.486557196677836, 39.20459156782532, 0.0, 44.10215414239989, 79.60527620704548], [19.026297590440446, 35.34119409414458, 65.76473218982953, 80.11242100947892, 32.2490309931942, 88.81441324469807, 73.53910524340094, 44.10215414239989, 0.0, 104.9952379872535], [118.86967653695369, 95.88013350011565, 50.00999900019995, 35.6931365951495, 84.09518416651456, 56.568542494923804, 41.7612260356422, 79.60527620704548, 104.9952379872535, 0.0]], "task_locations": [[10, 97], [14, 64], [87, 65], [62, 23], [61, 92], [41, 8], [57, 28], [26, 52], [29, 96], [97, 16]], "precedence_constraints": [[4, 6], [3, 5], [4, 3]]}