{"Q": [[1, 0, 0], [0, 1, 1], [0, 0, 1]], "R": [[0.0, 0.0, 0.0], [0.0, 1.0, 1.0], [1.0, 1.0, 1.0], [1.0, 1.0, 1.0], [1.0, 0.0, 0.0], [1.0, 1.0, 0.0], [1.0, 1.0, 0.0], [0.0, 1.0, 1.0], [1.0, 1.0, 1.0], [0.0, 0.0, 0.0]], "T_e": [0, 62, 91, 82, 86, 86, 57, 57, 92, 0], "T_t": [[0.0, 96.67471230885562, 25.45584412271571, 70.25667228100119, 44.721359549995796, 69.31089380465383, 72.3394774656273, 61.71709649683789, 18.439088914585774, 49.01020301937138], [96.67471230885562, 0.0, 97.41663102366043, 67.1863081289633, 88.23831367382311, 29.154759474226502, 54.08326913195984, 35.0, 109.07795377618706, 65.39113089708727], [25.45584412271571, 97.41663102366043, 0.0, 53.36665625650534, 22.090722034374522, 74.32361670424818, 59.50630218724736, 64.8459713474939, 42.190046219457976, 36.359317925395686], [70.25667228100119, 67.1863081289633, 53.36665625650534, 0.0, 33.1058907144937, 60.166435825965294, 13.152946437965905, 51.42956348249516, 88.56635930193812, 22.135943621178654], [44.721359549995796, 88.23831367382311, 22.090722034374522, 33.1058907144937, 0.0, 70.45565981523414, 41.86884283091664, 60.40695324215582, 62.76941930590086, 22.847319317591726], [69.31089380465383, 29.154759474226502, 74.32361670424818, 60.166435825965294, 70.45565981523414, 0.0, 49.24428900898052, 10.04987562112089, 80.44874144447506, 49.01020301937138], [72.3394774656273, 54.08326913195984, 59.50630218724736, 13.152946437965905, 41.86884283091664, 49.24428900898052, 0.0, 41.400483088968905, 90.0499861188218, 23.769728648009426], [61.71709649683789, 35.0, 64.8459713474939, 51.42956348249516, 60.40695324215582, 10.04987562112089, 41.400483088968905, 0.0, 74.30343195303969, 39.05124837953327], [18.439088914585774, 109.07795377618706, 42.190046219457976, 88.56635930193812, 62.76941930590086, 80.44874144447506, 90.0499861188218, 74.30343195303969, 0.0, 67.06713054842886], [49.01020301937138, 65.39113089708727, 36.359317925395686, 22.135943621178654, 22.847319317591726, 49.01020301937138, 23.769728648009426, 39.05124837953327, 67.06713054842886, 0.0]], "task_locations": [[80, 69], [5, 8], [62, 87], [10, 75], [40, 89], [32, 19], [8, 62], [33, 29], [98, 65], [31, 68]], "precedence_constraints": [[7, 5], [5, 6], [3, 1]]}