{"Q": [[0, 1, 1], [0, 1, 1], [1, 1, 1]], "R": [[0.0, 0.0, 0.0], [1.0, 1.0, 1.0], [0.0, 1.0, 0.0], [0.0, 1.0, 1.0], [1.0, 0.0, 0.0], [1.0, 0.0, 1.0], [0.0, 0.0, 1.0], [1.0, 1.0, 0.0], [1.0, 0.0, 1.0], [0.0, 0.0, 0.0]], "T_e": [0, 85, 62, 73, 72, 56, 55, 75, 57, 0], "T_t": [[0.0, 79.05694150420949, 87.09190547921202, 57.0701322935211, 76.57675887630658, 29.832867780352597, 50.35871324805669, 86.00581375697809, 95.50916186418976, 48.373546489791295], [79.05694150420949, 0.0, 46.52956049652737, 55.10898293381942, 8.602325267042627, 63.245553203367585, 53.16013544000805, 17.804493814764857, 78.43468620451031, 59.07622195096772], [87.09190547921202, 46.52956049652737, 0.0, 92.0869154657707, 54.378304497290095, 59.033888572581766, 38.3275357934736, 31.04834939252005, 33.24154027718932, 92.17917335276988], [57.0701322935211, 55.10898293381942, 92.0869154657707, 0.0, 47.38143096192854, 65.52098900352466, 73.24616030891995, 71.47027354082255, 116.72617529928752, 9.433981132056603], [76.57675887630658, 8.602325267042627, 54.378304497290095, 47.38143096192854, 0.0, 63.953107821277925, 56.568542494923804, 26.40075756488817, 85.61541917201598, 52.03844732503075], [29.832867780352597, 63.245553203367585, 59.033888572581766, 65.52098900352466, 63.953107821277925, 0.0, 21.02379604162864, 64.66065264130884, 65.7875368135941, 59.61543424315552], [50.35871324805669, 53.16013544000805, 38.3275357934736, 73.24616030891995, 56.568542494923804, 21.02379604162864, 0.0, 49.4064773081425, 47.01063709417264, 69.65629906907199], [86.00581375697809, 17.804493814764857, 31.04834939252005, 71.47027354082255, 26.40075756488817, 64.66065264130884, 49.4064773081425, 0.0, 64.13267497929586, 74.33034373659252], [95.50916186418976, 78.43468620451031, 33.24154027718932, 116.72617529928752, 85.61541917201598, 65.7875368135941, 47.01063709417264, 64.13267497929586, 0.0, 114.69088891450794], [48.373546489791295, 59.07622195096772, 92.17917335276988, 9.433981132056603, 52.03844732503075, 59.61543424315552, 69.65629906907199, 74.33034373659252, 114.69088891450794, 0.0]], "task_locations": [[56, 2], [11, 67], [52, 89], [0, 13], [6, 60], [63, 31], [62, 52], [22, 81], [85, 93], [8, 8]], "precedence_constraints": [[2, 8]]}