{"Q": [[0, 1, 1], [1, 0, 0], [0, 0, 1]], "R": [[0.0, 0.0, 0.0], [1.0, 1.0, 0.0], [0.0, 1.0, 0.0], [1.0, 0.0, 0.0], [0.0, 0.0, 1.0], [0.0, 0.0, 1.0], [1.0, 1.0, 0.0], [1.0, 1.0, 0.0], [1.0, 1.0, 1.0], [0.0, 0.0, 0.0]], "T_e": [0, 68, 54, 59, 97, 74, 77, 55, 81, 0], "T_t": [[0.0, 46.22769732530488, 40.049968789001575, 27.85677655436824, 56.60388679233962, 13.892443989449804, 46.61544808322666, 25.495097567963924, 60.959002616512684, 18.973665961010276], [46.22769732530488, 0.0, 39.56008088970496, 26.1725046566048, 19.924858845171276, 52.80151512977634, 74.02702209328699, 35.73513677041127, 82.73451516749222, 63.0317380372777], [40.049968789001575, 39.56008088970496, 0.0, 18.439088914585774, 32.984845004941285, 34.48187929913333, 38.27531841800928, 52.478567053607705, 44.0, 58.137767414994535], [27.85677655436824, 26.1725046566048, 18.439088914585774, 0.0, 29.732137494637012, 29.068883707497267, 48.010415536631214, 34.438350715445125, 57.723478758647246, 46.8187996428785], [56.60388679233962, 19.924858845171276, 32.984845004941285, 29.732137494637012, 0.0, 58.69412236331676, 71.16881339463234, 53.23532661682466, 76.4198926981712, 75.17978451685], [13.892443989449804, 52.80151512977634, 34.48187929913333, 29.068883707497267, 58.69412236331676, 0.0, 32.802438933713454, 38.897300677553446, 47.38143096192854, 25.709920264364882], [46.61544808322666, 74.02702209328699, 38.27531841800928, 48.010415536631214, 71.16881339463234, 32.802438933713454, 0.0, 70.66116330771806, 15.264337522473747, 55.21775076911409], [25.495097567963924, 35.73513677041127, 52.478567053607705, 34.438350715445125, 53.23532661682466, 38.897300677553446, 70.66116330771806, 0.0, 84.05950273467003, 33.61547262794322], [60.959002616512684, 82.73451516749222, 44.0, 57.723478758647246, 76.4198926981712, 47.38143096192854, 15.264337522473747, 84.05950273467003, 0.0, 70.45565981523414], [18.973665961010276, 63.0317380372777, 58.137767414994535, 46.8187996428785, 75.17978451685, 25.709920264364882, 55.21775076911409, 33.61547262794322, 70.45565981523414, 0.0]], "task_locations": [[46, 41], [75, 5], [86, 43], [72, 31], [94, 11], [53, 53], [73, 79], [41, 16], [86, 87], [28, 47]], "precedence_constraints": [[3, 5], [2, 7], [8, 4], [1, 6]]}