{"Q": [[1, 0, 1], [1, 1, 0], [1, 1, 0]], "R": [[0.0, 0.0, 0.0], [1.0, 0.0, 1.0], [1.0, 1.0, 1.0], [0.0, 0.0, 1.0], [1.0, 0.0, 1.0], [1.0, 1.0, 1.0], [0.0, 0.0, 1.0], [1.0, 0.0, 0.0], [1.0, 1.0, 0.0], [0.0, 0.0, 0.0]], "T_e": [0, 95, 92, 91, 65, 77, 67, 87, 50, 0], "T_t": [[0.0, 35.12833614050059, 79.98124780221924, 51.884487084291386, 58.137767414994535, 70.21395872616783, 48.75448697299562, 27.892651361962706, 78.64477096412705, 83.0], [35.12833614050059, 0.0, 61.84658438426491, 29.154759474226502, 68.42514157822401, 75.28612089887484, 25.632011235952593, 12.806248474865697, 82.22530024268686, 48.093658625644196], [79.98124780221924, 61.84658438426491, 0.0, 32.69556544854363, 55.14526271584895, 48.38388161361178, 36.24913792078372, 56.859475903318, 48.76474136094644, 59.09314681077663], [51.884487084291386, 29.154759474226502, 32.69556544854363, 0.0, 54.037024344425184, 55.80322571321482, 3.605551275463989, 25.495097567963924, 60.90155991434045, 44.10215414239989], [58.137767414994535, 68.42514157822401, 55.14526271584895, 54.037024344425184, 0.0, 14.212670403551895, 54.48853090330111, 55.94640292279746, 22.47220505424423, 98.00510190801293], [70.21395872616783, 75.28612089887484, 48.38388161361178, 55.80322571321482, 14.212670403551895, 0.0, 57.14017850864661, 63.56099432828282, 8.54400374531753, 98.29038610159185], [48.75448697299562, 25.632011235952593, 36.24913792078372, 3.605551275463989, 54.48853090330111, 57.14017850864661, 0.0, 22.02271554554524, 62.609903369994115, 44.294469180700204], [27.892651361962706, 12.806248474865697, 56.859475903318, 25.495097567963924, 55.94640292279746, 63.56099432828282, 22.02271554554524, 0.0, 70.8590149522275, 56.43580423808985], [78.64477096412705, 82.22530024268686, 48.76474136094644, 60.90155991434045, 22.47220505424423, 8.54400374531753, 62.609903369994115, 70.8590149522275, 0.0, 102.06860437960343], [83.0, 48.093658625644196, 59.09314681077663, 44.10215414239989, 98.00510190801293, 98.29038610159185, 44.294469180700204, 56.43580423808985, 102.06860437960343, 0.0]], "task_locations": [[6, 94], [41, 97], [65, 40], [52, 70], [10, 36], [19, 25], [50, 73], [33, 87], [22, 17], [89, 94]], "precedence_constraints": [[8, 6], [1, 4], [8, 4]]}