{"Q": [[0, 1, 1], [1, 0, 1], [1, 0, 0]], "R": [[0.0, 0.0, 0.0], [0.0, 1.0, 0.0], [1.0, 0.0, 0.0], [1.0, 1.0, 0.0], [0.0, 1.0, 0.0], [0.0, 1.0, 1.0], [0.0, 0.0, 1.0], [1.0, 1.0, 0.0], [0.0, 0.0, 1.0], [0.0, 0.0, 0.0]], "T_e": [0, 83, 81, 60, 58, 53, 94, 91, 96, 0], "T_t": [[0.0, 71.17583859709698, 45.89117562233506, 59.682493245507096, 16.278820596099706, 27.459060435491963, 69.1158447825099, 30.265491900843113, 71.02816342831905, 68.65857557508748], [71.17583859709698, 0.0, 104.65180361560904, 20.8806130178211, 86.35392289873113, 98.08159868191383, 115.43396380615195, 84.86459803710851, 90.24965373894794, 14.142135623730951], [45.89117562233506, 104.65180361560904, 0.0, 86.83317338436964, 33.06055050963308, 43.86342439892262, 27.294688127912362, 19.849433241279208, 51.66236541235796, 96.82974749528164], [59.682493245507096, 20.8806130178211, 86.83317338436964, 0.0, 73.08214556237385, 87.13208364316786, 95.44108130150245, 67.42403132415029, 69.3757882838098, 10.0], [16.278820596099706, 86.35392289873113, 33.06055050963308, 73.08214556237385, 0.0, 17.46424919657298, 58.9406481131655, 23.430749027719962, 69.42621983083913, 82.54089895318563], [27.459060435491963, 98.08159868191383, 43.86342439892262, 87.13208364316786, 17.46424919657298, 0.0, 71.11258679024411, 39.824615503479755, 86.21484790916237, 96.1041102138717], [69.1158447825099, 115.43396380615195, 27.294688127912362, 95.44108130150245, 58.9406481131655, 71.11258679024411, 0.0, 39.0, 38.600518131237564, 105.0], [30.265491900843113, 84.86459803710851, 19.849433241279208, 67.42403132415029, 23.430749027719962, 39.824615503479755, 39.0, 0.0, 46.400431032480725, 77.42092740338364], [71.02816342831905, 90.24965373894794, 51.66236541235796, 69.3757882838098, 69.42621983083913, 86.21484790916237, 38.600518131237564, 46.400431032480725, 0.0, 77.4919350642375], [68.65857557508748, 14.142135623730951, 96.82974749528164, 10.0, 82.54089895318563, 96.1041102138717, 105.0, 77.42092740338364, 77.4919350642375, 0.0]], "task_locations": [[32, 29], [97, 0], [23, 74], [91, 20], [21, 41], [5, 34], [36, 98], [36, 59], [73, 87], [99, 14]], "precedence_constraints": [[2, 4], [1, 5], [7, 6]]}