{"Q": [[1, 0, 0], [1, 0, 1], [0, 1, 1]], "R": [[0.0, 0.0, 0.0], [1.0, 1.0, 1.0], [1.0, 0.0, 0.0], [0.0, 1.0, 1.0], [1.0, 0.0, 0.0], [1.0, 1.0, 1.0], [0.0, 1.0, 0.0], [0.0, 1.0, 1.0], [0.0, 1.0, 0.0], [0.0, 0.0, 0.0]], "T_e": [0, 97, 62, 62, 65, 68, 54, 57, 79, 0], "T_t": [[0.0, 30.083217912982647, 30.0, 55.02726596879042, 17.46424919657298, 49.76946855251722, 11.180339887498949, 4.47213595499958, 51.478150704935004, 53.03772242470448], [30.083217912982647, 0.0, 59.033888572581766, 37.64306044943742, 44.204072210600685, 36.138621999185304, 33.015148038438355, 34.539832078341085, 23.345235059857504, 28.178005607210743], [30.0, 59.033888572581766, 0.0, 83.95236744726142, 28.0178514522438, 67.20863039818622, 26.92582403567252, 26.076809620810597, 81.30190649671138, 83.02409288875127], [55.02726596879042, 37.64306044943742, 83.95236744726142, 0.0, 59.033888572581766, 72.00694410957877, 63.50590523722971, 58.240879114244144, 25.019992006393608, 16.0312195418814], [17.46424919657298, 44.204072210600685, 28.0178514522438, 59.033888572581766, 0.0, 67.23094525588644, 26.076809620810597, 14.317821063276353, 62.39390995922599, 61.61168720299745], [49.76946855251722, 36.138621999185304, 67.20863039818622, 72.00694410957877, 67.23094525588644, 0.0, 43.266615305567875, 53.225933528685054, 50.44799302251776, 58.82176467941097], [11.180339887498949, 33.015148038438355, 26.92582403567252, 63.50590523722971, 26.076809620810597, 43.266615305567875, 0.0, 12.041594578792296, 56.08029957123981, 59.22837157984339], [4.47213595499958, 34.539832078341085, 26.076809620810597, 58.240879114244144, 14.317821063276353, 53.225933528685054, 12.041594578792296, 0.0, 55.731499172371095, 57.0], [51.478150704935004, 23.345235059857504, 81.30190649671138, 25.019992006393608, 62.39390995922599, 50.44799302251776, 56.08029957123981, 55.731499172371095, 0.0, 9.219544457292887], [53.03772242470448, 28.178005607210743, 83.02409288875127, 16.0312195418814, 61.61168720299745, 58.82176467941097, 59.22837157984339, 57.0, 9.219544457292887, 0.0]], "task_locations": [[43, 57], [71, 46], [13, 57], [95, 75], [36, 73], [62, 11], [38, 47], [39, 59], [94, 50], [96, 59]], "precedence_constraints": [[4, 8]]}