{"Q": [[1, 0, 0], [0, 1, 0], [0, 1, 1]], "R": [[0.0, 0.0, 0.0], [1.0, 0.0, 1.0], [0.0, 0.0, 1.0], [0.0, 1.0, 1.0], [0.0, 0.0, 1.0], [0.0, 0.0, 1.0], [1.0, 1.0, 1.0], [0.0, 0.0, 1.0], [1.0, 1.0, 0.0], [0.0, 0.0, 0.0]], "T_e": [0, 77, 92, 63, 77, 95, 76, 61, 53, 0], "T_t": [[0.0, 30.01666203960727, 88.52683209061533, 109.60383204979651, 62.93647591023825, 98.73702446397704, 71.78439941937245, 94.15412895885129, 28.42534080710379, 97.18538984847466], [30.01666203960727, 0.0, 59.464274989274024, 79.61155694998057, 34.9857113690718, 68.81860213634101, 42.7551166528639, 64.1404708432983, 10.63014581273465, 69.6419413859206], [88.52683209061533, 59.464274989274024, 0.0, 27.018512172212592, 26.076809620810597, 16.492422502470642, 36.05551275463989, 18.601075237738275, 60.60528029800704, 15.297058540778355], [109.60383204979651, 79.61155694998057, 27.018512172212592, 0.0, 50.695167422546305, 11.40175425099138, 43.01162633521314, 15.620499351813308, 83.19254774317228, 34.0], [62.93647591023825, 34.9857113690718, 26.076809620810597, 50.695167422546305, 0.0, 39.293765408777, 32.55764119219941, 37.12142238654117, 34.713109915419565, 34.66987164671943], [98.73702446397704, 68.81860213634101, 16.492422502470642, 11.40175425099138, 39.293765408777, 0.0, 34.92849839314596, 7.0710678118654755, 72.00694410957877, 26.870057685088806], [71.78439941937245, 42.7551166528639, 36.05551275463989, 43.01162633521314, 32.55764119219941, 34.92849839314596, 0.0, 28.178005607210743, 50.00999900019995, 51.24451190127583], [94.15412895885129, 64.1404708432983, 18.601075237738275, 15.620499351813308, 37.12142238654117, 7.0710678118654755, 28.178005607210743, 0.0, 68.15423684555495, 31.622776601683793], [28.42534080710379, 10.63014581273465, 60.60528029800704, 83.19254774317228, 34.713109915419565, 72.00694410957877, 50.00999900019995, 68.15423684555495, 0.0, 68.76772498781678], [97.18538984847466, 69.6419413859206, 15.297058540778355, 34.0, 34.66987164671943, 26.870057685088806, 51.24451190127583, 31.622776601683793, 68.76772498781678, 0.0]], "task_locations": [[0, 24], [26, 39], [66, 83], [93, 82], [44, 69], [82, 79], [68, 47], [81, 72], [18, 46], [63, 98]], "precedence_constraints": [[6, 2], [6, 7], [7, 3]]}