{"Q": [[1, 0, 0], [1, 0, 0], [1, 1, 1]], "R": [[0.0, 0.0, 0.0], [1.0, 1.0, 1.0], [1.0, 1.0, 0.0], [1.0, 1.0, 0.0], [1.0, 1.0, 0.0], [1.0, 1.0, 1.0], [0.0, 1.0, 0.0], [1.0, 0.0, 0.0], [1.0, 1.0, 1.0], [0.0, 0.0, 0.0]], "T_e": [0, 83, 88, 50, 68, 75, 76, 66, 97, 0], "T_t": [[0.0, 59.20304046246274, 42.44997055358225, 55.54277630799526, 63.324560795950255, 72.44998274671983, 80.06247560499239, 49.24428900898052, 98.89893831583835, 78.71467461661771], [59.20304046246274, 0.0, 16.76305461424021, 8.48528137423857, 54.817880294662984, 48.662100242385755, 54.817880294662984, 10.295630140987, 41.400483088968905, 23.853720883753127], [42.44997055358225, 16.76305461424021, 0.0, 14.866068747318506, 51.264022471905186, 49.24428900898052, 56.60388679233962, 7.0, 57.4543296888929, 38.28837943815329], [55.54277630799526, 8.48528137423857, 14.866068747318506, 0.0, 46.400431032480725, 55.78530272392541, 62.297672508690084, 11.40175425099138, 43.382023926967726, 23.600847442411894], [63.324560795950255, 54.817880294662984, 51.264022471905186, 46.400431032480725, 0.0, 100.22474744293447, 107.33126291998991, 54.120236510939236, 69.3757882838098, 52.32590180780452], [72.44998274671983, 48.662100242385755, 49.24428900898052, 55.78530272392541, 100.22474744293447, 0.0, 7.810249675906654, 46.238512086787566, 77.1621668954417, 68.18357573492314], [80.06247560499239, 54.817880294662984, 56.60388679233962, 62.297672508690084, 107.33126291998991, 7.810249675906654, 0.0, 53.225933528685054, 80.2807573457052, 73.00684899377592], [49.24428900898052, 10.295630140987, 7.0, 11.40175425099138, 54.120236510939236, 46.238512086787566, 53.225933528685054, 0.0, 51.61395160225576, 33.301651610693426], [98.89893831583835, 41.400483088968905, 57.4543296888929, 43.382023926967726, 69.3757882838098, 77.1621668954417, 80.2807573457052, 51.61395160225576, 0.0, 20.615528128088304], [78.71467461661771, 23.853720883753127, 38.28837943815329, 23.600847442411894, 52.32590180780452, 68.18357573492314, 73.00684899377592, 33.301651610693426, 20.615528128088304, 0.0]], "task_locations": [[3, 61], [60, 45], [44, 50], [54, 39], [26, 2], [68, 93], [74, 98], [51, 50], [93, 20], [73, 25]], "precedence_constraints": [[7, 8], [4, 1], [3, 5], [4, 5]]}