{"Q": [[0, 0, 1], [1, 0, 1], [0, 1, 0]], "R": [[0.0, 0.0, 0.0], [0.0, 1.0, 1.0], [0.0, 0.0, 1.0], [1.0, 0.0, 1.0], [1.0, 0.0, 1.0], [1.0, 0.0, 1.0], [1.0, 0.0, 0.0], [1.0, 0.0, 0.0], [0.0, 0.0, 1.0], [0.0, 0.0, 0.0]], "T_e": [0, 84, 97, 76, 61, 95, 79, 85, 55, 0], "T_t": [[0.0, 48.02082881417188, 29.5296461204668, 77.79460135510689, 73.16419889536138, 47.01063709417264, 51.478150704935004, 26.40075756488817, 37.8021163428716, 59.682493245507096], [48.02082881417188, 0.0, 27.018512172212592, 33.61547262794322, 27.073972741361768, 6.324555320336759, 42.80186911806539, 62.64982043070834, 11.180339887498949, 24.08318915758459], [29.5296461204668, 27.018512172212592, 0.0, 50.0, 54.00925846556311, 29.832867780352597, 25.96150997149434, 36.40054944640259, 16.278820596099706, 48.104053883222775], [77.79460135510689, 33.61547262794322, 50.0, 0.0, 32.202484376209235, 38.600518131237564, 47.265209192385896, 85.0, 40.80441152620633, 47.265209192385896], [73.16419889536138, 27.073972741361768, 54.00925846556311, 32.202484376209235, 0.0, 26.248809496813376, 65.55150646628954, 89.67719888578144, 38.2099463490856, 20.12461179749811], [47.01063709417264, 6.324555320336759, 29.832867780352597, 38.600518131237564, 26.248809496813376, 0.0, 48.16637831516918, 64.07027391856539, 13.601470508735444, 18.867962264113206], [51.478150704935004, 42.80186911806539, 25.96150997149434, 47.265209192385896, 65.55150646628954, 48.16637831516918, 0.0, 44.82186966202994, 36.235341863986875, 66.84309986827361], [26.40075756488817, 62.64982043070834, 36.40054944640259, 85.0, 89.67719888578144, 64.07027391856539, 44.82186966202994, 0.0, 51.478150704935004, 80.30566605165541], [37.8021163428716, 11.180339887498949, 16.278820596099706, 40.80441152620633, 38.2099463490856, 13.601470508735444, 36.235341863986875, 51.478150704935004, 0.0, 32.202484376209235], [59.682493245507096, 24.08318915758459, 48.104053883222775, 47.265209192385896, 20.12461179749811, 18.867962264113206, 66.84309986827361, 80.30566605165541, 32.202484376209235, 0.0]], "task_locations": [[77, 77], [36, 52], [63, 51], [23, 21], [9, 50], [34, 58], [70, 26], [98, 61], [47, 54], [18, 68]], "precedence_constraints": [[1, 2]]}