{"Q": [[0, 1, 0], [1, 1, 1], [0, 0, 1]], "R": [[0.0, 0.0, 0.0], [1.0, 0.0, 1.0], [1.0, 0.0, 1.0], [0.0, 0.0, 1.0], [1.0, 0.0, 1.0], [0.0, 1.0, 0.0], [1.0, 0.0, 1.0], [0.0, 0.0, 1.0], [1.0, 0.0, 1.0], [0.0, 0.0, 0.0]], "T_e": [0, 85, 64, 99, 94, 57, 72, 84, 56, 0], "T_t": [[0.0, 47.853944456021594, 47.70744176750625, 63.694583757176716, 73.24616030891995, 36.76955262170047, 79.90619500389191, 57.38466694161429, 17.08800749063506, 55.46169849544819], [47.853944456021594, 0.0, 88.64536084872124, 86.83893136145792, 83.09632964216891, 84.20213774008353, 78.26237921249263, 14.317821063276353, 41.593268686170845, 47.01063709417264], [47.70744176750625, 88.64536084872124, 0.0, 36.6742416417845, 58.008620049092706, 40.44749683231337, 74.24957912338628, 93.08598175880189, 47.07440918375928, 68.35202996254024], [63.694583757176716, 86.83893136145792, 36.6742416417845, 0.0, 22.80350850198276, 73.68174807915459, 41.182520563948, 85.42833253669417, 52.43090691567332, 48.83646178829912], [73.24616030891995, 83.09632964216891, 58.008620049092706, 22.80350850198276, 0.0, 91.39474820797966, 18.973665961010276, 77.98717843338096, 58.249463516842795, 37.8021163428716], [36.76955262170047, 84.20213774008353, 40.44749683231337, 73.68174807915459, 91.39474820797966, 0.0, 103.75451797391764, 94.15412895885129, 50.0, 86.37129152675674], [79.90619500389191, 78.26237921249263, 74.24957912338628, 41.182520563948, 18.973665961010276, 103.75451797391764, 0.0, 70.21395872616783, 63.28506932918696, 31.38470965295043], [57.38466694161429, 14.317821063276353, 93.08598175880189, 85.42833253669417, 77.98717843338096, 94.15412895885129, 70.21395872616783, 0.0, 47.38143096192854, 40.311288741492746], [17.08800749063506, 41.593268686170845, 47.07440918375928, 52.43090691567332, 58.249463516842795, 50.0, 63.28506932918696, 47.38143096192854, 0.0, 38.47076812334269], [55.46169849544819, 47.01063709417264, 68.35202996254024, 48.83646178829912, 37.8021163428716, 86.37129152675674, 31.38470965295043, 40.311288741492746, 38.47076812334269, 0.0]], "task_locations": [[14, 59], [23, 12], [40, 99], [73, 83], [87, 65], [0, 93], [93, 47], [36, 6], [30, 53], [64, 35]], "precedence_constraints": [[7, 6], [4, 2], [7, 4]]}