{"Q": [[1, 0, 1], [0, 0, 1], [1, 1, 0]], "R": [[0.0, 0.0, 0.0], [1.0, 0.0, 0.0], [0.0, 1.0, 0.0], [0.0, 1.0, 0.0], [1.0, 0.0, 0.0], [0.0, 0.0, 1.0], [1.0, 0.0, 1.0], [0.0, 1.0, 0.0], [1.0, 0.0, 0.0], [0.0, 0.0, 0.0]], "T_e": [0, 67, 94, 72, 65, 54, 72, 83, 74, 0], "T_t": [[0.0, 93.04837451562494, 62.96824596572466, 45.31004303683677, 85.95929269136641, 71.30918594402827, 26.92582403567252, 84.21995013059554, 41.43669871020132, 41.048751503547585], [93.04837451562494, 0.0, 34.0147027033899, 47.75981574503821, 61.554853586049575, 23.430749027719962, 79.40403012442127, 41.72529209005013, 73.24616030891995, 64.00781202322104], [62.96824596572466, 34.0147027033899, 0.0, 20.248456731316587, 42.44997055358225, 22.627416997969522, 56.60388679233962, 28.284271247461902, 39.319206502675, 30.0], [45.31004303683677, 47.75981574503821, 20.248456731316587, 0.0, 58.0, 27.018512172212592, 36.359317925395686, 47.43416490252569, 35.608987629529715, 25.495097567963924], [85.95929269136641, 61.554853586049575, 42.44997055358225, 58.0, 0.0, 63.071388124885914, 91.00549433962765, 19.849433241279208, 45.60701700396552, 45.18849411078001], [71.30918594402827, 23.430749027719962, 22.627416997969522, 27.018512172212592, 63.071388124885914, 0.0, 56.0357029044876, 45.60701700396552, 58.872744118140105, 48.703182647543684], [26.92582403567252, 79.40403012442127, 56.60388679233962, 36.359317925395686, 91.00549433962765, 56.0357029044876, 0.0, 83.2586331859946, 53.75872022286245, 48.0], [84.21995013059554, 41.72529209005013, 28.284271247461902, 47.43416490252569, 19.849433241279208, 45.60701700396552, 83.2586331859946, 0.0, 48.76474136094644, 44.04543109109048], [41.43669871020132, 73.24616030891995, 39.319206502675, 35.608987629529715, 45.60701700396552, 58.872744118140105, 53.75872022286245, 48.76474136094644, 0.0, 10.295630140987], [41.048751503547585, 64.00781202322104, 30.0, 25.495097567963924, 45.18849411078001, 48.703182647543684, 48.0, 44.04543109109048, 10.295630140987, 0.0]], "task_locations": [[6, 18], [93, 51], [59, 52], [48, 35], [48, 93], [75, 36], [29, 4], [63, 80], [20, 57], [29, 52]], "precedence_constraints": [[3, 8], [6, 2], [4, 6], [3, 7], [3, 2]]}