{"Q": [[0, 1, 0], [1, 0, 1], [0, 1, 0]], "R": [[0.0, 0.0, 0.0], [1.0, 1.0, 0.0], [0.0, 1.0, 1.0], [0.0, 0.0, 1.0], [1.0, 1.0, 1.0], [0.0, 1.0, 0.0], [1.0, 1.0, 0.0], [1.0, 1.0, 1.0], [1.0, 0.0, 0.0], [0.0, 0.0, 0.0]], "T_e": [0, 84, 99, 90, 79, 76, 62, 65, 81, 0], "T_t": [[0.0, 14.866068747318506, 68.3593446428504, 69.42621983083913, 14.035668847618199, 21.400934559032695, 13.45362404707371, 53.16013544000805, 79.1580697086532, 18.439088914585774], [14.866068747318506, 0.0, 73.33484846919642, 54.74486277268398, 28.284271247461902, 34.828149534535996, 24.331050121192877, 38.3275357934736, 69.63476143421474, 25.079872407968907], [68.3593446428504, 73.33484846919642, 0.0, 102.20078277586722, 72.12489168102785, 54.78138369920935, 78.85429601486528, 93.94147114027967, 72.00694410957877, 50.08991914547278], [69.42621983083913, 54.74486277268398, 102.20078277586722, 0.0, 83.02409288875127, 86.7294644281861, 78.16009211867653, 17.029386365926403, 49.09175083453431, 71.55417527999327], [14.035668847618199, 28.284271247461902, 72.12489168102785, 83.02409288875127, 0.0, 18.027756377319946, 8.94427190999916, 66.49060083951716, 92.30926280715278, 26.1725046566048], [21.400934559032695, 34.828149534535996, 54.78138369920935, 86.7294644281861, 18.027756377319946, 0.0, 26.1725046566048, 71.55417527999327, 85.90692637965812, 17.029386365926403], [13.45362404707371, 24.331050121192877, 78.85429601486528, 78.16009211867653, 8.94427190999916, 26.1725046566048, 0.0, 61.29437168288782, 92.17917335276988, 30.4138126514911], [53.16013544000805, 38.3275357934736, 93.94147114027967, 17.029386365926403, 66.49060083951716, 71.55417527999327, 61.29437168288782, 0.0, 53.85164807134504, 57.42821606144492], [79.1580697086532, 69.63476143421474, 72.00694410957877, 49.09175083453431, 92.30926280715278, 85.90692637965812, 92.17917335276988, 53.85164807134504, 0.0, 69.12307863514182], [18.439088914585774, 25.079872407968907, 50.08991914547278, 71.55417527999327, 26.1725046566048, 17.029386365926403, 30.4138126514911, 57.42821606144492, 69.12307863514182, 0.0]], "task_locations": [[73, 30], [59, 25], [66, 98], [5, 16], [87, 29], [86, 47], [83, 21], [22, 15], [2, 65], [69, 48]], "precedence_constraints": [[7, 3], [7, 6], [1, 3], [2, 3], [7, 4]]}