{"Q": [[1, 0, 1], [1, 0, 0], [1, 1, 0]], "R": [[0.0, 0.0, 0.0], [0.0, 1.0, 0.0], [0.0, 0.0, 1.0], [1.0, 0.0, 1.0], [0.0, 1.0, 0.0], [1.0, 0.0, 1.0], [0.0, 0.0, 1.0], [1.0, 0.0, 1.0], [1.0, 0.0, 0.0], [0.0, 0.0, 0.0]], "T_e": [0, 58, 54, 64, 75, 54, 50, 86, 56, 0], "T_t": [[0.0, 65.92419889539804, 30.610455730027933, 15.033296378372908, 24.041630560342615, 22.02271554554524, 59.665735560705194, 58.008620049092706, 68.46897107449476, 77.83315488916018], [65.92419889539804, 0.0, 50.80354318352215, 51.419840528729765, 79.62411694957753, 48.093658625644196, 25.96150997149434, 13.892443989449804, 107.56393447619885, 64.4980619863884], [30.610455730027933, 50.80354318352215, 0.0, 20.12461179749811, 31.25699921617557, 33.734255586866, 34.36568055487916, 38.47076812334269, 58.52349955359813, 47.38143096192854], [15.033296378372908, 51.419840528729765, 20.12461179749811, 0.0, 31.11269837220809, 15.132745950421556, 44.9221548904324, 43.0, 70.83784299369935, 66.84309986827361], [24.041630560342615, 79.62411694957753, 31.25699921617557, 31.11269837220809, 0.0, 44.10215414239989, 65.62011886609167, 68.62215385719105, 45.0111097397076, 70.68238818828917], [22.02271554554524, 48.093658625644196, 33.734255586866, 15.132745950421556, 44.10215414239989, 0.0, 49.64876634922564, 43.657759905886145, 85.72630868059116, 78.03204469959762], [59.665735560705194, 25.96150997149434, 34.36568055487916, 44.9221548904324, 65.62011886609167, 49.64876634922564, 0.0, 13.0, 85.27602242131137, 39.01281840626232], [58.008620049092706, 13.892443989449804, 38.47076812334269, 43.0, 68.62215385719105, 43.657759905886145, 13.0, 0.0, 94.04786015641186, 52.009614495783374], [68.46897107449476, 107.56393447619885, 58.52349955359813, 70.83784299369935, 45.0111097397076, 85.72630868059116, 85.27602242131137, 94.04786015641186, 0.0, 66.70832032063167], [77.83315488916018, 64.4980619863884, 47.38143096192854, 66.84309986827361, 70.68238818828917, 78.03204469959762, 39.01281840626232, 52.009614495783374, 66.70832032063167, 0.0]], "task_locations": [[80, 76], [91, 11], [61, 52], [79, 61], [57, 83], [94, 59], [66, 18], [79, 18], [12, 84], [27, 19]], "precedence_constraints": [[3, 5], [1, 4], [8, 6]]}