{"Q": [[0, 1, 1], [1, 0, 0], [0, 0, 1]], "R": [[0.0, 0.0, 0.0], [1.0, 1.0, 1.0], [1.0, 0.0, 0.0], [0.0, 1.0, 0.0], [0.0, 1.0, 0.0], [0.0, 1.0, 0.0], [1.0, 0.0, 0.0], [1.0, 1.0, 0.0], [1.0, 0.0, 0.0], [0.0, 0.0, 0.0]], "T_e": [0, 50, 65, 84, 56, 88, 63, 97, 98, 0], "T_t": [[0.0, 21.095023109728988, 12.165525060596439, 79.20227269466452, 60.53924347066124, 12.165525060596439, 38.01315561749642, 6.708203932499369, 7.211102550927978, 76.53757247260981], [21.095023109728988, 0.0, 16.0312195418814, 60.03332407921454, 39.84971769034255, 31.32091952673165, 23.021728866442675, 25.298221281347036, 14.866068747318506, 74.33034373659252], [12.165525060596439, 16.0312195418814, 0.0, 68.6804193347711, 55.10898293381942, 17.204650534085253, 26.627053911388696, 12.041594578792296, 6.324555320336759, 65.92419889539804], [79.20227269466452, 60.03332407921454, 68.6804193347711, 0.0, 40.792156108742276, 85.56284240252891, 42.44997055358225, 80.72174428244226, 72.00694410957877, 71.7007670809734], [60.53924347066124, 39.84971769034255, 55.10898293381942, 40.792156108742276, 0.0, 71.16881339463234, 40.52159917870962, 65.14598989960932, 54.70831746635972, 93.49331526906082], [12.165525060596439, 31.32091952673165, 17.204650534085253, 85.56284240252891, 71.16881339463234, 0.0, 43.18564576337837, 6.082762530298219, 16.492422502470642, 71.84705978674423], [38.01315561749642, 23.021728866442675, 26.627053911388696, 42.44997055358225, 40.52159917870962, 43.18564576337837, 0.0, 38.600518131237564, 30.870698080866262, 55.86591089385369], [6.708203932499369, 25.298221281347036, 12.041594578792296, 80.72174428244226, 65.14598989960932, 6.082762530298219, 38.600518131237564, 0.0, 10.44030650891055, 72.03471385380801], [7.211102550927978, 14.866068747318506, 6.324555320336759, 72.00694410957877, 54.70831746635972, 16.492422502470642, 30.870698080866262, 10.44030650891055, 0.0, 72.2357252334328], [76.53757247260981, 74.33034373659252, 65.92419889539804, 71.7007670809734, 93.49331526906082, 71.84705978674423, 55.86591089385369, 72.03471385380801, 72.2357252334328, 0.0]], "task_locations": [[97, 61], [86, 43], [85, 59], [34, 13], [74, 5], [95, 73], [63, 44], [94, 67], [91, 57], [24, 84]], "precedence_constraints": [[7, 4], [7, 5]]}