{"Q": [[1, 0, 1], [1, 1, 0], [0, 1, 0]], "R": [[0.0, 0.0, 0.0], [0.0, 1.0, 0.0], [0.0, 0.0, 1.0], [0.0, 1.0, 1.0], [1.0, 0.0, 1.0], [0.0, 1.0, 0.0], [1.0, 1.0, 1.0], [1.0, 1.0, 1.0], [0.0, 0.0, 1.0], [0.0, 0.0, 0.0]], "T_e": [0, 88, 97, 98, 91, 96, 69, 58, 78, 0], "T_t": [[0.0, 47.53945729601885, 14.0, 42.190046219457976, 50.60632371551998, 35.17101079013795, 36.345563690772494, 47.16990566028302, 3.0, 77.52418977325722], [47.53945729601885, 0.0, 61.18823416311342, 58.309518948453004, 19.924858845171276, 82.71033792700887, 12.206555615733702, 76.32168761236873, 48.38388161361178, 74.79304780526061], [14.0, 61.18823416311342, 0.0, 43.174066289845804, 62.26556030423239, 21.93171219946131, 50.24937810560445, 41.48493702538308, 14.317821063276353, 80.36168241145776], [42.190046219457976, 58.309518948453004, 43.174066289845804, 0.0, 45.35416188179427, 59.16924876994806, 54.48853090330111, 21.095023109728988, 45.17742799230607, 37.33630940518894], [50.60632371551998, 19.924858845171276, 62.26556030423239, 45.35416188179427, 0.0, 84.11896337925236, 26.30589287593181, 65.62011886609167, 52.49761899362675, 55.47071299343465], [35.17101079013795, 82.71033792700887, 21.93171219946131, 59.16924876994806, 84.11896337925236, 0.0, 71.386273190299, 49.8196748283246, 34.52535300326414, 96.15092303249095], [36.345563690772494, 12.206555615733702, 50.24937810560445, 54.48853090330111, 26.30589287593181, 71.386273190299, 0.0, 70.32780389006896, 36.87817782917155, 76.89603370785778], [47.16990566028302, 76.32168761236873, 41.48493702538308, 21.095023109728988, 65.62011886609167, 49.8196748283246, 70.32780389006896, 0.0, 49.73932046178355, 50.24937810560445], [3.0, 48.38388161361178, 14.317821063276353, 45.17742799230607, 52.49761899362675, 34.52535300326414, 36.87817782917155, 49.73932046178355, 0.0, 80.50465825031493], [77.52418977325722, 74.79304780526061, 80.36168241145776, 37.33630940518894, 55.47071299343465, 96.15092303249095, 76.89603370785778, 50.24937810560445, 80.50465825031493, 0.0]], "task_locations": [[62, 13], [16, 25], [76, 13], [66, 55], [22, 44], [96, 4], [26, 18], [87, 53], [62, 10], [53, 90]], "precedence_constraints": [[7, 1], [3, 1], [8, 1], [8, 5]]}