{"Q": [[0, 1, 1], [1, 1, 1], [1, 1, 1]], "R": [[0.0, 0.0, 0.0], [0.0, 0.0, 1.0], [1.0, 0.0, 1.0], [1.0, 0.0, 1.0], [1.0, 1.0, 0.0], [1.0, 0.0, 0.0], [1.0, 1.0, 0.0], [1.0, 0.0, 1.0], [1.0, 0.0, 1.0], [0.0, 0.0, 0.0]], "T_e": [0, 71, 84, 73, 63, 67, 95, 57, 90, 0], "T_t": [[0.0, 25.612496949731394, 16.401219466856727, 68.24954212300622, 68.59300255857006, 41.0, 51.66236541235796, 95.44108130150245, 83.21658488546619, 60.67124524847005], [25.612496949731394, 0.0, 33.54101966249684, 51.478150704935004, 59.53990258641679, 26.40075756488817, 34.713109915419565, 71.19691004531025, 71.8679344353238, 45.35416188179427], [16.401219466856727, 33.54101966249684, 0.0, 62.64982043070834, 58.137767414994535, 37.20215047547655, 47.70744176750625, 96.16652224137046, 73.33484846919642, 54.62600113499065], [68.24954212300622, 51.478150704935004, 62.64982043070834, 0.0, 22.02271554554524, 27.294688127912362, 17.0, 43.41658669218482, 24.839484696748443, 8.06225774829855], [68.59300255857006, 59.53990258641679, 58.137767414994535, 22.02271554554524, 0.0, 33.28663395418648, 28.42534080710379, 64.77653896280658, 15.297058540778355, 19.697715603592208], [41.0, 26.40075756488817, 37.20215047547655, 27.294688127912362, 33.28663395418648, 0.0, 10.770329614269007, 59.665735560705194, 45.5411901469428, 20.0], [51.66236541235796, 34.713109915419565, 47.70744176750625, 17.0, 28.42534080710379, 10.770329614269007, 0.0, 50.47771785649585, 38.07886552931954, 10.770329614269007], [95.44108130150245, 71.19691004531025, 96.16652224137046, 43.41658669218482, 64.77653896280658, 59.665735560705194, 50.47771785649585, 0.0, 61.204574992397426, 49.39635614091387], [83.21658488546619, 71.8679344353238, 73.33484846919642, 24.839484696748443, 15.297058540778355, 45.5411901469428, 38.07886552931954, 61.204574992397426, 0.0, 27.459060435491963], [60.67124524847005, 45.35416188179427, 54.62600113499065, 8.06225774829855, 19.697715603592208, 20.0, 10.770329614269007, 49.39635614091387, 27.459060435491963, 0.0]], "task_locations": [[29, 87], [49, 71], [16, 77], [42, 20], [20, 19], [38, 47], [42, 37], [84, 9], [23, 4], [38, 27]], "precedence_constraints": [[6, 8], [6, 7], [2, 7], [5, 7], [3, 2]]}