{"Q": [[1, 0, 1], [1, 1, 0], [0, 1, 1]], "R": [[0.0, 0.0, 0.0], [1.0, 0.0, 0.0], [0.0, 1.0, 0.0], [1.0, 1.0, 1.0], [1.0, 0.0, 1.0], [1.0, 0.0, 0.0], [0.0, 1.0, 0.0], [0.0, 1.0, 0.0], [1.0, 1.0, 0.0], [0.0, 0.0, 0.0]], "T_e": [0, 67, 70, 54, 71, 81, 83, 74, 62, 0], "T_t": [[0.0, 42.5440947723653, 45.5411901469428, 20.024984394500787, 28.231188426986208, 22.561028345356956, 41.10960958218893, 20.591260281974, 41.400483088968905, 62.76941930590086], [42.5440947723653, 0.0, 29.120439557122072, 27.80287754891569, 48.25971404805462, 64.47480127925948, 30.0, 36.359317925395686, 16.97056274847714, 20.248456731316587], [45.5411901469428, 29.120439557122072, 0.0, 25.709920264364882, 65.0, 67.02984409947557, 56.0357029044876, 27.16615541441225, 44.721359549995796, 40.024992192379], [20.024984394500787, 27.80287754891569, 25.709920264364882, 0.0, 41.10960958218893, 42.190046219457976, 40.607881008493905, 9.219544457292887, 34.36568055487916, 47.38143096192854], [28.231188426986208, 48.25971404805462, 65.0, 41.10960958218893, 0.0, 32.89376840679705, 27.294688127912362, 46.22769732530488, 36.6742416417845, 65.27633568147036], [22.561028345356956, 64.47480127925948, 67.02984409947557, 42.190046219457976, 32.89376840679705, 0.0, 56.22277118748239, 40.311288741492746, 60.440052945046304, 84.52810183601665], [41.10960958218893, 30.0, 56.0357029044876, 40.607881008493905, 27.294688127912362, 56.22277118748239, 0.0, 49.25444142409901, 13.416407864998739, 41.593268686170845], [20.591260281974, 36.359317925395686, 27.16615541441225, 9.219544457292887, 46.22769732530488, 40.311288741492746, 49.25444142409901, 0.0, 43.56604182158393, 55.31726674375732], [41.400483088968905, 16.97056274847714, 44.721359549995796, 34.36568055487916, 36.6742416417845, 60.440052945046304, 13.416407864998739, 43.56604182158393, 0.0, 29.017236257093817], [62.76941930590086, 20.248456731316587, 40.024992192379, 47.38143096192854, 65.27633568147036, 84.52810183601665, 41.593268686170845, 55.31726674375732, 29.017236257093817, 0.0]], "task_locations": [[71, 59], [34, 38], [26, 66], [51, 60], [82, 33], [93, 64], [58, 20], [53, 69], [46, 26], [17, 27]], "precedence_constraints": [[6, 1], [3, 2], [5, 2]]}