{"Q": [[1, 0, 0], [0, 1, 1], [0, 0, 1]], "R": [[0.0, 0.0, 0.0], [0.0, 1.0, 0.0], [0.0, 0.0, 1.0], [1.0, 0.0, 0.0], [0.0, 1.0, 1.0], [1.0, 1.0, 0.0], [1.0, 0.0, 0.0], [1.0, 1.0, 1.0], [0.0, 0.0, 1.0], [0.0, 0.0, 0.0]], "T_e": [0, 66, 53, 51, 66, 64, 79, 53, 57, 0], "T_t": [[0.0, 81.60882305241266, 64.76109943476871, 68.15423684555495, 83.18653737234169, 106.78014796768171, 85.70297544426332, 52.49761899362675, 74.2024258363566, 55.758407437802596], [81.60882305241266, 0.0, 17.4928556845359, 15.132745950421556, 64.03124237432849, 36.68787265568828, 5.0, 48.82622246293481, 48.104053883222775, 53.225933528685054], [64.76109943476871, 17.4928556845359, 0.0, 11.0, 64.07807737440318, 51.10772935672255, 22.20360331117452, 33.61547262794322, 47.53945729601885, 45.967379738244816], [68.15423684555495, 15.132745950421556, 11.0, 0.0, 54.120236510939236, 42.01190307520001, 18.110770276274835, 43.965895873961216, 37.589892258425, 39.11521443121589], [83.18653737234169, 64.03124237432849, 64.07807737440318, 54.120236510939236, 0.0, 53.16013544000805, 62.96824596572466, 90.79647570252934, 16.55294535724685, 28.160255680657446], [106.78014796768171, 36.68787265568828, 51.10772935672255, 42.01190307520001, 53.16013544000805, 0.0, 32.01562118716424, 84.53401682163222, 44.0, 60.207972893961475], [85.70297544426332, 5.0, 22.20360331117452, 18.110770276274835, 62.96824596572466, 32.01562118716424, 0.0, 53.823786563191554, 47.50789408087881, 54.42425929675111], [52.49761899362675, 48.82622246293481, 33.61547262794322, 43.965895873961216, 90.79647570252934, 84.53401682163222, 53.823786563191554, 0.0, 75.16648189186454, 66.09841147864296], [74.2024258363566, 48.104053883222775, 47.53945729601885, 37.589892258425, 16.55294535724685, 44.0, 47.50789408087881, 75.16648189186454, 0.0, 19.209372712298546], [55.758407437802596, 53.225933528685054, 45.967379738244816, 39.11521443121589, 28.160255680657446, 60.207972893961475, 54.42425929675111, 66.09841147864296, 19.209372712298546, 0.0]], "task_locations": [[6, 74], [84, 50], [69, 59], [69, 48], [44, 0], [95, 15], [87, 46], [56, 90], [51, 15], [36, 27]], "precedence_constraints": [[1, 7]]}