{"Q": [[1, 1, 0], [0, 0, 1], [0, 1, 0]], "R": [[0.0, 0.0, 0.0], [0.0, 1.0, 1.0], [0.0, 1.0, 0.0], [0.0, 1.0, 0.0], [0.0, 0.0, 1.0], [0.0, 1.0, 1.0], [1.0, 0.0, 1.0], [1.0, 0.0, 0.0], [1.0, 1.0, 0.0], [0.0, 0.0, 0.0]], "T_e": [0, 63, 90, 70, 79, 98, 62, 50, 97, 0], "T_t": [[0.0, 85.5102333057278, 77.1621668954417, 43.41658669218482, 90.27181176868004, 65.37583651472461, 84.90583018850944, 32.802438933713454, 23.40939982143925, 71.02816342831905], [85.5102333057278, 0.0, 14.212670403551895, 59.033888572581766, 43.32435804486894, 29.832867780352597, 31.38470965295043, 68.26419266350405, 99.53893710503444, 60.108235708594876], [77.1621668954417, 14.212670403551895, 0.0, 57.8013840664737, 32.14031735997639, 32.984845004941285, 20.024984394500787, 65.06919393998976, 93.64827814754524, 45.967379738244816], [43.41658669218482, 59.033888572581766, 57.8013840664737, 0.0, 84.30895563343196, 30.4138126514911, 74.24284477308234, 12.041594578792296, 46.010868281309364, 79.05694150420949], [90.27181176868004, 43.32435804486894, 32.14031735997639, 84.30895563343196, 0.0, 64.19501538281614, 12.165525060596439, 88.68483523128404, 111.01801655587259, 29.017236257093817], [65.37583651472461, 29.832867780352597, 32.984845004941285, 30.4138126514911, 64.19501538281614, 0.0, 52.46903848937962, 41.10960958218893, 74.52516353554684, 69.28924880528002], [84.90583018850944, 31.38470965295043, 20.024984394500787, 74.24284477308234, 12.165525060596439, 52.46903848937962, 0.0, 79.63039620647382, 104.35037134576953, 33.61547262794322], [32.802438933713454, 68.26419266350405, 65.06919393998976, 12.041594578792296, 88.68483523128404, 41.10960958218893, 79.63039620647382, 0.0, 34.058772731852805, 79.42921376924235], [23.40939982143925, 99.53893710503444, 93.64827814754524, 46.010868281309364, 111.01801655587259, 74.52516353554684, 104.35037134576953, 34.058772731852805, 0.0, 93.81364506296512], [71.02816342831905, 60.108235708594876, 45.967379738244816, 79.05694150420949, 29.017236257093817, 69.28924880528002, 33.61547262794322, 79.42921376924235, 93.81364506296512, 0.0]], "task_locations": [[58, 13], [42, 97], [33, 86], [79, 51], [1, 83], [65, 78], [13, 85], [78, 39], [80, 5], [0, 54]], "precedence_constraints": [[1, 3], [2, 1], [1, 6], [1, 8], [5, 6], [5, 4]]}