{"Q": [[0, 0, 1], [1, 1, 1], [0, 0, 1]], "R": [[0.0, 0.0, 0.0], [0.0, 0.0, 1.0], [0.0, 1.0, 1.0], [1.0, 0.0, 1.0], [1.0, 1.0, 0.0], [0.0, 0.0, 1.0], [1.0, 0.0, 0.0], [1.0, 0.0, 0.0], [1.0, 1.0, 1.0], [0.0, 0.0, 0.0]], "T_e": [0, 56, 90, 65, 63, 67, 63, 83, 98, 0], "T_t": [[0.0, 79.90619500389191, 52.392747589718944, 67.1863081289633, 100.84641788382967, 51.42956348249516, 54.00925846556311, 69.07966415668217, 67.68308503607086, 26.0], [79.90619500389191, 0.0, 45.27692569068709, 73.43704787094863, 30.4138126514911, 79.76214641043707, 56.0357029044876, 82.29823813423954, 41.97618372363071, 64.00781202322104], [52.392747589718944, 45.27692569068709, 0.0, 86.21484790916237, 75.0, 81.43709228600933, 11.40175425099138, 92.91393867445294, 64.89992295835181, 52.88667128870941], [67.1863081289633, 73.43704787094863, 86.21484790916237, 0.0, 71.47027354082255, 19.924858845171276, 95.58765610684259, 9.055385138137417, 32.01562118716424, 42.5440947723653], [100.84641788382967, 30.4138126514911, 75.0, 71.47027354082255, 0.0, 84.59905436823747, 86.05230967266364, 80.36168241145776, 41.677331968349414, 79.51100552753688], [51.42956348249516, 79.76214641043707, 81.43709228600933, 19.924858845171276, 84.59905436823747, 0.0, 89.1852005660132, 18.24828759089466, 42.941821107167776, 30.479501308256342], [54.00925846556311, 56.0357029044876, 11.40175425099138, 95.58765610684259, 86.05230967266364, 89.1852005660132, 0.0, 101.82828683622247, 75.8023746329889, 59.50630218724736], [69.07966415668217, 82.29823813423954, 92.91393867445294, 9.055385138137417, 80.36168241145776, 18.24828759089466, 101.82828683622247, 0.0, 41.048751503547585, 46.04345773288535], [67.68308503607086, 41.97618372363071, 64.89992295835181, 32.01562118716424, 41.677331968349414, 42.941821107167776, 75.8023746329889, 41.048751503547585, 0.0, 42.720018726587654], [26.0, 64.00781202322104, 52.88667128870941, 42.5440947723653, 79.51100552753688, 30.479501308256342, 59.50630218724736, 46.04345773288535, 42.720018726587654, 0.0]], "task_locations": [[12, 61], [69, 5], [24, 10], [77, 78], [99, 10], [58, 84], [13, 7], [76, 87], [78, 46], [38, 61]], "precedence_constraints": [[3, 1], [6, 4], [3, 7], [1, 5]]}