{"Q": [[1, 0, 0], [0, 0, 1], [1, 1, 0]], "R": [[0.0, 0.0, 0.0], [1.0, 0.0, 0.0], [0.0, 1.0, 1.0], [1.0, 0.0, 0.0], [0.0, 1.0, 0.0], [1.0, 0.0, 0.0], [1.0, 0.0, 1.0], [1.0, 0.0, 0.0], [0.0, 1.0, 1.0], [0.0, 0.0, 0.0]], "T_e": [0, 55, 84, 94, 61, 96, 67, 51, 73, 0], "T_t": [[0.0, 117.41379816699569, 73.57309290766564, 85.42247947700886, 47.01063709417264, 96.16652224137046, 92.41753080449618, 23.08679276123039, 42.720018726587654, 82.05485969764375], [117.41379816699569, 0.0, 57.3149195236284, 56.43580423808985, 70.45565981523414, 41.10960958218893, 25.0, 95.77577981932593, 77.07788269017254, 73.16419889536138], [73.57309290766564, 57.3149195236284, 0.0, 13.038404810405298, 34.0147027033899, 64.35060217278468, 38.07886552931954, 58.240879114244144, 48.041648597857254, 79.32212806020776], [85.42247947700886, 56.43580423808985, 13.038404810405298, 0.0, 47.042533945356304, 71.50524456289902, 42.190046219457976, 71.06335201775947, 61.00819617067857, 89.94442728707543], [47.01063709417264, 70.45565981523414, 34.0147027033899, 47.042533945356304, 0.0, 55.00909015790027, 45.48626166217664, 26.627053911388696, 14.317821063276353, 55.21775076911409], [96.16652224137046, 41.10960958218893, 64.35060217278468, 71.50524456289902, 55.00909015790027, 0.0, 31.064449134018133, 73.08214556237385, 53.600373133029585, 32.57299494980466], [92.41753080449618, 25.0, 38.07886552931954, 42.190046219457976, 45.48626166217664, 31.064449134018133, 0.0, 70.83784299369935, 52.40229002629561, 57.42821606144492], [23.08679276123039, 95.77577981932593, 58.240879114244144, 71.06335201775947, 26.627053911388696, 73.08214556237385, 70.83784299369935, 0.0, 19.697715603592208, 60.8276253029822], [42.720018726587654, 77.07788269017254, 48.041648597857254, 61.00819617067857, 14.317821063276353, 53.600373133029585, 52.40229002629561, 19.697715603592208, 0.0, 45.69463863518345], [82.05485969764375, 73.16419889536138, 79.32212806020776, 89.94442728707543, 55.21775076911409, 32.57299494980466, 57.42821606144492, 60.8276253029822, 45.69463863518345, 0.0]], "task_locations": [[17, 99], [86, 4], [80, 61], [93, 60], [46, 62], [45, 7], [71, 24], [24, 77], [32, 59], [14, 17]], "precedence_constraints": [[7, 1]]}