{"Q": [[1, 0, 0], [1, 1, 1], [1, 1, 0]], "R": [[0.0, 0.0, 0.0], [1.0, 1.0, 1.0], [0.0, 0.0, 1.0], [0.0, 1.0, 0.0], [0.0, 0.0, 1.0], [1.0, 0.0, 0.0], [0.0, 1.0, 1.0], [0.0, 1.0, 0.0], [0.0, 0.0, 1.0], [0.0, 0.0, 0.0]], "T_e": [0, 88, 84, 82, 76, 87, 66, 65, 83, 0], "T_t": [[0.0, 52.81098370604357, 19.235384061671343, 42.941821107167776, 11.40175425099138, 60.14149981501958, 40.22437072223753, 30.23243291566195, 34.20526275297414, 12.529964086141668], [52.81098370604357, 0.0, 34.0147027033899, 89.02246907382428, 43.73785545725808, 61.66036003787198, 18.027756377319946, 53.41348144429457, 71.7007670809734, 61.98386886924694], [19.235384061671343, 34.0147027033899, 0.0, 56.586217403180434, 13.416407864998739, 51.894122981316485, 24.413111231467404, 28.071337695236398, 46.647615158762406, 30.14962686336267], [42.941821107167776, 89.02246907382428, 56.586217403180434, 0.0, 54.20332093147061, 61.29437168288782, 80.8084154033477, 39.21734310225516, 65.00769185258002, 44.91102314577124], [11.40175425099138, 43.73785545725808, 13.416407864998739, 54.20332093147061, 0.0, 62.96824596572466, 29.5296461204668, 35.4400902933387, 33.28663395418648, 18.24828759089466], [60.14149981501958, 61.66036003787198, 51.894122981316485, 61.29437168288782, 62.96824596572466, 0.0, 67.47592163134935, 30.610455730027933, 94.26027795418386, 72.13875518748573], [40.22437072223753, 18.027756377319946, 24.413111231467404, 80.8084154033477, 29.5296461204668, 67.47592163134935, 0.0, 50.59644256269407, 54.147945482723536, 47.16990566028302], [30.23243291566195, 53.41348144429457, 28.071337695236398, 39.21734310225516, 35.4400902933387, 30.610455730027933, 50.59644256269407, 0.0, 64.40496875241847, 41.773197148410844], [34.20526275297414, 71.7007670809734, 46.647615158762406, 65.00769185258002, 33.28663395418648, 94.26027795418386, 54.147945482723536, 64.40496875241847, 0.0, 23.259406699226016], [12.529964086141668, 61.98386886924694, 30.14962686336267, 44.91102314577124, 18.24828759089466, 72.13875518748573, 47.16990566028302, 41.773197148410844, 23.259406699226016, 0.0]], "task_locations": [[25, 47], [75, 64], [44, 50], [5, 9], [32, 56], [66, 3], [58, 70], [42, 22], [4, 74], [14, 53]], "precedence_constraints": [[1, 2], [5, 8], [8, 6]]}