{"Q": [[0, 1, 0], [1, 1, 1], [1, 0, 1]], "R": [[0.0, 0.0, 0.0], [0.0, 0.0, 1.0], [1.0, 1.0, 1.0], [1.0, 0.0, 1.0], [0.0, 0.0, 1.0], [1.0, 0.0, 1.0], [1.0, 0.0, 1.0], [1.0, 1.0, 0.0], [0.0, 0.0, 1.0], [0.0, 0.0, 0.0]], "T_e": [0, 72, 94, 54, 95, 80, 88, 85, 62, 0], "T_t": [[0.0, 68.0, 29.5296461204668, 71.58910531638176, 64.00781202322104, 67.23094525588644, 58.89821729050889, 89.87213138676528, 35.35533905932738, 19.1049731745428], [68.0, 0.0, 38.47076812334269, 66.06814663663572, 31.25699921617557, 93.68030742904295, 16.15549442140351, 84.17244204607586, 36.796738985948195, 77.23341245859851], [29.5296461204668, 38.47076812334269, 0.0, 60.60528029800704, 40.162171256046406, 72.44308110509934, 30.610455730027933, 80.80222769206304, 12.727922061357855, 40.80441152620633], [71.58910531638176, 66.06814663663572, 60.60528029800704, 0.0, 35.014282800023196, 37.64306044943742, 74.21590126111789, 20.248456731316587, 48.010415536631214, 62.81719509815764], [64.00781202322104, 31.25699921617557, 40.162171256046406, 35.014282800023196, 0.0, 66.18912297349165, 41.593268686170845, 52.952809179494906, 29.274562336608895, 65.14598989960932], [67.23094525588644, 93.68030742904295, 72.44308110509934, 37.64306044943742, 66.18912297349165, 0.0, 96.62815324738438, 40.607881008493905, 63.00793600809346, 50.44799302251776], [58.89821729050889, 16.15549442140351, 30.610455730027933, 74.21590126111789, 41.593268686170845, 96.62815324738438, 0.0, 93.60555539069249, 34.48187929913333, 71.40028011149536], [89.87213138676528, 84.17244204607586, 80.80222769206304, 20.248456731316587, 52.952809179494906, 40.607881008493905, 93.60555539069249, 0.0, 68.24221567329127, 78.79086241436883], [35.35533905932738, 36.796738985948195, 12.727922061357855, 48.010415536631214, 29.274562336608895, 63.00793600809346, 34.48187929913333, 68.24221567329127, 0.0, 40.80441152620633], [19.1049731745428, 77.23341245859851, 40.80441152620633, 62.81719509815764, 65.14598989960932, 50.44799302251776, 71.40028011149536, 78.79086241436883, 40.80441152620633, 0.0]], "task_locations": [[60, 8], [92, 68], [74, 34], [26, 71], [61, 72], [2, 42], [98, 53], [9, 82], [65, 43], [41, 10]], "precedence_constraints": [[1, 5], [1, 6], [5, 2], [4, 3]]}