{"Q": [[1, 1, 0], [1, 0, 1], [1, 1, 0]], "R": [[0.0, 0.0, 0.0], [1.0, 1.0, 1.0], [1.0, 0.0, 0.0], [0.0, 1.0, 0.0], [1.0, 0.0, 0.0], [0.0, 0.0, 1.0], [1.0, 0.0, 1.0], [0.0, 1.0, 0.0], [1.0, 0.0, 1.0], [0.0, 0.0, 0.0]], "T_e": [0, 98, 68, 95, 61, 58, 65, 74, 81, 0], "T_t": [[0.0, 43.9089968002003, 88.0056816347672, 55.154328932550705, 20.615528128088304, 70.49113419430843, 45.09988913511872, 94.2019108086455, 85.90692637965812, 24.08318915758459], [43.9089968002003, 0.0, 54.230987451824994, 74.95331880577403, 30.14962686336267, 62.96824596572466, 78.54934754662193, 55.44366510251645, 60.959002616512684, 24.413111231467404], [88.0056816347672, 54.230987451824994, 0.0, 84.81155581640984, 82.0, 47.20169488482379, 101.96568050084302, 14.866068747318506, 19.4164878389476, 64.00781202322104], [55.154328932550705, 74.95331880577403, 84.81155581640984, 0.0, 71.19691004531025, 41.43669871020132, 24.73863375370596, 97.67292357659824, 71.11961754677819, 53.08483775994799], [20.615528128088304, 30.14962686336267, 82.0, 71.19691004531025, 0.0, 76.4198926981712, 64.93843238021688, 85.09406559801923, 84.52810183601665, 23.345235059857504], [70.49113419430843, 62.96824596572466, 47.20169488482379, 41.43669871020132, 76.4198926981712, 0.0, 63.50590523722971, 61.587336360651285, 30.610455730027933, 53.075418038862395], [45.09988913511872, 78.54934754662193, 101.96568050084302, 24.73863375370596, 64.93843238021688, 63.50590523722971, 0.0, 113.20777358467925, 91.09335870413386, 54.20332093147061], [94.2019108086455, 55.44366510251645, 14.866068747318506, 97.67292357659824, 85.09406559801923, 61.587336360651285, 113.20777358467925, 0.0, 34.20526275297414, 70.21395872616783], [85.90692637965812, 60.959002616512684, 19.4164878389476, 71.11961754677819, 84.52810183601665, 30.610455730027933, 91.09335870413386, 34.20526275297414, 0.0, 63.245553203367585], [24.08318915758459, 24.413111231467404, 64.00781202322104, 53.08483775994799, 23.345235059857504, 53.075418038862395, 54.20332093147061, 70.21395872616783, 63.245553203367585, 0.0]], "task_locations": [[45, 95], [23, 57], [44, 7], [96, 74], [26, 87], [82, 35], [90, 98], [30, 2], [63, 11], [43, 71]], "precedence_constraints": [[8, 4]]}