{"Q": [[1, 0, 0], [0, 1, 1], [0, 1, 0]], "R": [[0.0, 0.0, 0.0], [1.0, 0.0, 0.0], [0.0, 1.0, 1.0], [0.0, 1.0, 0.0], [1.0, 0.0, 1.0], [0.0, 1.0, 1.0], [0.0, 0.0, 1.0], [0.0, 1.0, 0.0], [1.0, 1.0, 1.0], [0.0, 0.0, 0.0]], "T_e": [0, 57, 98, 99, 65, 52, 92, 67, 82, 0], "T_t": [[0.0, 36.6742416417845, 56.0357029044876, 61.814237842102365, 14.560219778561036, 96.60745312862771, 66.27216610312357, 60.90155991434045, 41.593268686170845, 61.84658438426491], [36.6742416417845, 0.0, 39.20459156782532, 30.23243291566195, 45.17742799230607, 74.04052944165107, 66.18912297349165, 28.600699292150182, 44.68780594300866, 57.0087712549569], [56.0357029044876, 39.20459156782532, 0.0, 63.06346010171025, 69.9714227381436, 40.607881008493905, 32.802438933713454, 26.40075756488817, 25.495097567963924, 22.02271554554524], [61.814237842102365, 30.23243291566195, 63.06346010171025, 0.0, 65.12296062065974, 88.09086218218096, 93.81364506296512, 40.792156108742276, 74.27651041883968, 83.7615663654877], [14.560219778561036, 45.17742799230607, 69.9714227381436, 65.12296062065974, 0.0, 110.38568747804219, 80.62257748298549, 72.00694410957877, 56.089214649520635, 76.40026177965623], [96.60745312862771, 74.04052944165107, 40.607881008493905, 88.09086218218096, 110.38568747804219, 0.0, 52.392747589718944, 48.16637831516918, 62.20128616033595, 45.69463863518345], [66.27216610312357, 66.18912297349165, 32.802438933713454, 93.81364506296512, 80.62257748298549, 52.392747589718944, 0.0, 59.20304046246274, 25.019992006393608, 10.816653826391969], [60.90155991434045, 28.600699292150182, 26.40075756488817, 40.792156108742276, 72.00694410957877, 48.16637831516918, 59.20304046246274, 0.0, 47.29693436154187, 48.41487374764082], [41.593268686170845, 44.68780594300866, 25.495097567963924, 74.27651041883968, 56.089214649520635, 62.20128616033595, 25.019992006393608, 47.29693436154187, 0.0, 20.615528128088304], [61.84658438426491, 57.0087712549569, 22.02271554554524, 83.7615663654877, 76.40026177965623, 45.69463863518345, 10.816653826391969, 48.41487374764082, 20.615528128088304, 0.0]], "task_locations": [[19, 86], [26, 50], [65, 54], [9, 25], [5, 90], [97, 29], [85, 80], [49, 33], [60, 79], [79, 71]], "precedence_constraints": [[5, 1], [5, 3], [8, 6], [8, 5], [8, 3]]}