{"Q": [[0, 1, 1], [1, 1, 1], [1, 0, 0]], "R": [[0.0, 0.0, 0.0], [1.0, 0.0, 0.0], [0.0, 0.0, 1.0], [1.0, 0.0, 1.0], [1.0, 1.0, 0.0], [0.0, 1.0, 1.0], [0.0, 1.0, 0.0], [0.0, 1.0, 1.0], [0.0, 0.0, 1.0], [0.0, 0.0, 0.0]], "T_e": [0, 99, 93, 65, 87, 71, 68, 98, 57, 0], "T_t": [[0.0, 69.05070600652827, 71.449282711585, 35.0, 21.95449840010015, 71.386273190299, 21.840329667841555, 38.47076812334269, 21.0, 54.120236510939236], [69.05070600652827, 0.0, 112.53888216967503, 97.57561170702442, 49.01020301937138, 2.8284271247461903, 81.02468759581859, 34.9857113690718, 48.507731342539614, 23.853720883753127], [71.449282711585, 112.53888216967503, 0.0, 44.9221548904324, 86.33075929238663, 115.36463929644994, 50.039984012787215, 79.63039620647382, 76.69419795525604, 111.13955191559843], [35.0, 97.57561170702442, 44.9221548904324, 0.0, 55.86591089385369, 100.22474744293447, 16.55294535724685, 62.96824596572466, 50.47771785649585, 87.00574693662483], [21.95449840010015, 49.01020301937138, 86.33075929238663, 55.86591089385369, 0.0, 51.088159097779204, 40.607881008493905, 25.495097567963924, 11.180339887498949, 32.202484376209235], [71.386273190299, 2.8284271247461903, 115.36463929644994, 100.22474744293447, 51.088159097779204, 0.0, 83.6719785830358, 37.73592452822641, 50.96076922496363, 24.596747752497688], [21.840329667841555, 81.02468759581859, 50.039984012787215, 16.55294535724685, 40.607881008493905, 83.6719785830358, 0.0, 46.486557196677836, 34.20526275297414, 70.9365914038728], [38.47076812334269, 34.9857113690718, 79.63039620647382, 62.96824596572466, 25.495097567963924, 37.73592452822641, 46.486557196677836, 0.0, 18.027756377319946, 32.57299494980466], [21.0, 48.507731342539614, 76.69419795525604, 50.47771785649585, 11.180339887498949, 50.96076922496363, 34.20526275297414, 18.027756377319946, 0.0, 36.796738985948195], [54.120236510939236, 23.853720883753127, 111.13955191559843, 87.00574693662483, 32.202484376209235, 24.596747752497688, 70.9365914038728, 32.57299494980466, 36.796738985948195, 0.0]], "task_locations": [[73, 23], [85, 91], [2, 15], [45, 2], [84, 42], [87, 93], [52, 17], [67, 61], [73, 44], [98, 71]], "precedence_constraints": [[6, 1], [8, 5], [3, 2], [4, 8], [1, 2]]}