{"Q": [[1, 1, 1], [1, 0, 0], [1, 0, 1]], "R": [[0.0, 0.0, 0.0], [0.0, 1.0, 0.0], [0.0, 1.0, 0.0], [1.0, 0.0, 0.0], [1.0, 0.0, 1.0], [1.0, 0.0, 0.0], [0.0, 1.0, 1.0], [1.0, 1.0, 0.0], [1.0, 1.0, 1.0], [0.0, 0.0, 0.0]], "T_e": [0, 96, 60, 78, 56, 95, 90, 63, 92, 0], "T_t": [[0.0, 87.13208364316786, 106.21205204683694, 113.22543883774529, 29.614185789921695, 31.400636936215164, 46.010868281309364, 48.16637831516918, 22.090722034374522, 46.2709412050371], [87.13208364316786, 0.0, 51.03920062069938, 52.3450093132096, 60.40695324215582, 58.18934610390462, 42.05948168962618, 53.14132102234569, 88.36288813749809, 44.28317965096906], [106.21205204683694, 51.03920062069938, 0.0, 8.06225774829855, 89.81091247727082, 87.80091115700337, 74.43117626371358, 58.249463516842795, 96.15092303249095, 79.64923100695951], [113.22543883774529, 52.3450093132096, 8.06225774829855, 0.0, 95.67131231461184, 93.60555539069249, 79.63039620647382, 65.5133574166368, 103.78824596263297, 84.59905436823747], [29.614185789921695, 60.40695324215582, 89.81091247727082, 95.67131231461184, 0.0, 2.23606797749979, 18.384776310850235, 38.63935817272331, 41.773197148410844, 17.029386365926403], [31.400636936215164, 58.18934610390462, 87.80091115700337, 93.60555539069249, 2.23606797749979, 0.0, 16.15549442140351, 37.33630940518894, 42.638011210655684, 15.0], [46.010868281309364, 42.05948168962618, 74.43117626371358, 79.63039620647382, 18.384776310850235, 16.15549442140351, 0.0, 32.57299494980466, 52.392747589718944, 6.0], [48.16637831516918, 53.14132102234569, 58.249463516842795, 65.5133574166368, 38.63935817272331, 37.33630940518894, 32.57299494980466, 0.0, 39.293765408777, 38.3275357934736], [22.090722034374522, 88.36288813749809, 96.15092303249095, 103.78824596263297, 41.773197148410844, 42.638011210655684, 52.392747589718944, 39.293765408777, 0.0, 55.072679252057455], [46.2709412050371, 44.28317965096906, 79.64923100695951, 84.59905436823747, 17.029386365926403, 15.0, 6.0, 38.3275357934736, 55.072679252057455, 0.0]], "task_locations": [[2, 86], [88, 72], [86, 21], [94, 20], [31, 92], [33, 91], [48, 85], [38, 54], [0, 64], [48, 91]], "precedence_constraints": [[3, 1]]}