{"Q": [[1, 0, 0], [0, 1, 0], [0, 1, 1]], "R": [[0.0, 0.0, 0.0], [1.0, 0.0, 0.0], [0.0, 0.0, 1.0], [1.0, 1.0, 1.0], [1.0, 0.0, 0.0], [1.0, 1.0, 1.0], [0.0, 1.0, 1.0], [1.0, 0.0, 0.0], [0.0, 0.0, 1.0], [0.0, 0.0, 0.0]], "T_e": [0, 79, 55, 77, 93, 88, 90, 98, 71, 0], "T_t": [[0.0, 32.202484376209235, 20.223748416156685, 54.817880294662984, 2.8284271247461903, 67.89698078707183, 32.7566787083184, 39.59797974644666, 14.035668847618199, 4.242640687119285], [32.202484376209235, 0.0, 19.235384061671343, 24.413111231467404, 34.88552708502482, 38.118237105091836, 18.439088914585774, 14.035668847618199, 28.0, 36.235341863986875], [20.223748416156685, 19.235384061671343, 0.0, 43.56604182158393, 22.02271554554524, 49.040799340956916, 31.144823004794873, 32.01562118716424, 25.495097567963924, 23.0], [54.817880294662984, 24.413111231467404, 43.56604182158393, 0.0, 57.62811813689564, 33.24154027718932, 26.68332812825267, 16.15549442140351, 46.51881339845203, 59.033888572581766], [2.8284271247461903, 34.88552708502482, 22.02271554554524, 57.62811813689564, 0.0, 70.21395872616783, 35.510561809129406, 42.42640687119285, 16.278820596099706, 1.4142135623730951], [67.89698078707183, 38.118237105091836, 49.040799340956916, 33.24154027718932, 70.21395872616783, 0.0, 52.81098370604357, 42.5440947723653, 66.06814663663572, 71.386273190299], [32.7566787083184, 18.439088914585774, 31.144823004794873, 26.68332812825267, 35.510561809129406, 52.81098370604357, 0.0, 11.0, 21.2602916254693, 36.89173349139343], [39.59797974644666, 14.035668847618199, 32.01562118716424, 16.15549442140351, 42.42640687119285, 42.5440947723653, 11.0, 0.0, 30.4138126514911, 43.840620433565945], [14.035668847618199, 28.0, 25.495097567963924, 46.51881339845203, 16.278820596099706, 66.06814663663572, 21.2602916254693, 30.4138126514911, 0.0, 17.46424919657298], [4.242640687119285, 36.235341863986875, 23.0, 59.033888572581766, 1.4142135623730951, 71.386273190299, 36.89173349139343, 43.840620433565945, 17.46424919657298, 0.0]], "task_locations": [[26, 5], [40, 34], [23, 25], [60, 48], [24, 3], [37, 72], [54, 22], [54, 33], [40, 6], [23, 2]], "precedence_constraints": [[6, 7]]}