{"Q": [[1, 0, 0], [0, 0, 1], [0, 1, 1]], "R": [[0.0, 0.0, 0.0], [1.0, 1.0, 1.0], [1.0, 1.0, 1.0], [0.0, 0.0, 1.0], [1.0, 0.0, 1.0], [0.0, 0.0, 1.0], [1.0, 0.0, 1.0], [1.0, 1.0, 1.0], [1.0, 0.0, 0.0], [0.0, 0.0, 0.0]], "T_e": [0, 98, 70, 89, 82, 55, 77, 91, 88, 0], "T_t": [[0.0, 41.773197148410844, 86.82165628459296, 117.88977903109328, 63.63961030678928, 100.16985574512923, 44.27188724235731, 90.13878188659973, 49.03060268852505, 101.96568050084302], [41.773197148410844, 0.0, 63.631753079732135, 93.60021367496978, 53.150729063673246, 75.21303078589507, 6.082762530298219, 71.69379331573968, 19.313207915827967, 73.59347797189639], [86.82165628459296, 63.631753079732135, 0.0, 31.240998703626616, 28.071337695236398, 13.416407864998739, 68.42514157822401, 11.704699910719626, 44.654227123532216, 18.027756377319946], [117.88977903109328, 93.60021367496978, 31.240998703626616, 0.0, 56.462376853972415, 18.439088914585774, 97.9081201943945, 29.410882339705484, 75.16648189186454, 21.840329667841555], [63.63961030678928, 53.150729063673246, 28.071337695236398, 56.462376853972415, 0.0, 40.792156108742276, 59.07622195096772, 27.294688127912362, 35.12833614050059, 46.010868281309364], [100.16985574512923, 75.21303078589507, 13.416407864998739, 18.439088914585774, 40.792156108742276, 0.0, 79.61155694998057, 16.76305461424021, 56.72741841473134, 9.219544457292887], [44.27188724235731, 6.082762530298219, 68.42514157822401, 97.9081201943945, 59.07622195096772, 79.61155694998057, 0.0, 76.89603370785778, 24.73863375370596, 77.46612162745726], [90.13878188659973, 71.69379331573968, 11.704699910719626, 29.410882339705484, 27.294688127912362, 16.76305461424021, 76.89603370785778, 0.0, 52.392747589718944, 25.059928172283335], [49.03060268852505, 19.313207915827967, 44.654227123532216, 75.16648189186454, 35.12833614050059, 56.72741841473134, 24.73863375370596, 52.392747589718944, 0.0, 56.08029957123981], [101.96568050084302, 73.59347797189639, 18.027756377319946, 21.840329667841555, 46.010868281309364, 9.219544457292887, 77.46612162745726, 25.059928172283335, 56.08029957123981, 0.0]], "task_locations": [[2, 18], [43, 10], [75, 65], [99, 85], [47, 63], [87, 71], [44, 4], [71, 76], [50, 28], [93, 64]], "precedence_constraints": [[5, 8], [8, 4], [6, 8], [7, 5]]}