{"Q": [[1, 0, 1], [0, 1, 0], [0, 1, 1]], "R": [[0.0, 0.0, 0.0], [1.0, 0.0, 1.0], [1.0, 0.0, 0.0], [1.0, 1.0, 0.0], [0.0, 1.0, 1.0], [0.0, 0.0, 1.0], [0.0, 0.0, 1.0], [1.0, 1.0, 0.0], [1.0, 0.0, 1.0], [0.0, 0.0, 0.0]], "T_e": [0, 84, 94, 76, 82, 53, 94, 88, 88, 0], "T_t": [[0.0, 55.86591089385369, 57.0, 67.20863039818622, 46.09772228646444, 68.06614430096654, 8.94427190999916, 36.138621999185304, 35.0, 21.470910553583888], [55.86591089385369, 0.0, 42.5440947723653, 11.40175425099138, 74.67261881037788, 45.60701700396552, 64.4437739428721, 88.75246475450696, 61.98386886924694, 65.29931086925804], [57.0, 42.5440947723653, 0.0, 46.69047011971501, 44.204072210600685, 11.40175425099138, 65.12296062065974, 74.70609078247904, 82.87339742040264, 50.695167422546305], [67.20863039818622, 11.40175425099138, 46.69047011971501, 0.0, 83.19855767980596, 47.01063709417264, 75.82216034906945, 99.62429422585637, 72.27724399837061, 75.8023746329889], [46.09772228646444, 74.67261881037788, 44.204072210600685, 83.19855767980596, 0.0, 53.74011537017761, 49.040799340956916, 39.0, 81.05553651663777, 25.612496949731394], [68.06614430096654, 45.60701700396552, 11.40175425099138, 47.01063709417264, 53.74011537017761, 0.0, 76.32168761236873, 85.86617494683223, 92.44457799135652, 62.03224967708329], [8.94427190999916, 64.4437739428721, 65.12296062065974, 75.82216034906945, 49.040799340956916, 76.32168761236873, 0.0, 31.016124838541646, 34.539832078341085, 23.430749027719962], [36.138621999185304, 88.75246475450696, 74.70609078247904, 99.62429422585637, 39.0, 85.86617494683223, 31.016124838541646, 0.0, 64.13267497929586, 24.839484696748443], [35.0, 61.98386886924694, 82.87339742040264, 72.27724399837061, 81.05553651663777, 92.44457799135652, 34.539832078341085, 64.13267497929586, 0.0, 56.302753041036986], [21.470910553583888, 65.29931086925804, 50.695167422546305, 75.8023746329889, 25.612496949731394, 62.03224967708329, 23.430749027719962, 24.839484696748443, 56.302753041036986, 0.0]], "task_locations": [[71, 48], [31, 87], [14, 48], [22, 94], [41, 13], [3, 51], [79, 44], [80, 13], [92, 76], [61, 29]], "precedence_constraints": [[4, 7], [1, 5], [6, 5], [8, 6], [3, 5]]}