{"Q": [[1, 1, 0], [1, 0, 1], [1, 0, 0]], "R": [[0.0, 0.0, 0.0], [1.0, 1.0, 0.0], [1.0, 1.0, 1.0], [0.0, 0.0, 1.0], [1.0, 0.0, 0.0], [1.0, 0.0, 1.0], [1.0, 1.0, 0.0], [0.0, 1.0, 0.0], [1.0, 1.0, 0.0], [0.0, 0.0, 0.0]], "T_e": [0, 75, 54, 77, 64, 58, 66, 86, 79, 0], "T_t": [[0.0, 26.68332812825267, 29.5296461204668, 18.681541692269406, 34.17601498127012, 55.90169943749474, 21.93171219946131, 36.796738985948195, 42.720018726587654, 18.0], [26.68332812825267, 0.0, 52.61178575186362, 44.01136216933077, 53.74011537017761, 82.0792300158816, 46.52956049652737, 19.026297590440446, 60.440052945046304, 35.38361202590826], [29.5296461204668, 52.61178575186362, 0.0, 12.041594578792296, 48.08326112068523, 45.79301256742124, 31.953090617340916, 54.12947441089743, 56.753854494650845, 41.23105625617661], [18.681541692269406, 44.01136216933077, 12.041594578792296, 0.0, 37.48332962798263, 43.86342439892262, 21.213203435596427, 49.24428900898052, 46.389654018972806, 29.206163733020468], [34.17601498127012, 53.74011537017761, 48.08326112068523, 37.48332962798263, 0.0, 38.63935817272331, 16.278820596099706, 69.06518659932803, 9.0, 18.439088914585774], [55.90169943749474, 82.0792300158816, 45.79301256742124, 43.86342439892262, 38.63935817272331, 0.0, 36.138621999185304, 91.80958555619343, 41.23105625617661, 50.48762224545735], [21.93171219946131, 46.52956049652737, 31.953090617340916, 21.213203435596427, 16.278820596099706, 36.138621999185304, 0.0, 58.69412236331676, 25.179356624028344, 15.132745950421556], [36.796738985948195, 19.026297590440446, 54.12947441089743, 49.24428900898052, 69.06518659932803, 91.80958555619343, 58.69412236331676, 0.0, 76.66159403508382, 50.774009099144415], [42.720018726587654, 60.440052945046304, 56.753854494650845, 46.389654018972806, 9.0, 41.23105625617661, 25.179356624028344, 76.66159403508382, 0.0, 25.942243542145693], [18.0, 35.38361202590826, 41.23105625617661, 29.206163733020468, 18.439088914585774, 50.48762224545735, 15.132745950421556, 50.774009099144415, 25.942243542145693, 0.0]], "task_locations": [[35, 60], [29, 86], [21, 34], [30, 42], [67, 48], [60, 10], [51, 45], [10, 87], [76, 48], [53, 60]], "precedence_constraints": [[1, 6], [8, 6], [2, 3]]}