{"Q": [[1, 1, 0], [0, 1, 1], [1, 0, 0]], "R": [[0.0, 0.0, 0.0], [1.0, 1.0, 1.0], [1.0, 0.0, 0.0], [1.0, 1.0, 0.0], [0.0, 0.0, 1.0], [0.0, 1.0, 0.0], [1.0, 1.0, 1.0], [1.0, 0.0, 0.0], [1.0, 1.0, 1.0], [0.0, 0.0, 0.0]], "T_e": [0, 94, 82, 63, 92, 60, 86, 70, 54, 0], "T_t": [[0.0, 51.61395160225576, 71.34423592694787, 69.35416353759881, 48.84669896727925, 70.34912934784623, 36.76955262170047, 64.8459713474939, 42.0, 58.412327466040935], [51.61395160225576, 0.0, 20.248456731316587, 65.80273550544841, 78.44743462982075, 36.235341863986875, 16.492422502470642, 61.1310068623117, 43.68065933568311, 66.12110101926616], [71.34423592694787, 20.248456731316587, 0.0, 70.0, 92.13034245024816, 31.32091952673165, 36.68787265568828, 66.06814663663572, 61.204574992397426, 74.52516353554684], [69.35416353759881, 65.80273550544841, 70.0, 0.0, 43.68065933568311, 41.0, 68.60029154456998, 5.0, 96.67471230885562, 15.297058540778355], [48.84669896727925, 78.44743462982075, 92.13034245024816, 43.68065933568311, 0.0, 72.83543093852057, 71.34423592694787, 42.15447781671598, 89.05054744357274, 28.460498941515414], [70.34912934784623, 36.235341863986875, 31.32091952673165, 41.0, 72.83543093852057, 0.0, 47.92702786528704, 37.94733192202055, 78.26237921249263, 49.24428900898052], [36.76955262170047, 16.492422502470642, 36.68787265568828, 68.60029154456998, 71.34423592694787, 47.92702786528704, 0.0, 63.631753079732135, 30.528675044947494, 65.14598989960932], [64.8459713474939, 61.1310068623117, 66.06814663663572, 5.0, 42.15447781671598, 37.94733192202055, 63.631753079732135, 0.0, 91.67878707749138, 13.892443989449804], [42.0, 43.68065933568311, 61.204574992397426, 96.67471230885562, 89.05054744357274, 78.26237921249263, 30.528675044947494, 91.67878707749138, 0.0, 90.55385138137417], [58.412327466040935, 66.12110101926616, 74.52516353554684, 15.297058540778355, 28.460498941515414, 49.24428900898052, 65.14598989960932, 13.892443989449804, 90.55385138137417, 0.0]], "task_locations": [[42, 91], [12, 49], [5, 30], [75, 30], [87, 72], [35, 21], [16, 65], [71, 33], [0, 91], [78, 45]], "precedence_constraints": [[3, 1], [6, 8], [2, 5], [6, 4], [2, 4], [3, 5]]}