{"Q": [[0, 1, 0], [0, 0, 1], [1, 0, 1]], "R": [[0.0, 0.0, 0.0], [1.0, 0.0, 1.0], [1.0, 0.0, 1.0], [0.0, 1.0, 1.0], [0.0, 1.0, 0.0], [0.0, 1.0, 0.0], [1.0, 1.0, 0.0], [1.0, 1.0, 1.0], [0.0, 1.0, 1.0], [0.0, 0.0, 0.0]], "T_e": [0, 63, 98, 73, 64, 63, 76, 65, 70, 0], "T_t": [[0.0, 83.6301381082203, 21.93171219946131, 6.4031242374328485, 44.181444068749045, 74.81310045707235, 93.91485505499116, 56.142675390472796, 8.06225774829855, 14.142135623730951], [83.6301381082203, 0.0, 61.71709649683789, 82.49242389456137, 79.30952023559341, 18.35755975068582, 57.42821606144492, 45.18849411078001, 88.3911760301898, 95.63472172804185], [21.93171219946131, 61.71709649683789, 0.0, 21.2602916254693, 42.43819034784589, 53.75872022286245, 78.16009211867653, 38.27531841800928, 27.459060435491963, 34.713109915419565], [6.4031242374328485, 82.49242389456137, 21.2602916254693, 0.0, 49.64876634922564, 75.0066663703967, 96.77293009927931, 52.009614495783374, 14.212670403551895, 19.313207915827967], [44.181444068749045, 79.30952023559341, 42.43819034784589, 49.64876634922564, 0.0, 63.0317380372777, 60.959002616512684, 76.83749084919418, 40.11234224026316, 43.174066289845804], [74.81310045707235, 18.35755975068582, 53.75872022286245, 75.0066663703967, 63.0317380372777, 0.0, 41.6293165929973, 50.08991914547278, 78.23042886243178, 85.23496934944014], [93.91485505499116, 57.42821606144492, 78.16009211867653, 96.77293009927931, 60.959002616512684, 41.6293165929973, 0.0, 89.10667763978185, 93.81364506296512, 99.29753269845128], [56.142675390472796, 45.18849411078001, 38.27531841800928, 52.009614495783374, 76.83749084919418, 50.08991914547278, 89.10667763978185, 0.0, 63.50590523722971, 70.25667228100119], [8.06225774829855, 88.3911760301898, 27.459060435491963, 14.212670403551895, 40.11234224026316, 78.23042886243178, 93.81364506296512, 63.50590523722971, 0.0, 7.280109889280518], [14.142135623730951, 95.63472172804185, 34.713109915419565, 19.313207915827967, 43.174066289845804, 85.23496934944014, 99.29753269845128, 70.25667228100119, 7.280109889280518, 0.0]], "task_locations": [[5, 18], [42, 93], [14, 38], [0, 22], [49, 14], [51, 77], [89, 60], [1, 74], [9, 11], [7, 4]], "precedence_constraints": [[7, 2], [3, 8], [6, 4]]}