{"Q": [[0, 0, 1], [1, 0, 1], [1, 1, 0]], "R": [[0.0, 0.0, 0.0], [0.0, 1.0, 1.0], [1.0, 1.0, 1.0], [1.0, 1.0, 0.0], [0.0, 1.0, 0.0], [1.0, 0.0, 1.0], [0.0, 1.0, 0.0], [1.0, 0.0, 1.0], [1.0, 1.0, 0.0], [0.0, 0.0, 0.0]], "T_e": [0, 78, 62, 72, 83, 66, 73, 77, 80, 0], "T_t": [[0.0, 37.64306044943742, 57.07889277132134, 28.284271247461902, 33.734255586866, 44.553338819890925, 32.2490309931942, 31.622776601683793, 56.462376853972415, 41.593268686170845], [37.64306044943742, 0.0, 22.47220505424423, 55.86591089385369, 36.40054944640259, 43.289721643826724, 53.600373133029585, 56.04462507680822, 19.4164878389476, 31.064449134018133], [57.07889277132134, 22.47220505424423, 0.0, 68.42514157822401, 58.309518948453004, 43.60045871318328, 63.51377803280167, 78.44743462982075, 19.6468827043885, 50.99019513592785], [28.284271247461902, 55.86591089385369, 68.42514157822401, 0.0, 61.98386886924694, 35.22782990761707, 8.94427190999916, 55.78530272392541, 75.07329751649384, 68.9492567037528], [33.734255586866, 36.40054944640259, 58.309518948453004, 61.98386886924694, 0.0, 69.28924880528002, 65.06919393998976, 25.96150997149434, 46.32493928760188, 12.649110640673518], [44.553338819890925, 43.289721643826724, 43.60045871318328, 35.22782990761707, 69.28924880528002, 0.0, 27.0, 75.92759709091287, 57.9396237474839, 70.03570517957252], [32.2490309931942, 53.600373133029585, 63.51377803280167, 8.94427190999916, 65.06919393998976, 27.0, 0.0, 62.03224967708329, 72.24956747275377, 70.61161377563892], [31.622776601683793, 56.04462507680822, 78.44743462982075, 55.78530272392541, 25.96150997149434, 75.92759709091287, 62.03224967708329, 0.0, 70.11419257183242, 38.600518131237564], [56.462376853972415, 19.4164878389476, 19.6468827043885, 75.07329751649384, 46.32493928760188, 57.9396237474839, 72.24956747275377, 70.11419257183242, 0.0, 36.24913792078372], [41.593268686170845, 31.064449134018133, 50.99019513592785, 68.9492567037528, 12.649110640673518, 70.03570517957252, 70.61161377563892, 38.600518131237564, 36.24913792078372, 0.0]], "task_locations": [[74, 64], [38, 53], [17, 61], [78, 92], [67, 31], [43, 96], [70, 96], [92, 38], [22, 42], [55, 27]], "precedence_constraints": [[4, 6], [8, 6], [7, 6], [4, 8], [3, 7]]}