{"Q": [[0, 1, 0], [1, 1, 1], [0, 1, 0]], "R": [[0.0, 0.0, 0.0], [0.0, 1.0, 0.0], [0.0, 1.0, 0.0], [1.0, 1.0, 0.0], [0.0, 1.0, 0.0], [1.0, 0.0, 1.0], [0.0, 1.0, 0.0], [1.0, 0.0, 0.0], [1.0, 0.0, 0.0], [0.0, 0.0, 0.0]], "T_e": [0, 76, 69, 82, 55, 85, 67, 65, 90, 0], "T_t": [[0.0, 79.76214641043707, 78.00640999302557, 91.23595782365635, 52.0, 70.8801805866774, 51.24451190127583, 86.83893136145792, 88.40814442120137, 101.54801819828883], [79.76214641043707, 0.0, 38.48376280978771, 29.154759474226502, 29.154759474226502, 32.89376840679705, 28.635642126552707, 66.64082832618455, 43.93176527297759, 43.56604182158393], [78.00640999302557, 38.48376280978771, 0.0, 19.924858845171276, 47.29693436154187, 66.18912297349165, 42.720018726587654, 28.178005607210743, 10.63014581273465, 24.351591323771842], [91.23595782365635, 29.154759474226502, 19.924858845171276, 0.0, 50.0, 61.61168720299745, 46.75467891024384, 44.553338819890925, 18.439088914585774, 14.560219778561036], [52.0, 29.154759474226502, 47.29693436154187, 50.0, 0.0, 25.612496949731394, 5.0990195135927845, 71.02816342831905, 56.92099788303083, 63.812224534175265], [70.8801805866774, 32.89376840679705, 66.18912297349165, 61.61168720299745, 25.612496949731394, 0.0, 30.23243291566195, 92.76313923105448, 74.02702209328699, 76.15773105863909], [51.24451190127583, 28.635642126552707, 42.720018726587654, 46.75467891024384, 5.0990195135927845, 30.23243291566195, 0.0, 66.007575322837, 52.55473337388365, 60.21627686929839], [86.83893136145792, 66.64082832618455, 28.178005607210743, 44.553338819890925, 71.02816342831905, 92.76313923105448, 66.007575322837, 0.0, 26.248809496813376, 39.81205847478876], [88.40814442120137, 43.93176527297759, 10.63014581273465, 18.439088914585774, 56.92099788303083, 74.02702209328699, 52.55473337388365, 26.248809496813376, 0.0, 16.0], [101.54801819828883, 43.56604182158393, 24.351591323771842, 14.560219778561036, 63.812224534175265, 76.15773105863909, 60.21627686929839, 39.81205847478876, 16.0, 0.0]], "task_locations": [[88, 72], [9, 61], [25, 26], [6, 32], [36, 72], [20, 92], [37, 67], [38, 1], [18, 18], [2, 18]], "precedence_constraints": [[2, 5], [6, 2], [8, 3], [6, 5]]}