{"Q": [[1, 1, 1], [1, 0, 0], [1, 0, 1]], "R": [[0.0, 0.0, 0.0], [1.0, 0.0, 0.0], [1.0, 0.0, 1.0], [1.0, 0.0, 0.0], [0.0, 1.0, 0.0], [1.0, 0.0, 0.0], [0.0, 1.0, 1.0], [0.0, 1.0, 0.0], [0.0, 1.0, 0.0], [0.0, 0.0, 0.0]], "T_e": [0, 66, 52, 65, 85, 91, 85, 89, 65, 0], "T_t": [[0.0, 33.83784863137726, 60.07495318350236, 15.811388300841896, 77.62087348130012, 50.99019513592785, 11.704699910719626, 55.44366510251645, 82.29216244576394, 26.40075756488817], [33.83784863137726, 0.0, 79.1580697086532, 49.64876634922564, 103.00485425454472, 83.21658488546619, 25.80697580112788, 47.29693436154187, 108.85311203635843, 29.154759474226502], [60.07495318350236, 79.1580697086532, 0.0, 56.293871780150276, 28.635642126552707, 43.60045871318328, 57.723478758647246, 52.354560450833695, 35.84689665786984, 50.11985634456667], [15.811388300841896, 49.64876634922564, 56.293871780150276, 0.0, 68.4470598345904, 37.013511046643494, 26.019223662515376, 65.29931086925804, 72.12489168102785, 37.64306044943742], [77.62087348130012, 103.00485425454472, 28.635642126552707, 68.4470598345904, 0.0, 39.05124837953327, 78.89233169326408, 80.95060222135473, 7.280109889280518, 75.07329751649384], [50.99019513592785, 83.21658488546619, 43.60045871318328, 37.013511046643494, 39.05124837953327, 0.0, 57.4543296888929, 81.00617260431454, 40.049968789001575, 61.68468205316454], [11.704699910719626, 25.80697580112788, 57.723478758647246, 26.019223662515376, 78.89233169326408, 57.4543296888929, 0.0, 44.553338819890925, 84.31488599292535, 15.620499351813308], [55.44366510251645, 47.29693436154187, 52.354560450833695, 65.29931086925804, 80.95060222135473, 81.00617260431454, 44.553338819890925, 0.0, 88.10221336606703, 29.068883707497267], [82.29216244576394, 108.85311203635843, 35.84689665786984, 72.12489168102785, 7.280109889280518, 40.049968789001575, 84.31488599292535, 88.10221336606703, 0.0, 81.32035415564789], [26.40075756488817, 29.154759474226502, 50.11985634456667, 37.64306044943742, 75.07329751649384, 61.68468205316454, 15.620499351813308, 29.068883707497267, 81.32035415564789, 0.0]], "task_locations": [[47, 18], [79, 7], [44, 78], [32, 23], [18, 90], [9, 52], [58, 22], [90, 53], [11, 92], [68, 34]], "precedence_constraints": [[8, 7], [6, 1], [2, 6]]}