{"Q": [[0, 1, 0], [0, 0, 1], [1, 1, 0]], "R": [[0.0, 0.0, 0.0], [1.0, 0.0, 0.0], [0.0, 1.0, 1.0], [1.0, 0.0, 1.0], [0.0, 0.0, 1.0], [0.0, 0.0, 1.0], [1.0, 0.0, 0.0], [0.0, 0.0, 1.0], [0.0, 1.0, 0.0], [0.0, 0.0, 0.0]], "T_e": [0, 52, 78, 68, 86, 80, 56, 84, 67, 0], "T_t": [[0.0, 73.40980860893181, 42.01190307520001, 39.84971769034255, 66.73080248281148, 29.966648127543394, 39.35733730830886, 12.041594578792296, 59.93329625508679, 12.165525060596439], [73.40980860893181, 0.0, 75.27283706623525, 108.57716150277645, 23.53720459187964, 65.76473218982953, 76.6550715869472, 76.53757247260981, 33.24154027718932, 82.75868534480233], [42.01190307520001, 75.27283706623525, 0.0, 46.57252408878007, 56.60388679233962, 14.317821063276353, 79.51100552753688, 54.037024344425184, 80.30566605165541, 37.69615364994153], [39.84971769034255, 108.57716150277645, 46.57252408878007, 0.0, 96.04686356149273, 46.32493928760188, 73.24616030891995, 46.09772228646444, 99.53893710503444, 27.85677655436824], [66.73080248281148, 23.53720459187964, 56.60388679233962, 96.04686356149273, 0.0, 50.20956084253277, 82.03657720797473, 73.348483283569, 48.91829923454004, 73.35529974037323], [29.966648127543394, 65.76473218982953, 14.317821063276353, 46.32493928760188, 50.20956084253277, 0.0, 65.79513659838392, 41.677331968349414, 67.00746227100382, 29.017236257093817], [39.35733730830886, 76.6550715869472, 79.51100552753688, 73.24616030891995, 82.03657720797473, 65.79513659838392, 0.0, 28.460498941515414, 47.92702786528704, 49.64876634922564], [12.041594578792296, 76.53757247260981, 54.037024344425184, 46.09772228646444, 73.348483283569, 41.677331968349414, 28.460498941515414, 0.0, 57.8013840664737, 21.18962010041709], [59.93329625508679, 33.24154027718932, 80.30566605165541, 99.53893710503444, 48.91829923454004, 67.00746227100382, 47.92702786528704, 57.8013840664737, 0.0, 71.69379331573968], [12.165525060596439, 82.75868534480233, 37.69615364994153, 27.85677655436824, 73.35529974037323, 29.017236257093817, 49.64876634922564, 21.18962010041709, 71.69379331573968, 0.0]], "task_locations": [[28, 54], [86, 9], [61, 80], [16, 92], [91, 32], [55, 67], [10, 19], [19, 46], [54, 0], [26, 66]], "precedence_constraints": [[3, 1]]}