{"Q": [[0, 0, 1], [1, 1, 1], [1, 1, 1]], "R": [[0.0, 0.0, 0.0], [1.0, 1.0, 0.0], [1.0, 1.0, 1.0], [0.0, 1.0, 0.0], [0.0, 1.0, 1.0], [1.0, 1.0, 0.0], [1.0, 1.0, 0.0], [0.0, 1.0, 0.0], [1.0, 0.0, 1.0], [0.0, 0.0, 0.0]], "T_e": [0, 97, 93, 88, 79, 64, 64, 53, 78, 0], "T_t": [[0.0, 26.570660511172846, 65.79513659838392, 57.3149195236284, 59.665735560705194, 81.21576201698781, 39.44616584663204, 8.06225774829855, 35.73513677041127, 88.0056816347672], [26.570660511172846, 0.0, 39.35733730830886, 34.48187929913333, 33.37663853655727, 70.7248188403477, 25.495097567963924, 29.068883707497267, 28.653097563788805, 63.788713735268246], [65.79513659838392, 39.35733730830886, 0.0, 21.633307652783937, 13.152946437965905, 77.10382610480494, 40.607881008493905, 67.05221845696084, 49.49747468305833, 39.59797974644666], [57.3149195236284, 34.48187929913333, 21.633307652783937, 0.0, 29.68164415931166, 91.67878707749138, 22.561028345356956, 56.0357029044876, 31.400636936215164, 60.959002616512684], [59.665735560705194, 33.37663853655727, 13.152946437965905, 29.68164415931166, 0.0, 64.28063471995279, 42.941821107167776, 62.39390995922599, 51.07837115648854, 33.54101966249684], [81.21576201698781, 70.7248188403477, 77.10382610480494, 91.67878707749138, 64.28063471995279, 0.0, 94.82615672903758, 88.72992730753249, 99.32270636667126, 54.56189146281496], [39.44616584663204, 25.495097567963924, 40.607881008493905, 22.561028345356956, 42.941821107167776, 94.82615672903758, 0.0, 36.124783736376884, 9.0, 76.47875521999558], [8.06225774829855, 29.068883707497267, 67.05221845696084, 56.0357029044876, 62.39390995922599, 88.72992730753249, 36.124783736376884, 0.0, 30.886890422961002, 92.34717104492157], [35.73513677041127, 28.653097563788805, 49.49747468305833, 31.400636936215164, 51.07837115648854, 99.32270636667126, 9.0, 30.886890422961002, 0.0, 84.581321815162], [88.0056816347672, 63.788713735268246, 39.59797974644666, 60.959002616512684, 33.54101966249684, 54.56189146281496, 76.47875521999558, 92.34717104492157, 84.581321815162, 0.0]], "task_locations": [[54, 94], [63, 69], [81, 34], [93, 52], [68, 36], [4, 30], [88, 74], [61, 98], [88, 83], [53, 6]], "precedence_constraints": [[8, 3], [4, 2], [5, 4]]}