{"Q": [[1, 0, 1], [0, 1, 1], [1, 0, 0]], "R": [[0.0, 0.0, 0.0], [1.0, 1.0, 1.0], [0.0, 0.0, 1.0], [0.0, 0.0, 1.0], [1.0, 1.0, 0.0], [0.0, 0.0, 1.0], [1.0, 0.0, 0.0], [1.0, 1.0, 1.0], [0.0, 1.0, 0.0], [0.0, 0.0, 0.0]], "T_e": [0, 65, 57, 66, 89, 78, 82, 52, 66, 0], "T_t": [[0.0, 7.0710678118654755, 47.16990566028302, 40.496913462633174, 45.254833995939045, 12.041594578792296, 58.008620049092706, 22.02271554554524, 23.430749027719962, 24.698178070456937], [7.0710678118654755, 0.0, 44.77722635447622, 47.43416490252569, 45.803929962395145, 13.601470508735444, 51.03920062069938, 29.068883707497267, 30.479501308256342, 28.284271247461902], [47.16990566028302, 44.77722635447622, 0.0, 78.16009211867653, 90.4267659490264, 58.137767414994535, 51.088159097779204, 61.07372593840988, 59.00847396772772, 71.8679344353238], [40.496913462633174, 47.43416490252569, 78.16009211867653, 0.0, 54.037024344425184, 40.45985664828782, 98.4733466477097, 18.788294228055936, 19.4164878389476, 32.89376840679705], [45.254833995939045, 45.803929962395145, 90.4267659490264, 54.037024344425184, 0.0, 33.24154027718932, 79.02531240052139, 48.38388161361178, 52.81098370604357, 24.698178070456937], [12.041594578792296, 13.601470508735444, 58.137767414994535, 40.45985664828782, 33.24154027718932, 0.0, 60.41522986797286, 24.698178070456937, 27.892651361962706, 15.0], [58.008620049092706, 51.03920062069938, 51.088159097779204, 98.4733466477097, 79.02531240052139, 60.41522986797286, 0.0, 80.0, 80.91971329657564, 74.33034373659252], [22.02271554554524, 29.068883707497267, 61.07372593840988, 18.788294228055936, 48.38388161361178, 24.698178070456937, 80.0, 0.0, 4.47213595499958, 23.769728648009426], [23.430749027719962, 30.479501308256342, 59.00847396772772, 19.4164878389476, 52.81098370604357, 27.892651361962706, 80.91971329657564, 4.47213595499958, 0.0, 28.160255680657446], [24.698178070456937, 28.284271247461902, 71.8679344353238, 32.89376840679705, 24.698178070456937, 15.0, 74.33034373659252, 23.769728648009426, 28.160255680657446, 0.0]], "task_locations": [[57, 46], [62, 51], [40, 90], [35, 12], [89, 14], [66, 38], [91, 93], [43, 29], [39, 31], [66, 23]], "precedence_constraints": [[5, 7], [5, 6]]}