{"Q": [[0, 1, 0], [1, 0, 0], [0, 1, 1]], "R": [[0.0, 0.0, 0.0], [1.0, 0.0, 1.0], [1.0, 1.0, 1.0], [1.0, 0.0, 0.0], [0.0, 1.0, 1.0], [1.0, 0.0, 0.0], [1.0, 1.0, 0.0], [0.0, 1.0, 0.0], [1.0, 1.0, 0.0], [0.0, 0.0, 0.0]], "T_e": [0, 68, 96, 86, 73, 58, 68, 85, 95, 0], "T_t": [[0.0, 47.43416490252569, 103.3537614216338, 50.24937810560445, 44.04543109109048, 89.73850901368932, 61.84658438426491, 69.92138442565336, 67.08203932499369, 72.00694410957877], [47.43416490252569, 0.0, 76.10519036176179, 20.615528128088304, 55.226805085936306, 75.58438992278762, 75.0, 83.24061508662703, 47.43416490252569, 92.11405973031478], [103.3537614216338, 76.10519036176179, 0.0, 58.249463516842795, 69.35416353759881, 27.294688127912362, 71.11258679024411, 73.05477397131553, 36.359317925395686, 86.33075929238663], [50.24937810560445, 20.615528128088304, 58.249463516842795, 0.0, 40.26164427839479, 55.08175741568164, 58.137767414994535, 65.86349520030045, 26.92582403567252, 76.15773105863909], [44.04543109109048, 55.226805085936306, 69.35416353759881, 40.26164427839479, 0.0, 49.24428900898052, 20.615528128088304, 29.206163733020468, 35.77708763999664, 36.89173349139343], [89.73850901368932, 75.58438992278762, 27.294688127912362, 55.08175741568164, 49.24428900898052, 0.0, 45.803929962395145, 46.51881339845203, 28.160255680657446, 59.61543424315552], [61.84658438426491, 75.0, 71.11258679024411, 58.137767414994535, 20.615528128088304, 45.803929962395145, 0.0, 8.602325267042627, 45.0, 18.439088914585774], [69.92138442565336, 83.24061508662703, 73.05477397131553, 65.86349520030045, 29.206163733020468, 46.51881339845203, 8.602325267042627, 0.0, 50.48762224545735, 13.341664064126334], [67.08203932499369, 47.43416490252569, 36.359317925395686, 26.92582403567252, 35.77708763999664, 28.160255680657446, 45.0, 50.48762224545735, 0.0, 63.12685640834652], [72.00694410957877, 92.11405973031478, 86.33075929238663, 76.15773105863909, 36.89173349139343, 59.61543424315552, 18.439088914585774, 13.341664064126334, 63.12685640834652, 0.0]], "task_locations": [[33, 98], [78, 83], [82, 7], [70, 64], [31, 54], [55, 11], [18, 38], [13, 31], [63, 38], [0, 34]], "precedence_constraints": [[8, 2], [6, 1], [5, 3]]}