{"Q": [[1, 0, 1], [0, 1, 0], [0, 1, 1]], "R": [[0.0, 0.0, 0.0], [0.0, 1.0, 1.0], [1.0, 0.0, 1.0], [0.0, 1.0, 1.0], [1.0, 0.0, 0.0], [1.0, 0.0, 0.0], [1.0, 0.0, 1.0], [1.0, 1.0, 1.0], [0.0, 1.0, 0.0], [0.0, 0.0, 0.0]], "T_e": [0, 87, 81, 67, 62, 95, 87, 99, 88, 0], "T_t": [[0.0, 28.0178514522438, 61.204574992397426, 88.54942122905152, 20.248456731316587, 63.63961030678928, 65.55150646628954, 33.421549934136806, 32.31098884280702, 25.079872407968907], [28.0178514522438, 0.0, 33.54101966249684, 64.20280367709809, 23.345235059857504, 36.40054944640259, 40.22437072223753, 20.09975124224178, 11.180339887498949, 4.242640687119285], [61.204574992397426, 33.54101966249684, 0.0, 48.46648326421054, 54.62600113499065, 4.47213595499958, 29.0, 43.60045871318328, 35.35533905932738, 36.124783736376884], [88.54942122905152, 64.20280367709809, 48.46648326421054, 0.0, 71.78439941937245, 51.54609587543949, 24.08318915758459, 56.302753041036986, 56.43580423808985, 68.41052550594829], [20.248456731316587, 23.345235059857504, 54.62600113499065, 71.78439941937245, 0.0, 58.137767414994535, 50.48762224545735, 15.524174696260024, 19.6468827043885, 23.600847442411894], [63.63961030678928, 36.40054944640259, 4.47213595499958, 51.54609587543949, 58.137767414994535, 0.0, 33.06055050963308, 47.634021455258214, 39.11521443121589, 38.63935817272331], [65.55150646628954, 40.22437072223753, 29.0, 24.08318915758459, 50.48762224545735, 33.06055050963308, 0.0, 35.12833614050059, 33.24154027718932, 44.40720662234904], [33.421549934136806, 20.09975124224178, 43.60045871318328, 56.302753041036986, 15.524174696260024, 47.634021455258214, 35.12833614050059, 0.0, 9.848857801796104, 23.021728866442675], [32.31098884280702, 11.180339887498949, 35.35533905932738, 56.43580423808985, 19.6468827043885, 39.11521443121589, 33.24154027718932, 9.848857801796104, 0.0, 14.866068747318506], [25.079872407968907, 4.242640687119285, 36.124783736376884, 68.41052550594829, 23.600847442411894, 38.63935817272331, 44.40720662234904, 23.021728866442675, 14.866068747318506, 0.0]], "task_locations": [[34, 90], [35, 62], [29, 29], [74, 11], [51, 79], [25, 27], [58, 29], [55, 64], [46, 60], [32, 65]], "precedence_constraints": [[6, 7], [7, 5]]}