{"Q": [[0, 0, 1], [1, 0, 1], [0, 1, 1]], "R": [[0.0, 0.0, 0.0], [1.0, 0.0, 1.0], [1.0, 1.0, 0.0], [0.0, 1.0, 1.0], [1.0, 0.0, 1.0], [0.0, 0.0, 1.0], [1.0, 0.0, 0.0], [0.0, 1.0, 0.0], [0.0, 0.0, 1.0], [0.0, 0.0, 0.0]], "T_e": [0, 76, 67, 91, 67, 56, 93, 51, 86, 0], "T_t": [[0.0, 23.08679276123039, 66.40030120413611, 37.107950630558946, 32.38826948140329, 26.627053911388696, 43.93176527297759, 53.665631459994955, 90.7358804442873, 39.319206502675], [23.08679276123039, 0.0, 48.41487374764082, 59.413803110051795, 11.40175425099138, 21.540659228538015, 28.792360097775937, 33.301651610693426, 79.05694150420949, 46.400431032480725], [66.40030120413611, 48.41487374764082, 0.0, 94.2443632266673, 49.658836071740545, 42.04759208325728, 22.825424421026653, 16.76305461424021, 37.33630940518894, 58.008620049092706], [37.107950630558946, 59.413803110051795, 94.2443632266673, 0.0, 69.42621983083913, 52.630789467763066, 71.84010022264724, 85.32877591996736, 108.07404868885037, 43.139309220245984], [32.38826948140329, 11.40175425099138, 49.658836071740545, 69.42621983083913, 0.0, 31.906112267087632, 34.0147027033899, 33.12099032335839, 83.54639429682169, 57.48912940721924], [26.627053911388696, 21.540659228538015, 42.04759208325728, 52.630789467763066, 31.906112267087632, 0.0, 19.313207915827967, 33.06055050963308, 64.1404708432983, 26.248809496813376], [43.93176527297759, 28.792360097775937, 22.825424421026653, 71.84010022264724, 34.0147027033899, 19.313207915827967, 0.0, 15.811388300841896, 50.28916384272063, 39.293765408777], [53.665631459994955, 33.301651610693426, 16.76305461424021, 85.32877591996736, 33.12099032335839, 33.06055050963308, 15.811388300841896, 0.0, 53.0, 55.08175741568164], [90.7358804442873, 79.05694150420949, 37.33630940518894, 108.07404868885037, 83.54639429682169, 64.1404708432983, 50.28916384272063, 53.0, 0.0, 65.21502894272147], [39.319206502675, 46.400431032480725, 58.008620049092706, 43.139309220245984, 57.48912940721924, 26.248809496813376, 39.293765408777, 55.08175741568164, 65.21502894272147, 0.0]], "task_locations": [[22, 42], [24, 65], [62, 95], [31, 6], [17, 74], [44, 57], [51, 75], [46, 90], [99, 90], [61, 37]], "precedence_constraints": [[8, 3], [2, 7], [2, 3], [4, 5]]}