{"Q": [[1, 0, 1], [0, 1, 1], [0, 1, 0]], "R": [[0.0, 0.0, 0.0], [0.0, 1.0, 1.0], [1.0, 0.0, 0.0], [0.0, 0.0, 1.0], [0.0, 0.0, 1.0], [1.0, 0.0, 1.0], [1.0, 0.0, 1.0], [0.0, 0.0, 1.0], [1.0, 0.0, 0.0], [0.0, 0.0, 0.0]], "T_e": [0, 87, 65, 80, 74, 50, 70, 56, 82, 0], "T_t": [[0.0, 90.4267659490264, 73.824115301167, 51.03920062069938, 57.9396237474839, 65.39113089708727, 66.06814663663572, 77.4919350642375, 42.05948168962618, 14.142135623730951], [90.4267659490264, 0.0, 84.71717653463199, 56.79788728465171, 35.608987629529715, 76.68767828015137, 47.07440918375928, 72.02777242147643, 48.60041152089147, 81.85963596303125], [73.824115301167, 84.71717653463199, 0.0, 35.84689665786984, 57.0701322935211, 10.295630140987, 38.01315561749642, 15.0, 61.71709649683789, 79.81227975693966], [51.03920062069938, 56.79788728465171, 35.84689665786984, 0.0, 23.194827009486403, 25.632011235952593, 15.811388300841896, 31.144823004794873, 26.076809620810597, 51.54609587543949], [57.9396237474839, 35.608987629529715, 57.0701322935211, 23.194827009486403, 0.0, 47.38143096192854, 21.633307652783937, 48.33218389437829, 17.029386365926403, 52.46903848937962], [65.39113089708727, 76.68767828015137, 10.295630140987, 25.632011235952593, 47.38143096192854, 0.0, 29.614185789921695, 14.317821063276353, 51.42956348249516, 70.45565981523414], [66.06814663663572, 47.07440918375928, 38.01315561749642, 15.811388300841896, 21.633307652783937, 29.614185789921695, 0.0, 27.202941017470888, 33.61547262794322, 64.93843238021688], [77.4919350642375, 72.02777242147643, 15.0, 31.144823004794873, 48.33218389437829, 14.317821063276353, 27.202941017470888, 0.0, 56.72741841473134, 80.95060222135473], [42.05948168962618, 48.60041152089147, 61.71709649683789, 26.076809620810597, 17.029386365926403, 51.42956348249516, 33.61547262794322, 56.72741841473134, 0.0, 35.510561809129406], [14.142135623730951, 81.85963596303125, 79.81227975693966, 51.54609587543949, 52.46903848937962, 70.45565981523414, 64.93843238021688, 80.95060222135473, 35.510561809129406, 0.0]], "task_locations": [[60, 4], [11, 80], [95, 69], [62, 55], [39, 58], [86, 64], [57, 70], [83, 78], [40, 41], [46, 6]], "precedence_constraints": [[5, 1], [8, 3], [6, 4]]}