{"Q": [[1, 1, 0], [0, 0, 1], [1, 1, 0]], "R": [[0.0, 0.0, 0.0], [0.0, 0.0, 1.0], [0.0, 0.0, 1.0], [0.0, 1.0, 1.0], [0.0, 0.0, 1.0], [1.0, 0.0, 0.0], [1.0, 1.0, 0.0], [1.0, 0.0, 0.0], [1.0, 1.0, 1.0], [0.0, 0.0, 0.0]], "T_e": [0, 68, 65, 58, 62, 73, 67, 77, 95, 0], "T_t": [[0.0, 55.44366510251645, 30.59411708155671, 52.630789467763066, 62.76941930590086, 55.362442142665635, 50.08991914547278, 80.62257748298549, 51.78802950489621, 33.13608305156178], [55.44366510251645, 0.0, 37.33630940518894, 23.40939982143925, 21.95449840010015, 18.35755975068582, 23.259406699226016, 35.12833614050059, 27.202941017470888, 33.52610922848042], [30.59411708155671, 37.33630940518894, 0.0, 48.104053883222775, 35.38361202590826, 47.29693436154187, 21.93171219946131, 52.49761899362675, 49.658836071740545, 38.18376618407357], [52.630789467763066, 23.40939982143925, 48.104053883222775, 0.0, 45.18849411078001, 6.082762530298219, 43.18564576337837, 58.05170109479997, 4.0, 20.591260281974], [62.76941930590086, 21.95449840010015, 35.38361202590826, 45.18849411078001, 0.0, 40.311288741492746, 13.45362404707371, 17.88854381999832, 48.84669896727925, 51.0098029794274], [55.362442142665635, 18.35755975068582, 47.29693436154187, 6.082762530298219, 40.311288741492746, 0.0, 39.698866482558415, 52.392747589718944, 10.04987562112089, 24.839484696748443], [50.08991914547278, 23.259406699226016, 21.93171219946131, 43.18564576337837, 13.45362404707371, 39.698866482558415, 0.0, 30.805843601498726, 46.22769732530488, 43.41658669218482], [80.62257748298549, 35.12833614050059, 52.49761899362675, 58.05170109479997, 17.88854381999832, 52.392747589718944, 30.805843601498726, 0.0, 61.98386886924694, 67.36467917239716], [51.78802950489621, 27.202941017470888, 49.658836071740545, 4.0, 48.84669896727925, 10.04987562112089, 46.22769732530488, 61.98386886924694, 0.0, 18.973665961010276], [33.13608305156178, 33.52610922848042, 38.18376618407357, 20.591260281974, 51.0098029794274, 24.839484696748443, 43.41658669218482, 67.36467917239716, 18.973665961010276, 0.0]], "task_locations": [[41, 98], [84, 63], [47, 68], [92, 85], [73, 44], [93, 79], [63, 53], [81, 28], [92, 89], [74, 95]], "precedence_constraints": [[6, 2], [5, 2], [6, 7], [6, 5], [6, 4], [1, 3]]}