{"Q": [[1, 1, 1], [1, 1, 1], [0, 1, 0]], "R": [[0.0, 0.0, 0.0], [0.0, 1.0, 0.0], [1.0, 0.0, 0.0], [0.0, 0.0, 1.0], [0.0, 1.0, 0.0], [1.0, 0.0, 1.0], [1.0, 0.0, 1.0], [0.0, 0.0, 1.0], [1.0, 0.0, 0.0], [0.0, 0.0, 0.0]], "T_e": [0, 86, 59, 97, 84, 60, 83, 56, 53, 0], "T_t": [[0.0, 62.297672508690084, 3.0, 92.69843580125827, 102.6498904042279, 20.808652046684813, 55.08175741568164, 97.082439194738, 74.2024258363566, 110.75197515168747], [62.297672508690084, 0.0, 61.40032573203501, 43.93176527297759, 56.88585061331157, 42.7551166528639, 7.810249675906654, 44.94441010848846, 41.43669871020132, 66.09841147864296], [3.0, 61.40032573203501, 0.0, 90.68627239003708, 100.44899203078147, 19.235384061671343, 54.3415126767741, 97.25224933131366, 71.84010022264724, 108.4665847162157], [92.69843580125827, 43.93176527297759, 90.68627239003708, 0.0, 13.038404810405298, 72.12489168102785, 50.28916384272063, 73.00684899377592, 23.345235059857504, 22.20360331117452], [102.6498904042279, 56.88585061331157, 100.44899203078147, 13.038404810405298, 0.0, 82.46211251235322, 63.06346010171025, 84.75848040166836, 29.410882339705484, 9.219544457292887], [20.808652046684813, 42.7551166528639, 19.235384061671343, 72.12489168102785, 82.46211251235322, 0.0, 36.124783736376884, 81.58431221748455, 54.70831746635972, 90.80198235721508], [55.08175741568164, 7.810249675906654, 54.3415126767741, 50.28916384272063, 63.06346010171025, 36.124783736376884, 0.0, 47.92702786528704, 44.721359549995796, 72.27724399837061], [97.082439194738, 44.94441010848846, 97.25224933131366, 73.00684899377592, 84.75848040166836, 81.58431221748455, 47.92702786528704, 0.0, 81.68843247363729, 92.72000862812729], [74.2024258363566, 41.43669871020132, 71.84010022264724, 23.345235059857504, 29.410882339705484, 54.70831746635972, 44.721359549995796, 81.68843247363729, 0.0, 36.76955262170047], [110.75197515168747, 66.09841147864296, 108.4665847162157, 22.20360331117452, 9.219544457292887, 90.80198235721508, 72.27724399837061, 92.72000862812729, 36.76955262170047, 0.0]], "task_locations": [[0, 89], [59, 69], [0, 86], [68, 26], [69, 13], [17, 77], [53, 74], [97, 93], [45, 30], [71, 4]], "precedence_constraints": [[4, 3], [5, 3], [2, 3], [2, 8], [1, 3], [5, 6]]}