{"Q": [[1, 1, 0], [1, 1, 1], [0, 1, 0]], "R": [[0.0, 0.0, 0.0], [1.0, 0.0, 0.0], [0.0, 1.0, 0.0], [0.0, 0.0, 1.0], [0.0, 0.0, 1.0], [1.0, 1.0, 0.0], [1.0, 1.0, 1.0], [1.0, 0.0, 1.0], [1.0, 1.0, 0.0], [0.0, 0.0, 0.0]], "T_e": [0, 73, 82, 93, 92, 68, 79, 68, 90, 0], "T_t": [[0.0, 65.5133574166368, 69.2314957226839, 31.064449134018133, 47.01063709417264, 9.899494936611665, 61.84658438426491, 48.703182647543684, 54.56189146281496, 62.76941930590086], [65.5133574166368, 0.0, 4.123105625617661, 81.88406438373708, 89.1403387922662, 74.04052944165107, 29.274562336608895, 34.9857113690718, 108.2266141020775, 47.07440918375928], [69.2314957226839, 4.123105625617661, 0.0, 85.98837130682264, 91.43850392476902, 77.62087348130012, 29.120439557122072, 36.40054944640259, 110.9414259868693, 47.12748667179272], [31.064449134018133, 81.88406438373708, 85.98837130682264, 0.0, 74.73285756613352, 34.48187929913333, 87.23531395025755, 75.71657678474378, 75.32595834106593, 91.67878707749138], [47.01063709417264, 89.1403387922662, 91.43850392476902, 74.73285756613352, 0.0, 40.44749683231337, 68.8839603971781, 56.302753041036986, 23.08679276123039, 57.0087712549569], [9.899494936611665, 74.04052944165107, 77.62087348130012, 34.48187929913333, 40.44749683231337, 0.0, 67.47592163134935, 53.75872022286245, 45.31004303683677, 65.92419889539804], [61.84658438426491, 29.274562336608895, 29.120439557122072, 87.23531395025755, 68.8839603971781, 67.47592163134935, 0.0, 14.035668847618199, 90.62008607367353, 18.027756377319946], [48.703182647543684, 34.9857113690718, 36.40054944640259, 75.71657678474378, 56.302753041036986, 53.75872022286245, 14.035668847618199, 0.0, 77.38862965578342, 17.88854381999832], [54.56189146281496, 108.2266141020775, 110.9414259868693, 75.32595834106593, 23.08679276123039, 45.31004303683677, 90.62008607367353, 77.38862965578342, 0.0, 79.83107164506812], [62.76941930590086, 47.07440918375928, 47.12748667179272, 91.67878707749138, 57.0087712549569, 65.92419889539804, 18.027756377319946, 17.88854381999832, 79.83107164506812, 0.0]], "task_locations": [[27, 62], [91, 76], [95, 75], [10, 88], [26, 15], [20, 55], [87, 47], [73, 46], [3, 13], [81, 30]], "precedence_constraints": [[3, 4], [1, 3], [6, 8]]}