{"Q": [[1, 0, 0], [0, 0, 1], [0, 1, 1]], "R": [[0.0, 0.0, 0.0], [0.0, 0.0, 1.0], [0.0, 1.0, 1.0], [1.0, 1.0, 0.0], [0.0, 0.0, 1.0], [1.0, 1.0, 0.0], [1.0, 1.0, 0.0], [0.0, 1.0, 0.0], [0.0, 0.0, 1.0], [0.0, 0.0, 0.0]], "T_e": [0, 84, 68, 54, 86, 53, 68, 94, 99, 0], "T_t": [[0.0, 67.468511173732, 88.48163651289458, 38.47076812334269, 49.040799340956916, 19.026297590440446, 67.35725647619564, 74.09453421137081, 87.41853350405736, 17.0], [67.468511173732, 0.0, 64.38167441127949, 79.39773296511683, 33.83784863137726, 49.33558553417604, 116.84605256490268, 53.08483775994799, 65.19202405202648, 74.00675644831355], [88.48163651289458, 64.38167441127949, 0.0, 68.06614430096654, 44.40720662234904, 72.91776189653656, 95.03683496413377, 14.866068747318506, 2.23606797749979, 103.85566907973777], [38.47076812334269, 79.39773296511683, 68.06614430096654, 0.0, 47.50789408087881, 39.21734310225516, 37.48332962798263, 57.0087712549569, 66.2872536767062, 54.817880294662984], [49.040799340956916, 33.83784863137726, 44.40720662234904, 47.50789408087881, 0.0, 30.870698080866262, 84.40379138403677, 29.68164415931166, 44.10215414239989, 62.177166226839255], [19.026297590440446, 49.33558553417604, 72.91776189653656, 39.21734310225516, 30.870698080866262, 0.0, 74.62573282722254, 58.137767414994535, 72.13875518748573, 31.38470965295043], [67.35725647619564, 116.84605256490268, 95.03683496413377, 37.48332962798263, 84.40379138403677, 74.62573282722254, 0.0, 87.64131445842195, 92.91393867445294, 80.06247560499239], [74.09453421137081, 53.08483775994799, 14.866068747318506, 57.0087712549569, 29.68164415931166, 58.137767414994535, 87.64131445842195, 0.0, 14.422205101855956, 89.20201791439474], [87.41853350405736, 65.19202405202648, 2.23606797749979, 66.2872536767062, 44.10215414239989, 72.13875518748573, 92.91393867445294, 14.422205101855956, 0.0, 102.9417310909429], [17.0, 74.00675644831355, 103.85566907973777, 54.817880294662984, 62.177166226839255, 31.38470965295043, 80.06247560499239, 89.20201791439474, 102.9417310909429, 0.0]], "task_locations": [[21, 22], [7, 88], [71, 95], [59, 28], [35, 69], [22, 41], [85, 1], [60, 85], [72, 93], [6, 14]], "precedence_constraints": [[2, 7], [2, 8], [3, 4], [6, 4], [3, 6], [3, 7]]}