{"Q": [[1, 0, 1], [1, 0, 1], [1, 1, 0]], "R": [[0.0, 0.0, 0.0], [1.0, 0.0, 1.0], [1.0, 0.0, 1.0], [0.0, 1.0, 1.0], [0.0, 1.0, 0.0], [0.0, 0.0, 1.0], [1.0, 1.0, 1.0], [1.0, 0.0, 1.0], [0.0, 1.0, 1.0], [0.0, 0.0, 0.0]], "T_e": [0, 71, 93, 64, 91, 72, 84, 88, 61, 0], "T_t": [[0.0, 55.78530272392541, 56.08029957123981, 44.553338819890925, 7.615773105863909, 84.81155581640984, 48.79549159502341, 41.97618372363071, 81.88406438373708, 44.10215414239989], [55.78530272392541, 0.0, 86.6083136886985, 97.06183596038146, 60.74537019394976, 81.02468759581859, 100.72239075796404, 26.419689627245813, 126.66885963013956, 91.54780172128658], [56.08029957123981, 86.6083136886985, 0.0, 43.01162633521314, 49.36598018878993, 50.21951811795888, 42.5440947723653, 60.440052945046304, 44.94441010848846, 89.44271909999159], [44.553338819890925, 97.06183596038146, 43.01162633521314, 0.0, 37.64306044943742, 91.3892772703669, 4.47213595499958, 76.24303246854758, 41.593268686170845, 55.226805085936306], [7.615773105863909, 60.74537019394976, 49.36598018878993, 37.64306044943742, 0.0, 81.39410298049853, 41.773197148410844, 44.04543109109048, 74.30343195303969, 46.010868281309364], [84.81155581640984, 81.02468759581859, 50.21951811795888, 91.3892772703669, 81.39410298049853, 0.0, 91.76055797563569, 59.033888572581766, 91.13725912051558, 127.28707711311466], [48.79549159502341, 100.72239075796404, 42.5440947723653, 4.47213595499958, 41.773197148410844, 91.76055797563569, 0.0, 79.37883848986453, 37.33630940518894, 59.07622195096772], [41.97618372363071, 26.419689627245813, 60.440052945046304, 76.24303246854758, 44.04543109109048, 59.033888572581766, 79.37883848986453, 0.0, 101.82828683622247, 84.69356528095862], [81.88406438373708, 126.66885963013956, 44.94441010848846, 41.593268686170845, 74.30343195303969, 91.13725912051558, 37.33630940518894, 101.82828683622247, 0.0, 96.02083107326243], [44.10215414239989, 91.54780172128658, 89.44271909999159, 55.226805085936306, 46.010868281309364, 127.28707711311466, 59.07622195096772, 84.69356528095862, 96.02083107326243, 0.0]], "task_locations": [[24, 44], [10, 98], [80, 47], [55, 12], [31, 41], [91, 96], [59, 10], [33, 85], [96, 5], [0, 7]], "precedence_constraints": [[2, 7], [6, 1], [2, 4], [3, 1], [8, 1]]}