{"Q": [[1, 0, 0], [0, 0, 1], [1, 1, 1]], "R": [[0.0, 0.0, 0.0], [0.0, 1.0, 1.0], [0.0, 1.0, 1.0], [1.0, 0.0, 0.0], [0.0, 0.0, 1.0], [0.0, 1.0, 0.0], [1.0, 1.0, 0.0], [1.0, 1.0, 1.0], [1.0, 0.0, 0.0], [0.0, 0.0, 0.0]], "T_e": [0, 66, 96, 75, 66, 89, 73, 71, 80, 0], "T_t": [[0.0, 58.077534382926416, 65.55150646628954, 51.19570294468082, 38.27531841800928, 28.30194339616981, 35.38361202590826, 20.223748416156685, 37.05401462729781, 33.37663853655727], [58.077534382926416, 0.0, 27.16615541441225, 16.1245154965971, 35.38361202590826, 47.853944456021594, 41.048751503547585, 59.61543424315552, 68.96375859826666, 72.56031973468694], [65.55150646628954, 27.16615541441225, 0.0, 17.029386365926403, 29.154759474226502, 66.48308055437865, 62.20128616033595, 58.137767414994535, 87.69264507357501, 66.61080993352356], [51.19570294468082, 16.1245154965971, 17.029386365926403, 0.0, 20.591260281974, 49.49747468305833, 45.221676218380054, 47.853944456021594, 70.76722405181653, 59.23681287847955], [38.27531841800928, 35.38361202590826, 29.154759474226502, 20.591260281974, 0.0, 48.104053883222775, 47.67598976424087, 29.017236257093817, 67.23094525588644, 38.897300677553446], [28.30194339616981, 47.853944456021594, 66.48308055437865, 49.49747468305833, 48.104053883222775, 0.0, 9.219544457292887, 45.60701700396552, 21.400934559032695, 60.40695324215582], [35.38361202590826, 41.048751503547585, 62.20128616033595, 45.221676218380054, 47.67598976424087, 9.219544457292887, 0.0, 50.566787519082126, 28.231188426986208, 65.7419196555744], [20.223748416156685, 59.61543424315552, 58.137767414994535, 47.853944456021594, 29.017236257093817, 45.60701700396552, 50.566787519082126, 0.0, 57.21887800367987, 15.264337522473747], [37.05401462729781, 68.96375859826666, 87.69264507357501, 70.76722405181653, 67.23094525588644, 21.400934559032695, 28.231188426986208, 57.21887800367987, 0.0, 70.06425622241343], [33.37663853655727, 72.56031973468694, 66.61080993352356, 59.23681287847955, 38.897300677553446, 60.40695324215582, 65.7419196555744, 15.264337522473747, 70.06425622241343, 0.0]], "task_locations": [[65, 78], [62, 20], [89, 17], [76, 28], [86, 46], [41, 63], [39, 54], [85, 75], [28, 80], [98, 83]], "precedence_constraints": [[8, 2], [4, 6]]}