{"Q": [[1, 0, 0], [1, 0, 1], [0, 1, 0]], "R": [[0.0, 0.0, 0.0], [0.0, 0.0, 1.0], [0.0, 0.0, 1.0], [1.0, 0.0, 0.0], [0.0, 1.0, 0.0], [0.0, 0.0, 1.0], [0.0, 0.0, 1.0], [1.0, 1.0, 1.0], [1.0, 0.0, 0.0], [0.0, 0.0, 0.0]], "T_e": [0, 84, 65, 73, 58, 56, 88, 58, 76, 0], "T_t": [[0.0, 37.53664875824692, 32.55764119219941, 18.110770276274835, 43.174066289845804, 38.48376280978771, 55.0, 20.591260281974, 27.65863337187866, 38.48376280978771], [37.53664875824692, 0.0, 34.713109915419565, 28.792360097775937, 77.02596964660685, 41.593268686170845, 69.18092222571191, 38.63935817272331, 63.13477647065839, 74.4043009509531], [32.55764119219941, 34.713109915419565, 0.0, 41.617304093369626, 74.10802925459562, 63.12685640834652, 85.42247947700886, 14.560219778561036, 43.41658669218482, 67.7421582177598], [18.110770276274835, 28.792360097775937, 41.617304093369626, 0.0, 48.82622246293481, 22.02271554554524, 44.598206241955516, 34.40930106817051, 45.17742799230607, 47.38143096192854], [43.174066289845804, 77.02596964660685, 74.10802925459562, 48.82622246293481, 0.0, 51.97114584074513, 43.04648650006177, 60.0, 39.81205847478876, 9.219544457292887], [38.48376280978771, 41.593268686170845, 63.12685640834652, 22.02271554554524, 51.97114584074513, 0.0, 28.071337695236398, 56.4003546088143, 62.80127387243033, 54.42425929675111], [55.0, 69.18092222571191, 85.42247947700886, 44.598206241955516, 43.04648650006177, 28.071337695236398, 0.0, 75.45197147855052, 71.02112361825881, 49.8196748283246], [20.591260281974, 38.63935817272331, 14.560219778561036, 34.40930106817051, 60.0, 56.4003546088143, 75.45197147855052, 0.0, 29.410882339705484, 53.33854141237835], [27.65863337187866, 63.13477647065839, 43.41658669218482, 45.17742799230607, 39.81205847478876, 62.80127387243033, 71.02112361825881, 29.410882339705484, 0.0, 31.016124838541646], [38.48376280978771, 74.4043009509531, 67.7421582177598, 47.38143096192854, 9.219544457292887, 54.42425929675111, 49.8196748283246, 53.33854141237835, 31.016124838541646, 0.0]], "task_locations": [[32, 57], [7, 85], [0, 51], [34, 75], [74, 47], [48, 92], [76, 90], [14, 47], [38, 30], [67, 41]], "precedence_constraints": [[4, 3], [8, 6], [2, 8]]}