{"Q": [[0, 1, 1], [1, 0, 1], [0, 1, 0]], "R": [[0.0, 0.0, 0.0], [0.0, 1.0, 1.0], [0.0, 0.0, 1.0], [1.0, 1.0, 1.0], [1.0, 0.0, 0.0], [1.0, 0.0, 1.0], [0.0, 1.0, 0.0], [1.0, 1.0, 0.0], [0.0, 1.0, 1.0], [0.0, 0.0, 0.0]], "T_e": [0, 73, 66, 98, 64, 69, 83, 66, 99, 0], "T_t": [[0.0, 62.433965115151864, 45.48626166217664, 41.14608122288197, 63.52952069707436, 5.830951894845301, 73.0, 45.27692569068709, 98.00510190801293, 61.40032573203501], [62.433965115151864, 0.0, 28.442925306655784, 78.26237921249263, 32.526911934581186, 60.0, 38.58756276314948, 57.723478758647246, 47.92702786528704, 2.0], [45.48626166217664, 28.442925306655784, 0.0, 75.32595834106593, 18.681541692269406, 45.617978911828175, 61.220911460055866, 62.5859409132754, 75.8946638440411, 28.861739379323623], [41.14608122288197, 78.26237921249263, 75.32595834106593, 0.0, 93.7709976485267, 36.40054944640259, 66.2872536767062, 25.238858928247925, 94.03190947758107, 76.47875521999558], [63.52952069707436, 32.526911934581186, 18.681541692269406, 93.7709976485267, 0.0, 64.07807737440318, 70.60453243241541, 79.51100552753688, 79.07591289387686, 33.97057550292606], [5.830951894845301, 60.0, 45.617978911828175, 36.40054944640259, 64.07807737440318, 0.0, 68.06614430096654, 39.44616584663204, 93.55746896961247, 58.82176467941097], [73.0, 38.58756276314948, 61.220911460055866, 66.2872536767062, 70.60453243241541, 68.06614430096654, 0.0, 41.048751503547585, 27.784887978899608, 36.89173349139343], [45.27692569068709, 57.723478758647246, 62.5859409132754, 25.238858928247925, 79.51100552753688, 39.44616584663204, 41.048751503547585, 0.0, 68.79680225126747, 55.78530272392541], [98.00510190801293, 47.92702786528704, 75.8946638440411, 94.03190947758107, 79.07591289387686, 93.55746896961247, 27.784887978899608, 68.79680225126747, 0.0, 47.16990566028302], [61.40032573203501, 2.0, 28.861739379323623, 76.47875521999558, 33.97057550292606, 58.82176467941097, 36.89173349139343, 55.78530272392541, 47.16990566028302, 0.0]], "task_locations": [[61, 98], [28, 45], [23, 73], [98, 80], [5, 68], [64, 93], [61, 25], [84, 59], [47, 1], [30, 45]], "precedence_constraints": [[7, 3]]}