{"Q": [[1, 0, 0], [0, 0, 1], [0, 1, 1]], "R": [[0.0, 0.0, 0.0], [1.0, 1.0, 1.0], [0.0, 0.0, 1.0], [1.0, 1.0, 0.0], [0.0, 1.0, 0.0], [0.0, 0.0, 1.0], [1.0, 0.0, 1.0], [0.0, 1.0, 0.0], [0.0, 1.0, 1.0], [0.0, 0.0, 0.0]], "T_e": [0, 95, 70, 94, 59, 92, 82, 93, 51, 0], "T_t": [[0.0, 85.88364221433555, 67.94115100585212, 66.60330322138685, 77.62087348130012, 104.5609869884557, 75.43208866258443, 7.615773105863909, 94.17536832951598, 99.40321926376429], [85.88364221433555, 0.0, 31.622776601683793, 33.52610922848042, 17.0, 21.095023109728988, 21.213203435596427, 86.82165628459296, 32.69556544854363, 19.4164878389476], [67.94115100585212, 31.622776601683793, 0.0, 2.0, 15.132745950421556, 41.773197148410844, 41.10960958218893, 71.40028011149536, 26.248809496813376, 35.17101079013795], [66.60330322138685, 33.52610922848042, 2.0, 0.0, 17.11724276862369, 43.73785545725808, 42.44997055358225, 70.21395872616783, 27.586228448267445, 37.107950630558946], [77.62087348130012, 17.0, 15.132745950421556, 17.11724276862369, 0.0, 27.85677655436824, 31.38470965295043, 79.93122043357026, 22.090722034374522, 21.95449840010015], [104.5609869884557, 21.095023109728988, 41.773197148410844, 43.73785545725808, 27.85677655436824, 0.0, 41.43669871020132, 106.21205204683694, 26.832815729997478, 7.0710678118654755], [75.43208866258443, 21.213203435596427, 41.10960958218893, 42.44997055358225, 31.38470965295043, 41.43669871020132, 0.0, 74.67261881037788, 51.97114584074513, 40.607881008493905], [7.615773105863909, 86.82165628459296, 71.40028011149536, 70.21395872616783, 79.93122043357026, 106.21205204683694, 74.67261881037788, 0.0, 97.6165969494942, 101.41498903022176], [94.17536832951598, 32.69556544854363, 26.248809496813376, 27.586228448267445, 22.090722034374522, 26.832815729997478, 51.97114584074513, 97.6165969494942, 0.0, 20.248456731316587], [99.40321926376429, 19.4164878389476, 35.17101079013795, 37.107950630558946, 21.95449840010015, 7.0710678118654755, 40.607881008493905, 101.41498903022176, 20.248456731316587, 0.0]], "task_locations": [[5, 12], [81, 52], [51, 62], [49, 62], [66, 60], [92, 70], [78, 31], [8, 5], [68, 82], [85, 71]], "precedence_constraints": [[5, 2], [1, 7], [5, 4], [8, 2], [1, 6]]}