{"Q": [[0, 1, 1], [1, 0, 1], [1, 0, 1]], "R": [[0.0, 0.0, 0.0], [0.0, 1.0, 0.0], [1.0, 0.0, 1.0], [0.0, 0.0, 1.0], [1.0, 1.0, 1.0], [1.0, 1.0, 1.0], [1.0, 1.0, 1.0], [0.0, 1.0, 1.0], [1.0, 0.0, 0.0], [0.0, 0.0, 0.0]], "T_e": [0, 56, 87, 86, 74, 54, 77, 56, 76, 0], "T_t": [[0.0, 80.72174428244226, 74.24957912338628, 41.43669871020132, 43.46262762420146, 29.732137494637012, 73.54590403278758, 99.29753269845128, 60.01666435249463, 44.598206241955516], [80.72174428244226, 0.0, 7.280109889280518, 71.16881339463234, 42.05948168962618, 85.88364221433555, 70.03570517957252, 40.496913462633174, 65.00769185258002, 46.57252408878007], [74.24957912338628, 7.280109889280518, 0.0, 67.468511173732, 37.33630940518894, 81.02468759581859, 69.6419413859206, 45.617978911828175, 63.28506932918696, 39.293765408777], [41.43669871020132, 71.16881339463234, 67.468511173732, 0.0, 31.016124838541646, 20.615528128088304, 33.015148038438355, 71.7007670809734, 20.223748416156685, 60.92618484691127], [43.46262762420146, 42.05948168962618, 37.33630940518894, 31.016124838541646, 0.0, 43.829214001622255, 45.254833995939045, 56.04462507680822, 33.83784863137726, 35.35533905932738], [29.732137494637012, 85.88364221433555, 81.02468759581859, 20.615528128088304, 43.829214001622255, 0.0, 52.46903848937962, 91.60785992479029, 40.52159917870962, 64.19501538281614], [73.54590403278758, 70.03570517957252, 69.6419413859206, 33.015148038438355, 45.254833995939045, 52.46903848937962, 0.0, 51.894122981316485, 13.601470508735444, 80.61017305526642], [99.29753269845128, 40.496913462633174, 45.617978911828175, 71.7007670809734, 56.04462507680822, 91.60785992479029, 51.894122981316485, 0.0, 55.44366510251645, 79.63039620647382], [60.01666435249463, 65.00769185258002, 63.28506932918696, 20.223748416156685, 33.83784863137726, 40.52159917870962, 13.601470508735444, 55.44366510251645, 0.0, 68.8839603971781], [44.598206241955516, 46.57252408878007, 39.293765408777, 60.92618484691127, 35.35533905932738, 64.19501538281614, 80.61017305526642, 79.63039620647382, 68.8839603971781, 0.0]], "task_locations": [[99, 68], [39, 14], [46, 16], [60, 82], [59, 51], [79, 90], [27, 83], [5, 36], [40, 79], [84, 26]], "precedence_constraints": [[5, 3], [4, 5], [7, 3]]}