{"Q": [[1, 1, 1], [0, 1, 0], [0, 0, 1]], "R": [[0.0, 0.0, 0.0], [0.0, 0.0, 1.0], [0.0, 0.0, 1.0], [1.0, 1.0, 0.0], [1.0, 1.0, 1.0], [0.0, 1.0, 0.0], [1.0, 0.0, 0.0], [0.0, 1.0, 0.0], [1.0, 0.0, 0.0], [0.0, 0.0, 0.0]], "T_e": [0, 73, 74, 89, 98, 57, 51, 82, 83, 0], "T_t": [[0.0, 87.0, 22.360679774997898, 60.207972893961475, 19.235384061671343, 49.64876634922564, 19.026297590440446, 96.60745312862771, 49.09175083453431, 37.589892258425], [87.0, 0.0, 70.178344238091, 30.463092423455635, 94.04786015641186, 77.6659513557904, 101.67103815738285, 30.0, 40.70626487409524, 52.478567053607705], [22.360679774997898, 70.178344238091, 0.0, 48.05205510693585, 39.319206502675, 57.38466694161429, 41.30375285612676, 85.37564055396598, 29.832867780352597, 17.804493814764857], [60.207972893961475, 30.463092423455635, 48.05205510693585, 0.0, 64.53681120105021, 48.16637831516918, 72.83543093852057, 37.36308338453881, 25.632011235952593, 33.015148038438355], [19.235384061671343, 94.04786015641186, 39.319206502675, 64.53681120105021, 0.0, 38.01315561749642, 10.198039027185569, 97.8008179924892, 60.728905802755904, 50.80354318352215], [49.64876634922564, 77.6659513557904, 57.38466694161429, 48.16637831516918, 38.01315561749642, 0.0, 48.093658625644196, 70.45565981523414, 60.40695324215582, 56.938563381947034], [19.026297590440446, 101.67103815738285, 41.30375285612676, 72.83543093852057, 10.198039027185569, 48.093658625644196, 0.0, 107.07474025184464, 66.2117814289874, 55.362442142665635], [96.60745312862771, 30.0, 85.37564055396598, 37.36308338453881, 97.8008179924892, 70.45565981523414, 107.07474025184464, 0.0, 60.00833275470999, 69.58448102845921], [49.09175083453431, 40.70626487409524, 29.832867780352597, 25.632011235952593, 60.728905802755904, 60.40695324215582, 66.2117814289874, 60.00833275470999, 0.0, 12.041594578792296], [37.589892258425, 52.478567053607705, 17.804493814764857, 33.015148038438355, 50.80354318352215, 56.938563381947034, 55.362442142665635, 69.58448102845921, 12.041594578792296, 0.0]], "task_locations": [[36, 11], [96, 74], [58, 15], [68, 62], [19, 20], [20, 58], [17, 10], [78, 98], [77, 38], [69, 29]], "precedence_constraints": [[8, 5]]}