{"Q": [[0, 0, 1], [0, 1, 1], [1, 0, 0]], "R": [[0.0, 0.0, 0.0], [0.0, 1.0, 0.0], [1.0, 0.0, 1.0], [1.0, 0.0, 1.0], [0.0, 1.0, 1.0], [1.0, 1.0, 0.0], [0.0, 1.0, 0.0], [1.0, 0.0, 1.0], [0.0, 0.0, 1.0], [0.0, 0.0, 0.0]], "T_e": [0, 75, 71, 87, 95, 65, 50, 88, 68, 0], "T_t": [[0.0, 17.26267650163207, 78.63841300535, 47.16990566028302, 56.32051136131489, 29.546573405388315, 8.06225774829855, 53.2634959423431, 17.204650534085253, 85.14693182963201], [17.26267650163207, 0.0, 79.71198153351854, 64.19501538281614, 60.74537019394976, 37.64306044943742, 9.848857801796104, 63.60031446463138, 29.154759474226502, 95.01578816175763], [78.63841300535, 79.71198153351854, 0.0, 100.90094152187085, 24.73863375370596, 51.03920062069938, 81.02468759581859, 44.10215414239989, 64.0, 46.84015371452148], [47.16990566028302, 64.19501538281614, 100.90094152187085, 0.0, 76.32168761236873, 54.405882034941776, 54.405882034941776, 58.855755878248644, 46.010868281309364, 82.73451516749222], [56.32051136131489, 60.74537019394976, 24.73863375370596, 76.32168761236873, 0.0, 27.294688127912362, 60.00833275470999, 22.20360331117452, 40.44749683231337, 40.52159917870962], [29.546573405388315, 37.64306044943742, 51.03920062069938, 54.405882034941776, 27.294688127912362, 0.0, 34.40930106817051, 26.076809620810597, 13.152946437965905, 57.38466694161429], [8.06225774829855, 9.848857801796104, 81.02468759581859, 54.405882034941776, 60.00833275470999, 34.40930106817051, 0.0, 59.39696961966999, 23.430749027719962, 91.2414379544733], [53.2634959423431, 63.60031446463138, 44.10215414239989, 58.855755878248644, 22.20360331117452, 26.076809620810597, 59.39696961966999, 0.0, 36.124783736376884, 31.89043743820395], [17.204650534085253, 29.154759474226502, 64.0, 46.010868281309364, 40.44749683231337, 13.152946437965905, 23.430749027719962, 36.124783736376884, 0.0, 68.01470429252781], [85.14693182963201, 95.01578816175763, 46.84015371452148, 82.73451516749222, 40.52159917870962, 57.38466694161429, 91.2414379544733, 31.89043743820395, 68.01470429252781, 0.0]], "task_locations": [[19, 82], [2, 79], [29, 4], [63, 99], [35, 28], [31, 55], [11, 83], [53, 41], [29, 68], [74, 17]], "precedence_constraints": [[1, 7], [4, 5], [1, 2], [4, 2]]}