{"Q": [[1, 1, 1], [1, 1, 1], [1, 0, 0]], "R": [[0.0, 0.0, 0.0], [1.0, 0.0, 1.0], [0.0, 1.0, 1.0], [0.0, 1.0, 0.0], [1.0, 1.0, 0.0], [1.0, 1.0, 0.0], [0.0, 1.0, 0.0], [0.0, 1.0, 0.0], [0.0, 1.0, 1.0], [0.0, 0.0, 0.0]], "T_e": [0, 55, 57, 72, 64, 57, 88, 89, 52, 0], "T_t": [[0.0, 25.019992006393608, 28.635642126552707, 38.91015291668744, 58.215118311311535, 71.17583859709698, 77.62087348130012, 72.62231062146122, 34.40930106817051, 31.04834939252005], [25.019992006393608, 0.0, 5.830951894845301, 20.591260281974, 83.09632964216891, 66.12110101926616, 90.80198235721508, 94.02127418834527, 56.302753041036986, 45.27692569068709], [28.635642126552707, 5.830951894845301, 0.0, 24.041630560342615, 86.00581375697809, 71.00704190430693, 96.60745312862771, 99.12618221237011, 57.723478758647246, 50.91168824543142], [38.91015291668744, 20.591260281974, 24.041630560342615, 0.0, 95.56673061269805, 48.373546489791295, 84.38601779915912, 96.16652224137046, 73.06161783043132, 44.9221548904324], [58.215118311311535, 83.09632964216891, 86.00581375697809, 95.56673061269805, 0.0, 111.66467659918243, 82.28000972289685, 50.00999900019995, 33.54101966249684, 61.032778078668514], [71.17583859709698, 66.12110101926616, 71.00704190430693, 48.373546489791295, 111.66467659918243, 0.0, 58.42088667591412, 88.29496021857646, 102.34256201600583, 50.93132631298737], [77.62087348130012, 90.80198235721508, 96.60745312862771, 84.38601779915912, 82.28000972289685, 58.42088667591412, 0.0, 38.897300677553446, 92.00543462209176, 46.95742752749558], [72.62231062146122, 94.02127418834527, 99.12618221237011, 96.16652224137046, 50.00999900019995, 88.29496021857646, 38.897300677553446, 0.0, 71.17583859709698, 51.24451190127583], [34.40930106817051, 56.302753041036986, 57.723478758647246, 73.06161783043132, 33.54101966249684, 102.34256201600583, 92.00543462209176, 71.17583859709698, 0.0, 53.85164807134504], [31.04834939252005, 45.27692569068709, 50.91168824543142, 44.9221548904324, 61.032778078668514, 50.93132631298737, 46.95742752749558, 51.24451190127583, 53.85164807134504, 0.0]], "task_locations": [[23, 59], [22, 84], [17, 87], [40, 94], [18, 1], [88, 88], [95, 30], [68, 2], [3, 31], [53, 51]], "precedence_constraints": [[7, 1], [1, 6], [3, 5], [8, 7], [5, 8]]}