{"Q": [[0, 1, 0], [0, 1, 1], [1, 0, 1]], "R": [[0.0, 0.0, 0.0], [0.0, 1.0, 0.0], [0.0, 1.0, 0.0], [0.0, 1.0, 0.0], [1.0, 0.0, 0.0], [0.0, 0.0, 1.0], [0.0, 1.0, 1.0], [1.0, 0.0, 0.0], [0.0, 1.0, 0.0], [0.0, 0.0, 0.0]], "T_e": [0, 95, 96, 82, 99, 52, 58, 70, 97, 0], "T_t": [[0.0, 15.811388300841896, 12.165525060596439, 82.97590011563598, 76.16429609731846, 19.924858845171276, 39.20459156782532, 34.0, 23.08679276123039, 39.319206502675], [15.811388300841896, 0.0, 21.400934559032695, 86.05230967266364, 83.43260753446461, 11.704699910719626, 53.075418038862395, 25.80697580112788, 10.63014581273465, 26.0], [12.165525060596439, 21.400934559032695, 0.0, 70.83078426785913, 64.38167441127949, 18.027756377319946, 32.202484376209235, 28.284271247461902, 23.259406699226016, 37.656340767525464], [82.97590011563598, 86.05230967266364, 70.83078426785913, 0.0, 23.53720459187964, 75.0066663703967, 65.29931086925804, 66.09841147864296, 79.1580697086532, 78.84795495128583], [76.16429609731846, 83.43260753446461, 64.38167441127949, 23.53720459187964, 0.0, 74.0, 48.84669896727925, 69.46221994724903, 79.12016177940993, 83.52843827104634], [19.924858845171276, 11.704699910719626, 18.027756377319946, 75.0066663703967, 74.0, 0.0, 49.73932046178355, 14.866068747318506, 5.656854249492381, 20.024984394500787], [39.20459156782532, 53.075418038862395, 32.202484376209235, 65.29931086925804, 48.84669896727925, 49.73932046178355, 0.0, 56.04462507680822, 55.226805085936306, 68.15423684555495], [34.0, 25.80697580112788, 28.284271247461902, 66.09841147864296, 69.46221994724903, 14.866068747318506, 56.04462507680822, 0.0, 15.652475842498529, 14.212670403551895], [23.08679276123039, 10.63014581273465, 23.259406699226016, 79.1580697086532, 79.12016177940993, 5.656854249492381, 55.226805085936306, 15.652475842498529, 0.0, 16.278820596099706], [39.319206502675, 26.0, 37.656340767525464, 78.84795495128583, 83.52843827104634, 20.024984394500787, 68.15423684555495, 14.212670403551895, 16.278820596099706, 0.0]], "task_locations": [[82, 30], [87, 45], [70, 32], [1, 48], [6, 25], [76, 49], [51, 6], [66, 60], [80, 53], [77, 69]], "precedence_constraints": [[4, 5], [2, 7], [1, 6]]}