{"Q": [[0, 1, 0], [1, 0, 1], [1, 1, 0]], "R": [[0.0, 0.0, 0.0], [1.0, 1.0, 1.0], [0.0, 1.0, 0.0], [1.0, 0.0, 0.0], [0.0, 0.0, 1.0], [0.0, 1.0, 0.0], [0.0, 0.0, 1.0], [0.0, 1.0, 0.0], [0.0, 1.0, 0.0], [0.0, 0.0, 0.0]], "T_e": [0, 66, 92, 67, 98, 88, 78, 58, 88, 0], "T_t": [[0.0, 22.825424421026653, 59.07622195096772, 83.72574275573791, 63.25345840347388, 36.40054944640259, 46.09772228646444, 16.0, 26.40075756488817, 79.30952023559341], [22.825424421026653, 0.0, 39.81205847478876, 78.39005038906404, 41.012193308819754, 18.110770276274835, 26.0, 20.615528128088304, 49.193495504995376, 80.2807573457052], [59.07622195096772, 39.81205847478876, 0.0, 106.30145812734649, 38.3275357934736, 45.221676218380054, 43.18564576337837, 60.41522986797286, 84.17244204607586, 114.0175425099138], [83.72574275573791, 78.39005038906404, 106.30145812734649, 0.0, 73.81734213584231, 63.28506932918696, 63.12685640834652, 67.89698078707183, 94.89467845985885, 22.360679774997898], [63.25345840347388, 41.012193308819754, 38.3275357934736, 73.81734213584231, 0.0, 29.154759474226502, 19.6468827043885, 54.56189146281496, 89.05054744357274, 86.53900854527974], [36.40054944640259, 18.110770276274835, 45.221676218380054, 63.28506932918696, 29.154759474226502, 0.0, 10.0, 25.553864678361276, 60.959002616512684, 68.8839603971781], [46.09772228646444, 26.0, 43.18564576337837, 63.12685640834652, 19.6468827043885, 10.0, 0.0, 35.510561809129406, 70.9365914038728, 71.8679344353238], [16.0, 20.615528128088304, 60.41522986797286, 67.89698078707183, 54.56189146281496, 25.553864678361276, 35.510561809129406, 0.0, 36.124783736376884, 64.88451279003334], [26.40075756488817, 49.193495504995376, 84.17244204607586, 94.89467845985885, 89.05054744357274, 60.959002616512684, 70.9365914038728, 36.124783736376884, 0.0, 84.29116205154607], [79.30952023559341, 80.2807573457052, 114.0175425099138, 22.360679774997898, 86.53900854527974, 68.8839603971781, 71.8679344353238, 64.88451279003334, 84.29116205154607, 0.0]], "task_locations": [[38, 84], [58, 73], [97, 81], [27, 1], [87, 44], [60, 55], [68, 49], [38, 68], [14, 95], [7, 11]], "precedence_constraints": [[2, 8], [3, 4], [5, 1]]}