{"Q": [[1, 1, 1], [0, 1, 1], [0, 1, 0]], "R": [[0.0, 0.0, 0.0], [0.0, 1.0, 1.0], [1.0, 0.0, 0.0], [1.0, 1.0, 1.0], [0.0, 0.0, 1.0], [1.0, 1.0, 1.0], [1.0, 0.0, 1.0], [1.0, 1.0, 1.0], [1.0, 0.0, 0.0], [0.0, 0.0, 0.0]], "T_e": [0, 98, 95, 53, 86, 61, 56, 71, 62, 0], "T_t": [[0.0, 52.0, 18.24828759089466, 75.17978451685, 103.31021246711285, 31.064449134018133, 67.89698078707183, 78.77182237323191, 82.0, 63.0317380372777], [52.0, 0.0, 34.132096331752024, 67.91170738539859, 92.13576938409967, 62.26556030423239, 49.25444142409901, 100.26464980241042, 106.30145812734649, 48.05205510693585], [18.24828759089466, 34.132096331752024, 0.0, 65.52098900352466, 93.60555539069249, 34.40930106817051, 54.378304497290095, 80.4114419718985, 85.0, 50.11985634456667], [75.17978451685, 67.91170738539859, 65.52098900352466, 0.0, 28.231188426986208, 51.66236541235796, 20.248456731316587, 48.507731342539614, 55.78530272392541, 19.924858845171276], [103.31021246711285, 92.13576938409967, 93.60555539069249, 28.231188426986208, 0.0, 78.24321056807422, 43.0, 59.665735560705194, 66.09841147864296, 45.27692569068709], [31.064449134018133, 62.26556030423239, 34.40930106817051, 51.66236541235796, 78.24321056807422, 0.0, 52.20153254455275, 47.853944456021594, 51.54609587543949, 46.8187996428785], [67.89698078707183, 49.25444142409901, 54.378304497290095, 20.248456731316587, 43.0, 52.20153254455275, 0.0, 64.8459713474939, 72.01388754955533, 5.385164807134504], [78.77182237323191, 100.26464980241042, 80.4114419718985, 48.507731342539614, 59.665735560705194, 47.853944456021594, 64.8459713474939, 0.0, 7.280109889280518, 61.40032573203501], [82.0, 106.30145812734649, 85.0, 55.78530272392541, 66.09841147864296, 51.54609587543949, 72.01388754955533, 7.280109889280518, 0.0, 68.47627326307996], [63.0317380372777, 48.05205510693585, 50.11985634456667, 19.924858845171276, 45.27692569068709, 46.8187996428785, 5.385164807134504, 61.40032573203501, 68.47627326307996, 0.0]], "task_locations": [[92, 62], [92, 10], [89, 44], [26, 26], [0, 15], [61, 64], [43, 15], [14, 73], [12, 80], [45, 20]], "precedence_constraints": [[3, 7], [5, 8]]}