{"Q": [[0, 1, 1], [1, 0, 0], [0, 1, 1]], "R": [[0.0, 0.0, 0.0], [1.0, 0.0, 1.0], [1.0, 0.0, 0.0], [0.0, 1.0, 0.0], [0.0, 1.0, 1.0], [1.0, 1.0, 1.0], [0.0, 1.0, 0.0], [1.0, 1.0, 1.0], [1.0, 0.0, 0.0], [0.0, 0.0, 0.0]], "T_e": [0, 92, 92, 96, 92, 76, 67, 67, 86, 0], "T_t": [[0.0, 51.478150704935004, 68.62215385719105, 30.14962686336267, 42.7551166528639, 99.24716620639605, 66.70832032063167, 87.02298546935747, 27.784887978899608, 55.362442142665635], [51.478150704935004, 0.0, 50.60632371551998, 44.91102314577124, 13.92838827718412, 80.32434251209281, 30.265491900843113, 82.20097323024831, 33.13608305156178, 5.385164807134504], [68.62215385719105, 50.60632371551998, 0.0, 39.824615503479755, 60.40695324215582, 32.01562118716424, 25.238858928247925, 32.55764119219941, 41.773197148410844, 54.91812087098393], [30.14962686336267, 44.91102314577124, 39.824615503479755, 0.0, 44.77722635447622, 69.3757882838098, 45.17742799230607, 57.21887800367987, 12.529964086141668, 50.21951811795888], [42.7551166528639, 13.92838827718412, 60.40695324215582, 44.77722635447622, 0.0, 91.44397191723465, 43.01162633521314, 90.4267659490264, 32.2490309931942, 14.866068747318506], [99.24716620639605, 80.32434251209281, 32.01562118716424, 69.3757882838098, 91.44397191723465, 0.0, 50.99019513592785, 25.079872407968907, 73.33484846919642, 83.93449827097318], [66.70832032063167, 30.265491900843113, 25.238858928247925, 45.17742799230607, 43.01162633521314, 50.99019513592785, 0.0, 57.62811813689564, 39.6232255123179, 33.24154027718932], [87.02298546935747, 82.20097323024831, 32.55764119219941, 57.21887800367987, 90.4267659490264, 25.079872407968907, 57.62811813689564, 0.0, 65.0, 86.83317338436964], [27.784887978899608, 33.13608305156178, 41.773197148410844, 12.529964086141668, 32.2490309931942, 73.33484846919642, 39.6232255123179, 65.0, 0.0, 38.3275357934736], [55.362442142665635, 5.385164807134504, 54.91812087098393, 50.21951811795888, 14.866068747318506, 83.93449827097318, 33.24154027718932, 86.83317338436964, 38.3275357934736, 0.0]], "task_locations": [[37, 0], [84, 21], [59, 65], [40, 30], [79, 8], [58, 97], [80, 51], [35, 87], [51, 24], [89, 19]], "precedence_constraints": [[1, 3], [2, 8], [7, 8]]}