{"Q": [[1, 1, 0], [0, 1, 0], [0, 0, 1]], "R": [[0.0, 0.0, 0.0], [0.0, 1.0, 0.0], [0.0, 1.0, 1.0], [0.0, 0.0, 1.0], [1.0, 0.0, 0.0], [1.0, 1.0, 1.0], [1.0, 1.0, 0.0], [0.0, 0.0, 1.0], [1.0, 0.0, 1.0], [0.0, 0.0, 0.0]], "T_e": [0, 63, 57, 51, 60, 90, 86, 65, 96, 0], "T_t": [[0.0, 84.21995013059554, 84.2140130857092, 91.7877987534291, 68.11754546370561, 58.215118311311535, 89.02246907382428, 86.53900854527974, 97.73944955850733, 74.2024258363566], [84.21995013059554, 0.0, 79.07591289387686, 12.083045973594572, 30.675723300355934, 69.85699678629192, 13.341664064126334, 11.40175425099138, 82.13403679352427, 32.7566787083184], [84.2140130857092, 79.07591289387686, 0.0, 91.0659101969557, 49.678969393496885, 26.019223662515376, 70.26378868236469, 89.87213138676528, 14.317821063276353, 46.32493928760188], [91.7877987534291, 12.083045973594572, 91.0659101969557, 0.0, 42.720018726587654, 81.74350127074322, 22.80350850198276, 5.656854249492381, 93.72299611087985, 44.77722635447622], [68.11754546370561, 30.675723300355934, 49.678969393496885, 42.720018726587654, 0.0, 39.45883931389772, 26.1725046566048, 40.70626487409524, 55.21775076911409, 7.0710678118654755], [58.215118311311535, 69.85699678629192, 26.019223662515376, 81.74350127074322, 39.45883931389772, 0.0, 65.06919393998976, 79.05694150420949, 39.6232255123179, 40.01249804748511], [89.02246907382428, 13.341664064126334, 70.26378868236469, 22.80350850198276, 26.1725046566048, 65.06919393998976, 0.0, 24.166091947189145, 71.61005515987263, 25.317977802344327], [86.53900854527974, 11.40175425099138, 89.87213138676528, 5.656854249492381, 40.70626487409524, 79.05694150420949, 24.166091947189145, 0.0, 93.38094023943002, 43.60045871318328], [97.73944955850733, 82.13403679352427, 14.317821063276353, 93.72299611087985, 55.21775076911409, 39.6232255123179, 71.61005515987263, 93.38094023943002, 0.0, 50.32891812864648], [74.2024258363566, 32.7566787083184, 46.32493928760188, 44.77722635447622, 7.0710678118654755, 40.01249804748511, 25.317977802344327, 43.60045871318328, 50.32891812864648, 0.0]], "task_locations": [[97, 99], [24, 57], [91, 15], [13, 62], [53, 47], [92, 41], [27, 44], [17, 66], [85, 2], [52, 40]], "precedence_constraints": [[3, 7], [5, 2], [3, 5], [6, 4], [5, 1], [1, 4]]}