{"Q": [[1, 0, 0], [1, 1, 0], [0, 0, 1]], "R": [[0.0, 0.0, 0.0], [0.0, 1.0, 1.0], [0.0, 1.0, 1.0], [0.0, 1.0, 0.0], [1.0, 1.0, 0.0], [1.0, 0.0, 1.0], [0.0, 1.0, 1.0], [1.0, 1.0, 1.0], [1.0, 0.0, 0.0], [0.0, 0.0, 0.0]], "T_e": [0, 58, 63, 87, 91, 76, 58, 80, 62, 0], "T_t": [[0.0, 102.04410811016969, 96.60227740586657, 52.0, 125.25573839150046, 84.00595217006948, 44.04543109109048, 103.40696301506973, 30.066592756745816, 61.741396161732524], [102.04410811016969, 0.0, 7.280109889280518, 58.69412236331676, 43.01162633521314, 43.93176527297759, 95.02105029939419, 50.0, 76.84399781375251, 40.311288741492746], [96.60227740586657, 7.280109889280518, 0.0, 55.60575509783138, 41.43669871020132, 45.044422518220834, 88.0, 44.41846462902562, 72.47068372797375, 34.9857113690718], [52.0, 58.69412236331676, 55.60575509783138, 0.0, 93.94147114027967, 32.01562118716424, 69.65629906907199, 82.73451516749222, 22.090722034374522, 26.30589287593181], [125.25573839150046, 43.01162633521314, 41.43669871020132, 93.94147114027967, 0.0, 86.37129152675674, 102.55242561733974, 29.154759474226502, 106.83164325236227, 69.1158447825099], [84.00595217006948, 43.93176527297759, 45.044422518220834, 32.01562118716424, 86.37129152675674, 0.0, 97.06183596038146, 85.61541917201598, 54.00925846556311, 38.897300677553446], [44.04543109109048, 95.02105029939419, 88.0, 69.65629906907199, 102.55242561733974, 97.06183596038146, 0.0, 75.29276193632427, 56.0357029044876, 60.728905802755904], [103.40696301506973, 50.0, 44.41846462902562, 82.73451516749222, 29.154759474226502, 85.61541917201598, 75.29276193632427, 0.0, 90.24965373894794, 56.43580423808985], [30.066592756745816, 76.84399781375251, 72.47068372797375, 22.090722034374522, 106.83164325236227, 54.00925846556311, 56.0357029044876, 90.24965373894794, 0.0, 38.2099463490856], [61.741396161732524, 40.311288741492746, 34.9857113690718, 26.30589287593181, 69.1158447825099, 38.897300677553446, 60.728905802755904, 56.43580423808985, 38.2099463490856, 0.0]], "task_locations": [[4, 93], [46, 0], [48, 7], [4, 41], [89, 1], [3, 9], [48, 95], [86, 30], [2, 63], [30, 37]], "precedence_constraints": [[2, 4], [8, 4], [8, 5], [4, 5], [4, 1], [4, 3]]}