{"Q": [[1, 1, 1], [1, 0, 0], [1, 0, 0]], "R": [[0.0, 0.0, 0.0], [0.0, 1.0, 1.0], [0.0, 1.0, 0.0], [0.0, 1.0, 1.0], [1.0, 1.0, 0.0], [1.0, 1.0, 1.0], [1.0, 1.0, 1.0], [0.0, 0.0, 1.0], [1.0, 0.0, 1.0], [0.0, 0.0, 0.0]], "T_e": [0, 94, 96, 94, 93, 53, 91, 51, 64, 0], "T_t": [[0.0, 59.413803110051795, 89.35882720806042, 23.021728866442675, 66.12110101926616, 94.51454914456292, 81.93900170248598, 87.28115489611719, 45.45327270945405, 76.05918747922567], [59.413803110051795, 0.0, 30.01666203960727, 67.08203932499369, 13.038404810405298, 58.69412236331676, 86.02325267042627, 28.0, 51.61395160225576, 40.26164427839479], [89.35882720806042, 30.01666203960727, 0.0, 95.1892851112981, 25.942243542145693, 55.44366510251645, 100.12492197250393, 2.23606797749979, 73.81734213584231, 44.721359549995796], [23.021728866442675, 67.08203932499369, 95.1892851112981, 0.0, 69.6419413859206, 86.40023148117139, 62.12889826803627, 92.97311439335567, 32.31098884280702, 70.57619995437555], [66.12110101926616, 13.038404810405298, 25.942243542145693, 69.6419413859206, 0.0, 45.880278987817846, 78.29431652425353, 23.706539182259394, 48.27007354458868, 28.160255680657446], [94.51454914456292, 58.69412236331676, 55.44366510251645, 86.40023148117139, 45.880278987817846, 0.0, 56.43580423808985, 54.230987451824994, 54.3415126767741, 19.849433241279208], [81.93900170248598, 86.02325267042627, 100.12492197250393, 62.12889826803627, 78.29431652425353, 56.43580423808985, 0.0, 98.18350166906862, 40.19950248448356, 56.08029957123981], [87.28115489611719, 28.0, 2.23606797749979, 92.97311439335567, 23.706539182259394, 54.230987451824994, 98.18350166906862, 0.0, 71.61005515987263, 42.95346318982906], [45.45327270945405, 51.61395160225576, 73.81734213584231, 32.31098884280702, 48.27007354458868, 54.3415126767741, 40.19950248448356, 71.61005515987263, 0.0, 40.11234224026316], [76.05918747922567, 40.26164427839479, 44.721359549995796, 70.57619995437555, 28.160255680657446, 19.849433241279208, 56.08029957123981, 42.95346318982906, 40.11234224026316, 0.0]], "task_locations": [[84, 6], [91, 65], [92, 95], [61, 5], [80, 72], [37, 88], [9, 39], [91, 93], [49, 35], [52, 75]], "precedence_constraints": [[3, 5], [2, 3], [4, 6]]}