{"Q": [[1, 0, 0], [0, 1, 1], [0, 0, 1]], "R": [[0.0, 0.0, 0.0], [1.0, 0.0, 0.0], [1.0, 0.0, 1.0], [0.0, 1.0, 0.0], [1.0, 0.0, 0.0], [1.0, 0.0, 1.0], [0.0, 1.0, 1.0], [0.0, 1.0, 0.0], [1.0, 0.0, 1.0], [0.0, 0.0, 0.0]], "T_e": [0, 73, 71, 77, 71, 72, 69, 93, 72, 0], "T_t": [[0.0, 102.61578825892242, 88.32326986700618, 76.15773105863909, 74.02702209328699, 104.80458005259122, 78.26237921249263, 34.20526275297414, 71.55417527999327, 77.05841939723393], [102.61578825892242, 0.0, 38.27531841800928, 43.104524124504614, 61.40032573203501, 7.615773105863909, 30.083217912982647, 78.0, 49.01020301937138, 66.12110101926616], [88.32326986700618, 38.27531841800928, 0.0, 12.206555615733702, 79.47955712005447, 33.54101966249684, 48.02082881417188, 56.08029957123981, 17.69180601295413, 85.23496934944014], [76.15773105863909, 43.104524124504614, 12.206555615733702, 0.0, 73.43023900274328, 40.19950248448356, 44.553338819890925, 43.93176527297759, 6.324555320336759, 79.25906888173743], [74.02702209328699, 61.40032573203501, 79.47955712005447, 73.43023900274328, 0.0, 68.11754546370561, 33.24154027718932, 72.01388754955533, 74.88658090739622, 5.830951894845301], [104.80458005259122, 7.615773105863909, 33.54101966249684, 40.19950248448356, 68.11754546370561, 0.0, 35.90264614203248, 78.29431652425353, 46.389654018972806, 73.00684899377592], [78.26237921249263, 30.083217912982647, 48.02082881417188, 44.553338819890925, 33.24154027718932, 35.90264614203248, 0.0, 61.032778078668514, 47.80167361086848, 38.63935817272331], [34.20526275297414, 78.0, 56.08029957123981, 43.93176527297759, 72.01388754955533, 78.29431652425353, 61.032778078668514, 0.0, 38.600518131237564, 76.94153624668537], [71.55417527999327, 49.01020301937138, 17.69180601295413, 6.324555320336759, 74.88658090739622, 46.389654018972806, 47.80167361086848, 38.600518131237564, 0.0, 80.7093550959243], [77.05841939723393, 66.12110101926616, 85.23496934944014, 79.25906888173743, 5.830951894845301, 73.00684899377592, 38.63935817272331, 76.94153624668537, 80.7093550959243, 0.0]], "task_locations": [[77, 83], [14, 2], [1, 38], [11, 45], [75, 9], [7, 5], [42, 13], [44, 74], [13, 51], [80, 6]], "precedence_constraints": [[4, 2], [1, 2], [1, 6], [4, 6], [7, 3]]}