{"Q": [[0, 1, 0], [1, 1, 1], [1, 0, 0]], "R": [[0.0, 0.0, 0.0], [1.0, 1.0, 1.0], [1.0, 0.0, 0.0], [1.0, 0.0, 1.0], [1.0, 1.0, 0.0], [0.0, 1.0, 1.0], [0.0, 0.0, 1.0], [1.0, 1.0, 1.0], [1.0, 0.0, 0.0], [0.0, 0.0, 0.0]], "T_e": [0, 58, 84, 88, 74, 66, 66, 59, 77, 0], "T_t": [[0.0, 89.87213138676528, 60.53924347066124, 31.78049716414141, 67.36467917239716, 37.48332962798263, 72.00694410957877, 33.95585369269929, 85.63293758829018, 35.4400902933387], [89.87213138676528, 0.0, 36.138621999185304, 82.73451516749222, 59.30430001273095, 52.49761899362675, 65.92419889539804, 76.48529270389177, 8.246211251235321, 80.65358020571685], [60.53924347066124, 36.138621999185304, 0.0, 65.03076195155643, 28.30194339616981, 25.495097567963924, 36.05551275463989, 60.03332407921454, 29.154759474226502, 44.77722635447622], [31.78049716414141, 82.73451516749222, 65.03076195155643, 0.0, 82.96987405076617, 40.11234224026316, 89.49301648732151, 6.4031242374328485, 81.34494452638098, 61.07372593840988], [67.36467917239716, 59.30430001273095, 28.30194339616981, 82.96987405076617, 0.0, 44.28317965096906, 7.810249675906654, 79.37883848986453, 51.15662224971465, 37.12142238654117], [37.48332962798263, 52.49761899362675, 25.495097567963924, 40.11234224026316, 44.28317965096906, 0.0, 51.478150704935004, 35.6931365951495, 48.16637831516918, 36.6742416417845], [72.00694410957877, 65.92419889539804, 36.05551275463989, 89.49301648732151, 7.810249675906654, 51.478150704935004, 0.0, 86.16263691415206, 57.706152185014034, 39.56008088970496], [33.95585369269929, 76.48529270389177, 60.03332407921454, 6.4031242374328485, 79.37883848986453, 35.6931365951495, 86.16263691415206, 0.0, 75.27283706623525, 60.108235708594876], [85.63293758829018, 8.246211251235321, 29.154759474226502, 81.34494452638098, 51.15662224971465, 48.16637831516918, 57.706152185014034, 75.27283706623525, 0.0, 73.92563831310488], [35.4400902933387, 80.65358020571685, 44.77722635447622, 61.07372593840988, 37.12142238654117, 36.6742416417845, 39.56008088970496, 60.108235708594876, 73.92563831310488, 0.0]], "task_locations": [[81, 83], [20, 17], [29, 52], [94, 54], [14, 76], [54, 57], [9, 82], [89, 50], [18, 25], [47, 93]], "precedence_constraints": [[1, 2], [8, 6], [6, 2], [4, 5]]}