{"Q": [[0, 1, 1], [1, 1, 0], [1, 0, 0]], "R": [[0.0, 0.0, 0.0], [0.0, 0.0, 1.0], [0.0, 1.0, 0.0], [0.0, 1.0, 1.0], [0.0, 0.0, 1.0], [0.0, 1.0, 1.0], [0.0, 0.0, 1.0], [0.0, 0.0, 1.0], [1.0, 0.0, 0.0], [0.0, 0.0, 0.0]], "T_e": [0, 89, 61, 52, 87, 97, 92, 57, 65, 0], "T_t": [[0.0, 72.069410986909, 75.28612089887484, 70.03570517957252, 21.633307652783937, 19.849433241279208, 99.62429422585637, 35.12833614050059, 75.27283706623525, 43.73785545725808], [72.069410986909, 0.0, 13.92838827718412, 21.93171219946131, 53.75872022286245, 67.88225099390856, 46.2709412050371, 60.0, 52.3450093132096, 47.4236228055175], [75.28612089887484, 13.92838827718412, 0.0, 10.44030650891055, 54.91812087098393, 74.63243262818116, 33.0, 56.515484603779164, 40.22437072223753, 57.97413216254298], [70.03570517957252, 21.93171219946131, 10.44030650891055, 0.0, 48.83646178829912, 72.00694410957877, 31.622776601683793, 47.75981574503821, 30.479501308256342, 59.21148537234985], [21.633307652783937, 53.75872022286245, 54.91812087098393, 48.83646178829912, 0.0, 31.144823004794873, 78.00640999302557, 19.235384061671343, 54.57105459856901, 40.45985664828782], [19.849433241279208, 67.88225099390856, 74.63243262818116, 72.00694410957877, 31.144823004794873, 0.0, 103.36827366266692, 49.47726750741192, 84.5931439302264, 28.442925306655784], [99.62429422585637, 46.2709412050371, 33.0, 31.622776601683793, 78.00640999302557, 103.36827366266692, 0.0, 71.7007670809734, 34.48187929913333, 90.2551937563706], [35.12833614050059, 60.0, 56.515484603779164, 47.75981574503821, 19.235384061671343, 49.47726750741192, 71.7007670809734, 0.0, 42.190046219457976, 58.728187440104094], [75.27283706623525, 52.3450093132096, 40.22437072223753, 30.479501308256342, 54.57105459856901, 84.5931439302264, 34.48187929913333, 42.190046219457976, 0.0, 81.02468759581859], [43.73785545725808, 47.4236228055175, 57.97413216254298, 59.21148537234985, 40.45985664828782, 28.442925306655784, 90.2551937563706, 58.728187440104094, 81.02468759581859, 0.0]], "task_locations": [[82, 13], [47, 76], [34, 71], [31, 61], [64, 25], [95, 28], [1, 71], [47, 16], [11, 38], [90, 56]], "precedence_constraints": [[4, 6], [2, 8], [5, 7], [2, 1], [3, 6], [1, 8]]}