{"Q": [[0, 1, 1], [1, 0, 1], [0, 0, 1]], "R": [[0.0, 0.0, 0.0], [0.0, 1.0, 1.0], [0.0, 0.0, 1.0], [1.0, 1.0, 0.0], [1.0, 0.0, 0.0], [1.0, 1.0, 1.0], [1.0, 1.0, 0.0], [0.0, 0.0, 1.0], [1.0, 0.0, 0.0], [0.0, 0.0, 0.0]], "T_e": [0, 83, 83, 78, 59, 97, 52, 65, 89, 0], "T_t": [[0.0, 57.87054518492115, 50.47771785649585, 63.071388124885914, 16.1245154965971, 67.7421582177598, 40.311288741492746, 69.05070600652827, 30.675723300355934, 21.02379604162864], [57.87054518492115, 0.0, 16.401219466856727, 9.219544457292887, 48.54894437575342, 30.463092423455635, 83.45058418010026, 14.317821063276353, 38.2099463490856, 46.010868281309364], [50.47771785649585, 16.401219466856727, 0.0, 15.033296378372908, 45.60701700396552, 45.48626166217664, 82.66196223173026, 30.528675044947494, 40.162171256046406, 34.20526275297414], [63.071388124885914, 9.219544457292887, 15.033296378372908, 0.0, 55.44366510251645, 38.3275357934736, 91.28526715741155, 18.601075237738275, 46.400431032480725, 48.662100242385755], [16.1245154965971, 48.54894437575342, 45.60701700396552, 55.44366510251645, 0.0, 53.03772242470448, 37.21558813185679, 57.584720195551874, 15.132745950421556, 27.459060435491963], [67.7421582177598, 30.463092423455635, 45.48626166217664, 38.3275357934736, 53.03772242470448, 0.0, 78.0, 22.02271554554524, 38.0, 64.8459713474939], [40.311288741492746, 83.45058418010026, 82.66196223173026, 91.28526715741155, 37.21558813185679, 78.0, 0.0, 89.62700485902673, 45.34313619501854, 60.63827174318213], [69.05070600652827, 14.317821063276353, 30.528675044947494, 18.601075237738275, 57.584720195551874, 22.02271554554524, 89.62700485902673, 0.0, 44.77722635447622, 59.413803110051795], [30.675723300355934, 38.2099463490856, 40.162171256046406, 46.400431032480725, 15.132745950421556, 38.0, 45.34313619501854, 44.77722635447622, 0.0, 35.22782990761707], [21.02379604162864, 46.010868281309364, 34.20526275297414, 48.662100242385755, 27.459060435491963, 64.8459713474939, 60.63827174318213, 59.413803110051795, 35.22782990761707, 0.0]], "task_locations": [[14, 48], [69, 66], [56, 76], [71, 75], [28, 40], [81, 38], [9, 8], [82, 60], [43, 38], [23, 67]], "precedence_constraints": [[5, 8], [5, 4], [1, 6], [8, 2], [6, 2], [7, 2]]}