{"Q": [[1, 0, 1], [0, 1, 0], [1, 0, 0]], "R": [[0.0, 0.0, 0.0], [1.0, 0.0, 0.0], [0.0, 1.0, 0.0], [1.0, 0.0, 1.0], [0.0, 0.0, 1.0], [0.0, 1.0, 1.0], [1.0, 0.0, 1.0], [1.0, 1.0, 1.0], [1.0, 1.0, 0.0], [0.0, 0.0, 0.0]], "T_e": [0, 78, 61, 56, 73, 73, 99, 70, 65, 0], "T_t": [[0.0, 8.602325267042627, 77.88452991448301, 52.392747589718944, 57.38466694161429, 45.45327270945405, 37.107950630558946, 7.0710678118654755, 54.08326913195984, 15.811388300841896], [8.602325267042627, 0.0, 83.54639429682169, 60.83584469702052, 65.79513659838392, 53.81449618829484, 34.88552708502482, 6.0, 62.20128616033595, 8.246211251235321], [77.88452991448301, 83.54639429682169, 0.0, 49.92995093127971, 48.30113870293329, 72.47068372797375, 67.68308503607086, 84.8999411071645, 79.88116173416608, 84.38009243891595], [52.392747589718944, 60.83584469702052, 49.92995093127971, 0.0, 5.0990195135927845, 23.600847442411894, 69.06518659932803, 58.52349955359813, 30.0, 66.37017402418047], [57.38466694161429, 65.79513659838392, 48.30113870293329, 5.0990195135927845, 0.0, 27.294688127912362, 72.80109889280519, 63.56886030125127, 32.526911934581186, 71.19691004531025], [45.45327270945405, 53.81449618829484, 72.47068372797375, 23.600847442411894, 27.294688127912362, 0.0, 73.76313442364011, 49.51767361255979, 10.04987562112089, 61.220911460055866], [37.107950630558946, 34.88552708502482, 67.68308503607086, 69.06518659932803, 72.80109889280519, 73.76313442364011, 0.0, 40.311288741492746, 83.67795408588812, 29.206163733020468], [7.0710678118654755, 6.0, 84.8999411071645, 58.52349955359813, 63.56886030125127, 49.51767361255979, 40.311288741492746, 0.0, 57.48912940721924, 14.142135623730951], [54.08326913195984, 62.20128616033595, 79.88116173416608, 30.0, 32.526911934581186, 10.04987562112089, 83.67795408588812, 57.48912940721924, 0.0, 69.8927750200262], [15.811388300841896, 8.246211251235321, 84.38009243891595, 66.37017402418047, 71.19691004531025, 61.220911460055866, 29.206163733020468, 14.142135623730951, 69.8927750200262, 0.0]], "task_locations": [[45, 83], [40, 90], [24, 8], [66, 35], [67, 30], [80, 54], [9, 74], [46, 90], [90, 53], [32, 92]], "precedence_constraints": [[4, 6], [4, 5], [8, 2]]}