{"Q": [[1, 0, 1], [1, 1, 0], [1, 0, 0]], "R": [[0.0, 0.0, 0.0], [1.0, 1.0, 1.0], [1.0, 0.0, 0.0], [1.0, 1.0, 0.0], [0.0, 1.0, 0.0], [0.0, 1.0, 0.0], [1.0, 1.0, 0.0], [1.0, 1.0, 0.0], [0.0, 1.0, 0.0], [0.0, 0.0, 0.0]], "T_e": [0, 90, 86, 57, 72, 76, 73, 79, 61, 0], "T_t": [[0.0, 24.839484696748443, 95.524865872714, 26.1725046566048, 89.02246907382428, 93.04837451562494, 84.52810183601665, 86.33075929238663, 92.04890004774636, 54.78138369920935], [24.839484696748443, 0.0, 71.11961754677819, 14.7648230602334, 64.20280367709809, 83.81527307120105, 60.74537019394976, 63.953107821277925, 69.87131027825369, 32.2490309931942], [95.524865872714, 71.11961754677819, 0.0, 72.47068372797375, 13.416407864998739, 82.15229759416349, 13.416407864998739, 22.0, 22.80350850198276, 42.44997055358225], [26.1725046566048, 14.7648230602334, 72.47068372797375, 0.0, 68.11754546370561, 70.83078426785913, 60.4648658313239, 60.92618484691127, 66.48308055437865, 30.23243291566195], [89.02246907382428, 64.20280367709809, 13.416407864998739, 68.11754546370561, 0.0, 89.62700485902673, 18.973665961010276, 30.463092423455635, 33.28663395418648, 39.824615503479755], [93.04837451562494, 83.81527307120105, 82.15229759416349, 70.83078426785913, 89.62700485902673, 0.0, 70.8590149522275, 60.207972893961475, 60.00833275470999, 64.07027391856539], [84.52810183601665, 60.74537019394976, 13.416407864998739, 60.4648658313239, 18.973665961010276, 70.8590149522275, 0.0, 11.661903789690601, 15.620499351813308, 30.23243291566195], [86.33075929238663, 63.953107821277925, 22.0, 60.92618484691127, 30.463092423455635, 60.207972893961475, 11.661903789690601, 0.0, 6.0, 31.78049716414141], [92.04890004774636, 69.87131027825369, 22.80350850198276, 66.48308055437865, 33.28663395418648, 60.00833275470999, 15.620499351813308, 6.0, 0.0, 37.656340767525464], [54.78138369920935, 32.2490309931942, 42.44997055358225, 30.23243291566195, 39.824615503479755, 64.07027391856539, 30.23243291566195, 31.78049716414141, 37.656340767525464, 0.0]], "task_locations": [[56, 94], [40, 75], [7, 12], [53, 68], [1, 24], [89, 7], [19, 18], [29, 12], [29, 6], [36, 43]], "precedence_constraints": [[4, 5], [2, 6], [8, 7]]}