{"Q": [[0, 1, 0], [1, 0, 1], [1, 0, 0]], "R": [[0.0, 0.0, 0.0], [1.0, 0.0, 1.0], [1.0, 1.0, 0.0], [1.0, 1.0, 1.0], [1.0, 1.0, 1.0], [0.0, 1.0, 1.0], [1.0, 1.0, 0.0], [1.0, 1.0, 1.0], [1.0, 0.0, 1.0], [0.0, 0.0, 0.0]], "T_e": [0, 88, 93, 69, 53, 78, 50, 70, 84, 0], "T_t": [[0.0, 51.62363799656123, 67.17886572427373, 52.630789467763066, 55.78530272392541, 25.0, 40.80441152620633, 41.10960958218893, 69.35416353759881, 13.0], [51.62363799656123, 0.0, 40.19950248448356, 90.24965373894794, 59.033888572581766, 67.08203932499369, 85.5102333057278, 71.11258679024411, 26.92582403567252, 51.24451190127583], [67.17886572427373, 40.19950248448356, 0.0, 80.30566605165541, 33.54101966249684, 68.0294054067798, 83.5224520712844, 60.67124524847005, 20.518284528683193, 58.60034129593445], [52.630789467763066, 90.24965373894794, 80.30566605165541, 0.0, 48.76474136094644, 27.65863337187866, 17.0, 20.09975124224178, 94.33981132056604, 43.278170016764804], [55.78530272392541, 59.033888572581766, 33.54101966249684, 48.76474136094644, 0.0, 44.68780594300866, 55.758407437802596, 30.886890422961002, 51.478150704935004, 43.32435804486894], [25.0, 67.08203932499369, 68.0294054067798, 27.65863337187866, 44.68780594300866, 0.0, 18.439088914585774, 19.1049731745428, 77.10382610480494, 16.55294535724685], [40.80441152620633, 85.5102333057278, 83.5224520712844, 17.0, 55.758407437802596, 18.439088914585774, 0.0, 25.0, 94.42986815621421, 34.785054261852174], [41.10960958218893, 71.11258679024411, 60.67124524847005, 20.09975124224178, 30.886890422961002, 19.1049731745428, 25.0, 0.0, 74.24284477308234, 29.068883707497267], [69.35416353759881, 26.92582403567252, 20.518284528683193, 94.33981132056604, 51.478150704935004, 77.10382610480494, 94.42986815621421, 74.24284477308234, 0.0, 64.19501538281614], [13.0, 51.24451190127583, 58.60034129593445, 43.278170016764804, 43.32435804486894, 16.55294535724685, 34.785054261852174, 29.068883707497267, 64.19501538281614, 0.0]], "task_locations": [[61, 56], [10, 48], [14, 8], [94, 15], [47, 2], [76, 36], [94, 32], [74, 17], [0, 23], [61, 43]], "precedence_constraints": [[5, 8]]}