{"Q": [[0, 1, 1], [1, 1, 1], [0, 0, 1]], "R": [[0.0, 0.0, 0.0], [1.0, 0.0, 1.0], [0.0, 0.0, 1.0], [1.0, 0.0, 1.0], [1.0, 0.0, 1.0], [0.0, 0.0, 1.0], [1.0, 0.0, 1.0], [0.0, 1.0, 0.0], [1.0, 1.0, 1.0], [0.0, 0.0, 0.0]], "T_e": [0, 84, 77, 68, 57, 67, 94, 51, 65, 0], "T_t": [[0.0, 52.92447448959697, 87.46427842267951, 9.486832980505138, 109.63576058932597, 75.66372975210778, 29.068883707497267, 82.86132994346639, 87.82368700982668, 89.06739021662193], [52.92447448959697, 0.0, 78.03204469959762, 47.29693436154187, 68.6804193347711, 47.53945729601885, 51.78802950489621, 63.694583757176716, 38.8329756778952, 37.013511046643494], [87.46427842267951, 78.03204469959762, 0.0, 78.23042886243178, 59.00847396772772, 35.0, 59.033888572581766, 17.88854381999832, 108.2081327812286, 81.83520025025906], [9.486832980505138, 47.29693436154187, 78.23042886243178, 0.0, 100.7670581092849, 66.37017402418047, 20.615528128088304, 73.37574531137656, 84.0535543567314, 82.34682750416071], [109.63576058932597, 68.6804193347711, 59.00847396772772, 100.7670581092849, 0.0, 36.89173349139343, 90.27181176868004, 43.56604182158393, 76.40026177965623, 44.14748010928823], [75.66372975210778, 47.53945729601885, 35.0, 66.37017402418047, 36.89173349139343, 0.0, 53.75872022286245, 17.69180601295413, 73.59347797189639, 47.01063709417264], [29.068883707497267, 51.78802950489621, 59.033888572581766, 20.615528128088304, 90.27181176868004, 53.75872022286245, 0.0, 56.824290580701486, 90.60905032059435, 81.21576201698781], [82.86132994346639, 63.694583757176716, 17.88854381999832, 73.37574531137656, 43.56604182158393, 17.69180601295413, 56.824290580701486, 0.0, 91.28526715741155, 64.07027391856539], [87.82368700982668, 38.8329756778952, 108.2081327812286, 84.0535543567314, 76.40026177965623, 73.59347797189639, 90.60905032059435, 91.28526715741155, 0.0, 32.28002478313795], [89.06739021662193, 37.013511046643494, 81.83520025025906, 82.34682750416071, 44.14748010928823, 47.01063709417264, 81.21576201698781, 64.07027391856539, 32.28002478313795, 0.0]], "task_locations": [[89, 89], [69, 40], [2, 80], [80, 86], [3, 21], [23, 52], [60, 91], [10, 64], [77, 2], [46, 11]], "precedence_constraints": [[6, 3], [5, 7], [8, 1], [7, 1]]}