{"Q": [[1, 0, 0], [1, 1, 0], [0, 1, 1]], "R": [[0.0, 0.0, 0.0], [1.0, 1.0, 1.0], [1.0, 1.0, 0.0], [0.0, 1.0, 1.0], [0.0, 1.0, 1.0], [1.0, 1.0, 1.0], [1.0, 1.0, 0.0], [1.0, 0.0, 0.0], [1.0, 1.0, 1.0], [0.0, 0.0, 0.0]], "T_e": [0, 84, 87, 57, 98, 68, 58, 76, 60, 0], "T_t": [[0.0, 103.36827366266692, 79.71198153351854, 98.47842403288143, 91.26883367283708, 63.788713735268246, 76.89603370785778, 78.81624198095213, 114.33722053644648, 113.37107214805724], [103.36827366266692, 0.0, 74.24957912338628, 26.1725046566048, 99.36297097007517, 42.5205832509386, 73.00684899377592, 30.14962686336267, 49.658836071740545, 14.560219778561036], [79.71198153351854, 74.24957912338628, 0.0, 90.9065454189081, 25.612496949731394, 69.46221994724903, 3.0, 47.01063709417264, 47.80167361086848, 73.24616030891995], [98.47842403288143, 26.1725046566048, 90.9065454189081, 0.0, 116.51609330903607, 35.05709628591621, 89.02246907382428, 43.93176527297759, 74.94664769020693, 40.01249804748511], [91.26883367283708, 99.36297097007517, 25.612496949731394, 116.51609330903607, 0.0, 93.81364506296512, 27.586228448267445, 72.62231062146122, 66.06814663663572, 97.14422267947796], [63.788713735268246, 42.5205832509386, 69.46221994724903, 35.05709628591621, 93.81364506296512, 0.0, 66.88796603276258, 31.064449134018133, 73.824115301167, 55.31726674375732], [76.89603370785778, 73.00684899377592, 3.0, 89.02246907382428, 27.586228448267445, 66.88796603276258, 0.0, 45.221676218380054, 48.703182647543684, 72.56721022610694], [78.81624198095213, 30.14962686336267, 47.01063709417264, 43.93176527297759, 72.62231062146122, 31.064449134018133, 45.221676218380054, 0.0, 42.95346318982906, 35.73513677041127], [114.33722053644648, 49.658836071740545, 47.80167361086848, 74.94664769020693, 66.06814663663572, 73.824115301167, 48.703182647543684, 42.95346318982906, 0.0, 39.824615503479755], [113.37107214805724, 14.560219778561036, 73.24616030891995, 40.01249804748511, 97.14422267947796, 55.31726674375732, 72.56721022610694, 35.73513677041127, 39.824615503479755, 0.0]], "task_locations": [[3, 98], [46, 4], [78, 71], [20, 1], [94, 91], [18, 36], [75, 71], [49, 34], [91, 25], [60, 0]], "precedence_constraints": [[4, 8], [5, 8], [3, 2]]}