{"Q": [[0, 0, 1], [0, 1, 0], [1, 1, 0]], "R": [[0.0, 0.0, 0.0], [1.0, 0.0, 0.0], [0.0, 1.0, 0.0], [0.0, 1.0, 0.0], [1.0, 1.0, 0.0], [0.0, 1.0, 0.0], [0.0, 0.0, 1.0], [0.0, 1.0, 1.0], [1.0, 0.0, 1.0], [0.0, 0.0, 0.0]], "T_e": [0, 51, 69, 87, 95, 76, 78, 85, 79, 0], "T_t": [[0.0, 106.88779163215975, 83.5224520712844, 72.20110802473879, 95.1892851112981, 55.362442142665635, 35.35533905932738, 80.8084154033477, 76.05918747922567, 82.76472678623425], [106.88779163215975, 0.0, 48.010415536631214, 38.62641583165593, 79.62411694957753, 63.245553203367585, 71.58910531638176, 26.1725046566048, 76.10519036176179, 40.01249804748511], [83.5224520712844, 48.010415536631214, 0.0, 50.24937810560445, 33.54101966249684, 67.11929677819934, 55.00909015790027, 34.66987164671943, 92.91393867445294, 63.89053137985315], [72.20110802473879, 38.62641583165593, 50.24937810560445, 0.0, 82.46211251235322, 24.73863375370596, 37.589892258425, 18.681541692269406, 43.86342439892262, 15.524174696260024], [95.1892851112981, 79.62411694957753, 33.54101966249684, 82.46211251235322, 0.0, 95.60334722173695, 76.55716818169282, 68.09552114493287, 123.23960402403117, 96.83491106000976], [55.362442142665635, 63.245553203367585, 67.11929677819934, 24.73863375370596, 95.60334722173695, 0.0, 27.65863337187866, 42.01190307520001, 28.844410203711913, 29.0], [35.35533905932738, 71.58910531638176, 55.00909015790027, 37.589892258425, 76.55716818169282, 27.65863337187866, 0.0, 45.60701700396552, 55.54277630799526, 50.0], [80.8084154033477, 26.1725046566048, 34.66987164671943, 18.681541692269406, 68.09552114493287, 42.01190307520001, 45.60701700396552, 0.0, 62.39390995922599, 29.732137494637012], [76.05918747922567, 76.10519036176179, 92.91393867445294, 43.86342439892262, 123.23960402403117, 28.844410203711913, 55.54277630799526, 62.39390995922599, 0.0, 36.124783736376884], [82.76472678623425, 40.01249804748511, 63.89053137985315, 15.524174696260024, 96.83491106000976, 29.0, 50.0, 29.732137494637012, 36.124783736376884, 0.0]], "task_locations": [[76, 95], [4, 16], [52, 15], [18, 52], [82, 0], [24, 76], [51, 70], [23, 34], [0, 92], [3, 56]], "precedence_constraints": [[7, 2]]}