{"Q": [[1, 1, 0], [0, 0, 1], [0, 0, 1]], "R": [[0.0, 0.0, 0.0], [0.0, 1.0, 1.0], [1.0, 0.0, 1.0], [0.0, 1.0, 0.0], [0.0, 1.0, 0.0], [1.0, 1.0, 0.0], [0.0, 1.0, 0.0], [0.0, 0.0, 1.0], [1.0, 0.0, 0.0], [0.0, 0.0, 0.0]], "T_e": [0, 70, 86, 82, 59, 63, 84, 67, 57, 0], "T_t": [[0.0, 45.880278987817846, 38.3275357934736, 36.235341863986875, 42.5205832509386, 53.665631459994955, 42.04759208325728, 56.293871780150276, 12.165525060596439, 20.024984394500787], [45.880278987817846, 0.0, 81.05553651663777, 32.31098884280702, 77.46612162745726, 11.704699910719626, 7.810249675906654, 70.0, 52.354560450833695, 26.832815729997478], [38.3275357934736, 81.05553651663777, 0.0, 74.09453421137081, 18.681541692269406, 86.14522621712709, 75.4254598925323, 51.478150704935004, 41.340053217188775, 57.706152185014034], [36.235341863986875, 32.31098884280702, 74.09453421137081, 0.0, 78.2368199762746, 44.01136216933077, 35.510561809129406, 84.38009243891595, 34.36568055487916, 21.633307652783937], [42.5205832509386, 77.46612162745726, 18.681541692269406, 78.2368199762746, 0.0, 80.09993757800315, 70.71067811865476, 33.60059523282288, 50.0, 58.59180830116101], [53.665631459994955, 11.704699910719626, 86.14522621712709, 44.01136216933077, 80.09993757800315, 0.0, 11.661903789690601, 67.53517601961218, 61.61168720299745, 36.235341863986875], [42.04759208325728, 7.810249675906654, 75.4254598925323, 35.510561809129406, 70.71067811865476, 11.661903789690601, 0.0, 62.20128616033595, 50.0, 24.758836806279895], [56.293871780150276, 70.0, 51.478150704935004, 84.38009243891595, 33.60059523282288, 67.53517601961218, 62.20128616033595, 0.0, 67.7421582177598, 62.76941930590086], [12.165525060596439, 52.354560450833695, 41.340053217188775, 34.36568055487916, 50.0, 61.61168720299745, 50.0, 67.7421582177598, 0.0, 25.553864678361276], [20.024984394500787, 26.832815729997478, 57.706152185014034, 21.633307652783937, 58.59180830116101, 36.235341863986875, 24.758836806279895, 62.76941930590086, 25.553864678361276, 0.0]], "task_locations": [[57, 41], [44, 85], [47, 4], [74, 73], [29, 9], [33, 89], [39, 79], [2, 29], [69, 39], [56, 61]], "precedence_constraints": [[7, 2], [8, 1], [3, 5], [2, 5], [7, 5], [6, 2]]}