{"Q": [[0, 1, 1], [1, 0, 0], [1, 1, 1]], "R": [[0.0, 0.0, 0.0], [1.0, 0.0, 1.0], [1.0, 0.0, 0.0], [1.0, 1.0, 1.0], [1.0, 0.0, 1.0], [1.0, 1.0, 1.0], [0.0, 0.0, 1.0], [0.0, 1.0, 0.0], [0.0, 0.0, 1.0], [0.0, 0.0, 0.0]], "T_e": [0, 89, 91, 97, 53, 97, 67, 78, 99, 0], "T_t": [[0.0, 39.6232255123179, 55.758407437802596, 43.41658669218482, 65.60487786742691, 39.56008088970496, 36.235341863986875, 55.47071299343465, 62.76941930590086, 43.41658669218482], [39.6232255123179, 0.0, 62.297672508690084, 82.80700453464067, 27.313000567495326, 65.73431371817918, 52.009614495783374, 60.440052945046304, 31.400636936215164, 28.0178514522438], [55.758407437802596, 62.297672508690084, 0.0, 81.05553651663777, 70.178344238091, 94.82615672903758, 20.248456731316587, 108.90362712049586, 55.10898293381942, 36.22154055254967], [43.41658669218482, 82.80700453464067, 81.05553651663777, 0.0, 109.01834707974616, 41.10960958218893, 62.12889826803627, 73.06161783043132, 105.19030373565806, 83.773504164503], [65.60487786742691, 27.313000567495326, 70.178344238091, 109.01834707974616, 0.0, 92.72000862812729, 67.4166151627327, 83.21658488546619, 17.08800749063506, 35.17101079013795], [39.56008088970496, 65.73431371817918, 94.82615672903758, 41.10960958218893, 92.72000862812729, 0.0, 74.79304780526061, 32.55764119219941, 95.524865872714, 80.39900496896712], [36.235341863986875, 52.009614495783374, 20.248456731316587, 62.12889826803627, 67.4166151627327, 74.79304780526061, 0.0, 90.78546139112804, 55.758407437802596, 32.64965543462902], [55.47071299343465, 60.440052945046304, 108.90362712049586, 73.06161783043132, 83.21658488546619, 32.55764119219941, 90.78546139112804, 0.0, 91.67878707749138, 84.11896337925236], [62.76941930590086, 31.400636936215164, 55.10898293381942, 105.19030373565806, 17.08800749063506, 95.524865872714, 55.758407437802596, 91.67878707749138, 0.0, 23.430749027719962], [43.41658669218482, 28.0178514522438, 36.22154055254967, 83.773504164503, 35.17101079013795, 80.39900496896712, 32.64965543462902, 84.11896337925236, 23.430749027719962, 0.0]], "task_locations": [[54, 61], [25, 34], [84, 14], [81, 95], [14, 9], [40, 98], [77, 33], [8, 92], [30, 3], [48, 18]], "precedence_constraints": [[1, 7], [7, 2], [1, 2]]}