{"Q": [[1, 1, 0], [0, 1, 0], [0, 1, 1]], "R": [[0.0, 0.0, 0.0], [1.0, 0.0, 1.0], [0.0, 1.0, 0.0], [0.0, 1.0, 0.0], [1.0, 0.0, 0.0], [1.0, 0.0, 0.0], [1.0, 1.0, 1.0], [1.0, 1.0, 0.0], [1.0, 1.0, 0.0], [0.0, 0.0, 0.0]], "T_e": [0, 59, 89, 55, 97, 73, 86, 54, 78, 0], "T_t": [[0.0, 53.225933528685054, 48.75448697299562, 74.62573282722254, 91.2633551870629, 68.9492567037528, 47.43416490252569, 86.68333173107735, 74.67261881037788, 50.0], [53.225933528685054, 0.0, 4.47213595499958, 64.76109943476871, 79.71198153351854, 91.48223871331527, 65.45991139621256, 35.05709628591621, 53.71219600798314, 87.36704184073076], [48.75448697299562, 4.47213595499958, 0.0, 63.89053137985315, 79.30952023559341, 88.52683209061533, 62.36184731067546, 39.20459156782532, 53.71219600798314, 83.52843827104634], [74.62573282722254, 64.76109943476871, 63.89053137985315, 0.0, 16.97056274847714, 47.16990566028302, 36.013886210738214, 68.00735254367721, 15.652475842498529, 63.788713735268246], [91.2633551870629, 79.71198153351854, 79.30952023559341, 16.97056274847714, 0.0, 53.600373133029585, 49.72926703662542, 77.41446893184762, 26.476404589747453, 75.02666192761077], [68.9492567037528, 91.48223871331527, 88.52683209061533, 47.16990566028302, 53.600373133029585, 0.0, 26.30589287593181, 108.16653826391968, 61.07372593840988, 27.459060435491963], [47.43416490252569, 65.45991139621256, 62.36184731067546, 36.013886210738214, 49.72926703662542, 26.30589287593181, 0.0, 85.0411665018772, 44.9221548904324, 29.154759474226502], [86.68333173107735, 35.05709628591621, 39.20459156782532, 68.00735254367721, 77.41446893184762, 108.16653826391968, 85.0411665018772, 0.0, 52.630789467763066, 111.8659912573969], [74.67261881037788, 53.71219600798314, 53.71219600798314, 15.652475842498529, 26.476404589747453, 61.07372593840988, 44.9221548904324, 52.630789467763066, 0.0, 74.0], [50.0, 87.36704184073076, 83.52843827104634, 63.788713735268246, 75.02666192761077, 27.459060435491963, 29.154759474226502, 111.8659912573969, 74.0, 0.0]], "task_locations": [[30, 95], [7, 47], [9, 51], [70, 32], [82, 20], [95, 72], [69, 68], [5, 12], [56, 25], [80, 95]], "precedence_constraints": [[4, 2], [4, 3], [5, 2]]}