{"Q": [[0, 1, 1], [1, 0, 1], [1, 1, 0]], "R": [[0.0, 0.0, 0.0], [1.0, 0.0, 0.0], [1.0, 0.0, 1.0], [0.0, 1.0, 0.0], [0.0, 1.0, 0.0], [0.0, 0.0, 1.0], [1.0, 1.0, 1.0], [1.0, 0.0, 1.0], [1.0, 1.0, 0.0], [0.0, 0.0, 0.0]], "T_e": [0, 96, 85, 99, 92, 54, 62, 72, 59, 0], "T_t": [[0.0, 40.70626487409524, 53.75872022286245, 53.33854141237835, 18.027756377319946, 39.11521443121589, 37.44329045369811, 19.6468827043885, 87.65842800324451, 98.6154146165801], [40.70626487409524, 0.0, 58.008620049092706, 12.806248474865697, 50.93132631298737, 40.11234224026316, 19.209372712298546, 22.02271554554524, 72.42237223399962, 57.982756057296896], [53.75872022286245, 58.008620049092706, 0.0, 66.61080993352356, 41.677331968349414, 18.439088914585774, 71.80529228406496, 47.53945729601885, 41.012193308819754, 101.11874208078342], [53.33854141237835, 12.806248474865697, 66.61080993352356, 0.0, 63.63961030678928, 49.72926703662542, 25.317977802344327, 34.828149534535996, 74.24957912338628, 45.27692569068709], [18.027756377319946, 50.93132631298737, 41.677331968349414, 63.63961030678928, 0.0, 32.14031735997639, 52.92447448959697, 29.206163733020468, 80.0812087820857, 108.07404868885037], [39.11521443121589, 40.11234224026316, 18.439088914585774, 49.72926703662542, 32.14031735997639, 0.0, 53.36665625650534, 29.5296461204668, 48.84669896727925, 88.0056816347672], [37.44329045369811, 19.209372712298546, 71.80529228406496, 25.317977802344327, 52.92447448959697, 53.36665625650534, 0.0, 26.076809620810597, 91.0494371207203, 66.76076692189807], [19.6468827043885, 22.02271554554524, 47.53945729601885, 34.828149534535996, 29.206163733020468, 29.5296461204668, 26.076809620810597, 0.0, 74.2024258363566, 79.88116173416608], [87.65842800324451, 72.42237223399962, 41.012193308819754, 74.24957912338628, 80.0812087820857, 48.84669896727925, 91.0494371207203, 74.2024258363566, 0.0, 90.27181176868004], [98.6154146165801, 57.982756057296896, 101.11874208078342, 45.27692569068709, 108.07404868885037, 88.0056816347672, 66.76076692189807, 79.88116173416608, 90.27181176868004, 0.0]], "task_locations": [[59, 86], [40, 50], [98, 49], [32, 40], [77, 85], [80, 53], [28, 65], [54, 67], [99, 8], [9, 1]], "precedence_constraints": [[2, 3], [6, 3], [2, 7], [4, 2]]}