{"Q": [[0, 1, 1], [0, 1, 0], [1, 1, 1]], "R": [[0.0, 0.0, 0.0], [0.0, 1.0, 0.0], [0.0, 1.0, 1.0], [0.0, 0.0, 1.0], [1.0, 0.0, 1.0], [1.0, 0.0, 0.0], [0.0, 1.0, 0.0], [0.0, 0.0, 1.0], [1.0, 0.0, 0.0], [0.0, 0.0, 0.0]], "T_e": [0, 90, 89, 88, 69, 97, 75, 50, 98, 0], "T_t": [[0.0, 55.226805085936306, 12.806248474865697, 42.42640687119285, 13.92838827718412, 56.04462507680822, 30.805843601498726, 42.42640687119285, 41.012193308819754, 40.496913462633174], [55.226805085936306, 0.0, 42.638011210655684, 13.038404810405298, 61.61168720299745, 53.600373133029585, 68.6804193347711, 71.34423592694787, 42.190046219457976, 27.018512172212592], [12.806248474865697, 42.638011210655684, 0.0, 29.732137494637012, 23.194827009486403, 52.354560450833695, 33.95585369269929, 42.941821107167776, 32.28002478313795, 28.635642126552707], [42.42640687119285, 13.038404810405298, 29.732137494637012, 0.0, 49.73932046178355, 51.0, 56.293871780150276, 60.0, 32.89376840679705, 17.88854381999832], [13.92838827718412, 61.61168720299745, 23.194827009486403, 49.73932046178355, 0.0, 49.040799340956916, 43.139309220245984, 55.44366510251645, 54.3323108288245, 51.78802950489621], [56.04462507680822, 53.600373133029585, 52.354560450833695, 51.0, 49.040799340956916, 0.0, 85.61541917201598, 95.29428104561154, 78.49203781276162, 66.40030120413611], [30.805843601498726, 68.6804193347711, 33.95585369269929, 56.293871780150276, 43.139309220245984, 85.61541917201598, 0.0, 13.0, 33.24154027718932, 43.829214001622255], [42.42640687119285, 71.34423592694787, 42.941821107167776, 60.0, 55.44366510251645, 95.29428104561154, 13.0, 0.0, 31.016124838541646, 44.721359549995796], [41.012193308819754, 42.190046219457976, 32.28002478313795, 32.89376840679705, 54.3323108288245, 78.49203781276162, 33.24154027718932, 31.016124838541646, 0.0, 15.297058540778355], [40.496913462633174, 27.018512172212592, 28.635642126552707, 17.88854381999832, 51.78802950489621, 66.40030120413611, 43.829214001622255, 44.721359549995796, 15.297058540778355, 0.0]], "task_locations": [[56, 58], [93, 17], [66, 50], [86, 28], [43, 53], [41, 4], [74, 83], [86, 88], [97, 59], [94, 44]], "precedence_constraints": [[6, 3], [4, 2], [3, 8], [2, 5]]}