{"Q": [[1, 1, 1], [0, 1, 0], [0, 1, 0]], "R": [[0.0, 0.0, 0.0], [0.0, 1.0, 0.0], [1.0, 1.0, 0.0], [1.0, 0.0, 1.0], [1.0, 1.0, 0.0], [0.0, 1.0, 1.0], [1.0, 0.0, 0.0], [1.0, 0.0, 1.0], [0.0, 0.0, 1.0], [0.0, 0.0, 0.0]], "T_e": [0, 91, 79, 83, 75, 57, 80, 74, 53, 0], "T_t": [[0.0, 17.11724276862369, 31.76476034853718, 31.78049716414141, 30.265491900843113, 37.107950630558946, 35.73513677041127, 80.7093550959243, 31.827660925679098, 32.2490309931942], [17.11724276862369, 0.0, 41.23105625617661, 27.294688127912362, 13.152946437965905, 21.95449840010015, 32.55764119219941, 70.77428911688199, 21.587033144922902, 36.61966684720111], [31.76476034853718, 41.23105625617661, 0.0, 28.0178514522438, 51.0, 63.00793600809346, 26.68332812825267, 71.56116265125938, 37.33630940518894, 11.704699910719626], [31.78049716414141, 27.294688127912362, 28.0178514522438, 0.0, 30.23243291566195, 44.41846462902562, 5.385164807134504, 49.678969393496885, 10.816653826391969, 17.26267650163207], [30.265491900843113, 13.152946437965905, 51.0, 30.23243291566195, 0.0, 14.317821063276353, 35.510561809129406, 64.76109943476871, 20.615528128088304, 44.04543109109048], [37.107950630558946, 21.95449840010015, 63.00793600809346, 44.41846462902562, 14.317821063276353, 0.0, 49.73932046178355, 76.53103945458993, 34.92849839314596, 57.28001396647874], [35.73513677041127, 32.55764119219941, 26.68332812825267, 5.385164807134504, 35.510561809129406, 49.73932046178355, 0.0, 47.38143096192854, 15.556349186104045, 15.132745950421556], [80.7093550959243, 70.77428911688199, 71.56116265125938, 49.678969393496885, 64.76109943476871, 76.53103945458993, 47.38143096192854, 0.0, 49.64876634922564, 60.21627686929839], [31.827660925679098, 21.587033144922902, 37.33630940518894, 10.816653826391969, 20.615528128088304, 34.92849839314596, 15.556349186104045, 49.64876634922564, 0.0, 27.51363298439521], [32.2490309931942, 36.61966684720111, 11.704699910719626, 17.26267650163207, 44.04543109109048, 57.28001396647874, 15.132745950421556, 60.21627686929839, 27.51363298439521, 0.0]], "task_locations": [[56, 27], [39, 29], [71, 55], [43, 56], [26, 31], [20, 18], [45, 61], [11, 94], [34, 50], [60, 59]], "precedence_constraints": [[4, 5], [5, 2], [7, 6]]}