{"Q": [[1, 0, 0], [1, 0, 0], [1, 1, 1]], "R": [[0.0, 0.0, 0.0], [1.0, 0.0, 1.0], [0.0, 0.0, 1.0], [1.0, 1.0, 0.0], [1.0, 1.0, 1.0], [1.0, 1.0, 0.0], [1.0, 1.0, 0.0], [1.0, 1.0, 0.0], [1.0, 1.0, 0.0], [0.0, 0.0, 0.0]], "T_e": [0, 52, 66, 57, 98, 57, 58, 82, 56, 0], "T_t": [[0.0, 60.166435825965294, 48.27007354458868, 56.0357029044876, 42.2965719651132, 55.54277630799526, 51.0, 53.46026561849464, 55.326304774492215, 14.317821063276353], [60.166435825965294, 0.0, 82.37718130647589, 72.11102550927978, 22.02271554554524, 102.6498904042279, 22.561028345356956, 89.58794561770016, 16.0312195418814, 51.31276644267], [48.27007354458868, 82.37718130647589, 0.0, 21.02379604162864, 60.53924347066124, 25.0, 61.71709649683789, 7.211102550927978, 68.8839603971781, 41.048751503547585], [56.0357029044876, 72.11102550927978, 21.02379604162864, 0.0, 51.97114584074513, 45.70557952810576, 49.76946855251722, 25.96150997149434, 56.859475903318, 44.28317965096906], [42.2965719651132, 22.02271554554524, 60.53924347066124, 51.97114584074513, 0.0, 80.65977932030313, 10.295630140987, 67.7421582177598, 13.038404810405298, 31.016124838541646], [55.54277630799526, 102.6498904042279, 25.0, 45.70557952810576, 80.65977932030313, 0.0, 83.73768566183328, 20.024984394500787, 90.68627239003708, 54.589376255824725], [51.0, 22.561028345356956, 61.71709649683789, 49.76946855251722, 10.295630140987, 83.73768566183328, 0.0, 68.8839603971781, 7.211102550927978, 38.47076812334269], [53.46026561849464, 89.58794561770016, 7.211102550927978, 25.96150997149434, 67.7421582177598, 20.024984394500787, 68.8839603971781, 0.0, 76.05918747922567, 47.38143096192854], [55.326304774492215, 16.0312195418814, 68.8839603971781, 56.859475903318, 13.038404810405298, 90.68627239003708, 7.211102550927978, 76.05918747922567, 0.0, 43.68065933568311], [14.317821063276353, 51.31276644267, 41.048751503547585, 44.28317965096906, 31.016124838541646, 54.589376255824725, 38.47076812334269, 47.38143096192854, 43.68065933568311, 0.0]], "task_locations": [[73, 24], [17, 2], [62, 71], [41, 70], [31, 19], [86, 78], [22, 24], [66, 77], [18, 18], [60, 30]], "precedence_constraints": [[7, 3]]}