{"Q": [[0, 0, 1], [0, 0, 1], [1, 1, 0]], "R": [[0.0, 0.0, 0.0], [0.0, 0.0, 1.0], [1.0, 0.0, 0.0], [1.0, 1.0, 0.0], [0.0, 0.0, 1.0], [1.0, 1.0, 0.0], [1.0, 1.0, 0.0], [0.0, 0.0, 1.0], [0.0, 0.0, 1.0], [0.0, 0.0, 0.0]], "T_e": [0, 98, 70, 89, 89, 54, 94, 61, 68, 0], "T_t": [[0.0, 109.87720418721983, 87.32124598286491, 97.67292357659824, 41.10960958218893, 99.02019995940222, 79.55501241279521, 98.18350166906862, 79.63039620647382, 32.01562118716424], [109.87720418721983, 0.0, 29.832867780352597, 55.54277630799526, 68.76772498781678, 18.0, 63.198101237299845, 81.27115109311545, 73.33484846919642, 85.47514258543241], [87.32124598286491, 29.832867780352597, 0.0, 32.01562118716424, 47.75981574503821, 13.038404810405298, 65.5133574166368, 89.02246907382428, 75.17978451685, 69.05070600652827], [97.67292357659824, 55.54277630799526, 32.01562118716424, 0.0, 65.62011886609167, 38.27531841800928, 96.21330469326995, 120.41594578792295, 105.43718509140881, 88.95504482602435], [41.10960958218893, 68.76772498781678, 47.75981574503821, 65.62011886609167, 0.0, 58.59180830116101, 51.19570294468082, 75.27283706623525, 56.08029957123981, 23.345235059857504], [99.02019995940222, 18.0, 13.038404810405298, 38.27531841800928, 58.59180830116101, 0.0, 67.06713054842886, 88.68483523128404, 77.1621668954417, 78.44743462982075], [79.55501241279521, 63.198101237299845, 65.5133574166368, 96.21330469326995, 51.19570294468082, 67.06713054842886, 0.0, 25.238858928247925, 10.198039027185569, 47.53945729601885], [98.18350166906862, 81.27115109311545, 89.02246907382428, 120.41594578792295, 75.27283706623525, 88.68483523128404, 25.238858928247925, 0.0, 19.4164878389476, 67.02984409947557], [79.63039620647382, 73.33484846919642, 75.17978451685, 105.43718509140881, 56.08029957123981, 77.1621668954417, 10.198039027185569, 19.4164878389476, 0.0, 48.041648597857254], [32.01562118716424, 85.47514258543241, 69.05070600652827, 88.95504482602435, 23.345235059857504, 78.44743462982075, 47.53945729601885, 67.02984409947557, 48.041648597857254, 0.0]], "task_locations": [[1, 0], [84, 72], [77, 43], [97, 18], [32, 27], [84, 54], [21, 77], [7, 98], [11, 79], [9, 31]], "precedence_constraints": [[7, 2], [8, 6], [8, 2], [3, 5], [1, 4], [3, 4]]}