{"Q": [[1, 1, 1], [0, 0, 1], [0, 1, 1]], "R": [[0.0, 0.0, 0.0], [0.0, 1.0, 1.0], [0.0, 1.0, 0.0], [1.0, 1.0, 0.0], [1.0, 0.0, 0.0], [0.0, 0.0, 1.0], [0.0, 0.0, 1.0], [0.0, 1.0, 0.0], [1.0, 1.0, 0.0], [0.0, 0.0, 0.0]], "T_e": [0, 54, 87, 80, 69, 91, 83, 61, 51, 0], "T_t": [[0.0, 68.5054742338158, 23.08679276123039, 58.42088667591412, 30.4138126514911, 43.139309220245984, 57.0, 44.384682042344295, 59.033888572581766, 55.0], [68.5054742338158, 0.0, 60.876925020897694, 45.0111097397076, 71.84705978674423, 88.36288813749809, 60.08327554319921, 50.96076922496363, 50.15974481593781, 59.481089431852205], [23.08679276123039, 60.876925020897694, 0.0, 67.08203932499369, 12.649110640673518, 29.832867780352597, 34.058772731852805, 56.4003546088143, 37.33630940518894, 32.0624390837628], [58.42088667591412, 45.0111097397076, 67.08203932499369, 0.0, 79.62411694957753, 96.38464608017192, 86.37129152675674, 15.524174696260024, 80.2122185206219, 84.8999411071645], [30.4138126514911, 71.84705978674423, 12.649110640673518, 79.62411694957753, 0.0, 17.26267650163207, 33.1058907144937, 68.5054742338158, 39.824615503479755, 31.304951684997057], [43.139309220245984, 88.36288813749809, 29.832867780352597, 96.38464608017192, 17.26267650163207, 0.0, 41.10960958218893, 84.59905436823747, 50.47771785649585, 39.824615503479755], [57.0, 60.08327554319921, 34.058772731852805, 86.37129152675674, 33.1058907144937, 41.10960958218893, 0.0, 80.45495634204272, 11.045361017187261, 2.0], [44.384682042344295, 50.96076922496363, 56.4003546088143, 15.524174696260024, 68.5054742338158, 84.59905436823747, 80.45495634204272, 0.0, 76.05918747922567, 78.77182237323191], [59.033888572581766, 50.15974481593781, 37.33630940518894, 80.2122185206219, 39.824615503479755, 50.47771785649585, 11.045361017187261, 76.05918747922567, 0.0, 11.40175425099138], [55.0, 59.481089431852205, 32.0624390837628, 84.8999411071645, 31.304951684997057, 39.824615503479755, 2.0, 78.77182237323191, 11.40175425099138, 0.0]], "task_locations": [[32, 67], [89, 29], [30, 44], [90, 74], [18, 40], [1, 37], [32, 10], [75, 78], [43, 9], [32, 12]], "precedence_constraints": [[7, 8]]}