{"Q": [[1, 1, 1], [0, 1, 0], [1, 0, 0]], "R": [[0.0, 0.0, 0.0], [0.0, 0.0, 1.0], [1.0, 0.0, 0.0], [1.0, 0.0, 0.0], [1.0, 1.0, 0.0], [1.0, 0.0, 1.0], [0.0, 0.0, 1.0], [1.0, 1.0, 0.0], [0.0, 0.0, 1.0], [0.0, 0.0, 0.0]], "T_e": [0, 83, 95, 94, 91, 79, 88, 75, 75, 0], "T_t": [[0.0, 64.20280367709809, 71.47027354082255, 94.64142856064674, 70.09279563550022, 17.88854381999832, 63.387695966961914, 75.95393340703298, 19.849433241279208, 57.245087125446844], [64.20280367709809, 0.0, 63.324560795950255, 35.90264614203248, 13.601470508735444, 69.81403870282824, 34.17601498127012, 53.075418038862395, 70.9365914038728, 20.223748416156685], [71.47027354082255, 63.324560795950255, 0.0, 96.42095207992918, 76.92203845452875, 60.29925372672534, 29.427877939124322, 112.0044641967453, 90.07774419910837, 43.32435804486894], [94.64142856064674, 35.90264614203248, 96.42095207992918, 0.0, 25.059928172283335, 103.4456378974, 67.11929677819934, 47.01063709417264, 95.90099061010788, 55.226805085936306], [70.09279563550022, 13.601470508735444, 76.92203845452875, 25.059928172283335, 0.0, 78.39005038906404, 47.75981574503821, 41.88078318274385, 73.24616030891995, 33.734255586866], [17.88854381999832, 69.81403870282824, 60.29925372672534, 103.4456378974, 78.39005038906404, 0.0, 59.61543424315552, 91.08786966440702, 37.013511046643494, 57.8013840664737], [63.387695966961914, 34.17601498127012, 29.427877939124322, 67.11929677819934, 47.75981574503821, 59.61543424315552, 0.0, 85.0, 78.23042886243178, 15.0], [75.95393340703298, 53.075418038862395, 112.0044641967453, 47.01063709417264, 41.88078318274385, 91.08786966440702, 85.0, 0.0, 67.62396025078685, 70.0], [19.849433241279208, 70.9365914038728, 90.07774419910837, 95.90099061010788, 73.24616030891995, 37.013511046643494, 78.23042886243178, 67.62396025078685, 0.0, 69.26037828369117], [57.245087125446844, 20.223748416156685, 43.32435804486894, 55.226805085936306, 33.734255586866, 57.8013840664737, 15.0, 70.0, 69.26037828369117, 0.0]], "task_locations": [[76, 29], [37, 80], [98, 97], [2, 88], [24, 76], [92, 37], [69, 92], [1, 41], [63, 14], [57, 83]], "precedence_constraints": [[8, 6], [7, 3], [1, 5], [1, 8], [2, 1], [2, 4]]}