{"Q": [[0, 1, 1], [0, 1, 0], [1, 1, 0]], "R": [[0.0, 0.0, 0.0], [0.0, 0.0, 1.0], [1.0, 0.0, 0.0], [1.0, 0.0, 1.0], [1.0, 0.0, 0.0], [0.0, 1.0, 1.0], [1.0, 1.0, 0.0], [1.0, 1.0, 0.0], [0.0, 1.0, 0.0], [0.0, 0.0, 0.0]], "T_e": [0, 79, 59, 56, 72, 85, 55, 68, 52, 0], "T_t": [[0.0, 40.311288741492746, 60.207972893961475, 14.142135623730951, 45.60701700396552, 37.107950630558946, 19.924858845171276, 35.17101079013795, 62.36184731067546, 56.72741841473134], [40.311288741492746, 0.0, 69.85699678629192, 50.24937810560445, 7.0, 37.656340767525464, 52.80151512977634, 37.33630940518894, 32.89376840679705, 71.449282711585], [60.207972893961475, 69.85699678629192, 0.0, 72.42237223399962, 68.59300255857006, 32.28002478313795, 78.81624198095213, 32.89376840679705, 58.9406481131655, 8.54400374531753], [14.142135623730951, 50.24937810560445, 72.42237223399962, 0.0, 56.356011214421486, 51.19570294468082, 6.4031242374328485, 49.24428900898052, 75.50496672405067, 68.01470429252781], [45.60701700396552, 7.0, 68.59300255857006, 56.356011214421486, 0.0, 37.0, 59.23681287847955, 37.05401462729781, 26.40075756488817, 71.00704190430693], [37.107950630558946, 37.656340767525464, 32.28002478313795, 51.19570294468082, 37.0, 0.0, 57.0087712549569, 2.0, 35.38361202590826, 34.0147027033899], [19.924858845171276, 52.80151512977634, 78.81624198095213, 6.4031242374328485, 59.23681287847955, 57.0087712549569, 0.0, 55.08175741568164, 79.76214641043707, 74.41102068914255], [35.17101079013795, 37.33630940518894, 32.89376840679705, 49.24428900898052, 37.05401462729781, 2.0, 55.08175741568164, 0.0, 36.76955262170047, 34.132096331752024], [62.36184731067546, 32.89376840679705, 58.9406481131655, 75.50496672405067, 26.40075756488817, 35.38361202590826, 79.76214641043707, 36.76955262170047, 0.0, 64.25729530566937], [56.72741841473134, 71.449282711585, 8.54400374531753, 68.01470429252781, 71.00704190430693, 34.0147027033899, 74.41102068914255, 34.132096331752024, 64.25729530566937, 0.0]], "task_locations": [[47, 78], [75, 49], [7, 33], [49, 92], [75, 42], [38, 42], [53, 97], [38, 44], [64, 18], [4, 41]], "precedence_constraints": [[5, 6], [1, 7], [8, 4], [2, 1], [1, 4], [3, 4]]}