{"Q": [[1, 0, 0], [1, 0, 1], [0, 1, 1]], "R": [[0.0, 0.0, 0.0], [1.0, 1.0, 1.0], [0.0, 0.0, 1.0], [1.0, 0.0, 1.0], [1.0, 0.0, 0.0], [0.0, 1.0, 1.0], [1.0, 1.0, 1.0], [1.0, 1.0, 0.0], [0.0, 0.0, 1.0], [0.0, 0.0, 0.0]], "T_e": [0, 72, 89, 52, 68, 97, 83, 98, 76, 0], "T_t": [[0.0, 97.74456506629922, 48.05205510693585, 93.74433316206373, 61.587336360651285, 42.04759208325728, 92.89241088485109, 63.324560795950255, 95.90099061010788, 97.082439194738], [97.74456506629922, 0.0, 58.249463516842795, 41.10960958218893, 70.60453243241541, 58.60034129593445, 46.2709412050371, 52.49761899362675, 43.41658669218482, 43.0], [48.05205510693585, 58.249463516842795, 0.0, 45.70557952810576, 23.53720459187964, 9.433981132056603, 44.9221548904324, 15.652475842498529, 75.96051605933177, 49.03060268852505], [93.74433316206373, 41.10960958218893, 45.70557952810576, 0.0, 42.720018726587654, 52.49761899362675, 5.385164807134504, 31.016124838541646, 81.02468759581859, 3.605551275463989], [61.587336360651285, 70.60453243241541, 23.53720459187964, 42.720018726587654, 0.0, 32.57299494980466, 39.293765408777, 18.35755975068582, 96.54014708917737, 44.9221548904324], [42.04759208325728, 58.60034129593445, 9.433981132056603, 52.49761899362675, 32.57299494980466, 0.0, 52.392747589718944, 24.20743687382041, 70.66116330771806, 55.97320787662612], [92.89241088485109, 46.2709412050371, 44.9221548904324, 5.385164807134504, 39.293765408777, 52.392747589718944, 0.0, 29.614185789921695, 85.5102333057278, 5.830951894845301], [63.324560795950255, 52.49761899362675, 15.652475842498529, 31.016124838541646, 18.35755975068582, 24.20743687382041, 29.614185789921695, 0.0, 79.07591289387686, 34.132096331752024], [95.90099061010788, 43.41658669218482, 75.96051605933177, 81.02468759581859, 96.54014708917737, 70.66116330771806, 85.5102333057278, 79.07591289387686, 0.0, 83.67795408588812], [97.082439194738, 43.0, 49.03060268852505, 3.605551275463989, 44.9221548904324, 55.97320787662612, 5.830951894845301, 34.132096331752024, 83.67795408588812, 0.0]], "task_locations": [[34, 95], [57, 0], [24, 48], [16, 3], [1, 43], [32, 53], [11, 5], [17, 34], [95, 21], [14, 0]], "precedence_constraints": [[2, 5], [7, 8], [8, 5], [7, 1], [7, 4], [1, 2]]}