{"Q": [[0, 1, 0], [0, 0, 1], [1, 0, 1]], "R": [[0.0, 0.0, 0.0], [1.0, 1.0, 1.0], [0.0, 1.0, 1.0], [1.0, 0.0, 0.0], [0.0, 0.0, 1.0], [0.0, 1.0, 1.0], [0.0, 0.0, 1.0], [1.0, 0.0, 0.0], [0.0, 0.0, 1.0], [0.0, 0.0, 0.0]], "T_e": [0, 62, 89, 79, 50, 66, 58, 93, 60, 0], "T_t": [[0.0, 15.231546211727817, 24.413111231467404, 72.3671196055225, 19.6468827043885, 76.89603370785778, 75.39230729988306, 65.92419889539804, 69.57010852370435, 20.615528128088304], [15.231546211727817, 0.0, 39.44616584663204, 77.0, 12.083045973594572, 66.73080248281148, 65.5133574166368, 67.89698078707183, 54.405882034941776, 7.280109889280518], [24.413111231467404, 39.44616584663204, 0.0, 66.37017402418047, 40.024992192379, 92.91393867445294, 91.0823802938856, 65.06919393998976, 93.23089616645332, 45.0], [72.3671196055225, 77.0, 66.37017402418047, 0.0, 66.18912297349165, 72.80109889280519, 70.60453243241541, 14.866068747318506, 106.55045753069294, 84.02380615040002], [19.6468827043885, 12.083045973594572, 40.024992192379, 66.18912297349165, 0.0, 57.38466694161429, 55.94640292279746, 56.32051136131489, 54.20332093147061, 18.24828759089466], [76.89603370785778, 66.73080248281148, 92.91393867445294, 72.80109889280519, 57.38466694161429, 0.0, 2.23606797749979, 58.008620049092706, 49.36598018878993, 68.81860213634101], [75.39230729988306, 65.5133574166368, 91.0823802938856, 70.60453243241541, 55.94640292279746, 2.23606797749979, 0.0, 55.80322571321482, 50.15974481593781, 67.80117993073571], [65.92419889539804, 67.89698078707183, 65.06919393998976, 14.866068747318506, 56.32051136131489, 58.008620049092706, 55.80322571321482, 0.0, 92.57429448826494, 74.54528824815154], [69.57010852370435, 54.405882034941776, 93.23089616645332, 106.55045753069294, 54.20332093147061, 49.36598018878993, 50.15974481593781, 92.57429448826494, 0.0, 50.80354318352215], [20.615528128088304, 7.280109889280518, 45.0, 84.02380615040002, 18.24828759089466, 68.81860213634101, 67.80117993073571, 74.54528824815154, 50.80354318352215, 0.0]], "task_locations": [[23, 20], [17, 34], [37, 0], [94, 34], [28, 39], [50, 92], [51, 90], [84, 45], [1, 86], [10, 36]], "precedence_constraints": [[4, 5], [3, 6], [8, 1], [8, 2], [8, 6]]}