{"Q": [[1, 0, 1], [0, 1, 0], [0, 1, 0]], "R": [[0.0, 0.0, 0.0], [0.0, 0.0, 1.0], [1.0, 0.0, 0.0], [0.0, 1.0, 0.0], [1.0, 1.0, 0.0], [1.0, 1.0, 0.0], [1.0, 0.0, 0.0], [1.0, 1.0, 1.0], [1.0, 1.0, 1.0], [0.0, 0.0, 0.0]], "T_e": [0, 78, 59, 67, 84, 86, 81, 69, 51, 0], "T_t": [[0.0, 37.33630940518894, 60.207972893961475, 18.439088914585774, 29.154759474226502, 91.28526715741155, 57.706152185014034, 29.68164415931166, 53.23532661682466, 47.01063709417264], [37.33630940518894, 0.0, 59.50630218724736, 52.55473337388365, 41.23105625617661, 66.85057965343307, 26.076809620810597, 24.186773244895647, 31.622776601683793, 42.04759208325728], [60.207972893961475, 59.50630218724736, 0.0, 76.84399781375251, 86.00581375697809, 50.635955604688654, 50.44799302251776, 76.11832893594026, 91.0, 17.46424919657298], [18.439088914585774, 52.55473337388365, 76.84399781375251, 0.0, 26.419689627245813, 109.71326264403953, 75.16648189186454, 37.05401462729781, 60.01666435249463, 64.88451279003334], [29.154759474226502, 41.23105625617661, 86.00581375697809, 26.419689627245813, 0.0, 106.94391053257777, 67.20119046564577, 17.804493814764857, 36.05551275463989, 70.45565981523414], [91.28526715741155, 66.85057965343307, 50.635955604688654, 109.71326264403953, 106.94391053257777, 0.0, 41.48493702538308, 90.87353850269065, 93.2148056909416, 49.24428900898052], [57.706152185014034, 26.076809620810597, 50.44799302251776, 75.16648189186454, 67.20119046564577, 41.48493702538308, 0.0, 50.24937810560445, 52.15361924162119, 35.77708763999664], [29.68164415931166, 24.186773244895647, 76.11832893594026, 37.05401462729781, 17.804493814764857, 90.87353850269065, 50.24937810560445, 0.0, 23.769728648009426, 59.30430001273095], [53.23532661682466, 31.622776601683793, 91.0, 60.01666435249463, 36.05551275463989, 93.2148056909416, 52.15361924162119, 23.769728648009426, 0.0, 73.53910524340094], [47.01063709417264, 42.04759208325728, 17.46424919657298, 64.88451279003334, 70.45565981523414, 49.24428900898052, 35.77708763999664, 59.30430001273095, 73.53910524340094, 0.0]], "task_locations": [[86, 32], [49, 37], [74, 91], [98, 18], [75, 5], [24, 99], [35, 59], [61, 16], [39, 7], [67, 75]], "precedence_constraints": [[8, 2], [1, 5], [5, 7], [8, 1], [3, 2]]}