{"Q": [[0, 1, 0], [0, 1, 1], [1, 0, 0]], "R": [[0.0, 0.0, 0.0], [0.0, 1.0, 0.0], [0.0, 1.0, 1.0], [0.0, 1.0, 1.0], [1.0, 1.0, 0.0], [1.0, 0.0, 1.0], [1.0, 1.0, 1.0], [0.0, 0.0, 1.0], [1.0, 0.0, 1.0], [0.0, 0.0, 0.0]], "T_e": [0, 52, 68, 63, 55, 58, 68, 99, 78, 0], "T_t": [[0.0, 42.95346318982906, 8.94427190999916, 36.124783736376884, 46.69047011971501, 46.400431032480725, 41.036569057366385, 21.93171219946131, 37.013511046643494, 21.18962010041709], [42.95346318982906, 0.0, 51.66236541235796, 8.48528137423857, 85.58621384311844, 75.39230729988306, 38.897300677553446, 35.38361202590826, 9.433981132056603, 22.090722034374522], [8.94427190999916, 51.66236541235796, 0.0, 44.553338819890925, 38.41874542459709, 45.617978911828175, 44.94441010848846, 26.40075756488817, 45.27692569068709, 30.083217912982647], [36.124783736376884, 8.48528137423857, 44.553338819890925, 0.0, 77.41446893184762, 72.47068372797375, 31.575306807693888, 26.90724809414742, 2.23606797749979, 16.492422502470642], [46.69047011971501, 85.58621384311844, 38.41874542459709, 77.41446893184762, 0.0, 71.11258679024411, 62.289646009589745, 51.62363799656123, 77.3692445355388, 66.21933252457322], [46.400431032480725, 75.39230729988306, 45.617978911828175, 72.47068372797375, 71.11258679024411, 0.0, 87.11486669908874, 68.11754546370561, 74.30343195303969, 56.60388679233962], [41.036569057366385, 38.897300677553446, 44.94441010848846, 31.575306807693888, 62.289646009589745, 87.11486669908874, 0.0, 19.1049731745428, 29.832867780352597, 36.40054944640259], [21.93171219946131, 35.38361202590826, 26.40075756488817, 26.90724809414742, 51.62363799656123, 68.11754546370561, 19.1049731745428, 0.0, 26.40075756488817, 22.360679774997898], [37.013511046643494, 9.433981132056603, 45.27692569068709, 2.23606797749979, 77.3692445355388, 74.30343195303969, 29.832867780352597, 26.40075756488817, 0.0, 18.027756377319946], [21.18962010041709, 22.090722034374522, 30.083217912982647, 16.492422502470642, 66.21933252457322, 56.60388679233962, 36.40054944640259, 22.360679774997898, 18.027756377319946, 0.0]], "task_locations": [[47, 39], [38, 81], [51, 31], [44, 75], [81, 7], [10, 11], [75, 69], [62, 55], [46, 76], [40, 59]], "precedence_constraints": [[2, 5], [4, 6], [4, 1], [4, 8], [7, 6]]}