{"Q": [[0, 1, 0], [1, 1, 0], [1, 0, 1]], "R": [[0.0, 0.0, 0.0], [0.0, 0.0, 1.0], [1.0, 0.0, 1.0], [1.0, 1.0, 0.0], [1.0, 1.0, 0.0], [1.0, 1.0, 0.0], [0.0, 1.0, 0.0], [1.0, 1.0, 0.0], [0.0, 0.0, 1.0], [0.0, 0.0, 0.0]], "T_e": [0, 72, 89, 88, 70, 83, 67, 64, 70, 0], "T_t": [[0.0, 75.66372975210778, 64.89992295835181, 19.1049731745428, 17.0, 58.60034129593445, 44.40720662234904, 35.608987629529715, 20.808652046684813, 97.30878685915265], [75.66372975210778, 0.0, 58.7962583843564, 56.568542494923804, 79.71198153351854, 53.0, 55.47071299343465, 98.65596788841515, 91.09335870413386, 52.0], [64.89992295835181, 58.7962583843564, 0.0, 54.70831746635972, 79.60527620704548, 89.67719888578144, 20.591260281974, 63.56099432828282, 85.70297544426332, 39.81205847478876], [19.1049731745428, 56.568542494923804, 54.70831746635972, 0.0, 26.870057685088806, 46.400431032480725, 34.713109915419565, 48.54894437575342, 36.359317925395686, 82.07313811473277], [17.0, 79.71198153351854, 79.60527620704548, 26.870057685088806, 0.0, 50.32891812864648, 59.033888572581766, 50.08991914547278, 12.0, 108.93117092916977], [58.60034129593445, 53.0, 89.67719888578144, 46.400431032480725, 50.32891812864648, 0.0, 74.04052944165107, 93.43446901438462, 61.68468205316454, 100.96038827183659], [44.40720662234904, 55.47071299343465, 20.591260281974, 34.713109915419565, 59.033888572581766, 74.04052944165107, 0.0, 48.662100242385755, 65.21502894272147, 55.47071299343465], [35.608987629529715, 98.65596788841515, 63.56099432828282, 48.54894437575342, 50.08991914547278, 93.43446901438462, 48.662100242385755, 0.0, 46.09772228646444, 102.7861858422619], [20.808652046684813, 91.09335870413386, 85.70297544426332, 36.359317925395686, 12.0, 61.68468205316454, 65.21502894272147, 46.09772228646444, 0.0, 117.51595636338071], [97.30878685915265, 52.0, 39.81205847478876, 82.07313811473277, 108.93117092916977, 100.96038827183659, 55.47071299343465, 102.7861858422619, 117.51595636338071, 0.0]], "task_locations": [[35, 76], [45, 1], [89, 40], [37, 57], [18, 76], [0, 29], [71, 50], [63, 98], [18, 88], [97, 1]], "precedence_constraints": [[5, 2], [6, 4], [5, 4]]}