{"Q": [[1, 0, 1], [1, 0, 0], [0, 1, 0]], "R": [[0.0, 0.0, 0.0], [0.0, 1.0, 0.0], [1.0, 0.0, 1.0], [0.0, 1.0, 1.0], [1.0, 1.0, 0.0], [0.0, 0.0, 1.0], [1.0, 1.0, 0.0], [0.0, 1.0, 1.0], [0.0, 1.0, 1.0], [0.0, 0.0, 0.0]], "T_e": [0, 77, 75, 63, 81, 81, 84, 83, 72, 0], "T_t": [[0.0, 71.34423592694787, 83.60023923410746, 15.556349186104045, 39.21734310225516, 57.245087125446844, 99.70456358662827, 55.0, 66.57326790837296, 104.23531071570709], [71.34423592694787, 0.0, 12.36931687685298, 60.13318551349163, 39.44616584663204, 62.93647591023825, 63.0, 17.46424919657298, 32.64965543462902, 46.95742752749558], [83.60023923410746, 12.36931687685298, 0.0, 72.00694410957877, 51.42956348249516, 70.21395872616783, 61.18823416311342, 29.732137494637012, 37.48332962798263, 40.024992192379], [15.556349186104045, 60.13318551349163, 72.00694410957877, 0.0, 35.38361202590826, 42.720018726587654, 84.1486779456457, 45.35416188179427, 51.478150704935004, 89.47066558375433], [39.21734310225516, 39.44616584663204, 51.42956348249516, 35.38361202590826, 0.0, 64.93843238021688, 89.69392398596462, 22.20360331117452, 52.55473337388365, 82.87943049997388], [57.245087125446844, 62.93647591023825, 70.21395872616783, 42.720018726587654, 64.93843238021688, 0.0, 48.84669896727925, 58.66856057549052, 33.54101966249684, 66.03029607687671], [99.70456358662827, 63.0, 61.18823416311342, 84.1486779456457, 89.69392398596462, 48.84669896727925, 0.0, 71.80529228406496, 37.16180835212409, 29.698484809834994], [55.0, 17.46424919657298, 29.732137494637012, 45.35416188179427, 22.20360331117452, 58.66856057549052, 71.80529228406496, 0.0, 36.013886210738214, 61.40032573203501], [66.57326790837296, 32.64965543462902, 37.48332962798263, 51.478150704935004, 52.55473337388365, 33.54101966249684, 37.16180835212409, 36.013886210738214, 0.0, 38.27531841800928], [104.23531071570709, 46.95742752749558, 40.024992192379, 89.47066558375433, 82.87943049997388, 66.03029607687671, 29.698484809834994, 61.40032573203501, 38.27531841800928, 0.0]], "task_locations": [[14, 97], [21, 26], [24, 14], [25, 86], [1, 60], [65, 71], [84, 26], [14, 42], [50, 41], [63, 5]], "precedence_constraints": [[5, 6], [4, 7], [4, 3]]}