{"Q": [[0, 0, 1], [0, 1, 0], [1, 1, 0]], "R": [[0.0, 0.0, 0.0], [0.0, 0.0, 1.0], [0.0, 0.0, 1.0], [0.0, 1.0, 0.0], [1.0, 1.0, 1.0], [1.0, 0.0, 0.0], [0.0, 1.0, 1.0], [1.0, 1.0, 1.0], [0.0, 0.0, 1.0], [0.0, 0.0, 0.0]], "T_e": [0, 67, 50, 75, 82, 58, 87, 97, 68, 0], "T_t": [[0.0, 59.665735560705194, 53.45091205957107, 57.688820407423826, 62.39390995922599, 48.373546489791295, 31.78049716414141, 12.36931687685298, 52.839379254491625, 70.00714249274856], [59.665735560705194, 0.0, 55.97320787662612, 42.80186911806539, 70.03570517957252, 18.867962264113206, 27.892651361962706, 60.83584469702052, 16.97056274847714, 19.209372712298546], [53.45091205957107, 55.97320787662612, 0.0, 16.278820596099706, 14.212670403551895, 37.48332962798263, 46.486557196677836, 64.32728814430156, 39.05124837953327, 74.96665925596525], [57.688820407423826, 42.80186911806539, 16.278820596099706, 0.0, 28.653097563788805, 26.0, 41.012193308819754, 66.64082832618455, 26.076809620810597, 62.00806399170998], [62.39390995922599, 70.03570517957252, 14.212670403551895, 28.653097563788805, 0.0, 51.66236541235796, 60.00833275470999, 74.10802925459562, 53.075418038862395, 89.09545442950498], [48.373546489791295, 18.867962264113206, 37.48332962798263, 26.0, 51.66236541235796, 0.0, 20.248456731316587, 53.075418038862395, 4.47213595499958, 37.53664875824692], [31.78049716414141, 27.892651361962706, 46.486557196677836, 41.012193308819754, 60.00833275470999, 20.248456731316587, 0.0, 33.83784863137726, 24.20743687382041, 39.81205847478876], [12.36931687685298, 60.83584469702052, 64.32728814430156, 66.64082832618455, 74.10802925459562, 53.075418038862395, 33.83784863137726, 0.0, 57.38466694161429, 67.89698078707183], [52.839379254491625, 16.97056274847714, 39.05124837953327, 26.076809620810597, 53.075418038862395, 4.47213595499958, 24.20743687382041, 57.38466694161429, 0.0, 36.124783736376884], [70.00714249274856, 19.209372712298546, 74.96665925596525, 62.00806399170998, 89.09545442950498, 37.53664875824692, 39.81205847478876, 67.89698078707183, 36.124783736376884, 0.0]], "task_locations": [[15, 65], [73, 51], [31, 14], [47, 17], [22, 3], [57, 41], [46, 58], [18, 77], [61, 39], [85, 66]], "precedence_constraints": [[6, 3], [4, 8], [4, 7], [5, 1]]}