{"Q": [[1, 1, 1], [0, 1, 1], [0, 0, 1]], "R": [[0.0, 0.0, 0.0], [0.0, 0.0, 1.0], [0.0, 1.0, 0.0], [1.0, 0.0, 1.0], [0.0, 1.0, 0.0], [0.0, 0.0, 1.0], [0.0, 1.0, 0.0], [0.0, 1.0, 0.0], [0.0, 1.0, 1.0], [0.0, 0.0, 0.0]], "T_e": [0, 96, 51, 74, 82, 97, 73, 92, 56, 0], "T_t": [[0.0, 31.04834939252005, 20.223748416156685, 16.401219466856727, 18.110770276274835, 41.036569057366385, 48.27007354458868, 69.06518659932803, 71.8679344353238, 16.401219466856727], [31.04834939252005, 0.0, 29.546573405388315, 20.615528128088304, 13.416407864998739, 36.0, 58.18934610390462, 65.62011886609167, 69.46221994724903, 29.0], [20.223748416156685, 29.546573405388315, 0.0, 9.899494936611665, 23.430749027719962, 55.072679252057455, 67.47592163134935, 85.0, 88.23831367382311, 33.734255586866], [16.401219466856727, 20.615528128088304, 9.899494936611665, 0.0, 13.601470508735444, 45.617978911828175, 60.00833275470999, 75.76938695805846, 79.12016177940993, 26.0], [18.110770276274835, 13.416407864998739, 23.430749027719962, 13.601470508735444, 0.0, 32.31098884280702, 49.49747468305833, 62.625873247404705, 66.09841147864296, 17.0], [41.036569057366385, 36.0, 55.072679252057455, 45.617978911828175, 32.31098884280702, 0.0, 26.870057685088806, 30.364452901377952, 33.95585369269929, 25.0], [48.27007354458868, 58.18934610390462, 67.47592163134935, 60.00833275470999, 49.49747468305833, 26.870057685088806, 0.0, 29.732137494637012, 30.4138126514911, 34.0147027033899], [69.06518659932803, 65.62011886609167, 85.0, 75.76938695805846, 62.625873247404705, 30.364452901377952, 29.732137494637012, 0.0, 4.123105625617661, 52.69724850502159], [71.8679344353238, 69.46221994724903, 88.23831367382311, 79.12016177940993, 66.09841147864296, 33.95585369269929, 30.4138126514911, 4.123105625617661, 0.0, 55.569775957799216], [16.401219466856727, 29.0, 33.734255586866, 26.0, 17.0, 25.0, 34.0147027033899, 52.69724850502159, 55.569775957799216, 0.0]], "task_locations": [[98, 78], [68, 86], [95, 98], [88, 91], [80, 80], [68, 50], [87, 31], [59, 21], [60, 17], [88, 65]], "precedence_constraints": [[5, 7], [3, 1], [8, 7], [4, 8], [4, 7]]}