{"Q": [[1, 0, 0], [1, 1, 1], [1, 0, 0]], "R": [[0.0, 0.0, 0.0], [1.0, 0.0, 0.0], [1.0, 1.0, 0.0], [1.0, 1.0, 1.0], [1.0, 1.0, 0.0], [1.0, 1.0, 0.0], [0.0, 1.0, 1.0], [1.0, 1.0, 1.0], [0.0, 1.0, 1.0], [0.0, 0.0, 0.0]], "T_e": [0, 68, 85, 74, 92, 57, 63, 80, 95, 0], "T_t": [[0.0, 58.69412236331676, 0.0, 61.71709649683789, 93.04837451562494, 106.94391053257777, 57.201398584300364, 56.92099788303083, 31.38470965295043, 37.12142238654117], [58.69412236331676, 0.0, 58.69412236331676, 18.384776310850235, 86.6083136886985, 52.952809179494906, 75.1065909225016, 25.942243542145693, 58.9406481131655, 25.632011235952593], [0.0, 58.69412236331676, 0.0, 61.71709649683789, 93.04837451562494, 106.94391053257777, 57.201398584300364, 56.92099788303083, 31.38470965295043, 37.12142238654117], [61.71709649683789, 18.384776310850235, 61.71709649683789, 0.0, 68.8839603971781, 45.27692569068709, 62.64982043070834, 10.04987562112089, 52.15361924162119, 24.596747752497688], [93.04837451562494, 86.6083136886985, 93.04837451562494, 68.8839603971781, 0.0, 84.29116205154607, 41.012193308819754, 60.74537019394976, 62.36184731067546, 73.59347797189639], [106.94391053257777, 52.952809179494906, 106.94391053257777, 45.27692569068709, 84.29116205154607, 0.0, 97.6165969494942, 51.85556864985669, 94.75230867899737, 69.83552104767315], [57.201398584300364, 75.1065909225016, 57.201398584300364, 62.64982043070834, 41.012193308819754, 97.6165969494942, 0.0, 52.61178575186362, 26.1725046566048, 52.630789467763066], [56.92099788303083, 25.942243542145693, 56.92099788303083, 10.04987562112089, 60.74537019394976, 51.85556864985669, 52.61178575186362, 0.0, 43.41658669218482, 21.02379604162864], [31.38470965295043, 58.9406481131655, 31.38470965295043, 52.15361924162119, 62.36184731067546, 94.75230867899737, 26.1725046566048, 43.41658669218482, 0.0, 33.54101966249684], [37.12142238654117, 25.632011235952593, 37.12142238654117, 24.596747752497688, 73.59347797189639, 69.83552104767315, 52.630789467763066, 21.02379604162864, 33.54101966249684, 0.0]], "task_locations": [[96, 65], [54, 24], [96, 65], [41, 37], [9, 98], [2, 14], [50, 99], [42, 47], [69, 81], [63, 48]], "precedence_constraints": [[7, 1], [5, 6], [4, 6]]}