{"Q": [[1, 0, 0], [1, 1, 1], [1, 1, 0]], "R": [[0.0, 0.0, 0.0], [1.0, 0.0, 0.0], [1.0, 0.0, 1.0], [1.0, 0.0, 1.0], [1.0, 0.0, 0.0], [1.0, 1.0, 0.0], [1.0, 0.0, 0.0], [0.0, 1.0, 1.0], [1.0, 1.0, 0.0], [0.0, 0.0, 0.0]], "T_e": [0, 59, 68, 59, 68, 70, 81, 59, 92, 0], "T_t": [[0.0, 108.2266141020775, 65.0, 38.897300677553446, 64.63745044476924, 55.072679252057455, 28.653097563788805, 41.23105625617661, 28.160255680657446, 56.0357029044876], [108.2266141020775, 0.0, 43.657759905886145, 85.70880934886448, 95.71311299921238, 89.58794561770016, 95.01578816175763, 123.7457069962429, 91.44397191723465, 64.66065264130884], [65.0, 43.657759905886145, 0.0, 44.181444068749045, 70.06425622241343, 60.530983801686226, 56.302753041036986, 86.28441342444185, 48.373546489791295, 35.0], [38.897300677553446, 85.70880934886448, 44.181444068749045, 0.0, 84.59905436823747, 73.43023900274328, 52.630789467763066, 77.02596964660685, 10.770329614269007, 58.7962583843564], [64.63745044476924, 95.71311299921238, 70.06425622241343, 84.59905436823747, 0.0, 11.180339887498949, 36.235341863986875, 43.104524124504614, 78.2368199762746, 35.12833614050059], [55.072679252057455, 89.58794561770016, 60.530983801686226, 73.43023900274328, 11.180339887498949, 0.0, 26.419689627245813, 40.162171256046406, 67.20119046564577, 26.248809496813376], [28.653097563788805, 95.01578816175763, 56.302753041036986, 52.630789467763066, 36.235341863986875, 26.419689627245813, 0.0, 30.01666203960727, 44.384682042344295, 33.24154027718932], [41.23105625617661, 123.7457069962429, 86.28441342444185, 77.02596964660685, 43.104524124504614, 40.162171256046406, 30.01666203960727, 0.0, 67.02984409947557, 59.665735560705194], [28.160255680657446, 91.44397191723465, 48.373546489791295, 10.770329614269007, 78.2368199762746, 67.20119046564577, 44.384682042344295, 67.02984409947557, 0.0, 56.08029957123981], [56.0357029044876, 64.66065264130884, 35.0, 58.7962583843564, 35.12833614050059, 26.248809496813376, 33.24154027718932, 59.665735560705194, 56.08029957123981, 0.0]], "task_locations": [[1, 49], [98, 1], [57, 16], [13, 12], [54, 86], [49, 76], [26, 63], [11, 89], [9, 22], [57, 51]], "precedence_constraints": [[4, 5], [8, 5], [2, 1], [8, 1], [3, 2], [4, 8]]}