{"Q": [[1, 0, 1], [1, 0, 0], [0, 1, 0]], "R": [[0.0, 0.0, 0.0], [0.0, 1.0, 1.0], [0.0, 0.0, 1.0], [0.0, 0.0, 1.0], [1.0, 0.0, 0.0], [1.0, 1.0, 0.0], [1.0, 1.0, 1.0], [0.0, 1.0, 1.0], [0.0, 1.0, 0.0], [0.0, 0.0, 0.0]], "T_e": [0, 50, 96, 73, 72, 58, 74, 75, 80, 0], "T_t": [[0.0, 98.41239759298622, 36.138621999185304, 40.44749683231337, 48.46648326421054, 18.973665961010276, 46.87216658103186, 58.18934610390462, 25.80697580112788, 46.238512086787566], [98.41239759298622, 0.0, 65.52098900352466, 59.90826320300064, 96.51942809610924, 95.88013350011565, 78.0, 51.31276644267, 77.23341245859851, 60.83584469702052], [36.138621999185304, 65.52098900352466, 0.0, 5.830951894845301, 39.81205847478876, 30.364452901377952, 48.83646178829912, 22.360679774997898, 27.784887978899608, 11.313708498984761], [40.44749683231337, 59.90826320300064, 5.830951894845301, 0.0, 44.77722635447622, 36.05551275463989, 47.12748667179272, 19.849433241279208, 28.319604517012593, 11.40175425099138], [48.46648326421054, 96.51942809610924, 39.81205847478876, 44.77722635447622, 0.0, 29.546573405388315, 84.38009243891595, 45.221676218380054, 60.07495318350236, 37.53664875824692], [18.973665961010276, 95.88013350011565, 30.364452901377952, 36.05551275463989, 29.546573405388315, 0.0, 60.40695324215582, 49.01020301937138, 36.24913792078372, 37.013511046643494], [46.87216658103186, 78.0, 48.83646178829912, 47.12748667179272, 84.38009243891595, 60.40695324215582, 0.0, 64.8459713474939, 24.515301344262525, 58.52349955359813], [58.18934610390462, 51.31276644267, 22.360679774997898, 19.849433241279208, 45.221676218380054, 49.01020301937138, 64.8459713474939, 0.0, 48.08326112068523, 12.165525060596439], [25.80697580112788, 77.23341245859851, 27.784887978899608, 28.319604517012593, 60.07495318350236, 36.24913792078372, 24.515301344262525, 48.08326112068523, 0.0, 38.8329756778952], [46.238512086787566, 60.83584469702052, 11.313708498984761, 11.40175425099138, 37.53664875824692, 37.013511046643494, 58.52349955359813, 12.165525060596439, 38.8329756778952, 0.0]], "task_locations": [[0, 45], [98, 54], [35, 36], [40, 39], [18, 0], [6, 27], [26, 84], [55, 26], [21, 60], [43, 28]], "precedence_constraints": [[6, 3], [1, 3], [5, 3], [7, 8]]}