{"Q": [[0, 0, 1], [0, 1, 1], [1, 0, 0]], "R": [[0.0, 0.0, 0.0], [1.0, 1.0, 0.0], [1.0, 0.0, 0.0], [0.0, 1.0, 1.0], [0.0, 1.0, 1.0], [1.0, 0.0, 1.0], [1.0, 1.0, 0.0], [1.0, 1.0, 0.0], [1.0, 0.0, 1.0], [0.0, 0.0, 0.0]], "T_e": [0, 57, 75, 50, 87, 95, 56, 51, 85, 0], "T_t": [[0.0, 58.137767414994535, 34.92849839314596, 29.068883707497267, 45.34313619501854, 28.0178514522438, 13.416407864998739, 18.439088914585774, 4.0, 59.30430001273095], [58.137767414994535, 0.0, 87.86353054595519, 33.24154027718932, 23.40939982143925, 51.03920062069938, 51.22499389946279, 56.568542494923804, 56.462376853972415, 21.18962010041709], [34.92849839314596, 87.86353054595519, 0.0, 63.28506932918696, 79.32212806020776, 40.311288741492746, 36.76955262170047, 31.622776601683793, 38.62641583165593, 82.29823813423954], [29.068883707497267, 33.24154027718932, 63.28506932918696, 0.0, 16.278820596099706, 38.2099463490856, 28.861739379323623, 36.6742416417845, 26.1725046566048, 43.08131845707603], [45.34313619501854, 23.40939982143925, 79.32212806020776, 16.278820596099706, 0.0, 50.48762224545735, 43.86342439892262, 51.264022471905186, 42.42640687119285, 40.311288741492746], [28.0178514522438, 51.03920062069938, 40.311288741492746, 38.2099463490856, 50.48762224545735, 0.0, 14.866068747318506, 11.180339887498949, 30.479501308256342, 42.190046219457976], [13.416407864998739, 51.22499389946279, 36.76955262170047, 28.861739379323623, 43.86342439892262, 14.866068747318506, 0.0, 8.0, 15.620499351813308, 48.507731342539614], [18.439088914585774, 56.568542494923804, 31.622776601683793, 36.6742416417845, 51.264022471905186, 11.180339887498949, 8.0, 0.0, 21.633307652783937, 51.07837115648854], [4.0, 56.462376853972415, 38.62641583165593, 26.1725046566048, 42.42640687119285, 30.479501308256342, 15.620499351813308, 21.633307652783937, 0.0, 59.033888572581766], [59.30430001273095, 21.18962010041709, 82.29823813423954, 43.08131845707603, 40.311288741492746, 42.190046219457976, 48.507731342539614, 51.07837115648854, 59.033888572581766, 0.0]], "task_locations": [[57, 16], [83, 68], [25, 2], [79, 35], [91, 46], [41, 39], [51, 28], [43, 28], [61, 16], [63, 75]], "precedence_constraints": [[6, 4], [2, 3], [2, 6]]}