{"Q": [[0, 1, 1], [1, 1, 0], [1, 0, 0]], "R": [[0.0, 0.0, 0.0], [1.0, 0.0, 0.0], [0.0, 0.0, 1.0], [1.0, 0.0, 0.0], [1.0, 0.0, 1.0], [0.0, 0.0, 1.0], [1.0, 0.0, 0.0], [0.0, 0.0, 1.0], [1.0, 1.0, 0.0], [0.0, 0.0, 0.0]], "T_e": [0, 51, 79, 89, 63, 51, 92, 88, 96, 0], "T_t": [[0.0, 43.840620433565945, 40.52159917870962, 9.848857801796104, 67.97793759742936, 18.439088914585774, 42.1070065428546, 71.30918594402827, 52.392747589718944, 56.43580423808985], [43.840620433565945, 0.0, 42.7551166528639, 34.828149534535996, 67.97793759742936, 25.495097567963924, 30.083217912982647, 113.01769772916099, 54.70831746635972, 34.655446902326915], [40.52159917870962, 42.7551166528639, 0.0, 40.311288741492746, 29.068883707497267, 33.97057550292606, 14.317821063276353, 85.9127464349732, 13.45362404707371, 24.758836806279895], [9.848857801796104, 34.828149534535996, 40.311288741492746, 0.0, 69.06518659932803, 10.44030650891055, 38.47076812334269, 81.15417426109393, 53.25410782277739, 52.03844732503075], [67.97793759742936, 67.97793759742936, 29.068883707497267, 69.06518659932803, 0.0, 63.0317380372777, 38.07886552931954, 95.0789145920377, 15.811388300841896, 37.33630940518894], [18.439088914585774, 25.495097567963924, 33.97057550292606, 10.44030650891055, 63.0317380372777, 0.0, 29.410882339705484, 88.11923740024082, 47.38143096192854, 42.2965719651132], [42.1070065428546, 30.083217912982647, 14.317821063276353, 38.47076812334269, 38.07886552931954, 29.410882339705484, 0.0, 97.58073580374356, 24.73863375370596, 14.560219778561036], [71.30918594402827, 113.01769772916099, 85.9127464349732, 81.15417426109393, 95.0789145920377, 88.11923740024082, 97.58073580374356, 0.0, 87.46427842267951, 110.5350623105628], [52.392747589718944, 54.70831746635972, 13.45362404707371, 53.25410782277739, 15.811388300841896, 47.38143096192854, 24.73863375370596, 87.46427842267951, 0.0, 29.120439557122072], [56.43580423808985, 34.655446902326915, 24.758836806279895, 52.03844732503075, 37.33630940518894, 42.2965719651132, 14.560219778561036, 110.5350623105628, 29.120439557122072, 0.0]], "task_locations": [[66, 67], [97, 36], [55, 28], [75, 63], [36, 6], [78, 53], [69, 25], [0, 94], [45, 19], [73, 11]], "precedence_constraints": [[3, 7], [7, 2], [6, 2], [7, 8], [3, 2]]}