{"Q": [[1, 1, 0], [1, 0, 1], [1, 0, 1]], "R": [[0.0, 0.0, 0.0], [1.0, 1.0, 1.0], [1.0, 0.0, 0.0], [1.0, 1.0, 0.0], [0.0, 1.0, 0.0], [1.0, 0.0, 1.0], [1.0, 1.0, 1.0], [0.0, 1.0, 1.0], [0.0, 1.0, 0.0], [0.0, 0.0, 0.0]], "T_e": [0, 97, 56, 77, 77, 52, 89, 69, 89, 0], "T_t": [[0.0, 67.60177512462228, 10.04987562112089, 53.71219600798314, 86.05230967266364, 102.95630140987001, 93.38094023943002, 31.144823004794873, 65.62011886609167, 21.095023109728988], [67.60177512462228, 0.0, 59.64059020499378, 82.56512580987206, 22.47220505424423, 57.706152185014034, 32.28002478313795, 39.293765408777, 75.15317691222374, 49.040799340956916], [10.04987562112089, 59.64059020499378, 0.0, 59.36328831862332, 79.20858539325141, 99.40321926376429, 87.11486669908874, 26.40075756488817, 68.6804193347711, 11.40175425099138], [53.71219600798314, 82.56512580987206, 59.36328831862332, 0.0, 89.1403387922662, 82.85529554590944, 91.2414379544733, 50.24937810560445, 20.615528128088304, 63.702433234531945], [86.05230967266364, 22.47220505424423, 79.20858539325141, 89.1403387922662, 0.0, 39.81205847478876, 10.04987562112089, 55.47071299343465, 76.79192665899195, 69.42621983083913], [102.95630140987001, 57.706152185014034, 99.40321926376429, 82.85529554590944, 39.81205847478876, 0.0, 31.622776601683793, 73.00684899377592, 64.07807737440318, 92.65527507918802], [93.38094023943002, 32.28002478313795, 87.11486669908874, 91.2414379544733, 10.04987562112089, 31.622776601683793, 0.0, 62.369864518050704, 77.00649323271382, 77.80102827083971], [31.144823004794873, 39.293765408777, 26.40075756488817, 50.24937810560445, 55.47071299343465, 73.00684899377592, 62.369864518050704, 0.0, 51.61395160225576, 21.0], [65.62011886609167, 75.15317691222374, 68.6804193347711, 20.615528128088304, 76.79192665899195, 64.07807737440318, 77.00649323271382, 51.61395160225576, 0.0, 69.77822009767804], [21.095023109728988, 49.040799340956916, 11.40175425099138, 63.702433234531945, 69.42621983083913, 92.65527507918802, 77.80102827083971, 21.0, 69.77822009767804, 0.0]], "task_locations": [[28, 95], [87, 62], [38, 96], [6, 46], [95, 41], [78, 5], [96, 31], [49, 72], [19, 30], [49, 93]], "precedence_constraints": [[7, 4], [6, 3]]}