{"Q": [[0, 1, 1], [1, 0, 0], [0, 1, 1]], "R": [[0.0, 0.0, 0.0], [0.0, 1.0, 0.0], [0.0, 1.0, 0.0], [1.0, 0.0, 0.0], [1.0, 1.0, 0.0], [0.0, 1.0, 0.0], [0.0, 0.0, 1.0], [0.0, 0.0, 1.0], [1.0, 1.0, 0.0], [0.0, 0.0, 0.0]], "T_e": [0, 52, 77, 53, 68, 91, 65, 89, 64, 0], "T_t": [[0.0, 37.64306044943742, 54.08326913195984, 31.32091952673165, 24.515301344262525, 16.0312195418814, 63.324560795950255, 41.48493702538308, 66.48308055437865, 82.61961026293939], [37.64306044943742, 0.0, 36.796738985948195, 15.033296378372908, 34.0, 28.178005607210743, 30.01666203960727, 17.029386365926403, 72.53275122315436, 45.0], [54.08326913195984, 36.796738985948195, 0.0, 26.832815729997478, 64.88451279003334, 38.05259518088089, 26.476404589747453, 19.79898987322333, 43.41658669218482, 55.10898293381942], [31.32091952673165, 15.033296378372908, 26.832815729997478, 0.0, 38.07886552931954, 17.204650534085253, 32.202484376209235, 10.198039027185569, 57.87054518492115, 54.67174773134658], [24.515301344262525, 34.0, 64.88451279003334, 38.07886552931954, 0.0, 32.64965543462902, 64.00781202322104, 46.84015371452148, 87.80091115700337, 75.02666192761077], [16.0312195418814, 28.178005607210743, 38.05259518088089, 17.204650534085253, 32.64965543462902, 0.0, 49.24428900898052, 26.832815729997478, 55.21775076911409, 71.449282711585], [63.324560795950255, 30.01666203960727, 26.476404589747453, 32.202484376209235, 64.00781202322104, 49.24428900898052, 0.0, 22.47220505424423, 69.87131027825369, 28.635642126552707], [41.48493702538308, 17.029386365926403, 19.79898987322333, 10.198039027185569, 46.84015371452148, 26.832815729997478, 22.47220505424423, 0.0, 57.55866572463264, 47.16990566028302], [66.48308055437865, 72.53275122315436, 43.41658669218482, 57.87054518492115, 87.80091115700337, 55.21775076911409, 69.87131027825369, 57.55866572463264, 0.0, 98.47842403288143], [82.61961026293939, 45.0, 55.10898293381942, 54.67174773134658, 75.02666192761077, 71.449282711585, 28.635642126552707, 47.16990566028302, 98.47842403288143, 0.0]], "task_locations": [[53, 26], [29, 55], [56, 80], [44, 56], [29, 21], [54, 42], [30, 85], [42, 66], [99, 74], [2, 91]], "precedence_constraints": [[3, 1], [8, 2], [1, 5]]}