{"Q": [[1, 0, 0], [1, 0, 0], [1, 1, 1]], "R": [[0.0, 0.0, 0.0], [1.0, 1.0, 1.0], [1.0, 1.0, 0.0], [0.0, 1.0, 0.0], [0.0, 1.0, 0.0], [1.0, 0.0, 1.0], [0.0, 1.0, 0.0], [0.0, 1.0, 0.0], [0.0, 1.0, 0.0], [0.0, 0.0, 0.0]], "T_e": [0, 89, 83, 85, 51, 66, 75, 63, 73, 0], "T_t": [[0.0, 47.095647357266465, 73.0, 19.6468827043885, 20.396078054371138, 53.75872022286245, 54.589376255824725, 18.027756377319946, 12.36931687685298, 46.87216658103186], [47.095647357266465, 0.0, 52.009614495783374, 66.48308055437865, 46.238512086787566, 34.92849839314596, 85.75546629807339, 64.07027391856539, 35.510561809129406, 6.082762530298219], [73.0, 52.009614495783374, 0.0, 89.9388681271896, 56.22277118748239, 20.12461179749811, 74.33034373659252, 81.40024569987489, 68.26419266350405, 46.04345773288535], [19.6468827043885, 66.48308055437865, 89.9388681271896, 0.0, 33.97057550292606, 71.61005515987263, 53.46026561849464, 11.180339887498949, 31.064449134018133, 66.49060083951716], [20.396078054371138, 46.238512086787566, 56.22277118748239, 33.97057550292606, 0.0, 38.91015291668744, 41.036569057366385, 25.238858928247925, 24.351591323771842, 43.41658669218482], [53.75872022286245, 34.92849839314596, 20.12461179749811, 71.61005515987263, 38.91015291668744, 0.0, 65.92419889539804, 64.00781202322104, 48.25971404805462, 28.861739379323623], [54.589376255824725, 85.75546629807339, 74.33034373659252, 53.46026561849464, 41.036569057366385, 65.92419889539804, 0.0, 42.95346318982906, 63.60031446463138, 81.88406438373708], [18.027756377319946, 64.07027391856539, 81.40024569987489, 11.180339887498949, 25.238858928247925, 64.00781202322104, 42.95346318982906, 0.0, 30.364452901377952, 63.071388124885914], [12.36931687685298, 35.510561809129406, 68.26419266350405, 31.064449134018133, 24.351591323771842, 48.25971404805462, 63.60031446463138, 30.364452901377952, 0.0, 36.05551275463989], [46.87216658103186, 6.082762530298219, 46.04345773288535, 66.49060083951716, 43.41658669218482, 28.861739379323623, 81.88406438373708, 63.071388124885914, 36.05551275463989, 0.0]], "task_locations": [[11, 69], [14, 22], [66, 21], [6, 88], [31, 65], [48, 30], [59, 95], [17, 86], [8, 57], [20, 23]], "precedence_constraints": [[8, 6], [6, 5], [4, 6]]}