{"Q": [[0, 1, 0], [1, 0, 1], [0, 1, 0]], "R": [[0.0, 0.0, 0.0], [1.0, 0.0, 0.0], [1.0, 1.0, 1.0], [0.0, 1.0, 1.0], [0.0, 1.0, 0.0], [1.0, 0.0, 0.0], [0.0, 0.0, 1.0], [0.0, 1.0, 0.0], [0.0, 1.0, 1.0], [0.0, 0.0, 0.0]], "T_e": [0, 96, 75, 90, 85, 92, 97, 96, 74, 0], "T_t": [[0.0, 32.202484376209235, 66.84309986827361, 64.4980619863884, 52.32590180780452, 34.132096331752024, 14.560219778561036, 59.405386961116584, 10.295630140987, 61.032778078668514], [32.202484376209235, 0.0, 80.52949770115296, 62.20128616033595, 33.54101966249684, 65.25335240430181, 18.027756377319946, 34.52535300326414, 27.586228448267445, 81.74350127074322], [66.84309986827361, 80.52949770115296, 0.0, 36.05551275463989, 65.19202405202648, 55.57877292636101, 73.7563556583431, 77.10382610480494, 76.48529270389177, 18.788294228055936], [64.4980619863884, 62.20128616033595, 36.05551275463989, 0.0, 35.35533905932738, 71.8679344353238, 63.90618123468183, 45.880278987817846, 71.06335201775947, 51.03920062069938], [52.32590180780452, 33.54101966249684, 65.19202405202648, 35.35533905932738, 0.0, 75.82216034906945, 43.93176527297759, 12.041594578792296, 53.85164807134504, 73.97972695272672], [34.132096331752024, 65.25335240430181, 55.57877292636101, 71.8679344353238, 75.82216034906945, 0.0, 48.507731342539614, 85.80209787645055, 43.04648650006177, 41.23105625617661], [14.560219778561036, 18.027756377319946, 73.7563556583431, 63.90618123468183, 43.93176527297759, 48.507731342539614, 0.0, 48.75448697299562, 10.295630140987, 71.11258679024411], [59.405386961116584, 34.52535300326414, 77.10382610480494, 45.880278987817846, 12.041594578792296, 85.80209787645055, 48.75448697299562, 0.0, 59.033888572581766, 85.98837130682264], [10.295630140987, 27.586228448267445, 76.48529270389177, 71.06335201775947, 53.85164807134504, 43.04648650006177, 10.295630140987, 59.033888572581766, 0.0, 71.28113354878694], [61.032778078668514, 81.74350127074322, 18.788294228055936, 51.03920062069938, 73.97972695272672, 41.23105625617661, 71.11258679024411, 85.98837130682264, 71.28113354878694, 0.0]], "task_locations": [[37, 28], [8, 42], [79, 80], [45, 92], [14, 75], [71, 25], [23, 32], [2, 76], [28, 23], [87, 63]], "precedence_constraints": [[7, 1], [8, 3], [6, 3]]}