{"Q": [[1, 1, 0], [1, 1, 1], [1, 0, 0]], "R": [[0.0, 0.0, 0.0], [0.0, 0.0, 1.0], [1.0, 1.0, 1.0], [1.0, 1.0, 1.0], [0.0, 1.0, 0.0], [0.0, 0.0, 1.0], [1.0, 1.0, 1.0], [1.0, 0.0, 1.0], [0.0, 1.0, 1.0], [0.0, 0.0, 0.0]], "T_e": [0, 59, 87, 63, 98, 62, 61, 51, 54, 0], "T_t": [[0.0, 49.678969393496885, 40.311288741492746, 70.8801805866774, 68.76772498781678, 66.2872536767062, 21.02379604162864, 28.442925306655784, 71.34423592694787, 57.584720195551874], [49.678969393496885, 0.0, 18.24828759089466, 40.24922359499622, 85.37564055396598, 23.021728866442675, 61.465437442517235, 71.30918594402827, 29.017236257093817, 62.03224967708329], [40.311288741492746, 18.24828759089466, 0.0, 33.0, 67.1863081289633, 26.248809496813376, 46.87216658103186, 56.60388679233962, 31.064449134018133, 44.28317965096906], [70.8801805866774, 40.24922359499622, 33.0, 0.0, 66.94027188471824, 21.400934559032695, 70.7248188403477, 79.20227269466452, 18.384776310850235, 42.37924020083418], [68.76772498781678, 85.37564055396598, 67.1863081289633, 66.94027188471824, 0.0, 82.05485969764375, 50.24937810560445, 49.9799959983992, 82.49242389456137, 25.079872407968907], [66.2872536767062, 23.021728866442675, 26.248809496813376, 21.400934559032695, 82.05485969764375, 0.0, 72.47068372797375, 82.00609733428362, 6.0, 57.0087712549569], [21.02379604162864, 61.465437442517235, 46.87216658103186, 70.7248188403477, 50.24937810560445, 72.47068372797375, 0.0, 9.848857801796104, 76.4198926981712, 45.0111097397076], [28.442925306655784, 71.30918594402827, 56.60388679233962, 79.20227269466452, 49.9799959983992, 82.00609733428362, 9.848857801796104, 0.0, 85.7962703152066, 49.64876634922564], [71.34423592694787, 29.017236257093817, 31.064449134018133, 18.384776310850235, 82.49242389456137, 6.0, 76.4198926981712, 85.7962703152066, 0.0, 57.42821606144492], [57.584720195551874, 62.03224967708329, 44.28317965096906, 42.37924020083418, 25.079872407968907, 57.0087712549569, 45.0111097397076, 49.64876634922564, 57.42821606144492, 0.0]], "task_locations": [[84, 50], [52, 12], [49, 30], [16, 30], [32, 95], [29, 13], [75, 69], [79, 78], [23, 13], [30, 70]], "precedence_constraints": [[2, 5], [6, 8], [7, 8], [4, 3], [4, 8], [6, 7]]}