{"Q": [[0, 1, 1], [0, 1, 1], [1, 1, 1]], "R": [[0.0, 0.0, 0.0], [1.0, 0.0, 1.0], [1.0, 0.0, 1.0], [1.0, 1.0, 1.0], [0.0, 0.0, 1.0], [1.0, 0.0, 1.0], [0.0, 1.0, 1.0], [1.0, 1.0, 1.0], [1.0, 0.0, 0.0], [0.0, 0.0, 0.0]], "T_e": [0, 75, 56, 87, 85, 50, 70, 88, 78, 0], "T_t": [[0.0, 50.11985634456667, 62.64982043070834, 68.59300255857006, 29.068883707497267, 50.635955604688654, 17.88854381999832, 66.03029607687671, 62.12889826803627, 75.71657678474378], [50.11985634456667, 0.0, 34.0147027033899, 40.80441152620633, 25.079872407968907, 44.40720662234904, 65.60487786742691, 31.11269837220809, 26.90724809414742, 26.1725046566048], [62.64982043070834, 34.0147027033899, 0.0, 74.43117626371358, 34.785054261852174, 22.561028345356956, 80.52949770115296, 64.07027391856539, 60.207972893961475, 35.4682957019364], [68.59300255857006, 40.80441152620633, 74.43117626371358, 0.0, 57.982756057296896, 84.1486779456457, 76.32168761236873, 11.180339887498949, 14.317821063276353, 51.24451190127583], [29.068883707497267, 25.079872407968907, 34.785054261852174, 57.982756057296896, 0.0, 30.083217912982647, 46.61544808322666, 51.07837115648854, 46.61544808322666, 48.33218389437829], [50.635955604688654, 44.40720662234904, 22.561028345356956, 84.1486779456457, 30.083217912982647, 0.0, 67.91170738539859, 75.28612089887484, 70.9365914038728, 55.57877292636101], [17.88854381999832, 65.60487786742691, 80.52949770115296, 76.32168761236873, 46.61544808322666, 67.91170738539859, 0.0, 76.15773105863909, 72.80109889280519, 91.67878707749138], [66.03029607687671, 31.11269837220809, 64.07027391856539, 11.180339887498949, 51.07837115648854, 75.28612089887484, 76.15773105863909, 0.0, 4.47213595499958, 40.11234224026316], [62.12889826803627, 26.90724809414742, 60.207972893961475, 14.317821063276353, 46.61544808322666, 70.9365914038728, 72.80109889280519, 4.47213595499958, 0.0, 38.01315561749642], [75.71657678474378, 26.1725046566048, 35.4682957019364, 51.24451190127583, 48.33218389437829, 55.57877292636101, 91.67878707749138, 40.11234224026316, 38.01315561749642, 0.0]], "task_locations": [[22, 19], [46, 63], [77, 49], [13, 87], [44, 38], [72, 27], [6, 11], [24, 85], [26, 81], [64, 82]], "precedence_constraints": [[1, 7]]}