{"Q": [[1, 1, 0], [0, 0, 1], [0, 1, 1]], "R": [[0.0, 0.0, 0.0], [1.0, 0.0, 0.0], [0.0, 1.0, 1.0], [1.0, 0.0, 1.0], [0.0, 1.0, 0.0], [0.0, 1.0, 1.0], [0.0, 1.0, 0.0], [0.0, 1.0, 0.0], [1.0, 1.0, 0.0], [0.0, 0.0, 0.0]], "T_e": [0, 56, 86, 94, 68, 59, 90, 76, 96, 0], "T_t": [[0.0, 91.4166286842826, 82.0, 50.08991914547278, 79.05694150420949, 42.95346318982906, 41.10960958218893, 90.0499861188218, 50.60632371551998, 93.94147114027967], [91.4166286842826, 0.0, 64.00781202322104, 51.86520991955976, 49.0, 70.11419257183242, 57.38466694161429, 1.4142135623730951, 48.373546489791295, 86.20904824900923], [82.0, 64.00781202322104, 0.0, 36.61966684720111, 15.033296378372908, 92.9569792968769, 44.294469180700204, 63.0317380372777, 75.92759709091287, 22.561028345356956], [50.08991914547278, 51.86520991955976, 36.61966684720111, 0.0, 29.614185789921695, 56.586217403180434, 9.0, 50.47771785649585, 41.593268686170845, 55.44366510251645], [79.05694150420949, 49.0, 15.033296378372908, 29.614185789921695, 0.0, 83.21658488546619, 38.47076812334269, 48.010415536631214, 64.4437739428721, 37.48332962798263], [42.95346318982906, 70.11419257183242, 92.9569792968769, 56.586217403180434, 83.21658488546619, 0.0, 50.44799302251776, 69.06518659932803, 22.090722034374522, 111.80339887498948], [41.10960958218893, 57.38466694161429, 44.294469180700204, 9.0, 38.47076812334269, 50.44799302251776, 0.0, 55.97320787662612, 38.3275357934736, 61.5223536610881], [90.0499861188218, 1.4142135623730951, 63.0317380372777, 50.47771785649585, 48.010415536631214, 69.06518659932803, 55.97320787662612, 0.0, 47.265209192385896, 85.28774824088158], [50.60632371551998, 48.373546489791295, 75.92759709091287, 41.593268686170845, 64.4437739428721, 22.090722034374522, 38.3275357934736, 47.265209192385896, 0.0, 96.51942809610924], [93.94147114027967, 86.20904824900923, 22.561028345356956, 55.44366510251645, 37.48332962798263, 111.80339887498948, 61.5223536610881, 85.28774824088158, 96.51942809610924, 0.0]], "task_locations": [[7, 45], [86, 91], [87, 27], [57, 48], [86, 42], [16, 87], [48, 48], [85, 90], [38, 85], [92, 5]], "precedence_constraints": [[5, 8], [6, 2], [4, 7], [5, 1], [7, 2]]}