{"Q": [[0, 0, 1], [1, 1, 1], [0, 0, 1]], "R": [[0.0, 0.0, 0.0], [0.0, 0.0, 1.0], [1.0, 0.0, 0.0], [1.0, 0.0, 0.0], [0.0, 1.0, 0.0], [1.0, 1.0, 1.0], [1.0, 0.0, 1.0], [1.0, 0.0, 1.0], [1.0, 1.0, 1.0], [0.0, 0.0, 0.0]], "T_e": [0, 88, 50, 96, 77, 56, 70, 87, 84, 0], "T_t": [[0.0, 62.39390995922599, 71.8679344353238, 54.589376255824725, 30.083217912982647, 52.55473337388365, 35.4682957019364, 13.892443989449804, 49.73932046178355, 23.08679276123039], [62.39390995922599, 0.0, 19.6468827043885, 23.600847442411894, 73.37574531137656, 98.4733466477097, 38.48376280978771, 74.0, 62.20128616033595, 40.024992192379], [71.8679344353238, 19.6468827043885, 0.0, 19.0, 75.05997601918082, 114.10959644131601, 40.11234224026316, 81.25269226308751, 80.77747210701756, 52.15361924162119], [54.589376255824725, 23.600847442411894, 19.0, 0.0, 56.08029957123981, 100.56838469419701, 21.213203435596427, 62.93647591023825, 72.73238618387272, 37.53664875824692], [30.083217912982647, 73.37574531137656, 75.05997601918082, 56.08029957123981, 0.0, 78.77182237323191, 35.510561809129406, 22.360679774997898, 79.20227269466452, 43.840620433565945], [52.55473337388365, 98.4733466477097, 114.10959644131601, 100.56838469419701, 78.77182237323191, 0.0, 85.44003745317531, 56.43580423808985, 44.40720662234904, 63.0317380372777], [35.4682957019364, 38.48376280978771, 40.11234224026316, 21.213203435596427, 35.510561809129406, 85.44003745317531, 0.0, 42.15447781671598, 66.03029607687671, 25.317977802344327], [13.892443989449804, 74.0, 81.25269226308751, 62.93647591023825, 22.360679774997898, 56.43580423808985, 42.15447781671598, 0.0, 62.20128616033595, 36.138621999185304], [49.73932046178355, 62.20128616033595, 80.77747210701756, 72.73238618387272, 79.20227269466452, 44.40720662234904, 66.03029607687671, 62.20128616033595, 0.0, 41.048751503547585], [23.08679276123039, 40.024992192379, 52.15361924162119, 37.53664875824692, 43.840620433565945, 63.0317380372777, 25.317977802344327, 36.138621999185304, 41.048751503547585, 0.0]], "task_locations": [[44, 68], [37, 6], [18, 1], [18, 20], [15, 76], [93, 87], [21, 41], [37, 80], [87, 43], [46, 45]], "precedence_constraints": [[5, 1], [2, 3], [3, 1], [6, 5]]}