{"Q": [[0, 1, 0], [1, 0, 0], [0, 0, 1]], "R": [[0.0, 0.0, 0.0], [1.0, 0.0, 1.0], [1.0, 1.0, 0.0], [0.0, 0.0, 1.0], [0.0, 1.0, 0.0], [0.0, 0.0, 1.0], [1.0, 0.0, 1.0], [1.0, 1.0, 0.0], [1.0, 0.0, 1.0], [0.0, 0.0, 0.0]], "T_e": [0, 63, 79, 67, 86, 87, 57, 83, 76, 0], "T_t": [[0.0, 30.479501308256342, 54.817880294662984, 55.036351623268054, 41.7612260356422, 67.68308503607086, 31.400636936215164, 56.586217403180434, 11.40175425099138, 60.30754513325841], [30.479501308256342, 0.0, 81.8413098624405, 84.72307831990054, 61.0, 94.02127418834527, 58.180752831155424, 63.06346010171025, 30.4138126514911, 63.324560795950255], [54.817880294662984, 81.8413098624405, 0.0, 46.861498055439924, 29.068883707497267, 13.038404810405298, 23.769728648009426, 54.3415126767741, 51.42956348249516, 61.61168720299745], [55.036351623268054, 84.72307831990054, 46.861498055439924, 0.0, 64.28841264178172, 55.44366510251645, 45.70557952810576, 90.80198235721508, 61.1310068623117, 97.32420048477151], [41.7612260356422, 61.0, 29.068883707497267, 64.28841264178172, 0.0, 37.48332962798263, 19.235384061671343, 27.018512172212592, 33.13608305156178, 34.0147027033899], [67.68308503607086, 94.02127418834527, 13.038404810405298, 55.44366510251645, 37.48332962798263, 0.0, 36.40054944640259, 59.50630218724736, 63.694583757176716, 66.70832032063167], [31.400636936215164, 58.180752831155424, 23.769728648009426, 45.70557952810576, 19.235384061671343, 36.40054944640259, 0.0, 45.12205669071391, 27.784887978899608, 51.62363799656123], [56.586217403180434, 63.06346010171025, 54.3415126767741, 90.80198235721508, 27.018512172212592, 59.50630218724736, 45.12205669071391, 0.0, 45.34313619501854, 7.280109889280518], [11.40175425099138, 30.4138126514911, 51.42956348249516, 61.1310068623117, 33.13608305156178, 63.694583757176716, 27.784887978899608, 45.34313619501854, 0.0, 48.91829923454004], [60.30754513325841, 63.324560795950255, 61.61168720299745, 97.32420048477151, 34.0147027033899, 66.70832032063167, 51.62363799656123, 7.280109889280518, 48.91829923454004, 0.0]], "task_locations": [[26, 53], [6, 76], [79, 39], [49, 3], [66, 65], [92, 38], [57, 48], [67, 92], [33, 62], [65, 99]], "precedence_constraints": [[3, 4], [1, 6], [8, 1], [7, 4], [6, 7]]}