{"Q": [[1, 0, 1], [1, 0, 1], [1, 1, 1]], "R": [[0.0, 0.0, 0.0], [1.0, 0.0, 1.0], [0.0, 0.0, 1.0], [1.0, 1.0, 0.0], [0.0, 0.0, 1.0], [0.0, 0.0, 1.0], [0.0, 1.0, 0.0], [0.0, 1.0, 1.0], [0.0, 1.0, 1.0], [0.0, 0.0, 0.0]], "T_e": [0, 90, 70, 52, 73, 98, 81, 55, 73, 0], "T_t": [[0.0, 50.99019513592785, 57.42821606144492, 82.21921916437786, 78.74642849044012, 62.39390995922599, 21.02379604162864, 32.01562118716424, 70.00714249274856, 64.88451279003334], [50.99019513592785, 0.0, 40.718546143004666, 52.15361924162119, 42.20189569201838, 67.47592163134935, 59.682493245507096, 82.73451516749222, 77.46612162745726, 91.26883367283708], [57.42821606144492, 40.718546143004666, 0.0, 25.80697580112788, 27.294688127912362, 30.01666203960727, 76.02631123499285, 80.80222769206304, 39.408120990476064, 61.18823416311342], [82.21921916437786, 52.15361924162119, 25.80697580112788, 0.0, 12.529964086141668, 47.0, 99.56907150315303, 106.60675400742676, 53.600373133029585, 81.05553651663777], [78.74642849044012, 42.20189569201838, 27.294688127912362, 12.529964086141668, 0.0, 54.12947441089743, 94.36630754670864, 105.67875850898325, 61.98386886924694, 87.36704184073076], [62.39390995922599, 67.47592163134935, 30.01666203960727, 47.0, 54.12947441089743, 0.0, 83.38465086573187, 74.09453421137081, 10.0, 34.132096331752024], [21.02379604162864, 59.682493245507096, 76.02631123499285, 99.56907150315303, 94.36630754670864, 83.38465086573187, 0.0, 36.89173349139343, 91.02197536858887, 84.11896337925236], [32.01562118716424, 82.73451516749222, 80.80222769206304, 106.60675400742676, 105.67875850898325, 74.09453421137081, 36.89173349139343, 0.0, 78.29431652425353, 60.207972893961475], [70.00714249274856, 77.46612162745726, 39.408120990476064, 53.600373133029585, 61.98386886924694, 10.0, 91.02197536858887, 78.29431652425353, 0.0, 30.083217912982647], [64.88451279003334, 91.26883367283708, 61.18823416311342, 81.05553651663777, 87.36704184073076, 34.132096331752024, 84.11896337925236, 60.207972893961475, 30.083217912982647, 0.0]], "task_locations": [[72, 60], [62, 10], [25, 27], [10, 6], [21, 0], [10, 53], [93, 61], [73, 92], [2, 59], [13, 87]], "precedence_constraints": [[6, 7], [7, 2], [8, 4]]}