{"Q": [[1, 1, 0], [1, 1, 1], [0, 0, 1]], "R": [[0.0, 0.0, 0.0], [0.0, 1.0, 1.0], [0.0, 1.0, 0.0], [1.0, 0.0, 0.0], [0.0, 0.0, 1.0], [1.0, 0.0, 1.0], [0.0, 1.0, 0.0], [0.0, 0.0, 1.0], [1.0, 0.0, 0.0], [0.0, 0.0, 0.0]], "T_e": [0, 54, 61, 76, 62, 74, 97, 86, 70, 0], "T_t": [[0.0, 43.86342439892262, 39.698866482558415, 66.37017402418047, 7.280109889280518, 59.941638282582836, 13.0, 48.30113870293329, 24.839484696748443, 28.0178514522438], [43.86342439892262, 0.0, 18.439088914585774, 75.23961722390672, 51.07837115648854, 98.3107318658548, 55.97320787662612, 86.97700845625813, 44.10215414239989, 60.30754513325841], [39.698866482558415, 18.439088914585774, 0.0, 87.36704184073076, 45.967379738244816, 99.02019995940222, 49.20365840057018, 87.36704184073076, 50.00999900019995, 63.15853069855251], [66.37017402418047, 75.23961722390672, 87.36704184073076, 0.0, 68.60029154456998, 62.12889826803627, 73.87827826905551, 57.723478758647246, 42.04759208325728, 43.93176527297759], [7.280109889280518, 51.07837115648854, 45.967379738244816, 68.60029154456998, 0.0, 55.154328932550705, 6.324555320336759, 43.657759905886145, 28.600699292150182, 27.202941017470888], [59.941638282582836, 98.3107318658548, 99.02019995940222, 62.12889826803627, 55.154328932550705, 0.0, 55.08175741568164, 11.661903789690601, 55.60575509783138, 38.28837943815329], [13.0, 55.97320787662612, 49.20365840057018, 73.87827826905551, 6.324555320336759, 55.08175741568164, 0.0, 43.93176527297759, 34.66987164671943, 31.304951684997057], [48.30113870293329, 86.97700845625813, 87.36704184073076, 57.723478758647246, 43.657759905886145, 11.661903789690601, 43.93176527297759, 0.0, 44.94441010848846, 27.459060435491963], [24.839484696748443, 44.10215414239989, 50.00999900019995, 42.04759208325728, 28.600699292150182, 55.60575509783138, 34.66987164671943, 44.94441010848846, 0.0, 17.4928556845359], [28.0178514522438, 60.30754513325841, 63.15853069855251, 43.93176527297759, 27.202941017470888, 38.28837943815329, 31.304951684997057, 27.459060435491963, 17.4928556845359, 0.0]], "task_locations": [[41, 68], [1, 86], [15, 98], [7, 11], [48, 66], [69, 15], [54, 68], [63, 25], [25, 49], [40, 40]], "precedence_constraints": [[5, 7], [6, 2], [4, 5], [5, 3], [6, 1]]}