{"Q": [[1, 1, 1], [1, 0, 0], [1, 1, 0]], "R": [[0.0, 0.0, 0.0], [1.0, 1.0, 0.0], [1.0, 0.0, 1.0], [0.0, 1.0, 0.0], [1.0, 0.0, 1.0], [0.0, 1.0, 1.0], [1.0, 0.0, 0.0], [1.0, 0.0, 1.0], [1.0, 0.0, 0.0], [0.0, 0.0, 0.0]], "T_e": [0, 99, 55, 75, 82, 53, 78, 67, 87, 0], "T_t": [[0.0, 96.56603957913983, 58.249463516842795, 21.840329667841555, 70.0, 63.953107821277925, 71.11258679024411, 68.62215385719105, 79.90619500389191, 29.0], [96.56603957913983, 0.0, 70.25667228100119, 75.8023746329889, 40.311288741492746, 53.33854141237835, 56.089214649520635, 32.2490309931942, 26.68332812825267, 68.42514157822401], [58.249463516842795, 70.25667228100119, 0.0, 51.78802950489621, 30.01666203960727, 17.0, 84.86459803710851, 39.293765408777, 44.0, 38.07886552931954], [21.840329667841555, 75.8023746329889, 51.78802950489621, 0.0, 54.230987451824994, 51.62363799656123, 50.99019513592785, 50.21951811795888, 61.85466837676846, 14.0], [70.0, 40.311288741492746, 30.01666203960727, 54.230987451824994, 0.0, 13.038404810405298, 66.64082832618455, 12.041594578792296, 14.035668847618199, 41.677331968349414], [63.953107821277925, 53.33854141237835, 17.0, 51.62363799656123, 13.038404810405298, 0.0, 74.06078584514209, 23.259406699226016, 27.0, 37.8549864614954], [71.11258679024411, 56.089214649520635, 84.86459803710851, 50.99019513592785, 66.64082832618455, 74.06078584514209, 0.0, 55.154328932550705, 62.81719509815764, 55.46169849544819], [68.62215385719105, 32.2490309931942, 39.293765408777, 50.21951811795888, 12.041594578792296, 23.259406699226016, 55.154328932550705, 0.0, 11.661903789690601, 39.6232255123179], [79.90619500389191, 26.68332812825267, 44.0, 61.85466837676846, 14.035668847618199, 27.0, 62.81719509815764, 11.661903789690601, 0.0, 50.93132631298737], [29.0, 68.42514157822401, 38.07886552931954, 14.0, 41.677331968349414, 37.8549864614954, 55.46169849544819, 39.6232255123179, 50.93132631298737, 0.0]], "task_locations": [[5, 3], [56, 85], [62, 15], [11, 24], [61, 45], [62, 32], [1, 74], [52, 53], [62, 59], [25, 24]], "precedence_constraints": [[6, 5], [3, 1], [2, 8], [4, 1], [6, 8], [2, 3]]}