{"Q": [[1, 1, 1], [1, 0, 1], [0, 0, 1]], "R": [[0.0, 0.0, 0.0], [1.0, 1.0, 1.0], [1.0, 0.0, 0.0], [1.0, 1.0, 1.0], [1.0, 1.0, 0.0], [0.0, 1.0, 1.0], [0.0, 1.0, 0.0], [1.0, 0.0, 1.0], [1.0, 1.0, 1.0], [0.0, 0.0, 0.0]], "T_e": [0, 71, 61, 82, 79, 51, 99, 79, 72, 0], "T_t": [[0.0, 10.44030650891055, 91.52595260361949, 108.57716150277645, 90.52071586106685, 36.49657518178932, 35.22782990761707, 50.00999900019995, 60.207972893961475, 80.2807573457052], [10.44030650891055, 0.0, 85.27602242131137, 104.86181383134664, 86.21484790916237, 27.51363298439521, 25.96150997149434, 41.10960958218893, 49.8196748283246, 71.47027354082255], [91.52595260361949, 85.27602242131137, 0.0, 32.55764119219941, 19.1049731745428, 60.207972893961475, 62.369864518050704, 49.09175083453431, 65.25335240430181, 32.0624390837628], [108.57716150277645, 104.86181383134664, 32.55764119219941, 0.0, 19.313207915827967, 84.17244204607586, 86.4060183089118, 75.96051605933177, 95.63472172804185, 64.4980619863884], [90.52071586106685, 86.21484790916237, 19.1049731745428, 19.313207915827967, 0.0, 64.88451279003334, 67.11929677819934, 56.753854494650845, 77.10382610480494, 48.38388161361178], [36.49657518178932, 27.51363298439521, 60.207972893961475, 84.17244204607586, 64.88451279003334, 0.0, 2.23606797749979, 13.601470508735444, 29.206163733020468, 43.965895873961216], [35.22782990761707, 25.96150997149434, 62.369864518050704, 86.4060183089118, 67.11929677819934, 2.23606797749979, 0.0, 15.231546211727817, 28.844410203711913, 45.5411901469428], [50.00999900019995, 41.10960958218893, 49.09175083453431, 75.96051605933177, 56.753854494650845, 13.601470508735444, 15.231546211727817, 0.0, 24.166091947189145, 30.364452901377952], [60.207972893961475, 49.8196748283246, 65.25335240430181, 95.63472172804185, 77.10382610480494, 29.206163733020468, 28.844410203711913, 24.166091947189145, 0.0, 36.359317925395686], [80.2807573457052, 71.47027354082255, 32.0624390837628, 64.4980619863884, 48.38388161361178, 43.965895873961216, 45.5411901469428, 30.364452901377952, 36.359317925395686, 0.0]], "task_locations": [[84, 10], [87, 20], [33, 86], [1, 80], [19, 73], [78, 46], [80, 45], [74, 59], [96, 69], [65, 88]], "precedence_constraints": [[6, 4]]}