{"Q": [[1, 0, 0], [1, 1, 0], [1, 0, 1]], "R": [[0.0, 0.0, 0.0], [0.0, 1.0, 1.0], [0.0, 0.0, 1.0], [0.0, 0.0, 1.0], [0.0, 1.0, 1.0], [0.0, 1.0, 1.0], [0.0, 0.0, 1.0], [1.0, 0.0, 1.0], [1.0, 1.0, 0.0], [0.0, 0.0, 0.0]], "T_e": [0, 72, 58, 89, 81, 74, 68, 70, 70, 0], "T_t": [[0.0, 61.68468205316454, 19.1049731745428, 33.83784863137726, 60.53924347066124, 73.02739212103907, 57.87054518492115, 61.465437442517235, 60.67124524847005, 45.70557952810576], [61.68468205316454, 0.0, 80.36168241145776, 27.85677655436824, 84.581321815162, 27.459060435491963, 91.58602513484249, 44.01136216933077, 12.165525060596439, 18.384776310850235], [19.1049731745428, 80.36168241145776, 0.0, 52.630789467763066, 68.41052550594829, 92.0, 62.177166226839255, 78.84795495128583, 79.76214641043707, 64.77653896280658], [33.83784863137726, 27.85677655436824, 52.630789467763066, 0.0, 67.60177512462228, 43.01162633521314, 71.47027354082255, 42.20189569201838, 28.071337695236398, 13.341664064126334], [60.53924347066124, 84.581321815162, 68.41052550594829, 67.60177512462228, 0.0, 73.59347797189639, 13.038404810405298, 47.38143096192854, 74.79304780526061, 67.67569726275453], [73.02739212103907, 27.459060435491963, 92.0, 43.01162633521314, 73.59347797189639, 0.0, 83.6301381082203, 26.40075756488817, 17.029386365926403, 29.732137494637012], [57.87054518492115, 91.58602513484249, 62.177166226839255, 71.47027354082255, 13.038404810405298, 83.6301381082203, 0.0, 58.008620049092706, 82.80096617793781, 73.824115301167], [61.465437442517235, 44.01136216933077, 78.84795495128583, 42.20189569201838, 47.38143096192854, 26.40075756488817, 58.008620049092706, 0.0, 32.14031735997639, 33.24154027718932], [60.67124524847005, 12.165525060596439, 79.76214641043707, 28.071337695236398, 74.79304780526061, 17.029386365926403, 82.80096617793781, 32.14031735997639, 0.0, 15.033296378372908], [45.70557952810576, 18.384776310850235, 64.77653896280658, 13.341664064126334, 67.67569726275453, 29.732137494637012, 73.824115301167, 33.24154027718932, 15.033296378372908, 0.0]], "task_locations": [[20, 77], [78, 98], [1, 75], [52, 88], [43, 21], [93, 75], [30, 20], [77, 54], [80, 86], [65, 85]], "precedence_constraints": [[7, 2], [6, 3], [8, 3]]}