{"Q": [[1, 1, 1], [1, 0, 1], [0, 0, 1]], "R": [[0.0, 0.0, 0.0], [1.0, 0.0, 1.0], [0.0, 0.0, 1.0], [1.0, 1.0, 1.0], [1.0, 0.0, 0.0], [1.0, 0.0, 0.0], [1.0, 1.0, 1.0], [0.0, 1.0, 0.0], [0.0, 0.0, 1.0], [0.0, 0.0, 0.0]], "T_e": [0, 57, 68, 87, 99, 87, 86, 77, 66, 0], "T_t": [[0.0, 17.88854381999832, 80.15609770940699, 60.8276253029822, 33.83784863137726, 63.8200595424354, 68.62215385719105, 43.9089968002003, 37.12142238654117, 13.45362404707371], [17.88854381999832, 0.0, 84.1486779456457, 44.40720662234904, 24.839484696748443, 73.92563831310488, 76.66159403508382, 48.41487374764082, 19.235384061671343, 19.313207915827967], [80.15609770940699, 84.1486779456457, 0.0, 89.02246907382428, 108.90362712049586, 31.04834939252005, 20.8806130178211, 36.40054944640259, 91.80958555619343, 93.47726996441435], [60.8276253029822, 44.40720662234904, 89.02246907382428, 0.0, 55.90169943749474, 94.26027795418386, 92.04890004774636, 64.28063471995279, 28.460498941515414, 63.28506932918696], [33.83784863137726, 24.839484696748443, 108.90362712049586, 55.90169943749474, 0.0, 96.74709297958259, 100.43903623591775, 72.91776189653656, 28.0178514522438, 23.021728866442675], [63.8200595424354, 73.92563831310488, 31.04834939252005, 94.26027795418386, 96.74709297958259, 0.0, 10.198039027185569, 30.01666203960727, 87.32124598286491, 77.00649323271382], [68.62215385719105, 76.66159403508382, 20.8806130178211, 92.04890004774636, 100.43903623591775, 10.198039027185569, 0.0, 29.410882339705484, 88.25531145489205, 82.03657720797473], [43.9089968002003, 48.41487374764082, 36.40054944640259, 64.28063471995279, 72.91776189653656, 30.01666203960727, 29.410882339705484, 0.0, 58.872744118140105, 57.14017850864661], [37.12142238654117, 19.235384061671343, 91.80958555619343, 28.460498941515414, 28.0178514522438, 87.32124598286491, 88.25531145489205, 58.872744118140105, 0.0, 36.124783736376884], [13.45362404707371, 19.313207915827967, 93.47726996441435, 63.28506932918696, 23.021728866442675, 77.00649323271382, 82.03657720797473, 57.14017850864661, 36.124783736376884, 0.0]], "task_locations": [[25, 45], [33, 29], [92, 89], [69, 3], [14, 13], [62, 97], [72, 95], [63, 67], [42, 12], [15, 36]], "precedence_constraints": [[4, 2], [7, 2], [3, 5], [1, 8], [1, 3]]}