{"Q": [[0, 1, 1], [0, 1, 1], [1, 0, 0]], "R": [[0.0, 0.0, 0.0], [0.0, 0.0, 1.0], [1.0, 1.0, 0.0], [1.0, 1.0, 0.0], [1.0, 1.0, 1.0], [1.0, 1.0, 0.0], [1.0, 1.0, 1.0], [1.0, 0.0, 0.0], [0.0, 1.0, 1.0], [0.0, 0.0, 0.0]], "T_e": [0, 58, 67, 73, 58, 73, 73, 51, 91, 0], "T_t": [[0.0, 53.23532661682466, 42.15447781671598, 51.73973328110612, 78.77182237323191, 89.1852005660132, 40.496913462633174, 63.60031446463138, 42.720018726587654, 49.49747468305833], [53.23532661682466, 0.0, 64.53681120105021, 86.46964785403026, 52.92447448959697, 52.03844732503075, 13.341664064126334, 27.51363298439521, 61.1310068623117, 82.60750571225353], [42.15447781671598, 64.53681120105021, 0.0, 23.53720459187964, 55.44366510251645, 71.8679344353238, 52.81098370604357, 55.31726674375732, 4.47213595499958, 19.4164878389476], [51.73973328110612, 86.46964785403026, 23.53720459187964, 0.0, 77.17512552629896, 94.36630754670864, 73.97972695272672, 78.85429601486528, 27.892651361962706, 4.123105625617661], [78.77182237323191, 52.92447448959697, 55.44366510251645, 77.17512552629896, 0.0, 18.24828759089466, 52.46903848937962, 25.495097567963924, 51.088159097779204, 73.24616030891995], [89.1852005660132, 52.03844732503075, 71.8679344353238, 94.36630754670864, 18.24828759089466, 0.0, 56.089214649520635, 26.92582403567252, 67.4166151627327, 90.35485598461214], [40.496913462633174, 13.341664064126334, 52.81098370604357, 73.97972695272672, 52.46903848937962, 56.089214649520635, 0.0, 29.274562336608895, 49.76946855251722, 70.21395872616783], [63.60031446463138, 27.51363298439521, 55.31726674375732, 78.85429601486528, 25.495097567963924, 26.92582403567252, 29.274562336608895, 0.0, 50.99019513592785, 74.73285756613352], [42.720018726587654, 61.1310068623117, 4.47213595499958, 27.892651361962706, 51.088159097779204, 67.4166151627327, 49.76946855251722, 50.99019513592785, 0.0, 23.769728648009426], [49.49747468305833, 82.60750571225353, 19.4164878389476, 4.123105625617661, 73.24616030891995, 90.35485598461214, 70.21395872616783, 74.73285756613352, 23.769728648009426, 0.0]], "task_locations": [[39, 19], [86, 44], [23, 58], [0, 53], [66, 93], [84, 96], [73, 41], [77, 70], [27, 60], [4, 54]], "precedence_constraints": [[2, 8], [6, 4], [2, 5]]}