{"Q": [[0, 0, 1], [1, 1, 0], [0, 1, 1]], "R": [[0.0, 0.0, 0.0], [0.0, 1.0, 0.0], [0.0, 1.0, 1.0], [0.0, 0.0, 1.0], [1.0, 0.0, 0.0], [1.0, 1.0, 1.0], [0.0, 0.0, 1.0], [0.0, 0.0, 1.0], [1.0, 0.0, 1.0], [0.0, 0.0, 0.0]], "T_e": [0, 62, 62, 62, 61, 53, 53, 76, 51, 0], "T_t": [[0.0, 35.0, 26.570660511172846, 82.21921916437786, 58.034472514187634, 75.64390259630977, 90.60905032059435, 56.824290580701486, 81.60882305241266, 95.80187889597991], [35.0, 0.0, 19.4164878389476, 60.37383539249432, 35.510561809129406, 48.093658625644196, 71.8679344353238, 22.80350850198276, 57.14017850864661, 65.03076195155643], [26.570660511172846, 19.4164878389476, 0.0, 79.30952023559341, 54.12947441089743, 49.193495504995376, 90.35485598461214, 41.048751503547585, 55.08175741568164, 84.02380615040002], [82.21921916437786, 60.37383539249432, 79.30952023559341, 0.0, 25.298221281347036, 90.69729874698585, 13.038404810405298, 45.967379738244816, 102.07840124139877, 31.016124838541646], [58.034472514187634, 35.510561809129406, 54.12947441089743, 25.298221281347036, 0.0, 72.2357252334328, 36.359317925395686, 26.248809496813376, 83.2586331859946, 40.8166632639171], [75.64390259630977, 48.093658625644196, 49.193495504995376, 90.69729874698585, 72.2357252334328, 0.0, 103.73041983911952, 46.09772228646444, 11.40175425099138, 77.20103626247513], [90.60905032059435, 71.8679344353238, 90.35485598461214, 13.038404810405298, 36.359317925395686, 103.73041983911952, 0.0, 58.7962583843564, 115.10864433221339, 40.19950248448356], [56.824290580701486, 22.80350850198276, 41.048751503547585, 45.967379738244816, 26.248809496813376, 46.09772228646444, 58.7962583843564, 0.0, 57.245087125446844, 43.18564576337837], [81.60882305241266, 57.14017850864661, 55.08175741568164, 102.07840124139877, 83.2586331859946, 11.40175425099138, 115.10864433221339, 57.245087125446844, 0.0, 88.23831367382311], [95.80187889597991, 65.03076195155643, 84.02380615040002, 31.016124838541646, 40.8166632639171, 77.20103626247513, 40.19950248448356, 43.18564576337837, 88.23831367382311, 0.0]], "task_locations": [[97, 80], [69, 59], [88, 55], [15, 86], [39, 78], [66, 11], [8, 97], [47, 53], [73, 2], [4, 57]], "precedence_constraints": [[5, 2], [7, 8], [7, 4], [3, 7]]}