{"Q": [[1, 0, 0], [1, 1, 1], [1, 1, 0]], "R": [[0.0, 0.0, 0.0], [0.0, 0.0, 1.0], [1.0, 0.0, 0.0], [0.0, 1.0, 0.0], [0.0, 1.0, 1.0], [1.0, 0.0, 0.0], [1.0, 1.0, 0.0], [0.0, 0.0, 1.0], [1.0, 0.0, 1.0], [0.0, 0.0, 0.0]], "T_e": [0, 99, 88, 93, 57, 56, 81, 53, 95, 0], "T_t": [[0.0, 34.66987164671943, 41.48493702538308, 54.230987451824994, 92.66067126888301, 44.9221548904324, 72.44998274671983, 92.19544457292888, 10.770329614269007, 5.0], [34.66987164671943, 0.0, 61.68468205316454, 34.655446902326915, 58.137767414994535, 15.231546211727817, 58.7962583843564, 79.20858539325141, 24.20743687382041, 33.301651610693426], [41.48493702538308, 61.68468205316454, 0.0, 55.44366510251645, 110.11357772772621, 61.91122676865643, 58.9406481131655, 73.02739212103907, 44.01136216933077, 37.656340767525464], [54.230987451824994, 34.655446902326915, 55.44366510251645, 0.0, 56.824290580701486, 21.095023109728988, 24.413111231467404, 44.598206241955516, 44.91102314577124, 50.039984012787215], [92.66067126888301, 58.137767414994535, 110.11357772772621, 56.824290580701486, 0.0, 49.678969393496885, 71.19691004531025, 83.05419917138447, 81.98780397107853, 90.7358804442873], [44.9221548904324, 15.231546211727817, 61.91122676865643, 21.095023109728988, 49.678969393496885, 0.0, 45.48626166217664, 65.43699259593154, 34.20526275297414, 42.15447781671598], [72.44998274671983, 58.7962583843564, 58.9406481131655, 24.413111231467404, 71.19691004531025, 45.48626166217664, 0.0, 20.615528128088304, 64.8459713474939, 67.67569726275453], [92.19544457292888, 79.20858539325141, 73.02739212103907, 44.598206241955516, 83.05419917138447, 65.43699259593154, 20.615528128088304, 0.0, 85.0881895447306, 87.32124598286491], [10.770329614269007, 24.20743687382041, 44.01136216933077, 44.91102314577124, 81.98780397107853, 34.20526275297414, 64.8459713474939, 85.0881895447306, 0.0, 9.219544457292887], [5.0, 33.301651610693426, 37.656340767525464, 50.039984012787215, 90.7358804442873, 42.15447781671598, 67.67569726275453, 87.32124598286491, 9.219544457292887, 0.0]], "task_locations": [[15, 45], [44, 64], [26, 5], [69, 40], [96, 90], [58, 58], [83, 20], [99, 7], [25, 49], [19, 42]], "precedence_constraints": [[5, 2], [4, 8], [8, 2], [7, 8]]}