{"Q": [[0, 0, 1], [1, 1, 1], [1, 0, 0]], "R": [[0.0, 0.0, 0.0], [1.0, 0.0, 0.0], [1.0, 0.0, 0.0], [0.0, 1.0, 1.0], [1.0, 0.0, 1.0], [0.0, 1.0, 0.0], [1.0, 1.0, 0.0], [1.0, 0.0, 0.0], [0.0, 1.0, 0.0], [0.0, 0.0, 0.0]], "T_e": [0, 71, 65, 74, 77, 96, 74, 63, 62, 0], "T_t": [[0.0, 11.40175425099138, 40.80441152620633, 51.264022471905186, 70.43436661176133, 43.08131845707603, 86.45229898620394, 36.87817782917155, 10.0, 11.704699910719626], [11.40175425099138, 0.0, 46.09772228646444, 53.53503525729669, 75.69015788066504, 54.42425929675111, 92.02173656261873, 47.265209192385896, 21.02379604162864, 1.0], [40.80441152620633, 46.09772228646444, 0.0, 16.15549442140351, 29.732137494637012, 51.54609587543949, 45.967379738244816, 27.730849247724095, 42.15447781671598, 45.45327270945405], [51.264022471905186, 53.53503525729669, 16.15549442140351, 0.0, 26.92582403567252, 67.67569726275453, 42.5440947723653, 43.86342439892262, 54.91812087098393, 52.69724850502159], [70.43436661176133, 75.69015788066504, 29.732137494637012, 26.92582403567252, 0.0, 71.11258679024411, 16.401219466856727, 47.67598976424087, 70.83078426785913, 75.0066663703967], [43.08131845707603, 54.42425929675111, 51.54609587543949, 67.67569726275453, 71.11258679024411, 0.0, 82.76472678623425, 24.331050121192877, 33.52610922848042, 54.78138369920935], [86.45229898620394, 92.02173656261873, 45.967379738244816, 42.5440947723653, 16.401219466856727, 82.76472678623425, 0.0, 60.74537019394976, 86.2670273047588, 91.35097153287424], [36.87817782917155, 47.265209192385896, 27.730849247724095, 43.86342439892262, 47.67598976424087, 24.331050121192877, 60.74537019394976, 0.0, 31.304951684997057, 47.16990566028302], [10.0, 21.02379604162864, 42.15447781671598, 54.91812087098393, 70.83078426785913, 33.52610922848042, 86.2670273047588, 31.304951684997057, 0.0, 21.470910553583888], [11.704699910719626, 1.0, 45.45327270945405, 52.69724850502159, 75.0066663703967, 54.78138369920935, 91.35097153287424, 47.16990566028302, 21.470910553583888, 0.0]], "task_locations": [[18, 32], [21, 21], [51, 56], [66, 50], [73, 76], [2, 72], [83, 89], [26, 68], [12, 40], [22, 21]], "precedence_constraints": [[6, 4], [7, 5]]}