{"Q": [[1, 1, 0], [1, 0, 0], [1, 0, 1]], "R": [[0.0, 0.0, 0.0], [0.0, 1.0, 1.0], [0.0, 0.0, 1.0], [1.0, 0.0, 0.0], [0.0, 0.0, 1.0], [1.0, 1.0, 0.0], [1.0, 1.0, 1.0], [0.0, 1.0, 0.0], [1.0, 1.0, 0.0], [0.0, 0.0, 0.0]], "T_e": [0, 59, 79, 56, 99, 92, 51, 89, 81, 0], "T_t": [[0.0, 96.13532129243653, 13.341664064126334, 79.71198153351854, 25.612496949731394, 35.73513677041127, 37.12142238654117, 53.9351462406472, 85.98837130682264, 25.298221281347036], [96.13532129243653, 0.0, 82.87339742040264, 16.492422502470642, 75.8023746329889, 60.40695324215582, 97.83659846908007, 55.90169943749474, 44.40720662234904, 99.56907150315303], [13.341664064126334, 82.87339742040264, 0.0, 66.48308055437865, 17.26267650163207, 22.47220505424423, 36.22154055254967, 42.05948168962618, 73.7563556583431, 27.459060435491963], [79.71198153351854, 16.492422502470642, 66.48308055437865, 0.0, 59.413803110051795, 44.01136216933077, 83.45058418010026, 43.04648650006177, 41.23105625617661, 84.20213774008353], [25.612496949731394, 75.8023746329889, 17.26267650163207, 59.413803110051795, 0.0, 20.12461179749811, 53.009433122794285, 47.634021455258214, 76.48529270389177, 44.721359549995796], [35.73513677041127, 60.40695324215582, 22.47220505424423, 44.01136216933077, 20.12461179749811, 0.0, 47.16990566028302, 28.319604517012593, 56.36488268416781, 43.60045871318328], [37.12142238654117, 97.83659846908007, 36.22154055254967, 83.45058418010026, 53.009433122794285, 47.16990566028302, 0.0, 42.720018726587654, 70.8801805866774, 12.727922061357855], [53.9351462406472, 55.90169943749474, 42.05948168962618, 43.04648650006177, 47.634021455258214, 28.319604517012593, 42.720018726587654, 0.0, 32.14031735997639, 47.12748667179272], [85.98837130682264, 44.40720662234904, 73.7563556583431, 41.23105625617661, 76.48529270389177, 56.36488268416781, 70.8801805866774, 32.14031735997639, 0.0, 77.78174593052023], [25.298221281347036, 99.56907150315303, 27.459060435491963, 84.20213774008353, 44.721359549995796, 43.60045871318328, 12.727922061357855, 47.12748667179272, 77.78174593052023, 0.0]], "task_locations": [[5, 54], [96, 23], [18, 51], [80, 27], [21, 34], [39, 43], [22, 87], [58, 64], [90, 67], [13, 78]], "precedence_constraints": [[4, 7], [3, 2], [6, 5], [8, 2]]}