{"Q": [[1, 1, 0], [0, 1, 1], [0, 1, 0]], "R": [[0.0, 0.0, 0.0], [0.0, 1.0, 1.0], [1.0, 1.0, 0.0], [0.0, 1.0, 0.0], [1.0, 0.0, 0.0], [1.0, 1.0, 1.0], [0.0, 1.0, 0.0], [1.0, 0.0, 1.0], [1.0, 0.0, 0.0], [0.0, 0.0, 0.0]], "T_e": [0, 89, 88, 51, 73, 97, 91, 98, 86, 0], "T_t": [[0.0, 58.309518948453004, 75.53806987208503, 84.71717653463199, 10.04987562112089, 79.40403012442127, 77.41446893184762, 28.0178514522438, 96.60227740586657, 40.26164427839479], [58.309518948453004, 0.0, 17.26267650163207, 26.476404589747453, 48.507731342539614, 41.43669871020132, 86.83893136145792, 36.40054944640259, 47.20169488482379, 58.249463516842795], [75.53806987208503, 17.26267650163207, 0.0, 9.219544457292887, 65.76473218982953, 39.56008088970496, 95.46203433826454, 52.46903848937962, 36.68787265568828, 71.58910531638176], [84.71717653463199, 26.476404589747453, 9.219544457292887, 0.0, 74.96665925596525, 41.182520563948, 100.65783625729296, 61.204574992397426, 33.06055050963308, 79.12016177940993], [10.04987562112089, 48.507731342539614, 65.76473218982953, 74.96665925596525, 0.0, 72.24956747275377, 78.02563681252464, 21.400934559032695, 88.32326986700618, 40.0], [79.40403012442127, 41.43669871020132, 39.56008088970496, 41.182520563948, 72.24956747275377, 0.0, 63.52952069707436, 51.40038910358559, 22.20360331117452, 54.589376255824725], [77.41446893184762, 86.83893136145792, 95.46203433826454, 100.65783625729296, 78.02563681252464, 63.52952069707436, 0.0, 62.81719509815764, 84.69356528095862, 38.05259518088089], [28.0178514522438, 36.40054944640259, 52.46903848937962, 61.204574992397426, 21.400934559032695, 51.40038910358559, 62.81719509815764, 0.0, 68.94200461257273, 26.419689627245813], [96.60227740586657, 47.20169488482379, 36.68787265568828, 33.06055050963308, 88.32326986700618, 22.20360331117452, 84.69356528095862, 68.94200461257273, 0.0, 76.16429609731846], [40.26164427839479, 58.249463516842795, 71.58910531638176, 79.12016177940993, 40.0, 54.589376255824725, 38.05259518088089, 26.419689627245813, 76.16429609731846, 0.0]], "task_locations": [[11, 98], [69, 92], [86, 89], [95, 87], [21, 99], [75, 51], [19, 21], [34, 82], [97, 54], [21, 59]], "precedence_constraints": [[8, 5], [8, 4], [8, 3], [4, 1], [7, 5], [3, 7]]}