{"Q": [[1, 1, 0], [0, 1, 1], [1, 0, 0]], "R": [[0.0, 0.0, 0.0], [0.0, 1.0, 1.0], [1.0, 1.0, 0.0], [0.0, 0.0, 1.0], [0.0, 0.0, 1.0], [0.0, 0.0, 1.0], [1.0, 1.0, 0.0], [1.0, 0.0, 0.0], [0.0, 1.0, 1.0], [0.0, 0.0, 0.0]], "T_e": [0, 85, 53, 68, 78, 72, 80, 86, 74, 0], "T_t": [[0.0, 15.297058540778355, 81.54140052758476, 29.832867780352597, 55.08175741568164, 26.476404589747453, 44.10215414239989, 44.77722635447622, 87.86353054595519, 76.6550715869472], [15.297058540778355, 0.0, 66.64082832618455, 17.204650534085253, 55.02726596879042, 13.601470508735444, 29.0, 50.32891812864648, 89.31965069345043, 71.17583859709698], [81.54140052758476, 66.64082832618455, 0.0, 60.30754513325841, 81.32035415564789, 61.40032573203501, 42.44997055358225, 93.43446901438462, 107.54068997360952, 69.20260110718382], [29.832867780352597, 17.204650534085253, 60.30754513325841, 0.0, 69.77105417004964, 3.605551275463989, 18.027756377319946, 67.17886572427373, 104.20172743289815, 81.49846624323675], [55.08175741568164, 55.02726596879042, 81.32035415564789, 69.77105417004964, 0.0, 66.64082832618455, 70.09279563550022, 20.518284528683193, 34.438350715445125, 29.832867780352597], [26.476404589747453, 13.601470508735444, 61.40032573203501, 3.605551275463989, 66.64082832618455, 0.0, 19.697715603592208, 63.655321851358195, 101.07917688624102, 79.22752047110903], [44.10215414239989, 29.0, 42.44997055358225, 18.027756377319946, 70.09279563550022, 19.697715603592208, 0.0, 72.71863585079137, 103.60019305001319, 74.94664769020693], [44.77722635447622, 50.32891812864648, 93.43446901438462, 67.17886572427373, 20.518284528683193, 63.655321851358195, 72.71863585079137, 0.0, 45.0, 50.32891812864648], [87.86353054595519, 89.31965069345043, 107.54068997360952, 104.20172743289815, 34.438350715445125, 101.07917688624102, 103.60019305001319, 45.0, 0.0, 39.84971769034255], [76.6550715869472, 71.17583859709698, 69.20260110718382, 81.49846624323675, 29.832867780352597, 79.22752047110903, 74.94664769020693, 50.32891812864648, 39.84971769034255, 0.0]], "task_locations": [[9, 78], [12, 63], [41, 3], [2, 49], [64, 81], [4, 52], [12, 34], [50, 96], [95, 96], [83, 58]], "precedence_constraints": [[6, 7]]}