{"Q": [[1, 1, 0], [0, 0, 1], [0, 1, 0]], "R": [[0.0, 0.0, 0.0], [1.0, 0.0, 0.0], [0.0, 1.0, 0.0], [0.0, 1.0, 0.0], [0.0, 1.0, 1.0], [1.0, 0.0, 1.0], [0.0, 1.0, 0.0], [1.0, 0.0, 0.0], [0.0, 1.0, 0.0], [0.0, 0.0, 0.0]], "T_e": [0, 99, 65, 99, 58, 91, 86, 75, 57, 0], "T_t": [[0.0, 71.02816342831905, 15.620499351813308, 54.91812087098393, 23.021728866442675, 7.211102550927978, 45.5411901469428, 101.91172650877817, 51.61395160225576, 61.98386886924694], [71.02816342831905, 0.0, 62.5859409132754, 80.15609770940699, 91.2414379544733, 65.27633568147036, 30.870698080866262, 67.11929677819934, 57.28001396647874, 13.45362404707371], [15.620499351813308, 62.5859409132754, 0.0, 66.0, 29.017236257093817, 8.94427190999916, 42.638011210655684, 103.85566907973777, 57.584720195551874, 55.94640292279746], [54.91812087098393, 80.15609770940699, 66.0, 0.0, 73.00684899377592, 58.137767414994535, 51.088159097779204, 66.70832032063167, 23.323807579381203, 66.70832032063167], [23.021728866442675, 91.2414379544733, 29.017236257093817, 73.00684899377592, 0.0, 26.570660511172846, 68.0294054067798, 124.73972903610141, 73.66138744281159, 83.5224520712844], [7.211102550927978, 65.27633568147036, 8.94427190999916, 58.137767414994535, 26.570660511172846, 0.0, 41.593268686170845, 100.44899203078147, 51.884487084291386, 57.0087712549569], [45.5411901469428, 30.870698080866262, 42.638011210655684, 51.088159097779204, 68.0294054067798, 41.593268686170845, 0.0, 62.76941930590086, 29.966648127543394, 18.439088914585774], [101.91172650877817, 67.11929677819934, 103.85566907973777, 66.70832032063167, 124.73972903610141, 100.44899203078147, 62.76941930590086, 0.0, 52.478567053607705, 59.665735560705194], [51.61395160225576, 57.28001396647874, 57.584720195551874, 23.323807579381203, 73.66138744281159, 51.884487084291386, 29.966648127543394, 52.478567053607705, 0.0, 43.840620433565945], [61.98386886924694, 13.45362404707371, 55.94640292279746, 66.70832032063167, 83.5224520712844, 57.0087712549569, 18.439088914585774, 59.665735560705194, 43.840620433565945, 0.0]], "task_locations": [[75, 24], [73, 95], [87, 34], [21, 34], [88, 5], [79, 30], [60, 67], [6, 99], [33, 54], [64, 85]], "precedence_constraints": [[4, 2], [4, 5]]}