{"Q": [[1, 0, 0], [0, 0, 1], [0, 1, 1]], "R": [[0.0, 0.0, 0.0], [0.0, 1.0, 0.0], [1.0, 0.0, 0.0], [1.0, 1.0, 1.0], [1.0, 1.0, 0.0], [1.0, 1.0, 0.0], [0.0, 1.0, 1.0], [0.0, 0.0, 1.0], [1.0, 0.0, 1.0], [0.0, 0.0, 0.0]], "T_e": [0, 98, 62, 63, 73, 51, 69, 79, 63, 0], "T_t": [[0.0, 50.60632371551998, 48.877397639399746, 78.39005038906404, 47.885279575251516, 62.64982043070834, 48.02082881417188, 41.72529209005013, 28.460498941515414, 17.46424919657298], [50.60632371551998, 0.0, 50.039984012787215, 93.13431161500041, 2.8284271247461903, 56.089214649520635, 3.0, 14.560219778561036, 74.24957912338628, 58.0], [48.877397639399746, 50.039984012787215, 0.0, 43.104524124504614, 48.0, 13.92838827718412, 50.00999900019995, 55.31726674375732, 51.03920062069938, 38.8329756778952], [78.39005038906404, 93.13431161500041, 43.104524124504614, 0.0, 91.0494371207203, 41.23105625617661, 93.02150289046077, 97.41663102366043, 63.12685640834652, 61.85466837676846], [47.885279575251516, 2.8284271247461903, 48.0, 91.0494371207203, 0.0, 54.57105459856901, 2.23606797749979, 13.416407864998739, 71.42128534267638, 55.17245689653489], [62.64982043070834, 56.089214649520635, 13.92838827718412, 41.23105625617661, 54.57105459856901, 0.0, 56.753854494650845, 64.07807737440318, 64.07027391856539, 52.630789467763066], [48.02082881417188, 3.0, 50.00999900019995, 93.02150289046077, 2.23606797749979, 56.753854494650845, 0.0, 11.704699910719626, 72.13875518748573, 55.97320787662612], [41.72529209005013, 14.560219778561036, 55.31726674375732, 97.41663102366043, 13.416407864998739, 64.07807737440318, 11.704699910719626, 0.0, 68.24221567329127, 52.839379254491625], [28.460498941515414, 74.24957912338628, 51.03920062069938, 63.12685640834652, 71.42128534267638, 64.07027391856539, 72.13875518748573, 68.24221567329127, 0.0, 16.401219466856727], [17.46424919657298, 58.0, 38.8329756778952, 61.85466837676846, 55.17245689653489, 52.630789467763066, 55.97320787662612, 52.839379254491625, 16.401219466856727, 0.0]], "task_locations": [[59, 31], [15, 6], [17, 56], [20, 99], [17, 8], [4, 61], [18, 6], [29, 2], [68, 58], [55, 48]], "precedence_constraints": [[5, 4], [4, 6]]}