{"Q": [[1, 1, 1], [0, 0, 1], [0, 0, 1]], "R": [[0.0, 0.0, 0.0], [1.0, 1.0, 1.0], [0.0, 1.0, 1.0], [1.0, 0.0, 1.0], [1.0, 1.0, 1.0], [0.0, 1.0, 0.0], [0.0, 0.0, 1.0], [0.0, 0.0, 1.0], [0.0, 1.0, 0.0], [0.0, 0.0, 0.0]], "T_e": [0, 78, 80, 99, 93, 81, 70, 71, 79, 0], "T_t": [[0.0, 58.215118311311535, 33.015148038438355, 37.57658845611187, 31.144823004794873, 35.35533905932738, 15.0, 20.248456731316587, 73.24616030891995, 54.589376255824725], [58.215118311311535, 0.0, 44.77722635447622, 79.47955712005447, 38.48376280978771, 89.80534505250787, 48.08326112068523, 40.80441152620633, 53.36665625650534, 94.36630754670864], [33.015148038438355, 44.77722635447622, 0.0, 35.6931365951495, 7.211102550927978, 50.99019513592785, 36.6742416417845, 34.0, 40.36087214122113, 49.658836071740545], [37.57658845611187, 79.47955712005447, 35.6931365951495, 0.0, 41.10960958218893, 22.67156809750927, 51.31276644267, 53.907327887774215, 66.12866246946176, 17.204650534085253], [31.144823004794873, 38.48376280978771, 7.211102550927978, 41.10960958218893, 0.0, 54.147945482723536, 31.953090617340916, 28.284271247461902, 42.720018726587654, 55.94640292279746], [35.35533905932738, 89.80534505250787, 50.99019513592785, 22.67156809750927, 54.147945482723536, 0.0, 50.24937810560445, 55.46169849544819, 86.76981041814025, 31.400636936215164], [15.0, 48.08326112068523, 36.6742416417845, 51.31276644267, 31.953090617340916, 50.24937810560445, 0.0, 7.280109889280518, 74.24284477308234, 68.5054742338158], [20.248456731316587, 40.80441152620633, 34.0, 53.907327887774215, 28.284271247461902, 55.46169849544819, 7.280109889280518, 0.0, 69.46221994724903, 71.06335201775947], [73.24616030891995, 53.36665625650534, 40.36087214122113, 66.12866246946176, 42.720018726587654, 86.76981041814025, 74.24284477308234, 69.46221994724903, 0.0, 72.56031973468694], [54.589376255824725, 94.36630754670864, 49.658836071740545, 17.204650534085253, 55.94640292279746, 31.400636936215164, 68.5054742338158, 71.06335201775947, 72.56031973468694, 0.0]], "task_locations": [[12, 59], [17, 1], [39, 40], [46, 75], [33, 36], [29, 90], [3, 47], [5, 40], [69, 13], [60, 85]], "precedence_constraints": [[6, 8], [3, 2], [7, 4]]}