{"Q": [[1, 1, 0], [0, 1, 1], [0, 1, 0]], "R": [[0.0, 0.0, 0.0], [1.0, 0.0, 1.0], [0.0, 1.0, 1.0], [0.0, 0.0, 1.0], [1.0, 1.0, 1.0], [1.0, 0.0, 0.0], [0.0, 1.0, 0.0], [1.0, 1.0, 1.0], [0.0, 0.0, 1.0], [0.0, 0.0, 0.0]], "T_e": [0, 93, 94, 73, 58, 75, 67, 93, 77, 0], "T_t": [[0.0, 49.193495504995376, 36.61966684720111, 56.43580423808985, 43.18564576337837, 38.897300677553446, 44.10215414239989, 71.7007670809734, 53.85164807134504, 25.495097567963924], [49.193495504995376, 0.0, 14.035668847618199, 50.24937810560445, 18.027756377319946, 16.76305461424021, 19.0, 72.91776189653656, 36.87817782917155, 74.09453421137081], [36.61966684720111, 14.035668847618199, 0.0, 41.88078318274385, 11.045361017187261, 6.324555320336759, 22.80350850198276, 64.03124237432849, 30.675723300355934, 62.00806399170998], [56.43580423808985, 50.24937810560445, 41.88078318274385, 0.0, 32.55764119219941, 35.805027579936315, 64.63745044476924, 22.67156809750927, 14.317821063276353, 77.4919350642375], [43.18564576337837, 18.027756377319946, 11.045361017187261, 32.55764119219941, 0.0, 5.0990195135927845, 32.64965543462902, 55.154328932550705, 20.12461179749811, 68.59300255857006], [38.897300677553446, 16.76305461424021, 6.324555320336759, 35.805027579936315, 5.0990195135927845, 0.0, 28.844410203711913, 58.137767414994535, 24.351591323771842, 64.38167441127949], [44.10215414239989, 19.0, 22.80350850198276, 64.63745044476924, 32.64965543462902, 28.844410203711913, 0.0, 86.83317338436964, 52.773099207835045, 66.09841147864296], [71.7007670809734, 72.91776189653656, 64.03124237432849, 22.67156809750927, 55.154328932550705, 58.137767414994535, 86.83317338436964, 0.0, 36.61966684720111, 88.45903006477066], [53.85164807134504, 36.87817782917155, 30.675723300355934, 14.317821063276353, 20.12461179749811, 24.351591323771842, 52.773099207835045, 36.61966684720111, 0.0, 77.52418977325722], [25.495097567963924, 74.09453421137081, 62.00806399170998, 77.4919350642375, 68.59300255857006, 64.38167441127949, 66.09841147864296, 88.45903006477066, 77.52418977325722, 0.0]], "task_locations": [[21, 52], [43, 96], [42, 82], [77, 59], [53, 81], [48, 80], [24, 96], [92, 42], [71, 72], [4, 33]], "precedence_constraints": [[2, 7], [4, 8], [5, 2], [7, 8], [6, 3], [4, 6]]}