{"Q": [[1, 1, 1], [1, 1, 0], [1, 0, 1]], "R": [[0.0, 0.0, 0.0], [0.0, 0.0, 1.0], [0.0, 1.0, 0.0], [0.0, 1.0, 0.0], [0.0, 1.0, 1.0], [1.0, 1.0, 1.0], [0.0, 1.0, 0.0], [0.0, 1.0, 1.0], [1.0, 0.0, 0.0], [0.0, 0.0, 0.0]], "T_e": [0, 91, 75, 93, 83, 51, 52, 55, 60, 0], "T_t": [[0.0, 66.18912297349165, 6.082762530298219, 42.01190307520001, 29.832867780352597, 66.85057965343307, 36.6742416417845, 73.60027173862879, 69.6419413859206, 22.20360331117452], [66.18912297349165, 0.0, 60.13318551349163, 74.79304780526061, 50.32891812864648, 20.396078054371138, 62.80127387243033, 39.6232255123179, 24.020824298928627, 51.264022471905186], [6.082762530298219, 60.13318551349163, 0.0, 41.30375285612676, 25.553864678361276, 60.92618484691127, 35.4400902933387, 68.24954212300622, 64.19501538281614, 18.439088914585774], [42.01190307520001, 74.79304780526061, 41.30375285612676, 0.0, 26.1725046566048, 63.324560795950255, 76.48529270389177, 58.034472514187634, 89.87213138676528, 57.56735185849702], [29.832867780352597, 50.32891812864648, 25.553864678361276, 26.1725046566048, 0.0, 43.04648650006177, 56.08029957123981, 45.17742799230607, 63.7808748764079, 36.013886210738214], [66.85057965343307, 20.396078054371138, 60.92618484691127, 63.324560795950255, 43.04648650006177, 0.0, 74.02702209328699, 19.235384061671343, 44.28317965096906, 58.137767414994535], [36.6742416417845, 62.80127387243033, 35.4400902933387, 76.48529270389177, 56.08029957123981, 74.02702209328699, 0.0, 88.19297024139736, 52.88667128870941, 20.09975124224178], [73.60027173862879, 39.6232255123179, 68.24954212300622, 58.034472514187634, 45.17742799230607, 19.235384061671343, 88.19297024139736, 0.0, 63.50590523722971, 70.21395872616783], [69.6419413859206, 24.020824298928627, 64.19501538281614, 89.87213138676528, 63.7808748764079, 44.28317965096906, 52.88667128870941, 63.50590523722971, 0.0, 49.36598018878993], [22.20360331117452, 51.264022471905186, 18.439088914585774, 57.56735185849702, 36.013886210738214, 58.137767414994535, 20.09975124224178, 70.21395872616783, 49.36598018878993, 0.0]], "task_locations": [[21, 39], [87, 44], [27, 40], [22, 81], [40, 62], [83, 64], [37, 6], [80, 83], [88, 20], [39, 26]], "precedence_constraints": [[1, 8], [5, 4], [1, 6], [2, 4]]}