{"Q": [[0, 1, 0], [1, 1, 1], [0, 1, 0]], "R": [[0.0, 0.0, 0.0], [0.0, 0.0, 1.0], [1.0, 0.0, 0.0], [0.0, 1.0, 0.0], [1.0, 1.0, 0.0], [0.0, 1.0, 1.0], [0.0, 0.0, 1.0], [0.0, 0.0, 1.0], [0.0, 1.0, 0.0], [0.0, 0.0, 0.0]], "T_e": [0, 97, 58, 85, 82, 66, 72, 58, 71, 0], "T_t": [[0.0, 20.0, 64.1404708432983, 44.384682042344295, 29.832867780352597, 72.44998274671983, 57.56735185849702, 34.9857113690718, 81.02468759581859, 8.54400374531753], [20.0, 0.0, 76.38062581571324, 55.226805085936306, 31.78049716414141, 90.82400563727631, 76.90253571892151, 48.41487374764082, 99.62429422585637, 12.36931687685298], [64.1404708432983, 76.38062581571324, 0.0, 97.32420048477151, 47.70744176750625, 39.408120990476064, 43.9089968002003, 29.154759474226502, 97.082439194738, 71.02816342831905], [44.384682042344295, 55.226805085936306, 97.32420048477151, 0.0, 74.0, 87.36704184073076, 69.33974329343886, 71.00704190430693, 57.55866572463264, 45.48626166217664], [29.832867780352597, 31.78049716414141, 47.70744176750625, 74.0, 0.0, 72.06247289678588, 63.150613615387776, 25.019992006393608, 102.00490184299969, 32.01562118716424], [72.44998274671983, 90.82400563727631, 39.408120990476064, 87.36704184073076, 72.06247289678588, 0.0, 18.027756377319946, 47.042533945356304, 65.62011886609167, 80.95677859203639], [57.56735185849702, 76.90253571892151, 43.9089968002003, 69.33974329343886, 63.150613615387776, 18.027756377319946, 0.0, 39.21734310225516, 53.48831648126533, 66.09841147864296], [34.9857113690718, 48.41487374764082, 29.154759474226502, 71.00704190430693, 25.019992006393608, 47.042533945356304, 39.21734310225516, 0.0, 84.29116205154607, 42.01190307520001], [81.02468759581859, 99.62429422585637, 97.082439194738, 57.55866572463264, 102.00490184299969, 65.62011886609167, 53.48831648126533, 84.29116205154607, 0.0, 87.31551981177229], [8.54400374531753, 12.36931687685298, 71.02816342831905, 45.48626166217664, 32.01562118716424, 80.95677859203639, 66.09841147864296, 42.01190307520001, 87.31551981177229, 0.0]], "task_locations": [[41, 79], [41, 99], [96, 46], [0, 62], [70, 86], [73, 14], [58, 24], [71, 61], [8, 5], [38, 87]], "precedence_constraints": [[6, 7], [4, 2], [7, 1], [4, 7]]}