{"Q": [[0, 0, 1], [1, 1, 0], [1, 1, 0]], "R": [[0.0, 0.0, 0.0], [1.0, 0.0, 0.0], [1.0, 1.0, 1.0], [0.0, 1.0, 1.0], [1.0, 0.0, 0.0], [0.0, 1.0, 1.0], [1.0, 1.0, 0.0], [0.0, 0.0, 1.0], [1.0, 0.0, 0.0], [0.0, 0.0, 0.0]], "T_e": [0, 74, 55, 54, 94, 70, 50, 64, 58, 0], "T_t": [[0.0, 97.49358953285082, 51.03920062069938, 39.293765408777, 61.84658438426491, 70.71067811865476, 25.0, 54.57105459856901, 39.0, 19.924858845171276], [97.49358953285082, 0.0, 58.412327466040935, 77.23341245859851, 64.88451279003334, 81.9084855189009, 76.02631123499285, 74.54528824815154, 87.14355971613737, 84.77027781009096], [51.03920062069938, 58.412327466040935, 0.0, 57.28001396647874, 15.811388300841896, 33.83784863137726, 26.076809620810597, 66.85057965343307, 65.43699259593154, 49.658836071740545], [39.293765408777, 77.23341245859851, 57.28001396647874, 0.0, 72.86288492778748, 88.81441324469807, 40.85339643163099, 15.297058540778355, 10.04987562112089, 19.4164878389476], [61.84658438426491, 64.88451279003334, 15.811388300841896, 72.86288492778748, 0.0, 19.1049731745428, 38.07886552931954, 82.66196223173026, 80.72174428244226, 63.812224534175265], [70.71067811865476, 81.9084855189009, 33.83784863137726, 88.81441324469807, 19.1049731745428, 0.0, 50.24937810560445, 99.84988733093293, 95.77577981932593, 77.10382610480494], [25.0, 76.02631123499285, 26.076809620810597, 40.85339643163099, 38.07886552931954, 50.24937810560445, 0.0, 54.3415126767741, 46.32493928760188, 26.870057685088806], [54.57105459856901, 74.54528824815154, 66.85057965343307, 15.297058540778355, 82.66196223173026, 99.84988733093293, 54.3415126767741, 0.0, 19.1049731745428, 34.713109915419565], [39.0, 87.14355971613737, 65.43699259593154, 10.04987562112089, 80.72174428244226, 95.77577981932593, 46.32493928760188, 19.1049731745428, 0.0, 20.8806130178211], [19.924858845171276, 84.77027781009096, 49.658836071740545, 19.4164878389476, 63.812224534175265, 77.10382610480494, 26.870057685088806, 34.713109915419565, 20.8806130178211, 0.0]], "task_locations": [[90, 35], [3, 79], [39, 33], [80, 73], [30, 20], [28, 1], [65, 35], [77, 88], [90, 74], [84, 54]], "precedence_constraints": [[3, 2], [7, 5]]}