{"Q": [[0, 0, 1], [1, 1, 1], [1, 1, 1]], "R": [[0.0, 0.0, 0.0], [1.0, 0.0, 1.0], [1.0, 0.0, 1.0], [0.0, 1.0, 0.0], [0.0, 1.0, 0.0], [0.0, 1.0, 1.0], [1.0, 0.0, 1.0], [1.0, 1.0, 1.0], [0.0, 1.0, 1.0], [0.0, 0.0, 0.0]], "T_e": [0, 97, 85, 91, 50, 75, 67, 96, 61, 0], "T_t": [[0.0, 41.048751503547585, 15.811388300841896, 26.68332812825267, 52.354560450833695, 68.8839603971781, 45.70557952810576, 46.22769732530488, 37.36308338453881, 45.09988913511872], [41.048751503547585, 0.0, 26.92582403567252, 15.524174696260024, 23.53720459187964, 72.49827584156743, 10.770329614269007, 77.82030583337487, 13.0, 61.5223536610881], [15.811388300841896, 26.92582403567252, 0.0, 15.556349186104045, 43.139309220245984, 73.10950690573696, 30.14962686336267, 60.14149981501958, 21.587033144922902, 53.14132102234569], [26.68332812825267, 15.524174696260024, 15.556349186104045, 0.0, 27.586228448267445, 63.788713735268246, 23.600847442411894, 62.64982043070834, 18.867962264113206, 48.60041152089147], [52.354560450833695, 23.53720459187964, 43.139309220245984, 27.586228448267445, 0.0, 55.44366510251645, 33.015148038438355, 75.8023746329889, 36.40054944640259, 52.92447448959697], [68.8839603971781, 72.49827584156743, 73.10950690573696, 63.788713735268246, 55.44366510251645, 0.0, 83.2586331859946, 51.22499389946279, 81.9084855189009, 26.92582403567252], [45.70557952810576, 10.770329614269007, 30.14962686336267, 23.600847442411894, 33.015148038438355, 83.2586331859946, 0.0, 86.09297300012354, 9.219544457292887, 71.50524456289902], [46.22769732530488, 77.82030583337487, 60.14149981501958, 62.64982043070834, 75.8023746329889, 51.22499389946279, 86.09297300012354, 0.0, 79.63039620647382, 27.51363298439521], [37.36308338453881, 13.0, 21.587033144922902, 18.867962264113206, 36.40054944640259, 81.9084855189009, 9.219544457292887, 79.63039620647382, 0.0, 67.42403132415029], [45.09988913511872, 61.5223536610881, 53.14132102234569, 48.60041152089147, 52.92447448959697, 26.92582403567252, 71.50524456289902, 27.51363298439521, 67.42403132415029, 0.0]], "task_locations": [[37, 20], [78, 22], [52, 15], [63, 26], [83, 45], [48, 88], [82, 12], [8, 56], [73, 10], [34, 65]], "precedence_constraints": [[3, 8], [5, 6], [7, 5], [3, 4], [3, 6]]}