{"Q": [[0, 0, 1], [1, 1, 1], [1, 0, 0]], "R": [[0.0, 0.0, 0.0], [1.0, 1.0, 0.0], [1.0, 1.0, 1.0], [1.0, 0.0, 0.0], [0.0, 1.0, 1.0], [0.0, 1.0, 1.0], [1.0, 1.0, 0.0], [1.0, 1.0, 0.0], [0.0, 1.0, 1.0], [0.0, 0.0, 0.0]], "T_e": [0, 94, 56, 83, 87, 84, 55, 96, 90, 0], "T_t": [[0.0, 21.540659228538015, 37.48332962798263, 56.142675390472796, 72.53275122315436, 22.561028345356956, 37.12142238654117, 28.071337695236398, 99.20181449953424, 59.64059020499378], [21.540659228538015, 0.0, 17.11724276862369, 53.665631459994955, 62.00806399170998, 43.965895873961216, 44.654227123532216, 26.90724809414742, 81.49233092751734, 43.32435804486894], [37.48332962798263, 17.11724276862369, 0.0, 64.66065264130884, 66.48308055437865, 60.01666435249463, 60.37383539249432, 41.340053217188775, 76.53757247260981, 43.104524124504614], [56.142675390472796, 53.665631459994955, 64.66065264130884, 0.0, 26.92582403567252, 63.60031446463138, 26.419689627245813, 28.635642126552707, 68.00735254367721, 38.63935817272331], [72.53275122315436, 62.00806399170998, 66.48308055437865, 26.92582403567252, 0.0, 85.47514258543241, 51.62363799656123, 45.31004303683677, 41.97618372363071, 25.80697580112788], [22.561028345356956, 43.965895873961216, 60.01666435249463, 63.60031446463138, 85.47514258543241, 0.0, 38.3275357934736, 40.80441152620633, 117.38824472663352, 77.79460135510689], [37.12142238654117, 44.654227123532216, 60.37383539249432, 26.419689627245813, 51.62363799656123, 38.3275357934736, 0.0, 19.6468827043885, 89.69392398596462, 53.45091205957107], [28.071337695236398, 26.90724809414742, 41.340053217188775, 28.635642126552707, 45.31004303683677, 40.80441152620633, 19.6468827043885, 0.0, 77.23341245859851, 38.27531841800928], [99.20181449953424, 81.49233092751734, 76.53757247260981, 68.00735254367721, 41.97618372363071, 117.38824472663352, 89.69392398596462, 77.23341245859851, 0.0, 39.698866482558415], [59.64059020499378, 43.32435804486894, 43.104524124504614, 38.63935817272331, 25.80697580112788, 77.79460135510689, 53.45091205957107, 38.27531841800928, 39.698866482558415, 0.0]], "task_locations": [[9, 72], [17, 52], [15, 35], [65, 76], [79, 53], [4, 94], [42, 89], [37, 70], [88, 12], [58, 38]], "precedence_constraints": [[8, 2], [4, 8], [4, 2], [4, 7], [3, 5], [5, 7]]}