{"Q": [[1, 1, 0], [0, 1, 1], [1, 1, 0]], "R": [[0.0, 0.0, 0.0], [0.0, 1.0, 0.0], [0.0, 1.0, 0.0], [0.0, 1.0, 1.0], [1.0, 1.0, 1.0], [1.0, 0.0, 1.0], [1.0, 1.0, 1.0], [0.0, 0.0, 1.0], [1.0, 1.0, 1.0], [0.0, 0.0, 0.0]], "T_e": [0, 57, 67, 73, 79, 92, 80, 83, 67, 0], "T_t": [[0.0, 25.80697580112788, 73.97972695272672, 55.326304774492215, 66.61080993352356, 29.5296461204668, 11.661903789690601, 9.486832980505138, 7.211102550927978, 27.202941017470888], [25.80697580112788, 0.0, 68.5054742338158, 42.720018726587654, 59.16924876994806, 47.01063709417264, 36.796738985948195, 16.97056274847714, 24.20743687382041, 53.009433122794285], [73.97972695272672, 68.5054742338158, 0.0, 28.600699292150182, 10.0, 58.69412236331676, 82.73451516749222, 73.7360156233031, 79.40403012442127, 88.14193099768123], [55.326304774492215, 42.720018726587654, 28.600699292150182, 0.0, 18.601075237738275, 52.009614495783374, 66.09841147864296, 52.08646657242167, 59.0, 76.32168761236873], [66.61080993352356, 59.16924876994806, 10.0, 18.601075237738275, 0.0, 54.70831746635972, 76.05918747922567, 65.52098900352466, 71.58910531638176, 83.02409288875127], [29.5296461204668, 47.01063709417264, 58.69412236331676, 52.009614495783374, 54.70831746635972, 0.0, 31.240998703626616, 36.68787265568828, 36.71511950137164, 30.265491900843113], [11.661903789690601, 36.796738985948195, 82.73451516749222, 66.09841147864296, 76.05918747922567, 31.240998703626616, 0.0, 19.849433241279208, 13.416407864998739, 17.08800749063506], [9.486832980505138, 16.97056274847714, 73.7360156233031, 52.08646657242167, 65.52098900352466, 36.68787265568828, 19.849433241279208, 0.0, 7.615773105863909, 36.359317925395686], [7.211102550927978, 24.20743687382041, 79.40403012442127, 59.0, 71.58910531638176, 36.71511950137164, 13.416407864998739, 7.615773105863909, 0.0, 30.463092423455635], [27.202941017470888, 53.009433122794285, 88.14193099768123, 76.32168761236873, 83.02409288875127, 30.265491900843113, 17.08800749063506, 36.359317925395686, 30.463092423455635, 0.0]], "task_locations": [[29, 80], [8, 65], [46, 8], [23, 25], [38, 14], [55, 66], [35, 90], [20, 77], [23, 84], [51, 96]], "precedence_constraints": [[5, 3], [4, 2]]}