{"Q": [[0, 1, 0], [1, 0, 0], [1, 0, 1]], "R": [[0.0, 0.0, 0.0], [0.0, 1.0, 1.0], [0.0, 1.0, 1.0], [0.0, 1.0, 1.0], [1.0, 0.0, 1.0], [0.0, 1.0, 0.0], [0.0, 1.0, 0.0], [0.0, 0.0, 1.0], [1.0, 0.0, 0.0], [0.0, 0.0, 0.0]], "T_e": [0, 76, 77, 65, 75, 51, 75, 75, 62, 0], "T_t": [[0.0, 25.632011235952593, 54.91812087098393, 40.44749683231337, 30.364452901377952, 45.35416188179427, 49.658836071740545, 78.64477096412705, 83.81527307120105, 44.82186966202994], [25.632011235952593, 0.0, 30.01666203960727, 52.20153254455275, 5.0, 28.284271247461902, 36.61966684720111, 86.37129152675674, 101.59724405711013, 38.600518131237564], [54.91812087098393, 30.01666203960727, 0.0, 69.31089380465383, 25.019992006393608, 23.259406699226016, 32.28002478313795, 94.93682109698007, 119.75391434103521, 42.485291572496], [40.44749683231337, 52.20153254455275, 69.31089380465383, 0.0, 54.12947441089743, 47.80167361086848, 43.382023926967726, 38.3275357934736, 50.60632371551998, 31.38470965295043], [30.364452901377952, 5.0, 25.019992006393608, 54.12947441089743, 0.0, 25.0, 34.0, 86.97700845625813, 104.10091258005379, 37.48332962798263], [45.35416188179427, 28.284271247461902, 23.259406699226016, 47.80167361086848, 25.0, 0.0, 10.04987562112089, 71.69379331573968, 97.58073580374356, 19.235384061671343], [49.658836071740545, 36.61966684720111, 32.28002478313795, 43.382023926967726, 34.0, 10.04987562112089, 0.0, 63.06346010171025, 91.54780172128658, 12.206555615733702], [78.64477096412705, 86.37129152675674, 94.93682109698007, 38.3275357934736, 86.97700845625813, 71.69379331573968, 63.06346010171025, 0.0, 41.10960958218893, 52.55473337388365], [83.81527307120105, 101.59724405711013, 119.75391434103521, 50.60632371551998, 104.10091258005379, 97.58073580374356, 91.54780172128658, 41.10960958218893, 0.0, 79.39773296511683], [44.82186966202994, 38.600518131237564, 42.485291572496, 31.38470965295043, 37.48332962798263, 19.235384061671343, 12.206555615733702, 52.55473337388365, 79.39773296511683, 0.0]], "task_locations": [[86, 71], [95, 47], [96, 17], [46, 65], [95, 42], [75, 27], [65, 26], [9, 55], [6, 96], [58, 36]], "precedence_constraints": [[5, 3]]}