{"Q": [[0, 1, 1], [1, 0, 0], [1, 1, 0]], "R": [[0.0, 0.0, 0.0], [0.0, 0.0, 1.0], [0.0, 0.0, 1.0], [0.0, 1.0, 0.0], [1.0, 0.0, 0.0], [1.0, 0.0, 0.0], [1.0, 1.0, 0.0], [1.0, 0.0, 0.0], [0.0, 1.0, 0.0], [0.0, 0.0, 0.0]], "T_e": [0, 63, 97, 71, 76, 84, 55, 74, 75, 0], "T_t": [[0.0, 23.259406699226016, 58.59180830116101, 27.018512172212592, 68.60029154456998, 62.76941930590086, 31.827660925679098, 77.07788269017254, 55.154328932550705, 55.44366510251645], [23.259406699226016, 0.0, 42.42640687119285, 49.040799340956916, 82.0792300158816, 48.093658625644196, 12.165525060596439, 94.14881836751856, 66.64082832618455, 77.87810988975015], [58.59180830116101, 42.42640687119285, 0.0, 85.23496934944014, 82.73451516749222, 6.708203932499369, 30.265491900843113, 100.43903623591775, 67.26812023536856, 101.01980003939822], [27.018512172212592, 49.040799340956916, 85.23496934944014, 0.0, 72.71863585079137, 89.00561780022652, 58.728187440104094, 74.27651041883968, 63.90618123468183, 40.496913462633174], [68.60029154456998, 82.0792300158816, 82.73451516749222, 72.71863585079137, 0.0, 80.8084154033477, 80.2807573457052, 19.4164878389476, 16.1245154965971, 48.0], [62.76941930590086, 48.093658625644196, 6.708203932499369, 89.00561780022652, 80.8084154033477, 0.0, 36.013886210738214, 99.04039579888602, 65.80273550544841, 102.30347012687302], [31.827660925679098, 12.165525060596439, 30.265491900843113, 58.728187440104094, 80.2807573457052, 36.013886210738214, 0.0, 94.33981132056604, 64.28841264178172, 83.21658488546619], [77.07788269017254, 94.14881836751856, 100.43903623591775, 74.27651041883968, 19.4164878389476, 99.04039579888602, 94.33981132056604, 0.0, 33.24154027718932, 40.311288741492746], [55.154328932550705, 66.64082832618455, 67.26812023536856, 63.90618123468183, 16.1245154965971, 65.80273550544841, 64.28841264178172, 33.24154027718932, 0.0, 48.703182647543684], [55.44366510251645, 77.87810988975015, 101.01980003939822, 40.496913462633174, 48.0, 102.30347012687302, 83.21658488546619, 40.311288741492746, 48.703182647543684, 0.0]], "task_locations": [[21, 71], [31, 92], [73, 98], [0, 54], [62, 16], [79, 95], [43, 94], [51, 0], [60, 32], [14, 16]], "precedence_constraints": [[7, 2], [5, 8], [3, 6], [7, 3], [7, 1], [4, 7]]}