{"Q": [[1, 0, 0], [0, 1, 1], [0, 1, 1]], "R": [[0.0, 0.0, 0.0], [1.0, 0.0, 1.0], [1.0, 0.0, 0.0], [1.0, 0.0, 0.0], [1.0, 0.0, 0.0], [0.0, 0.0, 1.0], [0.0, 1.0, 0.0], [1.0, 1.0, 1.0], [1.0, 0.0, 0.0], [0.0, 0.0, 0.0]], "T_e": [0, 64, 91, 53, 53, 87, 78, 57, 55, 0], "T_t": [[0.0, 64.4437739428721, 38.28837943815329, 26.1725046566048, 52.392747589718944, 8.06225774829855, 72.89718787443039, 51.42956348249516, 44.40720662234904, 14.317821063276353], [64.4437739428721, 0.0, 26.1725046566048, 53.75872022286245, 31.144823004794873, 63.245553203367585, 26.627053911388696, 20.09975124224178, 42.01190307520001, 58.66856057549052], [38.28837943815329, 26.1725046566048, 0.0, 32.01562118716424, 25.553864678361276, 37.589892258425, 40.19950248448356, 17.11724276862369, 29.832867780352597, 33.83784863137726], [26.1725046566048, 53.75872022286245, 32.01562118716424, 0.0, 55.78530272392541, 19.026297590440446, 53.075418038862395, 49.09175083453431, 20.12461179749811, 12.0], [52.392747589718944, 31.144823004794873, 25.553864678361276, 55.78530272392541, 0.0, 55.226805085936306, 55.97320787662612, 12.083045973594572, 55.21775076911409, 54.037024344425184], [8.06225774829855, 63.245553203367585, 37.589892258425, 19.026297590440446, 55.226805085936306, 0.0, 68.79680225126747, 52.49761899362675, 38.3275357934736, 7.0710678118654755], [72.89718787443039, 26.627053911388696, 40.19950248448356, 53.075418038862395, 55.97320787662612, 68.79680225126747, 0.0, 43.965895873961216, 34.20526275297414, 62.42595614005443], [51.42956348249516, 20.09975124224178, 17.11724276862369, 49.09175083453431, 12.083045973594572, 52.49761899362675, 43.965895873961216, 0.0, 45.17742799230607, 49.8196748283246], [44.40720662234904, 42.01190307520001, 29.832867780352597, 20.12461179749811, 55.21775076911409, 38.3275357934736, 34.20526275297414, 45.17742799230607, 0.0, 31.32091952673165], [14.317821063276353, 58.66856057549052, 33.83784863137726, 12.0, 54.037024344425184, 7.0710678118654755, 62.42595614005443, 49.8196748283246, 31.32091952673165, 0.0]], "task_locations": [[9, 1], [57, 44], [38, 26], [6, 27], [60, 13], [5, 8], [42, 66], [55, 24], [15, 45], [6, 15]], "precedence_constraints": [[7, 6], [5, 7], [2, 7], [1, 2], [2, 8], [5, 3]]}