{"Q": [[1, 1, 1], [0, 1, 0], [0, 1, 1]], "R": [[0.0, 0.0, 0.0], [0.0, 1.0, 1.0], [0.0, 1.0, 1.0], [0.0, 0.0, 1.0], [1.0, 0.0, 0.0], [1.0, 1.0, 0.0], [1.0, 0.0, 0.0], [1.0, 0.0, 0.0], [0.0, 1.0, 1.0], [0.0, 0.0, 0.0]], "T_e": [0, 62, 98, 57, 84, 77, 81, 99, 97, 0], "T_t": [[0.0, 13.892443989449804, 78.84795495128583, 89.49860334105779, 108.16653826391968, 101.53324578678651, 81.32035415564789, 63.953107821277925, 29.154759474226502, 90.91754506144565], [13.892443989449804, 0.0, 65.5133574166368, 76.2954782408499, 94.30270409696638, 87.86353054595519, 67.94115100585212, 54.08326913195984, 23.769728648009426, 77.02596964660685], [78.84795495128583, 65.5133574166368, 0.0, 11.0, 41.43669871020132, 44.04543109109048, 40.24922359499622, 34.539832078341085, 73.43704787094863, 24.186773244895647], [89.49860334105779, 76.2954782408499, 11.0, 0.0, 39.11521443121589, 44.91102314577124, 46.22769732530488, 40.0, 84.38009243891595, 25.298221281347036], [108.16653826391968, 94.30270409696638, 41.43669871020132, 39.11521443121589, 0.0, 13.0, 32.14031735997639, 75.96051605933177, 92.35799911215054, 18.601075237738275], [101.53324578678651, 87.86353054595519, 44.04543109109048, 44.91102314577124, 13.0, 0.0, 21.540659228538015, 77.46612162745726, 83.19254774317228, 20.024984394500787], [81.32035415564789, 67.94115100585212, 40.24922359499622, 46.22769732530488, 32.14031735997639, 21.540659228538015, 0.0, 68.18357573492314, 61.71709649683789, 24.186773244895647], [63.953107821277925, 54.08326913195984, 34.539832078341085, 40.0, 75.96051605933177, 77.46612162745726, 68.18357573492314, 0.0, 72.11102550927978, 58.240879114244144], [29.154759474226502, 23.769728648009426, 73.43704787094863, 84.38009243891595, 92.35799911215054, 83.19254774317228, 61.71709649683789, 72.11102550927978, 0.0, 77.6659513557904], [90.91754506144565, 77.02596964660685, 24.186773244895647, 25.298221281347036, 18.601075237738275, 20.024984394500787, 24.186773244895647, 58.240879114244144, 77.6659513557904, 0.0]], "task_locations": [[33, 6], [40, 18], [54, 82], [54, 93], [93, 96], [98, 84], [90, 64], [22, 69], [62, 9], [78, 85]], "precedence_constraints": [[5, 8], [5, 4], [7, 4], [5, 7], [7, 1]]}