{"Q": [[1, 1, 1], [0, 1, 1], [0, 0, 1]], "R": [[0.0, 0.0, 0.0], [0.0, 1.0, 0.0], [1.0, 0.0, 1.0], [1.0, 0.0, 1.0], [1.0, 1.0, 0.0], [0.0, 0.0, 1.0], [0.0, 1.0, 0.0], [1.0, 1.0, 1.0], [1.0, 0.0, 1.0], [0.0, 0.0, 0.0]], "T_e": [0, 88, 62, 76, 94, 64, 80, 74, 57, 0], "T_t": [[0.0, 63.071388124885914, 18.027756377319946, 25.495097567963924, 63.28506932918696, 38.118237105091836, 76.83749084919418, 44.68780594300866, 40.8166632639171, 41.10960958218893], [63.071388124885914, 0.0, 71.84010022264724, 87.8179936004006, 6.708203932499369, 84.50443775329198, 34.20526275297414, 60.53924347066124, 22.80350850198276, 102.07840124139877], [18.027756377319946, 71.84010022264724, 0.0, 20.024984394500787, 73.55270219373317, 20.09975124224178, 91.0659101969557, 34.785054261852174, 51.73973328110612, 30.870698080866262], [25.495097567963924, 87.8179936004006, 20.024984394500787, 0.0, 88.48163651289458, 30.4138126514911, 102.06860437960343, 54.3415126767741, 66.03029607687671, 16.1245154965971], [63.28506932918696, 6.708203932499369, 73.55270219373317, 88.48163651289458, 0.0, 87.41853350405736, 27.65863337187866, 65.14598989960932, 22.47220505424423, 103.23274674249446], [38.118237105091836, 84.50443775329198, 20.09975124224178, 30.4138126514911, 87.41853350405736, 0.0, 107.83784122468327, 32.28002478313795, 67.11929677819934, 30.805843601498726], [76.83749084919418, 34.20526275297414, 91.0659101969557, 102.06860437960343, 27.65863337187866, 107.83784122468327, 0.0, 90.09439494219383, 41.10960958218893, 117.92370414806346], [44.68780594300866, 60.53924347066124, 34.785054261852174, 54.3415126767741, 65.14598989960932, 32.28002478313795, 90.09439494219383, 0.0, 50.00999900019995, 61.032778078668514], [40.8166632639171, 22.80350850198276, 51.73973328110612, 66.03029607687671, 22.47220505424423, 67.11929677819934, 41.10960958218893, 50.00999900019995, 0.0, 80.91971329657564], [41.10960958218893, 102.07840124139877, 30.870698080866262, 16.1245154965971, 103.23274674249446, 30.805843601498726, 117.92370414806346, 61.032778078668514, 80.91971329657564, 0.0]], "task_locations": [[72, 39], [15, 66], [71, 21], [91, 22], [18, 72], [69, 1], [24, 99], [38, 10], [37, 60], [99, 8]], "precedence_constraints": [[5, 3], [6, 7], [1, 6]]}