{"Q": [[1, 0, 1], [1, 0, 1], [1, 1, 1]], "R": [[0.0, 0.0, 0.0], [0.0, 1.0, 0.0], [1.0, 1.0, 1.0], [0.0, 0.0, 1.0], [1.0, 1.0, 0.0], [1.0, 0.0, 0.0], [0.0, 1.0, 0.0], [0.0, 1.0, 0.0], [1.0, 0.0, 1.0], [0.0, 0.0, 0.0]], "T_e": [0, 61, 94, 56, 95, 90, 50, 85, 96, 0], "T_t": [[0.0, 84.1486779456457, 121.24768039018313, 29.120439557122072, 40.792156108742276, 91.78235124467012, 43.56604182158393, 21.93171219946131, 96.5090669315583, 70.43436661176133], [84.1486779456457, 0.0, 41.23105625617661, 60.53924347066124, 55.362442142665635, 83.93449827097318, 68.8839603971781, 86.45229898620394, 85.0, 15.811388300841896], [121.24768039018313, 41.23105625617661, 0.0, 94.26027795418386, 85.58621384311844, 88.45903006477066, 95.2102935611481, 118.80235687897779, 87.09190547921202, 57.0087712549569], [29.120439557122072, 60.53924347066124, 94.26027795418386, 0.0, 12.0, 67.23094525588644, 21.213203435596427, 25.942243542145693, 71.5122367151245, 49.64876634922564], [40.792156108742276, 55.362442142665635, 85.58621384311844, 12.0, 0.0, 56.356011214421486, 15.297058540778355, 33.24154027718932, 60.41522986797286, 47.16990566028302], [91.78235124467012, 83.93449827097318, 88.45903006477066, 67.23094525588644, 56.356011214421486, 0.0, 48.27007354458868, 74.06078584514209, 5.0990195135927845, 86.28441342444185], [43.56604182158393, 68.8839603971781, 95.2102935611481, 21.213203435596427, 15.297058540778355, 48.27007354458868, 0.0, 28.160255680657446, 52.952809179494906, 62.00806399170998], [21.93171219946131, 86.45229898620394, 118.80235687897779, 25.942243542145693, 33.24154027718932, 74.06078584514209, 28.160255680657446, 0.0, 79.02531240052139, 75.39230729988306], [96.5090669315583, 85.0, 87.09190547921202, 71.5122367151245, 60.41522986797286, 5.0990195135927845, 52.952809179494906, 79.02531240052139, 0.0, 88.23264701911646], [70.43436661176133, 15.811388300841896, 57.0087712549569, 49.64876634922564, 47.16990566028302, 86.28441342444185, 62.00806399170998, 75.39230729988306, 88.23264701911646, 0.0]], "task_locations": [[0, 19], [59, 79], [99, 89], [28, 27], [40, 27], [90, 1], [43, 12], [16, 4], [95, 2], [44, 74]], "precedence_constraints": [[4, 6], [6, 3], [7, 6], [4, 5], [2, 6]]}