{"Q": [[1, 1, 1], [1, 0, 0], [0, 0, 1]], "R": [[0.0, 0.0, 0.0], [1.0, 1.0, 0.0], [1.0, 1.0, 1.0], [0.0, 0.0, 1.0], [1.0, 1.0, 1.0], [1.0, 0.0, 1.0], [1.0, 1.0, 0.0], [1.0, 1.0, 1.0], [0.0, 1.0, 1.0], [0.0, 0.0, 0.0]], "T_e": [0, 51, 65, 86, 52, 78, 76, 69, 95, 0], "T_t": [[0.0, 70.21395872616783, 68.0294054067798, 84.2140130857092, 86.68333173107735, 88.05679985100527, 43.41658669218482, 102.80077820717118, 61.773780845922005, 76.02631123499285], [70.21395872616783, 0.0, 33.37663853655727, 42.5440947723653, 24.331050121192877, 23.40939982143925, 29.274562336608895, 51.0098029794274, 9.055385138137417, 75.8023746329889], [68.0294054067798, 33.37663853655727, 0.0, 16.492422502470642, 57.0087712549569, 30.23243291566195, 44.68780594300866, 84.2140130857092, 34.92849839314596, 102.17631819555841], [84.2140130857092, 42.5440947723653, 16.492422502470642, 0.0, 63.324560795950255, 29.017236257093817, 59.90826320300064, 90.70832376358854, 46.861498055439924, 115.96551211459379], [86.68333173107735, 24.331050121192877, 57.0087712549569, 63.324560795950255, 0.0, 36.71511950137164, 43.278170016764804, 27.459060435491963, 28.178005607210743, 68.30812543175226], [88.05679985100527, 23.40939982143925, 30.23243291566195, 29.017236257093817, 36.71511950137164, 0.0, 51.15662224971465, 63.324560795950255, 31.78049716414141, 98.47842403288143], [43.41658669218482, 29.274562336608895, 44.68780594300866, 59.90826320300064, 43.278170016764804, 51.15662224971465, 0.0, 61.71709649683789, 20.223748416156685, 58.52349955359813], [102.80077820717118, 51.0098029794274, 84.2140130857092, 90.70832376358854, 27.459060435491963, 63.324560795950255, 61.71709649683789, 0.0, 52.61178575186362, 60.29925372672534], [61.773780845922005, 9.055385138137417, 34.92849839314596, 46.861498055439924, 28.178005607210743, 31.78049716414141, 20.223748416156685, 52.61178575186362, 0.0, 69.42621983083913], [76.02631123499285, 75.8023746329889, 102.17631819555841, 115.96551211459379, 68.30812543175226, 98.47842403288143, 58.52349955359813, 60.29925372672534, 69.42621983083913, 0.0]], "task_locations": [[14, 12], [77, 43], [82, 10], [98, 6], [81, 67], [99, 35], [48, 39], [76, 94], [68, 42], [16, 88]], "precedence_constraints": [[4, 1], [8, 6], [4, 8], [7, 2]]}