{"Q": [[1, 0, 1], [0, 1, 1], [0, 1, 1]], "R": [[0.0, 0.0, 0.0], [1.0, 0.0, 0.0], [1.0, 0.0, 1.0], [1.0, 0.0, 1.0], [0.0, 0.0, 1.0], [0.0, 0.0, 1.0], [1.0, 1.0, 1.0], [0.0, 0.0, 1.0], [0.0, 0.0, 1.0], [0.0, 0.0, 0.0]], "T_e": [0, 59, 98, 78, 62, 67, 70, 68, 60, 0], "T_t": [[0.0, 36.40054944640259, 59.77457653551382, 24.698178070456937, 35.22782990761707, 23.40939982143925, 16.64331697709324, 20.024984394500787, 80.62257748298549, 61.814237842102365], [36.40054944640259, 0.0, 36.68787265568828, 14.317821063276353, 11.40175425099138, 30.805843601498726, 41.182520563948, 53.31041174104736, 45.0, 45.254833995939045], [59.77457653551382, 36.68787265568828, 0.0, 48.25971404805462, 28.071337695236398, 65.12296062065974, 71.56814934033156, 67.67569726275453, 38.01315561749642, 79.61155694998057], [24.698178070456937, 14.317821063276353, 48.25971404805462, 0.0, 20.223748416156685, 17.029386365926403, 26.92582403567252, 43.73785545725808, 59.07622195096772, 42.485291572496], [35.22782990761707, 11.40175425099138, 28.071337695236398, 20.223748416156685, 0.0, 37.05401462729781, 44.384682042344295, 48.82622246293481, 46.22769732530488, 56.586217403180434], [23.40939982143925, 30.805843601498726, 65.12296062065974, 17.029386365926403, 37.05401462729781, 0.0, 14.317821063276353, 42.95346318982906, 74.24284477308234, 39.05124837953327], [16.64331697709324, 41.182520563948, 71.56814934033156, 26.92582403567252, 44.384682042344295, 14.317821063276353, 0.0, 32.64965543462902, 85.98255637046388, 52.15361924162119], [20.024984394500787, 53.31041174104736, 67.67569726275453, 43.73785545725808, 48.82622246293481, 42.95346318982906, 32.64965543462902, 0.0, 95.0, 81.74350127074322], [80.62257748298549, 45.0, 38.01315561749642, 59.07622195096772, 46.22769732530488, 74.24284477308234, 85.98255637046388, 95.0, 0.0, 68.18357573492314], [61.814237842102365, 45.254833995939045, 79.61155694998057, 42.485291572496, 56.586217403180434, 39.05124837953327, 52.15361924162119, 81.74350127074322, 68.18357573492314, 0.0]], "task_locations": [[36, 63], [65, 41], [54, 6], [59, 54], [56, 34], [58, 71], [45, 77], [16, 62], [92, 5], [97, 73]], "precedence_constraints": [[2, 1], [8, 7], [5, 1]]}