{"Q": [[1, 0, 1], [0, 0, 1], [1, 1, 0]], "R": [[0.0, 0.0, 0.0], [1.0, 1.0, 0.0], [1.0, 1.0, 0.0], [0.0, 0.0, 1.0], [0.0, 1.0, 0.0], [0.0, 0.0, 1.0], [1.0, 1.0, 1.0], [0.0, 1.0, 0.0], [0.0, 1.0, 0.0], [0.0, 0.0, 0.0]], "T_e": [0, 94, 55, 74, 91, 57, 55, 96, 70, 0], "T_t": [[0.0, 53.9351462406472, 56.639209034025185, 66.2117814289874, 71.17583859709698, 43.56604182158393, 76.15773105863909, 39.81205847478876, 103.58571330062848, 46.17358552246078], [53.9351462406472, 0.0, 96.46242791885346, 95.1892851112981, 77.62087348130012, 19.72308292331602, 57.97413216254298, 93.74433316206373, 79.0, 97.082439194738], [56.639209034025185, 96.46242791885346, 0.0, 20.591260281974, 51.86520991955976, 94.66784036831093, 79.6994353806851, 50.00999900019995, 102.42070103255493, 28.635642126552707], [66.2117814289874, 95.1892851112981, 20.591260281974, 0.0, 34.785054261852174, 97.62171889492625, 66.27216610312357, 68.8839603971781, 86.03487664894976, 48.703182647543684], [71.17583859709698, 77.62087348130012, 51.86520991955976, 34.785054261852174, 0.0, 86.76404785393545, 33.37663853655727, 90.4267659490264, 51.264022471905186, 75.16648189186454], [43.56604182158393, 19.72308292331602, 94.66784036831093, 97.62171889492625, 86.76404785393545, 0.0, 73.17103251970687, 82.00609733428362, 96.51942809610924, 89.49860334105779], [76.15773105863909, 57.97413216254298, 79.6994353806851, 66.27216610312357, 33.37663853655727, 73.17103251970687, 0.0, 106.7941945987702, 27.459060435491963, 97.09788875150684], [39.81205847478876, 93.74433316206373, 50.00999900019995, 68.8839603971781, 90.4267659490264, 82.00609733428362, 106.7941945987702, 0.0, 133.6899397860587, 22.561028345356956], [103.58571330062848, 79.0, 102.42070103255493, 86.03487664894976, 51.264022471905186, 96.51942809610924, 27.459060435491963, 133.6899397860587, 0.0, 122.61321299109652], [46.17358552246078, 97.082439194738, 28.635642126552707, 48.703182647543684, 75.16648189186454, 89.49860334105779, 97.09788875150684, 22.561028345356956, 122.61321299109652, 0.0]], "task_locations": [[55, 90], [2, 80], [93, 48], [83, 30], [50, 19], [12, 97], [17, 24], [94, 98], [2, 1], [99, 76]], "precedence_constraints": [[2, 5], [4, 1]]}