{"Q": [[1, 1, 0], [0, 0, 1], [0, 1, 1]], "R": [[0.0, 0.0, 0.0], [0.0, 1.0, 1.0], [0.0, 0.0, 1.0], [1.0, 0.0, 0.0], [0.0, 0.0, 1.0], [1.0, 0.0, 0.0], [0.0, 1.0, 0.0], [0.0, 1.0, 1.0], [0.0, 0.0, 1.0], [0.0, 0.0, 0.0]], "T_e": [0, 51, 88, 80, 53, 57, 54, 51, 87, 0], "T_t": [[0.0, 21.213203435596427, 76.8505042273634, 5.0, 90.4267659490264, 79.81227975693966, 40.0, 84.64632301523794, 71.386273190299, 54.62600113499065], [21.213203435596427, 0.0, 84.11896337925236, 21.095023109728988, 80.23091673413684, 71.69379331573968, 19.235384061671343, 89.47066558375433, 62.177166226839255, 50.93132631298737], [76.8505042273634, 84.11896337925236, 0.0, 72.20110802473879, 68.59300255857006, 56.85068161420758, 89.45389874119518, 12.041594578792296, 58.66856057549052, 43.93176527297759], [5.0, 21.095023109728988, 72.20110802473879, 0.0, 85.98837130682264, 75.18643494673756, 38.897300677553446, 79.81227975693966, 66.91038783328041, 49.76946855251722], [90.4267659490264, 80.23091673413684, 68.59300255857006, 85.98837130682264, 0.0, 13.0, 69.63476143421474, 61.61168720299745, 19.1049731745428, 39.45883931389772], [79.81227975693966, 71.69379331573968, 56.85068161420758, 75.18643494673756, 13.0, 0.0, 63.63961030678928, 51.0, 9.899494936611665, 27.018512172212592], [40.0, 19.235384061671343, 89.45389874119518, 38.897300677553446, 69.63476143421474, 63.63961030678928, 0.0, 92.41753080449618, 53.74011537017761, 49.39635614091387], [84.64632301523794, 89.47066558375433, 12.041594578792296, 79.81227975693966, 61.61168720299745, 51.0, 92.41753080449618, 0.0, 54.70831746635972, 44.10215414239989], [71.386273190299, 62.177166226839255, 58.66856057549052, 66.91038783328041, 19.1049731745428, 9.899494936611665, 53.74011537017761, 54.70831746635972, 0.0, 21.540659228538015], [54.62600113499065, 50.93132631298737, 43.93176527297759, 49.76946855251722, 39.45883931389772, 27.018512172212592, 49.39635614091387, 44.10215414239989, 21.540659228538015, 0.0]], "task_locations": [[0, 31], [15, 16], [41, 96], [4, 34], [89, 47], [77, 52], [32, 7], [53, 97], [70, 45], [50, 53]], "precedence_constraints": [[3, 2], [5, 4]]}