{"Q": [[1, 0, 0], [0, 1, 1], [1, 0, 0]], "R": [[0.0, 0.0, 0.0], [0.0, 0.0, 1.0], [0.0, 0.0, 1.0], [0.0, 0.0, 1.0], [0.0, 1.0, 1.0], [1.0, 1.0, 1.0], [0.0, 1.0, 0.0], [1.0, 0.0, 0.0], [0.0, 0.0, 1.0], [0.0, 0.0, 0.0]], "T_e": [0, 60, 61, 93, 75, 98, 72, 71, 67, 0], "T_t": [[0.0, 28.231188426986208, 6.324555320336759, 43.01162633521314, 32.38826948140329, 25.238858928247925, 36.87817782917155, 19.1049731745428, 44.68780594300866, 34.058772731852805], [28.231188426986208, 0.0, 34.539832078341085, 56.36488268416781, 60.166435825965294, 15.620499351813308, 55.54277630799526, 28.178005607210743, 19.697715603592208, 12.041594578792296], [6.324555320336759, 34.539832078341085, 0.0, 41.593268686170845, 26.1725046566048, 30.479501308256342, 34.058772731852805, 22.47220505424423, 50.60632371551998, 40.19950248448356], [43.01162633521314, 56.36488268416781, 41.593268686170845, 0.0, 40.607881008493905, 41.43669871020132, 11.40175425099138, 62.00806399170998, 59.30430001273095, 67.60177512462228], [32.38826948140329, 60.166435825965294, 26.1725046566048, 40.607881008493905, 0.0, 52.839379254491625, 29.274562336608895, 45.89117562233506, 74.24284477308234, 66.37017402418047], [25.238858928247925, 15.620499351813308, 30.479501308256342, 41.43669871020132, 52.839379254491625, 0.0, 42.1070065428546, 35.014282800023196, 21.540659228538015, 27.586228448267445], [36.87817782917155, 55.54277630799526, 34.058772731852805, 11.40175425099138, 29.274562336608895, 42.1070065428546, 0.0, 55.90169943749474, 62.20128616033595, 65.7875368135941], [19.1049731745428, 28.178005607210743, 22.47220505424423, 62.00806399170998, 45.89117562233506, 35.014282800023196, 55.90169943749474, 0.0, 47.853944456021594, 26.40075756488817], [44.68780594300866, 19.697715603592208, 50.60632371551998, 59.30430001273095, 74.24284477308234, 21.540659228538015, 62.20128616033595, 47.853944456021594, 0.0, 27.0], [34.058772731852805, 12.041594578792296, 40.19950248448356, 67.60177512462228, 66.37017402418047, 27.586228448267445, 65.7875368135941, 26.40075756488817, 27.0, 0.0]], "task_locations": [[56, 57], [82, 68], [50, 55], [31, 92], [24, 52], [70, 78], [28, 81], [69, 43], [90, 86], [90, 59]], "precedence_constraints": [[1, 3]]}