{"Q": [[0, 1, 1], [1, 0, 0], [0, 1, 0]], "R": [[0.0, 0.0, 0.0], [1.0, 0.0, 1.0], [1.0, 1.0, 1.0], [1.0, 1.0, 0.0], [1.0, 0.0, 0.0], [0.0, 1.0, 0.0], [0.0, 1.0, 1.0], [1.0, 1.0, 0.0], [0.0, 0.0, 1.0], [0.0, 0.0, 0.0]], "T_e": [0, 80, 84, 97, 50, 82, 97, 80, 63, 0], "T_t": [[0.0, 75.66372975210778, 90.70832376358854, 29.614185789921695, 8.602325267042627, 28.0178514522438, 55.036351623268054, 27.892651361962706, 32.01562118716424, 84.86459803710851], [75.66372975210778, 0.0, 47.4236228055175, 95.38343671728336, 84.17244204607586, 48.27007354458868, 51.0098029794274, 53.71219600798314, 65.7875368135941, 88.88756943465155], [90.70832376358854, 47.4236228055175, 0.0, 96.56603957913983, 97.41663102366043, 72.00694410957877, 92.11405973031478, 62.81719509815764, 64.41273166075166, 53.75872022286245], [29.614185789921695, 95.38343671728336, 96.56603957913983, 0.0, 24.596747752497688, 52.952809179494906, 84.09518416651456, 41.677331968349414, 32.64965543462902, 73.02739212103907], [8.602325267042627, 84.17244204607586, 97.41663102366043, 24.596747752497688, 0.0, 36.61966684720111, 62.39390995922599, 34.92849839314596, 36.013886210738214, 87.36131867136622], [28.0178514522438, 48.27007354458868, 72.00694410957877, 52.952809179494906, 36.61966684720111, 0.0, 34.92849839314596, 19.4164878389476, 34.438350715445125, 82.97590011563598], [55.036351623268054, 51.0098029794274, 92.11405973031478, 84.09518416651456, 62.39390995922599, 34.92849839314596, 0.0, 54.120236510939236, 69.35416353759881, 115.43396380615195], [27.892651361962706, 53.71219600798314, 62.81719509815764, 41.677331968349414, 34.92849839314596, 19.4164878389476, 54.120236510939236, 0.0, 15.524174696260024, 64.40496875241847], [32.01562118716424, 65.7875368135941, 64.41273166075166, 32.64965543462902, 36.013886210738214, 34.438350715445125, 69.35416353759881, 15.524174696260024, 0.0, 53.225933528685054], [84.86459803710851, 88.88756943465155, 53.75872022286245, 73.02739212103907, 87.36131867136622, 82.97590011563598, 115.43396380615195, 64.40496875241847, 53.225933528685054, 0.0]], "task_locations": [[93, 59], [40, 5], [5, 37], [87, 88], [98, 66], [77, 36], [91, 4], [66, 52], [62, 67], [14, 90]], "precedence_constraints": [[5, 2], [6, 8], [4, 8]]}