{"Q": [[1, 0, 0], [0, 1, 1], [1, 0, 0]], "R": [[0.0, 0.0, 0.0], [0.0, 1.0, 0.0], [0.0, 1.0, 1.0], [0.0, 1.0, 0.0], [0.0, 0.0, 1.0], [0.0, 0.0, 1.0], [0.0, 1.0, 0.0], [0.0, 1.0, 0.0], [0.0, 1.0, 0.0], [0.0, 0.0, 0.0]], "T_e": [0, 89, 69, 72, 66, 91, 87, 98, 94, 0], "T_t": [[0.0, 32.984845004941285, 28.160255680657446, 36.359317925395686, 50.635955604688654, 51.03920062069938, 37.44329045369811, 28.844410203711913, 36.87817782917155, 43.266615305567875], [32.984845004941285, 0.0, 35.22782990761707, 55.94640292279746, 82.0, 76.92203845452875, 57.77542730261716, 50.59644256269407, 68.0, 44.721359549995796], [28.160255680657446, 35.22782990761707, 0.0, 22.20360331117452, 56.64803615307419, 45.0111097397076, 24.186773244895647, 19.4164878389476, 43.829214001622255, 67.35725647619564], [36.359317925395686, 55.94640292279746, 22.20360331117452, 0.0, 38.600518131237564, 23.08679276123039, 2.0, 7.615773105863909, 28.600699292150182, 79.61155694998057], [50.635955604688654, 82.0, 56.64803615307419, 38.600518131237564, 0.0, 22.47220505424423, 37.013511046643494, 37.57658845611187, 14.0, 86.09297300012354], [51.03920062069938, 76.92203845452875, 45.0111097397076, 23.08679276123039, 22.47220505424423, 0.0, 21.095023109728988, 26.476404589747453, 21.840329667841555, 92.63368717696602], [37.44329045369811, 57.77542730261716, 24.186773244895647, 2.0, 37.013511046643494, 21.095023109728988, 0.0, 8.602325267042627, 27.459060435491963, 80.7093550959243], [28.844410203711913, 50.59644256269407, 19.4164878389476, 7.615773105863909, 37.57658845611187, 26.476404589747453, 8.602325267042627, 0.0, 25.612496949731394, 72.11102550927978], [36.87817782917155, 68.0, 43.829214001622255, 28.600699292150182, 14.0, 21.840329667841555, 27.459060435491963, 25.612496949731394, 0.0, 74.4043009509531], [43.266615305567875, 44.721359549995796, 67.35725647619564, 79.61155694998057, 86.09297300012354, 92.63368717696602, 80.7093550959243, 72.11102550927978, 74.4043009509531, 0.0]], "task_locations": [[62, 65], [94, 73], [65, 93], [43, 96], [12, 73], [20, 94], [41, 96], [46, 89], [26, 73], [86, 29]], "precedence_constraints": [[2, 6], [8, 6], [2, 7], [3, 2]]}