{"Q": [[1, 0, 0], [1, 1, 1], [1, 0, 1]], "R": [[0.0, 0.0, 0.0], [1.0, 0.0, 0.0], [0.0, 0.0, 1.0], [1.0, 1.0, 1.0], [1.0, 0.0, 1.0], [0.0, 0.0, 1.0], [1.0, 0.0, 1.0], [0.0, 0.0, 1.0], [1.0, 1.0, 1.0], [0.0, 0.0, 0.0]], "T_e": [0, 54, 62, 60, 77, 92, 82, 89, 57, 0], "T_t": [[0.0, 75.58438992278762, 92.65527507918802, 61.40032573203501, 65.79513659838392, 63.12685640834652, 47.042533945356304, 12.529964086141668, 36.40054944640259, 76.53757247260981], [75.58438992278762, 0.0, 41.30375285612676, 14.317821063276353, 12.649110640673518, 85.88364221433555, 74.0, 63.324560795950255, 50.35871324805669, 70.00714249274856], [92.65527507918802, 41.30375285612676, 0.0, 47.67598976424087, 37.656340767525464, 71.00704190430693, 67.1863081289633, 80.62257748298549, 57.0087712549569, 44.91102314577124], [61.40032573203501, 14.317821063276353, 47.67598976424087, 0.0, 10.04987562112089, 78.00640999302557, 64.41273166075166, 49.24428900898052, 38.897300677553446, 66.57326790837296], [65.79513659838392, 12.649110640673518, 37.656340767525464, 10.04987562112089, 0.0, 73.43023900274328, 61.35144660071187, 53.31041174104736, 38.05259518088089, 59.033888572581766], [63.12685640834652, 85.88364221433555, 71.00704190430693, 78.00640999302557, 73.43023900274328, 0.0, 17.08800749063506, 58.9406481131655, 42.80186911806539, 28.792360097775937], [47.042533945356304, 74.0, 67.1863081289633, 64.41273166075166, 61.35144660071187, 17.08800749063506, 0.0, 41.97618372363071, 26.90724809414742, 33.421549934136806], [12.529964086141668, 63.324560795950255, 80.62257748298549, 49.24428900898052, 53.31041174104736, 58.9406481131655, 41.97618372363071, 0.0, 25.495097567963924, 68.06614430096654], [36.40054944640259, 50.35871324805669, 57.0087712549569, 38.897300677553446, 38.05259518088089, 42.80186911806539, 26.90724809414742, 25.495097567963924, 0.0, 44.01136216933077], [76.53757247260981, 70.00714249274856, 44.91102314577124, 66.57326790837296, 59.033888572581766, 28.792360097775937, 33.421549934136806, 68.06614430096654, 44.01136216933077, 0.0]], "task_locations": [[8, 77], [31, 5], [72, 10], [25, 18], [35, 17], [71, 81], [55, 75], [14, 66], [37, 55], [81, 54]], "precedence_constraints": [[5, 4], [3, 4], [7, 1], [8, 2]]}