{"Q": [[0, 1, 1], [0, 1, 0], [1, 0, 0]], "R": [[0.0, 0.0, 0.0], [1.0, 1.0, 0.0], [1.0, 1.0, 1.0], [0.0, 1.0, 0.0], [1.0, 0.0, 1.0], [1.0, 1.0, 0.0], [0.0, 1.0, 1.0], [0.0, 1.0, 1.0], [0.0, 1.0, 0.0], [0.0, 0.0, 0.0]], "T_e": [0, 55, 70, 55, 64, 54, 90, 90, 50, 0], "T_t": [[0.0, 63.150613615387776, 29.017236257093817, 42.5440947723653, 73.43704787094863, 70.178344238091, 71.58910531638176, 10.63014581273465, 60.207972893961475, 45.89117562233506], [63.150613615387776, 0.0, 75.16648189186454, 94.03190947758107, 11.704699910719626, 50.08991914547278, 94.51454914456292, 55.14526271584895, 17.11724276862369, 77.83315488916018], [29.017236257093817, 75.16648189186454, 0.0, 18.867962264113206, 82.73451516749222, 60.67124524847005, 44.01136216933077, 37.8549864614954, 65.55150646628954, 18.867962264113206], [42.5440947723653, 94.03190947758107, 18.867962264113206, 0.0, 101.53324578678651, 76.00657866263946, 44.553338819890925, 52.773099207835045, 84.17244204607586, 26.68332812825267], [73.43704787094863, 11.704699910719626, 82.73451516749222, 101.53324578678651, 0.0, 48.08326112068523, 97.20082304178294, 66.0, 18.384776310850235, 83.09632964216891], [70.178344238091, 50.08991914547278, 60.67124524847005, 76.00657866263946, 48.08326112068523, 0.0, 54.405882034941776, 69.42621983083913, 33.015148038438355, 50.48762224545735], [71.58910531638176, 94.51454914456292, 44.01136216933077, 44.553338819890925, 97.20082304178294, 54.405882034941776, 0.0, 78.40918313565064, 79.05694150420949, 25.709920264364882], [10.63014581273465, 55.14526271584895, 37.8549864614954, 52.773099207835045, 66.0, 69.42621983083913, 78.40918313565064, 0.0, 54.57105459856901, 53.03772242470448], [60.207972893961475, 17.11724276862369, 65.55150646628954, 84.17244204607586, 18.384776310850235, 33.015148038438355, 79.05694150420949, 54.57105459856901, 0.0, 64.81512169239521], [45.89117562233506, 77.83315488916018, 18.867962264113206, 26.68332812825267, 83.09632964216891, 50.48762224545735, 25.709920264364882, 53.03772242470448, 64.81512169239521, 0.0]], "task_locations": [[78, 77], [16, 89], [79, 48], [95, 38], [5, 85], [19, 39], [63, 7], [71, 85], [18, 72], [69, 32]], "precedence_constraints": [[3, 4], [3, 8], [8, 6], [5, 7], [1, 2], [6, 2]]}