{"Q": [[0, 1, 1], [1, 0, 0], [1, 0, 0]], "R": [[0.0, 0.0, 0.0], [0.0, 1.0, 0.0], [0.0, 1.0, 0.0], [1.0, 0.0, 0.0], [1.0, 0.0, 0.0], [0.0, 0.0, 1.0], [0.0, 1.0, 1.0], [1.0, 0.0, 1.0], [1.0, 0.0, 0.0], [0.0, 0.0, 0.0]], "T_e": [0, 54, 82, 88, 90, 63, 72, 70, 60, 0], "T_t": [[0.0, 74.43117626371358, 27.294688127912362, 40.01249804748511, 53.71219600798314, 76.6550715869472, 67.35725647619564, 27.202941017470888, 66.57326790837296, 50.0], [74.43117626371358, 0.0, 68.8839603971781, 34.713109915419565, 32.449961479175904, 28.0, 52.43090691567332, 50.59644256269407, 47.53945729601885, 26.68332812825267], [27.294688127912362, 68.8839603971781, 0.0, 36.796738985948195, 60.4648658313239, 61.1310068623117, 81.15417426109393, 20.615528128088304, 44.64302857109943, 51.66236541235796], [40.01249804748511, 34.713109915419565, 36.796738985948195, 0.0, 25.96150997149434, 39.96248240537617, 50.15974481593781, 16.64331697709324, 40.311288741492746, 15.264337522473747], [53.71219600798314, 32.449961479175904, 60.4648658313239, 25.96150997149434, 0.0, 53.33854141237835, 25.179356624028344, 39.96248240537617, 62.64982043070834, 12.041594578792296], [76.6550715869472, 28.0, 61.1310068623117, 39.96248240537617, 53.33854141237835, 0.0, 77.07788269017254, 49.47726750741192, 24.08318915758459, 42.80186911806539], [67.35725647619564, 52.43090691567332, 81.15417426109393, 50.15974481593781, 25.179356624028344, 77.07788269017254, 0.0, 61.68468205316454, 87.82368700982668, 37.21558813185679], [27.202941017470888, 50.59644256269407, 20.615528128088304, 16.64331697709324, 39.96248240537617, 49.47726750741192, 61.68468205316454, 0.0, 41.036569057366385, 31.11269837220809], [66.57326790837296, 47.53945729601885, 44.64302857109943, 40.311288741492746, 62.64982043070834, 24.08318915758459, 87.82368700982668, 41.036569057366385, 0.0, 50.635955604688654], [50.0, 26.68332812825267, 51.66236541235796, 15.264337522473747, 12.041594578792296, 42.80186911806539, 37.21558813185679, 31.11269837220809, 50.635955604688654, 0.0]], "task_locations": [[22, 46], [96, 54], [35, 22], [62, 47], [69, 72], [96, 26], [66, 97], [48, 38], [78, 10], [70, 60]], "precedence_constraints": [[1, 5]]}