{"Q": [[0, 1, 0], [1, 1, 1], [1, 1, 1]], "R": [[0.0, 0.0, 0.0], [0.0, 0.0, 1.0], [1.0, 1.0, 0.0], [1.0, 1.0, 0.0], [1.0, 0.0, 0.0], [0.0, 0.0, 1.0], [1.0, 1.0, 1.0], [0.0, 1.0, 0.0], [1.0, 0.0, 0.0], [0.0, 0.0, 0.0]], "T_e": [0, 97, 96, 71, 84, 68, 81, 85, 66, 0], "T_t": [[0.0, 46.17358552246078, 33.734255586866, 60.37383539249432, 41.43669871020132, 63.60031446463138, 71.16881339463234, 69.81403870282824, 78.77182237323191, 63.702433234531945], [46.17358552246078, 0.0, 41.593268686170845, 42.20189569201838, 46.61544808322666, 37.48332962798263, 44.41846462902562, 41.012193308819754, 52.009614495783374, 33.015148038438355], [33.734255586866, 41.593268686170845, 0.0, 76.21679604916491, 8.06225774829855, 35.84689665786984, 82.75868534480233, 42.190046219457976, 48.83646178829912, 38.62641583165593], [60.37383539249432, 42.20189569201838, 76.21679604916491, 0.0, 83.23460818673925, 79.62411694957753, 13.341664064126334, 82.73451516749222, 93.64827814754524, 74.81310045707235], [41.43669871020132, 46.61544808322666, 8.06225774829855, 83.23460818673925, 0.0, 33.52610922848042, 89.1403387922662, 39.56008088970496, 44.654227123532216, 37.48332962798263], [63.60031446463138, 37.48332962798263, 35.84689665786984, 79.62411694957753, 33.52610922848042, 0.0, 80.4114419718985, 6.4031242374328485, 15.811388300841896, 6.4031242374328485], [71.16881339463234, 44.41846462902562, 82.75868534480233, 13.341664064126334, 89.1403387922662, 80.4114419718985, 0.0, 82.56512580987206, 93.14504817756014, 74.94664769020693], [69.81403870282824, 41.012193308819754, 42.190046219457976, 82.73451516749222, 39.56008088970496, 6.4031242374328485, 82.56512580987206, 0.0, 11.0, 8.0], [78.77182237323191, 52.009614495783374, 48.83646178829912, 93.64827814754524, 44.654227123532216, 15.811388300841896, 93.14504817756014, 11.0, 0.0, 19.0], [63.702433234531945, 33.015148038438355, 38.62641583165593, 74.81310045707235, 37.48332962798263, 6.4031242374328485, 74.94664769020693, 8.0, 19.0, 0.0]], "task_locations": [[68, 83], [54, 39], [35, 76], [95, 29], [27, 77], [17, 45], [92, 16], [13, 40], [2, 40], [21, 40]], "precedence_constraints": [[6, 7], [2, 4], [8, 2], [1, 2], [8, 6]]}