{"Q": [[0, 1, 0], [1, 0, 1], [0, 1, 0]], "R": [[0.0, 0.0, 0.0], [0.0, 0.0, 1.0], [1.0, 0.0, 1.0], [0.0, 1.0, 1.0], [0.0, 1.0, 1.0], [1.0, 0.0, 0.0], [1.0, 0.0, 0.0], [1.0, 1.0, 0.0], [0.0, 1.0, 1.0], [0.0, 0.0, 0.0]], "T_e": [0, 59, 95, 68, 64, 54, 64, 57, 77, 0], "T_t": [[0.0, 60.207972893961475, 76.4198926981712, 15.524174696260024, 51.31276644267, 75.23961722390672, 26.40075756488817, 22.02271554554524, 92.43916918709297, 29.274562336608895], [60.207972893961475, 0.0, 105.75916035975324, 59.464274989274024, 37.12142238654117, 18.601075237738275, 76.69419795525604, 79.30952023559341, 119.03780911962384, 72.47068372797375], [76.4198926981712, 105.75916035975324, 0.0, 62.16912416947821, 70.03570517957252, 108.57716150277645, 52.08646657242167, 62.64982043070834, 16.0312195418814, 47.16990566028302], [15.524174696260024, 59.464274989274024, 62.16912416947821, 0.0, 41.10960958218893, 71.56814934033156, 17.4928556845359, 21.02379604162864, 78.08969202141856, 16.1245154965971], [51.31276644267, 37.12142238654117, 70.03570517957252, 41.10960958218893, 0.0, 38.8329756778952, 54.147945482723536, 61.61168720299745, 82.46211251235322, 47.01063709417264], [75.23961722390672, 18.601075237738275, 108.57716150277645, 71.56814934033156, 38.8329756778952, 0.0, 87.86353054595519, 92.34717104492157, 120.21647141718975, 82.28000972289685], [26.40075756488817, 76.69419795525604, 52.08646657242167, 17.4928556845359, 54.147945482723536, 87.86353054595519, 0.0, 11.661903789690601, 68.0294054067798, 8.602325267042627], [22.02271554554524, 79.30952023559341, 62.64982043070834, 21.02379604162864, 61.61168720299745, 92.34717104492157, 11.661903789690601, 0.0, 78.40918313565064, 19.849433241279208], [92.43916918709297, 119.03780911962384, 16.0312195418814, 78.08969202141856, 82.46211251235322, 120.21647141718975, 68.0294054067798, 78.40918313565064, 0.0, 63.198101237299845], [29.274562336608895, 72.47068372797375, 47.16990566028302, 16.1245154965971, 47.01063709417264, 82.28000972289685, 8.602325267042627, 19.849433241279208, 63.198101237299845, 0.0]], "task_locations": [[5, 79], [0, 19], [81, 87], [20, 75], [33, 36], [11, 4], [29, 90], [19, 96], [97, 88], [34, 83]], "precedence_constraints": [[1, 8], [5, 2], [1, 2], [4, 7], [8, 2], [4, 8]]}