{"Q": [[1, 0, 0], [0, 0, 1], [0, 1, 1]], "R": [[0.0, 0.0, 0.0], [0.0, 1.0, 0.0], [1.0, 0.0, 0.0], [1.0, 1.0, 1.0], [0.0, 1.0, 0.0], [0.0, 0.0, 1.0], [1.0, 1.0, 0.0], [0.0, 0.0, 1.0], [1.0, 0.0, 1.0], [0.0, 0.0, 0.0]], "T_e": [0, 88, 52, 68, 75, 56, 71, 91, 71, 0], "T_t": [[0.0, 51.73973328110612, 38.948684188300895, 60.90155991434045, 65.0, 43.139309220245984, 52.009614495783374, 39.824615503479755, 43.01162633521314, 59.033888572581766], [51.73973328110612, 0.0, 12.806248474865697, 71.56814934033156, 75.28612089887484, 8.94427190999916, 43.86342439892262, 64.07027391856539, 21.095023109728988, 55.46169849544819], [38.948684188300895, 12.806248474865697, 0.0, 64.88451279003334, 68.87670143089025, 4.47213595499958, 39.698866482558415, 54.230987451824994, 17.69180601295413, 51.22499389946279], [60.90155991434045, 71.56814934033156, 64.88451279003334, 0.0, 4.242640687119285, 65.19202405202648, 29.017236257093817, 22.561028345356956, 81.49233092751734, 19.6468827043885], [65.0, 75.28612089887484, 68.87670143089025, 4.242640687119285, 0.0, 69.07966415668217, 32.2490309931942, 26.248809496813376, 85.58621384311844, 22.090722034374522], [43.139309220245984, 8.94427190999916, 4.47213595499958, 65.19202405202648, 69.07966415668217, 0.0, 38.8329756778952, 56.00892785976178, 19.72308292331602, 50.47771785649585], [52.009614495783374, 43.86342439892262, 39.698866482558415, 29.017236257093817, 32.2490309931942, 38.8329756778952, 0.0, 31.89043743820395, 57.3149195236284, 11.661903789690601], [39.824615503479755, 64.07027391856539, 54.230987451824994, 22.561028345356956, 26.248809496813376, 56.00892785976178, 31.89043743820395, 0.0, 68.41052550594829, 30.4138126514911], [43.01162633521314, 21.095023109728988, 17.69180601295413, 81.49233092751734, 85.58621384311844, 19.72308292331602, 57.3149195236284, 68.41052550594829, 0.0, 68.76772498781678], [59.033888572581766, 55.46169849544819, 51.22499389946279, 19.6468827043885, 22.090722034374522, 50.47771785649585, 11.661903789690601, 30.4138126514911, 68.76772498781678, 0.0]], "task_locations": [[47, 17], [8, 51], [18, 43], [77, 70], [80, 73], [16, 47], [48, 69], [72, 48], [6, 30], [58, 75]], "precedence_constraints": [[5, 6]]}