{"Q": [[0, 0, 1], [0, 1, 0], [1, 0, 0]], "R": [[0.0, 0.0, 0.0], [0.0, 1.0, 0.0], [0.0, 0.0, 1.0], [0.0, 0.0, 1.0], [0.0, 0.0, 1.0], [0.0, 0.0, 1.0], [1.0, 0.0, 0.0], [0.0, 1.0, 0.0], [1.0, 1.0, 1.0], [0.0, 0.0, 0.0]], "T_e": [0, 66, 61, 68, 89, 72, 83, 82, 53, 0], "T_t": [[0.0, 44.384682042344295, 61.465437442517235, 34.17601498127012, 68.62215385719105, 32.2490309931942, 21.470910553583888, 66.73080248281148, 61.68468205316454, 60.29925372672534], [44.384682042344295, 0.0, 80.44874144447506, 11.045361017187261, 84.50443775329198, 71.17583859709698, 24.020824298928627, 56.08029957123981, 17.46424919657298, 61.40032573203501], [61.465437442517235, 80.44874144447506, 0.0, 71.06335201775947, 8.06225774829855, 41.30375285612676, 63.0317380372777, 45.39823785126467, 90.80198235721508, 29.154759474226502], [34.17601498127012, 11.045361017187261, 71.06335201775947, 0.0, 75.66372975210778, 60.13318551349163, 13.152946437965905, 51.97114584074513, 27.65863337187866, 54.589376255824725], [68.62215385719105, 84.50443775329198, 8.06225774829855, 75.66372975210778, 0.0, 49.36598018878993, 68.60029154456998, 44.04543109109048, 93.64827814754524, 28.442925306655784], [32.2490309931942, 71.17583859709698, 41.30375285612676, 60.13318551349163, 49.36598018878993, 0.0, 47.38143096192854, 68.62215385719105, 87.02298546935747, 55.60575509783138], [21.470910553583888, 24.020824298928627, 63.0317380372777, 13.152946437965905, 68.60029154456998, 47.38143096192854, 0.0, 53.08483775994799, 40.792156108742276, 51.66236541235796], [66.73080248281148, 56.08029957123981, 45.39823785126467, 51.97114584074513, 44.04543109109048, 68.62215385719105, 53.08483775994799, 0.0, 58.25804665451803, 16.278820596099706], [61.68468205316454, 17.46424919657298, 90.80198235721508, 27.65863337187866, 93.64827814754524, 87.02298546935747, 40.792156108742276, 58.25804665451803, 0.0, 67.62396025078685], [60.29925372672534, 61.40032573203501, 29.154759474226502, 54.589376255824725, 28.442925306655784, 55.60575509783138, 51.66236541235796, 16.278820596099706, 67.62396025078685, 0.0]], "task_locations": [[37, 10], [80, 21], [14, 67], [69, 22], [15, 75], [9, 26], [56, 20], [59, 73], [96, 28], [43, 70]], "precedence_constraints": [[5, 6], [8, 7], [4, 2], [7, 3]]}