{"Q": [[0, 1, 0], [0, 1, 1], [1, 0, 0]], "R": [[0.0, 0.0, 0.0], [0.0, 0.0, 1.0], [1.0, 0.0, 0.0], [0.0, 1.0, 0.0], [1.0, 1.0, 0.0], [0.0, 0.0, 1.0], [1.0, 1.0, 1.0], [0.0, 1.0, 1.0], [0.0, 0.0, 1.0], [0.0, 0.0, 0.0]], "T_e": [0, 84, 81, 77, 68, 74, 65, 65, 71, 0], "T_t": [[0.0, 62.03224967708329, 94.11163583744573, 31.400636936215164, 20.248456731316587, 51.24451190127583, 86.83893136145792, 47.853944456021594, 62.369864518050704, 39.59797974644666], [62.03224967708329, 0.0, 67.02984409947557, 31.78049716414141, 71.06335201775947, 90.21086409075129, 70.03570517957252, 57.982756057296896, 95.42536350467836, 42.80186911806539], [94.11163583744573, 67.02984409947557, 0.0, 81.02468759581859, 86.83893136145792, 81.49233092751734, 14.142135623730951, 50.24937810560445, 77.41446893184762, 54.56189146281496], [31.400636936215164, 31.78049716414141, 81.02468759581859, 0.0, 44.94441010848846, 70.9365914038728, 78.33900688673555, 49.03060268852505, 79.32212806020776, 33.13608305156178], [20.248456731316587, 71.06335201775947, 86.83893136145792, 44.94441010848846, 0.0, 31.04834939252005, 77.15568676384133, 36.87817782917155, 42.42640687119285, 36.138621999185304], [51.24451190127583, 90.21086409075129, 81.49233092751734, 70.9365914038728, 31.04834939252005, 0.0, 68.62215385719105, 36.49657518178932, 12.165525060596439, 47.853944456021594], [86.83893136145792, 70.03570517957252, 14.142135623730951, 78.33900688673555, 77.15568676384133, 68.62215385719105, 0.0, 40.311288741492746, 63.788713735268246, 48.30113870293329], [47.853944456021594, 57.982756057296896, 50.24937810560445, 49.03060268852505, 36.87817782917155, 36.49657518178932, 40.311288741492746, 0.0, 38.47076812334269, 16.55294535724685], [62.369864518050704, 95.42536350467836, 77.41446893184762, 79.32212806020776, 42.42640687119285, 12.165525060596439, 63.788713735268246, 38.47076812334269, 0.0, 52.630789467763066], [39.59797974644666, 42.80186911806539, 54.56189146281496, 33.13608305156178, 36.138621999185304, 47.853944456021594, 48.30113870293329, 16.55294535724685, 52.630789467763066, 0.0]], "task_locations": [[65, 89], [3, 87], [1, 20], [34, 94], [72, 70], [80, 40], [15, 18], [44, 46], [78, 28], [37, 61]], "precedence_constraints": [[4, 1], [7, 5], [7, 2]]}