{"Q": [[1, 0, 0], [1, 1, 1], [0, 1, 0]], "R": [[0.0, 0.0, 0.0], [1.0, 0.0, 1.0], [1.0, 1.0, 0.0], [1.0, 0.0, 1.0], [0.0, 1.0, 1.0], [0.0, 1.0, 0.0], [0.0, 1.0, 0.0], [1.0, 1.0, 1.0], [0.0, 1.0, 0.0], [0.0, 0.0, 0.0]], "T_e": [0, 70, 66, 59, 92, 70, 82, 87, 52, 0], "T_t": [[0.0, 68.70953354520753, 47.16990566028302, 71.5122367151245, 57.0701322935211, 13.0, 56.302753041036986, 51.478150704935004, 15.556349186104045, 9.486832980505138], [68.70953354520753, 0.0, 24.0, 98.41239759298622, 16.1245154965971, 60.41522986797286, 12.529964086141668, 19.0, 54.817880294662984, 68.8839603971781], [47.16990566028302, 24.0, 0.0, 77.38862965578342, 21.2602916254693, 37.33630940518894, 14.317821063276353, 5.0, 32.202484376209235, 45.880278987817846], [71.5122367151245, 98.41239759298622, 77.38862965578342, 0.0, 98.4733466477097, 62.64982043070834, 91.58602513484249, 81.6333265278342, 66.57326790837296, 62.03224967708329], [57.0701322935211, 16.1245154965971, 21.2602916254693, 98.4733466477097, 0.0, 51.0098029794274, 8.54400374531753, 17.804493814764857, 45.0, 59.033888572581766], [13.0, 60.41522986797286, 37.33630940518894, 62.64982043070834, 51.0098029794274, 0.0, 48.507731342539614, 42.05948168962618, 6.082762530298219, 8.54400374531753], [56.302753041036986, 12.529964086141668, 14.317821063276353, 91.58602513484249, 8.54400374531753, 48.507731342539614, 0.0, 10.0, 42.7551166528639, 56.88585061331157], [51.478150704935004, 19.0, 5.0, 81.6333265278342, 17.804493814764857, 42.05948168962618, 10.0, 0.0, 36.76955262170047, 50.59644256269407], [15.556349186104045, 54.817880294662984, 32.202484376209235, 66.57326790837296, 45.0, 6.082762530298219, 42.7551166528639, 36.76955262170047, 0.0, 14.142135623730951], [9.486832980505138, 68.8839603971781, 45.880278987817846, 62.03224967708329, 59.033888572581766, 8.54400374531753, 56.88585061331157, 50.59644256269407, 14.142135623730951, 0.0]], "task_locations": [[11, 32], [36, 96], [36, 72], [78, 7], [22, 88], [23, 37], [30, 85], [36, 77], [22, 43], [20, 29]], "precedence_constraints": [[6, 2], [1, 7], [5, 6]]}