{"Q": [[1, 0, 0], [0, 0, 1], [0, 1, 0]], "R": [[0.0, 0.0, 0.0], [1.0, 0.0, 0.0], [1.0, 0.0, 1.0], [1.0, 0.0, 0.0], [1.0, 0.0, 1.0], [0.0, 0.0, 1.0], [0.0, 1.0, 0.0], [0.0, 0.0, 1.0], [1.0, 1.0, 1.0], [0.0, 0.0, 0.0]], "T_e": [0, 84, 57, 73, 63, 53, 65, 86, 84, 0], "T_t": [[0.0, 82.46211251235322, 62.80127387243033, 7.0710678118654755, 82.71033792700887, 77.02596964660685, 71.449282711585, 97.94386147176351, 96.51942809610924, 38.2099463490856], [82.46211251235322, 0.0, 44.27188724235731, 80.95677859203639, 11.704699910719626, 51.66236541235796, 29.410882339705484, 21.18962010041709, 22.360679774997898, 47.20169488482379], [62.80127387243033, 44.27188724235731, 0.0, 65.25335240430181, 35.84689665786984, 80.65358020571685, 59.841457201508724, 65.45991139621256, 66.48308055437865, 27.784887978899608], [7.0710678118654755, 80.95677859203639, 65.25335240430181, 0.0, 82.20097323024831, 71.56116265125938, 67.62396025078685, 95.29428104561154, 93.64827814754524, 39.11521443121589], [82.71033792700887, 11.704699910719626, 35.84689665786984, 82.20097323024831, 0.0, 62.289646009589745, 39.59797974644666, 31.144823004794873, 33.0, 45.31004303683677], [77.02596964660685, 51.66236541235796, 80.65358020571685, 71.56116265125938, 62.289646009589745, 0.0, 22.80350850198276, 47.43416490252569, 43.965895873961216, 63.0], [71.449282711585, 29.410882339705484, 59.841457201508724, 67.62396025078685, 39.59797974644666, 22.80350850198276, 0.0, 31.144823004794873, 28.442925306655784, 47.12748667179272], [97.94386147176351, 21.18962010041709, 65.45991139621256, 95.29428104561154, 31.144823004794873, 47.43416490252569, 31.144823004794873, 0.0, 3.605551275463989, 65.79513659838392], [96.51942809610924, 22.360679774997898, 66.48308055437865, 93.64827814754524, 33.0, 43.965895873961216, 28.442925306655784, 3.605551275463989, 0.0, 65.29931086925804], [38.2099463490856, 47.20169488482379, 27.784887978899608, 39.11521443121589, 45.31004303683677, 63.0, 47.12748667179272, 65.79513659838392, 65.29931086925804, 0.0]], "task_locations": [[11, 25], [87, 57], [73, 15], [10, 32], [91, 46], [49, 92], [63, 74], [94, 77], [91, 79], [49, 29]], "precedence_constraints": [[4, 6], [2, 6], [7, 4]]}