{"Q": [[1, 1, 0], [1, 0, 1], [0, 0, 1]], "R": [[0.0, 0.0, 0.0], [1.0, 1.0, 0.0], [0.0, 1.0, 0.0], [0.0, 0.0, 1.0], [0.0, 0.0, 1.0], [0.0, 0.0, 1.0], [1.0, 0.0, 1.0], [0.0, 0.0, 1.0], [0.0, 0.0, 1.0], [0.0, 0.0, 0.0]], "T_e": [0, 94, 93, 94, 51, 95, 55, 57, 77, 0], "T_t": [[0.0, 20.024984394500787, 72.78049189171504, 19.209372712298546, 68.8839603971781, 38.3275357934736, 50.44799302251776, 71.06335201775947, 18.439088914585774, 71.61005515987263], [20.024984394500787, 0.0, 70.11419257183242, 35.77708763999664, 49.47726750741192, 44.654227123532216, 31.78049716414141, 51.15662224971465, 35.34119409414458, 55.90169943749474], [72.78049189171504, 70.11419257183242, 0.0, 90.44335243676011, 97.09788875150684, 39.11521443121589, 89.31965069345043, 92.20086767487604, 89.49301648732151, 51.03920062069938], [19.209372712298546, 35.77708763999664, 90.44335243676011, 0.0, 80.09993757800315, 53.46026561849464, 61.07372593840988, 83.86298349093002, 1.0, 90.27181176868004], [68.8839603971781, 49.47726750741192, 97.09788875150684, 80.09993757800315, 0.0, 87.92041856133307, 19.026297590440446, 8.54400374531753, 80.05623023850174, 53.9351462406472], [38.3275357934736, 44.654227123532216, 39.11521443121589, 53.46026561849464, 87.92041856133307, 0.0, 73.59347797189639, 86.35392289873113, 52.46903848937962, 63.12685640834652], [50.44799302251776, 31.78049716414141, 89.31965069345043, 61.07372593840988, 19.026297590440446, 73.59347797189639, 0.0, 23.769728648009426, 61.032778078668514, 54.74486277268398], [71.06335201775947, 51.15662224971465, 92.20086767487604, 83.86298349093002, 8.54400374531753, 86.35392289873113, 23.769728648009426, 0.0, 83.72574275573791, 46.84015371452148], [18.439088914585774, 35.34119409414458, 89.49301648732151, 1.0, 80.05623023850174, 52.46903848937962, 61.032778078668514, 83.72574275573791, 0.0, 89.64373932405988], [71.61005515987263, 55.90169943749474, 51.03920062069938, 90.27181176868004, 53.9351462406472, 63.12685640834652, 54.74486277268398, 46.84015371452148, 89.64373932405988, 0.0]], "task_locations": [[21, 21], [41, 22], [37, 92], [9, 6], [89, 10], [16, 59], [70, 9], [92, 18], [9, 7], [79, 63]], "precedence_constraints": [[1, 5]]}