{"Q": [[0, 1, 1], [1, 0, 1], [0, 1, 0]], "R": [[0.0, 0.0, 0.0], [0.0, 1.0, 0.0], [1.0, 0.0, 1.0], [0.0, 0.0, 1.0], [1.0, 0.0, 0.0], [0.0, 1.0, 1.0], [1.0, 1.0, 1.0], [1.0, 0.0, 1.0], [1.0, 0.0, 0.0], [0.0, 0.0, 0.0]], "T_e": [0, 70, 68, 94, 70, 92, 64, 55, 52, 0], "T_t": [[0.0, 40.718546143004666, 103.47946656221224, 25.612496949731394, 33.24154027718932, 85.27602242131137, 57.28001396647874, 14.317821063276353, 50.695167422546305, 85.44003745317531], [40.718546143004666, 0.0, 68.42514157822401, 53.08483775994799, 14.317821063276353, 47.01063709417264, 24.186773244895647, 26.40075756488817, 40.0, 55.731499172371095], [103.47946656221224, 68.42514157822401, 0.0, 102.07840124139877, 70.43436661176133, 24.08318915758459, 46.400431032480725, 90.60353193998566, 62.177166226839255, 22.80350850198276], [25.612496949731394, 53.08483775994799, 102.07840124139877, 0.0, 40.11234224026316, 88.76936408468859, 59.80802621722272, 32.202484376209235, 41.012193308819754, 80.91971329657564], [33.24154027718932, 14.317821063276353, 70.43436661176133, 40.11234224026316, 0.0, 52.20153254455275, 24.08318915758459, 20.248456731316587, 28.231188426986208, 53.71219600798314], [85.27602242131137, 47.01063709417264, 24.08318915758459, 88.76936408468859, 52.20153254455275, 0.0, 29.068883707497267, 71.50524456289902, 53.23532661682466, 26.90724809414742], [57.28001396647874, 24.186773244895647, 46.400431032480725, 59.80802621722272, 24.08318915758459, 29.068883707497267, 0.0, 44.204072210600685, 28.160255680657446, 31.575306807693888], [14.317821063276353, 26.40075756488817, 90.60353193998566, 32.202484376209235, 20.248456731316587, 71.50524456289902, 44.204072210600685, 0.0, 43.0, 73.79024325749306], [50.695167422546305, 40.0, 62.177166226839255, 41.012193308819754, 28.231188426986208, 53.23532661682466, 28.160255680657446, 43.0, 0.0, 40.22437072223753], [85.44003745317531, 55.731499172371095, 22.80350850198276, 80.91971329657564, 53.71219600798314, 26.90724809414742, 31.575306807693888, 73.79024325749306, 40.22437072223753, 0.0]], "task_locations": [[17, 81], [54, 64], [85, 3], [1, 61], [41, 58], [83, 27], [57, 40], [30, 75], [30, 32], [63, 9]], "precedence_constraints": [[5, 3]]}