{"Q": [[1, 1, 1], [1, 1, 0], [0, 1, 0]], "R": [[0.0, 0.0, 0.0], [0.0, 0.0, 1.0], [1.0, 0.0, 1.0], [1.0, 1.0, 1.0], [0.0, 0.0, 1.0], [1.0, 0.0, 0.0], [1.0, 1.0, 1.0], [1.0, 0.0, 0.0], [1.0, 0.0, 0.0], [0.0, 0.0, 0.0]], "T_e": [0, 99, 68, 78, 84, 57, 64, 78, 86, 0], "T_t": [[0.0, 2.8284271247461903, 61.68468205316454, 11.045361017187261, 71.84010022264724, 28.0178514522438, 12.206555615733702, 13.92838827718412, 61.71709649683789, 27.892651361962706], [2.8284271247461903, 0.0, 64.19501538281614, 13.038404810405298, 74.65252842335616, 30.01666203960727, 13.0, 11.40175425099138, 64.41273166075166, 30.364452901377952], [61.68468205316454, 64.19501538281614, 0.0, 60.40695324215582, 40.496913462633174, 60.8276253029822, 66.48308055437865, 71.11258679024411, 48.27007354458868, 33.83784863137726], [11.045361017187261, 13.038404810405298, 60.40695324215582, 0.0, 64.35060217278468, 17.0, 6.082762530298219, 24.331050121192877, 52.69724850502159, 28.284271247461902], [71.84010022264724, 74.65252842335616, 40.496913462633174, 64.35060217278468, 0.0, 53.85164807134504, 69.42621983083913, 85.21150157109074, 17.029386365926403, 52.20153254455275], [28.0178514522438, 30.01666203960727, 60.8276253029822, 17.0, 53.85164807134504, 0.0, 18.973665961010276, 41.19465984809196, 39.6232255123179, 35.0], [12.206555615733702, 13.0, 66.48308055437865, 6.082762530298219, 69.42621983083913, 18.973665961010276, 0.0, 23.08679276123039, 57.0087712549569, 34.132096331752024], [13.92838827718412, 11.40175425099138, 71.11258679024411, 24.331050121192877, 85.21150157109074, 41.19465984809196, 23.08679276123039, 0.0, 75.58438992278762, 37.73592452822641], [61.71709649683789, 64.41273166075166, 48.27007354458868, 52.69724850502159, 17.029386365926403, 39.6232255123179, 57.0087712549569, 75.58438992278762, 0.0, 48.010415536631214], [27.892651361962706, 30.364452901377952, 33.83784863137726, 28.284271247461902, 52.20153254455275, 35.0, 34.132096331752024, 37.73592452822641, 48.010415536631214, 0.0]], "task_locations": [[32, 18], [30, 16], [50, 77], [43, 17], [88, 63], [60, 17], [42, 11], [19, 13], [87, 46], [39, 45]], "precedence_constraints": [[5, 6], [8, 6]]}