{"Q": [[0, 0, 1], [1, 1, 1], [1, 0, 0]], "R": [[0.0, 0.0, 0.0], [1.0, 0.0, 1.0], [1.0, 0.0, 0.0], [0.0, 0.0, 1.0], [1.0, 0.0, 0.0], [0.0, 1.0, 0.0], [0.0, 0.0, 1.0], [1.0, 1.0, 1.0], [0.0, 1.0, 1.0], [0.0, 0.0, 0.0]], "T_e": [0, 54, 55, 88, 53, 62, 98, 98, 66, 0], "T_t": [[0.0, 34.132096331752024, 39.45883931389772, 46.52956049652737, 76.05918747922567, 56.302753041036986, 33.0, 34.0, 29.120439557122072, 45.617978911828175], [34.132096331752024, 0.0, 61.465437442517235, 67.67569726275453, 72.49827584156743, 24.020824298928627, 18.439088914585774, 34.0147027033899, 50.566787519082126, 59.682493245507096], [39.45883931389772, 61.465437442517235, 0.0, 7.0710678118654755, 53.75872022286245, 74.65252842335616, 47.43416490252569, 33.24154027718932, 11.180339887498949, 14.142135623730951], [46.52956049652737, 67.67569726275453, 7.0710678118654755, 0.0, 52.03844732503075, 79.63039620647382, 52.839379254491625, 37.8021163428716, 18.027756377319946, 13.92838827718412], [76.05918747922567, 72.49827584156743, 53.75872022286245, 52.03844732503075, 0.0, 67.26812023536856, 54.589376255824725, 43.18564576337837, 54.78138369920935, 39.6232255123179], [56.302753041036986, 24.020824298928627, 74.65252842335616, 79.63039620647382, 67.26812023536856, 0.0, 27.586228448267445, 41.88078318274385, 65.06919393998976, 68.47627326307996], [33.0, 18.439088914585774, 47.43416490252569, 52.839379254491625, 54.589376255824725, 27.586228448267445, 0.0, 16.278820596099706, 37.53664875824692, 43.01162633521314], [34.0, 34.0147027033899, 33.24154027718932, 37.8021163428716, 43.18564576337837, 41.88078318274385, 16.278820596099706, 0.0, 25.059928172283335, 26.92582403567252], [29.120439557122072, 50.566787519082126, 11.180339887498949, 18.027756377319946, 54.78138369920935, 65.06919393998976, 37.53664875824692, 25.059928172283335, 0.0, 17.69180601295413], [45.617978911828175, 59.682493245507096, 14.142135623730951, 13.92838827718412, 39.6232255123179, 68.47627326307996, 43.01162633521314, 26.92582403567252, 17.69180601295413, 0.0]], "task_locations": [[93, 71], [64, 89], [87, 32], [86, 25], [34, 23], [40, 90], [60, 71], [63, 55], [85, 43], [73, 30]], "precedence_constraints": [[2, 1], [7, 2], [7, 4], [3, 8]]}