{"Q": [[1, 0, 1], [0, 1, 0], [0, 1, 0]], "R": [[0.0, 0.0, 0.0], [1.0, 1.0, 1.0], [0.0, 1.0, 0.0], [1.0, 1.0, 1.0], [0.0, 1.0, 0.0], [1.0, 1.0, 0.0], [0.0, 1.0, 1.0], [0.0, 0.0, 1.0], [0.0, 0.0, 1.0], [0.0, 0.0, 0.0]], "T_e": [0, 67, 91, 90, 70, 78, 56, 83, 81, 0], "T_t": [[0.0, 40.607881008493905, 74.79304780526061, 64.25729530566937, 32.984845004941285, 68.70953354520753, 58.249463516842795, 68.6804193347711, 44.10215414239989, 39.408120990476064], [40.607881008493905, 0.0, 97.73944955850733, 65.19202405202648, 72.00694410957877, 69.06518659932803, 37.73592452822641, 65.43699259593154, 80.99382692526635, 55.44366510251645], [74.79304780526061, 97.73944955850733, 0.0, 47.885279575251516, 55.80322571321482, 48.25971404805462, 79.55501241279521, 54.378304497290095, 45.17742799230607, 42.2965719651132], [64.25729530566937, 65.19202405202648, 47.885279575251516, 0.0, 68.59300255857006, 4.47213595499958, 35.12833614050059, 7.211102550927978, 66.40783086353596, 28.0], [32.984845004941285, 72.00694410957877, 55.80322571321482, 68.59300255857006, 0.0, 72.3394774656273, 78.49203781276162, 75.13321502504735, 13.0, 41.0], [68.70953354520753, 69.06518659932803, 48.25971404805462, 4.47213595499958, 72.3394774656273, 0.0, 37.656340767525464, 6.324555320336759, 69.6419413859206, 32.0624390837628], [58.249463516842795, 37.73592452822641, 79.55501241279521, 35.12833614050059, 78.49203781276162, 37.656340767525464, 0.0, 32.28002478313795, 82.07313811473277, 43.01162633521314], [68.6804193347711, 65.43699259593154, 54.378304497290095, 7.211102550927978, 75.13321502504735, 6.324555320336759, 32.28002478313795, 0.0, 73.38937252763509, 34.23448553724738], [44.10215414239989, 80.99382692526635, 45.17742799230607, 66.40783086353596, 13.0, 69.6419413859206, 82.07313811473277, 73.38937252763509, 0.0, 40.8166632639171], [39.408120990476064, 55.44366510251645, 42.2965719651132, 28.0, 41.0, 32.0624390837628, 43.01162633521314, 34.23448553724738, 40.8166632639171, 0.0]], "task_locations": [[67, 13], [99, 38], [2, 50], [44, 73], [35, 5], [42, 77], [79, 70], [48, 79], [23, 10], [44, 45]], "precedence_constraints": [[4, 1], [3, 6], [4, 7], [8, 5], [3, 4], [7, 8]]}