{"Q": [[0, 1, 0], [1, 0, 1], [1, 0, 1]], "R": [[0.0, 0.0, 0.0], [1.0, 1.0, 1.0], [0.0, 1.0, 1.0], [0.0, 0.0, 1.0], [1.0, 0.0, 0.0], [1.0, 0.0, 0.0], [1.0, 0.0, 0.0], [1.0, 0.0, 1.0], [1.0, 1.0, 1.0], [0.0, 0.0, 0.0]], "T_e": [0, 73, 57, 50, 90, 50, 74, 79, 70, 0], "T_t": [[0.0, 60.41522986797286, 65.14598989960932, 86.46964785403026, 27.202941017470888, 83.6301381082203, 42.0, 77.02596964660685, 23.40939982143925, 74.54528824815154], [60.41522986797286, 0.0, 84.53401682163222, 34.828149534535996, 55.44366510251645, 52.49761899362675, 21.400934559032695, 108.72442227944924, 42.5440947723653, 26.627053911388696], [65.14598989960932, 84.53401682163222, 0.0, 84.64632301523794, 40.19950248448356, 60.41522986797286, 65.7875368135941, 26.627053911388696, 54.037024344425184, 75.66372975210778], [86.46964785403026, 34.828149534535996, 84.64632301523794, 0.0, 71.19691004531025, 30.083217912982647, 44.91102314577124, 111.21151019566275, 64.00781202322104, 12.0], [27.202941017470888, 55.44366510251645, 40.19950248448356, 71.19691004531025, 0.0, 60.876925020897694, 34.058772731852805, 57.87054518492115, 15.231546211727817, 59.43904440685432], [83.6301381082203, 52.49761899362675, 60.41522986797286, 30.083217912982647, 60.876925020897694, 0.0, 49.57822102496216, 86.76981041814025, 60.41522986797286, 28.0178514522438], [42.0, 21.400934559032695, 65.7875368135941, 44.91102314577124, 34.058772731852805, 49.57822102496216, 0.0, 88.68483523128404, 21.540659228538015, 33.24154027718932], [77.02596964660685, 108.72442227944924, 26.627053911388696, 111.21151019566275, 57.87054518492115, 86.76981041814025, 88.68483523128404, 0.0, 73.05477397131553, 101.9803902718557], [23.40939982143925, 42.5440947723653, 54.037024344425184, 64.00781202322104, 15.231546211727817, 60.41522986797286, 21.540659228538015, 73.05477397131553, 0.0, 52.009614495783374], [74.54528824815154, 26.627053911388696, 75.66372975210778, 12.0, 59.43904440685432, 28.0178514522438, 33.24154027718932, 101.9803902718557, 52.009614495783374, 0.0]], "task_locations": [[2, 17], [61, 4], [22, 79], [88, 26], [18, 39], [77, 54], [44, 17], [0, 94], [24, 25], [76, 26]], "precedence_constraints": [[3, 1]]}