{"Q": [[1, 1, 1], [1, 0, 1], [1, 0, 0]], "R": [[0.0, 0.0, 0.0], [1.0, 1.0, 1.0], [1.0, 1.0, 1.0], [1.0, 0.0, 0.0], [1.0, 0.0, 0.0], [0.0, 1.0, 0.0], [0.0, 1.0, 0.0], [1.0, 0.0, 0.0], [0.0, 1.0, 0.0], [0.0, 0.0, 0.0]], "T_e": [0, 87, 70, 55, 52, 61, 71, 77, 78, 0], "T_t": [[0.0, 33.0, 45.5411901469428, 33.97057550292606, 9.848857801796104, 43.60045871318328, 40.80441152620633, 42.05948168962618, 54.817880294662984, 54.589376255824725], [33.0, 0.0, 13.892443989449804, 24.351591323771842, 30.364452901377952, 68.60029154456998, 72.99315036357864, 72.80109889280519, 24.413111231467404, 30.01666203960727], [45.5411901469428, 13.892443989449804, 0.0, 25.612496949731394, 44.01136216933077, 82.49242389456137, 86.12200647918046, 83.02409288875127, 10.63014581273465, 19.235384061671343], [33.97057550292606, 24.351591323771842, 25.612496949731394, 0.0, 38.27531841800928, 77.23341245859851, 72.94518489934754, 62.07253821135398, 29.410882339705484, 23.194827009486403], [9.848857801796104, 30.364452901377952, 44.01136216933077, 38.27531841800928, 0.0, 39.698866482558415, 43.104524124504614, 50.21951811795888, 54.12947441089743, 56.22277118748239], [43.60045871318328, 68.60029154456998, 82.49242389456137, 77.23341245859851, 39.698866482558415, 0.0, 26.419689627245813, 56.089214649520635, 92.9623579735368, 95.90099061010788], [40.80441152620633, 72.99315036357864, 86.12200647918046, 72.94518489934754, 43.104524124504614, 26.419689627245813, 0.0, 32.0624390837628, 95.60334722173695, 94.93682109698007], [42.05948168962618, 72.80109889280519, 83.02409288875127, 62.07253821135398, 50.21951811795888, 56.089214649520635, 32.0624390837628, 0.0, 90.19977827023745, 85.21150157109074], [54.817880294662984, 24.413111231467404, 10.63014581273465, 29.410882339705484, 54.12947441089743, 92.9623579735368, 95.60334722173695, 90.19977827023745, 0.0, 13.0], [54.589376255824725, 30.01666203960727, 19.235384061671343, 23.194827009486403, 56.22277118748239, 95.90099061010788, 94.93682109698007, 85.21150157109074, 13.0, 0.0]], "task_locations": [[42, 41], [75, 41], [87, 34], [67, 18], [46, 50], [16, 76], [3, 53], [5, 21], [95, 27], [90, 15]], "precedence_constraints": [[5, 4], [1, 3], [4, 1], [6, 7], [2, 3]]}