{"Q": [[1, 0, 1], [1, 0, 1], [1, 1, 0]], "R": [[0.0, 0.0, 0.0], [1.0, 1.0, 1.0], [0.0, 0.0, 1.0], [0.0, 0.0, 1.0], [0.0, 0.0, 1.0], [1.0, 0.0, 0.0], [1.0, 1.0, 0.0], [1.0, 0.0, 0.0], [1.0, 1.0, 0.0], [0.0, 0.0, 0.0]], "T_e": [0, 84, 76, 54, 63, 78, 94, 58, 96, 0], "T_t": [[0.0, 32.55764119219941, 44.94441010848846, 70.60453243241541, 59.00847396772772, 62.24146527838174, 68.00735254367721, 39.6232255123179, 7.280109889280518, 91.21951545584969], [32.55764119219941, 0.0, 30.59411708155671, 62.96824596572466, 72.01388754955533, 50.695167422546305, 81.02468759581859, 33.13608305156178, 34.0147027033899, 77.87810988975015], [44.94441010848846, 30.59411708155671, 0.0, 32.38826948140329, 50.93132631298737, 20.248456731316587, 58.7962583843564, 9.486832980505138, 50.60632371551998, 48.54894437575342], [70.60453243241541, 62.96824596572466, 32.38826948140329, 0.0, 42.1070065428546, 13.152946437965905, 45.60701700396552, 32.202484376209235, 77.42092740338364, 22.847319317591726], [59.00847396772772, 72.01388754955533, 50.93132631298737, 42.1070065428546, 0.0, 46.8187996428785, 9.219544457292887, 42.5205832509386, 66.06814663663572, 63.28506932918696], [62.24146527838174, 50.695167422546305, 20.248456731316587, 13.152946437965905, 46.8187996428785, 0.0, 52.354560450833695, 22.627416997969522, 68.62215385719105, 29.068883707497267], [68.00735254367721, 81.02468759581859, 58.7962583843564, 45.60701700396552, 9.219544457292887, 52.354560450833695, 0.0, 50.80354318352215, 75.0066663703967, 65.06919393998976], [39.6232255123179, 33.13608305156178, 9.486832980505138, 32.202484376209235, 42.5205832509386, 22.627416997969522, 50.80354318352215, 0.0, 46.010868281309364, 51.66236541235796], [7.280109889280518, 34.0147027033899, 50.60632371551998, 77.42092740338364, 66.06814663663572, 68.62215385719105, 75.0066663703967, 46.010868281309364, 0.0, 97.67292357659824], [91.21951545584969, 77.87810988975015, 48.54894437575342, 22.847319317591726, 63.28506932918696, 29.068883707497267, 65.06919393998976, 51.66236541235796, 97.67292357659824, 0.0]], "task_locations": [[82, 65], [88, 33], [58, 27], [26, 22], [23, 64], [39, 20], [14, 66], [55, 36], [89, 67], [17, 1]], "precedence_constraints": [[5, 1], [6, 3], [6, 4], [8, 5], [2, 1]]}