{"Q": [[0, 1, 0], [1, 0, 1], [0, 1, 0]], "R": [[0.0, 0.0, 0.0], [0.0, 1.0, 0.0], [1.0, 0.0, 0.0], [0.0, 0.0, 1.0], [1.0, 1.0, 0.0], [0.0, 1.0, 0.0], [0.0, 1.0, 1.0], [0.0, 1.0, 0.0], [0.0, 0.0, 1.0], [0.0, 0.0, 0.0]], "T_e": [0, 77, 75, 96, 60, 92, 73, 90, 99, 0], "T_t": [[0.0, 68.62215385719105, 19.1049731745428, 51.884487084291386, 41.593268686170845, 38.05259518088089, 88.0056816347672, 90.2551937563706, 94.40338976964757, 25.632011235952593], [68.62215385719105, 0.0, 61.85466837676846, 49.76946855251722, 28.30194339616981, 87.0, 31.144823004794873, 44.10215414239989, 98.41239759298622, 43.01162633521314], [19.1049731745428, 61.85466837676846, 0.0, 33.83784863137726, 33.60059523282288, 27.730849247724095, 75.31268153505093, 75.02666192761077, 75.71657678474378, 24.166091947189145], [51.884487084291386, 49.76946855251722, 33.83784863137726, 0.0, 31.400636936215164, 46.17358552246078, 48.877397639399746, 43.93176527297759, 52.952809179494906, 39.66106403010388], [41.593268686170845, 28.30194339616981, 33.60059523282288, 31.400636936215164, 0.0, 59.54829972383762, 47.38143096192854, 52.80151512977634, 84.34453153583817, 17.11724276862369], [38.05259518088089, 87.0, 27.730849247724095, 46.17358552246078, 59.54829972383762, 0.0, 94.42986815621421, 89.98888820293314, 66.03029607687671, 51.894122981316485], [88.0056816347672, 31.144823004794873, 75.31268153505093, 48.877397639399746, 47.38143096192854, 94.42986815621421, 0.0, 16.0312195418814, 83.38465086573187, 64.4980619863884], [90.2551937563706, 44.10215414239989, 75.02666192761077, 43.93176527297759, 52.80151512977634, 89.98888820293314, 16.0312195418814, 0.0, 69.35416353759881, 69.28924880528002], [94.40338976964757, 98.41239759298622, 75.71657678474378, 52.952809179494906, 84.34453153583817, 66.03029607687671, 83.38465086573187, 69.35416353759881, 0.0, 90.82400563727631], [25.632011235952593, 43.01162633521314, 24.166091947189145, 39.66106403010388, 17.11724276862369, 51.894122981316485, 64.4980619863884, 69.28924880528002, 90.82400563727631, 0.0]], "task_locations": [[10, 77], [75, 99], [24, 64], [56, 53], [51, 84], [12, 39], [98, 78], [99, 62], [66, 1], [34, 86]], "precedence_constraints": [[3, 7], [5, 6], [4, 2], [7, 1], [3, 6]]}