{"Q": [[0, 0, 1], [1, 1, 0], [1, 0, 0]], "R": [[0.0, 0.0, 0.0], [1.0, 0.0, 1.0], [1.0, 1.0, 0.0], [0.0, 1.0, 1.0], [0.0, 0.0, 1.0], [1.0, 1.0, 0.0], [1.0, 0.0, 0.0], [1.0, 0.0, 0.0], [0.0, 0.0, 1.0], [0.0, 0.0, 0.0]], "T_e": [0, 55, 86, 51, 72, 84, 60, 84, 85, 0], "T_t": [[0.0, 49.49747468305833, 39.824615503479755, 88.36288813749809, 33.24154027718932, 90.13878188659973, 37.589892258425, 82.49242389456137, 89.19641248391103, 91.60785992479029], [49.49747468305833, 0.0, 60.13318551349163, 59.481089431852205, 74.73285756613352, 80.2807573457052, 17.11724276862369, 36.6742416417845, 49.25444142409901, 43.382023926967726], [39.824615503479755, 60.13318551349163, 0.0, 65.86349520030045, 28.160255680657446, 55.036351623268054, 43.04648650006177, 78.03204469959762, 76.38062581571324, 89.94442728707543], [88.36288813749809, 59.481089431852205, 65.86349520030045, 0.0, 93.47192091746055, 35.05709628591621, 55.90169943749474, 38.01315561749642, 22.360679774997898, 48.08326112068523], [33.24154027718932, 74.73285756613352, 28.160255680657446, 93.47192091746055, 0.0, 82.21921916437786, 58.66856057549052, 100.56838469419701, 101.82828683622247, 111.66467659918243], [90.13878188659973, 80.2807573457052, 55.036351623268054, 35.05709628591621, 82.21921916437786, 0.0, 69.52697318307479, 70.61161377563892, 57.0350769263968, 81.88406438373708], [37.589892258425, 17.11724276862369, 43.04648650006177, 55.90169943749474, 58.66856057549052, 69.52697318307479, 0.0, 44.94441010848846, 52.392747589718944, 54.56189146281496], [82.49242389456137, 36.6742416417845, 78.03204469959762, 38.01315561749642, 100.56838469419701, 70.61161377563892, 44.94441010848846, 0.0, 17.69180601295413, 12.36931687685298], [89.19641248391103, 49.25444142409901, 76.38062581571324, 22.360679774997898, 101.82828683622247, 57.0350769263968, 52.392747589718944, 17.69180601295413, 0.0, 26.0], [91.60785992479029, 43.382023926967726, 89.94442728707543, 48.08326112068523, 111.66467659918243, 81.88406438373708, 54.56189146281496, 12.36931687685298, 26.0, 0.0]], "task_locations": [[0, 35], [35, 70], [31, 10], [88, 43], [4, 2], [86, 8], [33, 53], [71, 77], [84, 65], [74, 89]], "precedence_constraints": [[7, 6]]}