{"Q": [[0, 1, 0], [0, 0, 1], [1, 1, 0]], "R": [[0.0, 0.0, 0.0], [1.0, 0.0, 0.0], [0.0, 0.0, 1.0], [1.0, 0.0, 1.0], [0.0, 1.0, 0.0], [1.0, 1.0, 1.0], [1.0, 1.0, 1.0], [1.0, 1.0, 0.0], [0.0, 1.0, 0.0], [0.0, 0.0, 0.0]], "T_e": [0, 97, 62, 87, 63, 66, 67, 58, 90, 0], "T_t": [[0.0, 77.82030583337487, 26.90724809414742, 66.70832032063167, 89.05054744357274, 72.18032973047436, 78.39005038906404, 26.832815729997478, 98.18350166906862, 100.42410069301094], [77.82030583337487, 0.0, 89.10667763978185, 19.6468827043885, 103.58571330062848, 90.87353850269065, 46.010868281309364, 82.60750571225353, 50.59644256269407, 45.70557952810576], [26.90724809414742, 89.10667763978185, 0.0, 83.15046602394962, 67.00746227100382, 51.24451190127583, 74.51845409024533, 7.211102550927978, 95.01578816175763, 99.40321926376429], [66.70832032063167, 19.6468827043885, 83.15046602394962, 0.0, 110.63453348751464, 96.02083107326243, 59.033888572581766, 77.52418977325722, 67.89698078707183, 64.07027391856539], [89.05054744357274, 103.58571330062848, 67.00746227100382, 110.63453348751464, 0.0, 17.08800749063506, 61.032778078668514, 63.387695966961914, 73.17103251970687, 81.39410298049853], [72.18032973047436, 90.87353850269065, 51.24451190127583, 96.02083107326243, 17.08800749063506, 0.0, 52.08646657242167, 47.01063709417264, 67.89698078707183, 75.4254598925323], [78.39005038906404, 46.010868281309364, 74.51845409024533, 59.033888572581766, 61.032778078668514, 52.08646657242167, 0.0, 67.35725647619564, 20.518284528683193, 25.495097567963924], [26.832815729997478, 82.60750571225353, 7.211102550927978, 77.52418977325722, 63.387695966961914, 47.01063709417264, 67.35725647619564, 0.0, 87.86353054595519, 92.20086767487604], [98.18350166906862, 50.59644256269407, 95.01578816175763, 67.89698078707183, 73.17103251970687, 67.89698078707183, 20.518284528683193, 87.86353054595519, 0.0, 8.54400374531753], [100.42410069301094, 45.70557952810576, 99.40321926376429, 64.07027391856539, 81.39410298049853, 75.4254598925323, 25.495097567963924, 92.20086767487604, 8.54400374531753, 0.0]], "task_locations": [[75, 99], [5, 65], [93, 79], [10, 84], [94, 12], [88, 28], [36, 31], [87, 75], [21, 17], [13, 20]], "precedence_constraints": [[4, 6], [2, 4], [4, 3], [3, 6]]}