{"Q": [[0, 0, 1], [1, 1, 0], [0, 1, 0]], "R": [[0.0, 0.0, 0.0], [0.0, 1.0, 1.0], [0.0, 1.0, 0.0], [0.0, 0.0, 1.0], [1.0, 1.0, 1.0], [1.0, 0.0, 1.0], [1.0, 0.0, 1.0], [0.0, 1.0, 1.0], [1.0, 1.0, 0.0], [0.0, 0.0, 0.0]], "T_e": [0, 96, 79, 57, 86, 78, 74, 61, 75, 0], "T_t": [[0.0, 71.56814934033156, 82.00609733428362, 30.364452901377952, 48.76474136094644, 91.98369420718001, 44.40720662234904, 28.160255680657446, 65.14598989960932, 57.697486947006624], [71.56814934033156, 0.0, 22.20360331117452, 76.83749084919418, 22.80350850198276, 21.0, 97.94896630388705, 61.5223536610881, 39.6232255123179, 18.027756377319946], [82.00609733428362, 22.20360331117452, 0.0, 78.92401408950256, 37.0, 19.697715603592208, 98.8382517044894, 78.43468620451031, 29.0, 38.41874542459709], [30.364452901377952, 76.83749084919418, 78.92401408950256, 0.0, 56.639209034025185, 94.15412895885129, 21.213203435596427, 56.00892785976178, 53.75872022286245, 69.02897942168927], [48.76474136094644, 22.80350850198276, 37.0, 56.639209034025185, 0.0, 43.41658669218482, 77.83315488916018, 41.43669871020132, 36.24913792078372, 13.0], [91.98369420718001, 21.0, 19.697715603592208, 94.15412895885129, 43.41658669218482, 0.0, 114.82595525402782, 82.38931969618392, 48.010415536631214, 38.47076812334269], [44.40720662234904, 97.94896630388705, 98.8382517044894, 21.213203435596427, 77.83315488916018, 114.82595525402782, 0.0, 72.3671196055225, 72.11102550927978, 90.13878188659973], [28.160255680657446, 61.5223536610881, 78.43468620451031, 56.00892785976178, 41.43669871020132, 82.38931969618392, 72.3671196055225, 0.0, 71.58910531638176, 44.04543109109048], [65.14598989960932, 39.6232255123179, 29.0, 53.75872022286245, 36.24913792078372, 48.010415536631214, 72.11102550927978, 71.58910531638176, 0.0, 46.09772228646444], [57.697486947006624, 18.027756377319946, 38.41874542459709, 69.02897942168927, 13.0, 38.47076812334269, 90.13878188659973, 44.04543109109048, 46.09772228646444, 0.0]], "task_locations": [[6, 61], [75, 80], [88, 62], [15, 32], [53, 74], [96, 80], [0, 17], [14, 88], [68, 41], [58, 86]], "precedence_constraints": [[7, 1], [7, 4], [7, 5], [3, 6], [5, 8]]}