{"Q": [[1, 0, 0], [1, 0, 1], [0, 1, 1]], "R": [[0.0, 0.0, 0.0], [1.0, 1.0, 1.0], [1.0, 1.0, 1.0], [1.0, 0.0, 1.0], [0.0, 1.0, 0.0], [1.0, 1.0, 1.0], [0.0, 1.0, 1.0], [0.0, 1.0, 0.0], [0.0, 1.0, 0.0], [0.0, 0.0, 0.0]], "T_e": [0, 93, 54, 98, 99, 54, 97, 97, 96, 0], "T_t": [[0.0, 16.0312195418814, 49.09175083453431, 32.01562118716424, 55.60575509783138, 69.8927750200262, 48.093658625644196, 44.28317965096906, 87.09190547921202, 31.304951684997057], [16.0312195418814, 0.0, 37.53664875824692, 16.1245154965971, 44.82186966202994, 63.324560795950255, 52.55473337388365, 28.635642126552707, 72.11102550927978, 19.209372712298546], [49.09175083453431, 37.53664875824692, 0.0, 27.51363298439521, 7.615773105863909, 31.064449134018133, 48.75448697299562, 22.20360331117452, 43.18564576337837, 18.384776310850235], [32.01562118716424, 16.1245154965971, 27.51363298439521, 0.0, 35.11409973215888, 57.42821606144492, 58.60034129593445, 12.649110640673518, 56.462376853972415, 13.601470508735444], [55.60575509783138, 44.82186966202994, 7.615773105863909, 35.11409973215888, 0.0, 24.515301344262525, 49.040799340956916, 29.0, 41.48493702538308, 25.612496949731394], [69.8927750200262, 63.324560795950255, 31.064449134018133, 57.42821606144492, 24.515301344262525, 0.0, 43.174066289845804, 53.23532661682466, 57.0087712549569, 45.35416188179427], [48.093658625644196, 52.55473337388365, 48.75448697299562, 58.60034129593445, 49.040799340956916, 43.174066289845804, 0.0, 63.702433234531945, 90.52071586106685, 46.010868281309364], [44.28317965096906, 28.635642126552707, 22.20360331117452, 12.649110640673518, 29.0, 53.23532661682466, 63.702433234531945, 0.0, 43.86342439892262, 18.35755975068582], [87.09190547921202, 72.11102550927978, 43.18564576337837, 56.462376853972415, 41.48493702538308, 57.0087712549569, 90.52071586106685, 43.86342439892262, 0.0, 56.71860364994893], [31.304951684997057, 19.209372712298546, 18.384776310850235, 13.601470508735444, 25.612496949731394, 45.35416188179427, 46.010868281309364, 18.35755975068582, 56.71860364994893, 0.0]], "task_locations": [[4, 85], [20, 86], [45, 58], [36, 84], [48, 51], [43, 27], [1, 37], [48, 80], [88, 62], [32, 71]], "precedence_constraints": [[1, 6], [1, 2], [1, 8]]}