{"Q": [[1, 1, 0], [1, 0, 0], [0, 1, 1]], "R": [[0.0, 0.0, 0.0], [0.0, 0.0, 1.0], [1.0, 1.0, 0.0], [1.0, 1.0, 0.0], [0.0, 1.0, 1.0], [0.0, 1.0, 1.0], [1.0, 1.0, 1.0], [1.0, 0.0, 0.0], [0.0, 1.0, 0.0], [0.0, 0.0, 0.0]], "T_e": [0, 74, 62, 80, 81, 76, 57, 92, 55, 0], "T_t": [[0.0, 77.27871634544663, 82.68010643437755, 58.69412236331676, 77.62087348130012, 68.00735254367721, 72.12489168102785, 42.04759208325728, 75.50496672405067, 14.7648230602334], [77.27871634544663, 0.0, 58.309518948453004, 43.04648650006177, 34.0147027033899, 77.82673062643708, 9.899494936611665, 38.2099463490856, 2.23606797749979, 66.40783086353596], [82.68010643437755, 58.309518948453004, 0.0, 26.40075756488817, 24.515301344262525, 31.953090617340916, 65.00769185258002, 69.77105417004964, 59.135437767890075, 67.95586803212802], [58.69412236331676, 43.04648650006177, 26.40075756488817, 0.0, 21.213203435596427, 34.92849839314596, 46.486557196677836, 44.01136216933077, 42.941821107167776, 44.01136216933077], [77.62087348130012, 34.0147027033899, 24.515301344262525, 21.213203435596427, 0.0, 49.49747468305833, 41.43669871020132, 53.03772242470448, 35.014282800023196, 63.34824385884742], [68.00735254367721, 77.82673062643708, 31.953090617340916, 34.92849839314596, 49.49747468305833, 0.0, 81.34494452638098, 73.02739212103907, 77.82030583337487, 55.072679252057455], [72.12489168102785, 9.899494936611665, 65.00769185258002, 46.486557196677836, 41.43669871020132, 81.34494452638098, 0.0, 31.144823004794873, 7.810249675906654, 62.609903369994115], [42.04759208325728, 38.2099463490856, 69.77105417004964, 44.01136216933077, 53.03772242470448, 73.02739212103907, 31.144823004794873, 0.0, 36.124783736376884, 35.35533905932738], [75.50496672405067, 2.23606797749979, 59.135437767890075, 42.941821107167776, 35.014282800023196, 77.82030583337487, 7.810249675906654, 36.124783736376884, 0.0, 64.8459713474939], [14.7648230602334, 66.40783086353596, 67.95586803212802, 44.01136216933077, 63.34824385884742, 55.072679252057455, 62.609903369994115, 35.35533905932738, 64.8459713474939, 0.0]], "task_locations": [[16, 65], [92, 79], [86, 21], [70, 42], [91, 45], [56, 10], [85, 86], [54, 83], [90, 80], [29, 58]], "precedence_constraints": [[8, 3], [4, 1], [5, 3], [7, 2]]}