{"Q": [[0, 0, 1], [1, 1, 0], [0, 0, 1]], "R": [[0.0, 0.0, 0.0], [0.0, 1.0, 1.0], [1.0, 0.0, 0.0], [1.0, 1.0, 1.0], [0.0, 1.0, 0.0], [0.0, 1.0, 1.0], [1.0, 1.0, 0.0], [1.0, 1.0, 0.0], [0.0, 0.0, 1.0], [0.0, 0.0, 0.0]], "T_e": [0, 77, 88, 52, 50, 89, 65, 61, 57, 0], "T_t": [[0.0, 34.9857113690718, 57.14017850864661, 102.95630140987001, 48.16637831516918, 17.4928556845359, 51.03920062069938, 39.05124837953327, 46.09772228646444, 86.97700845625813], [34.9857113690718, 0.0, 51.73973328110612, 107.62899237658968, 64.5600495662759, 45.89117562233506, 63.694583757176716, 18.35755975068582, 13.0, 65.12296062065974], [57.14017850864661, 51.73973328110612, 0.0, 56.61271941887264, 35.0, 49.24428900898052, 29.154759474226502, 69.81403870282824, 47.43416490252569, 39.698866482558415], [102.95630140987001, 107.62899237658968, 56.61271941887264, 0.0, 56.92099788303083, 88.23831367382311, 52.392747589718944, 125.15989773086265, 104.04326023342406, 76.32168761236873], [48.16637831516918, 64.5600495662759, 35.0, 56.92099788303083, 0.0, 31.906112267087632, 6.708203932499369, 78.7210264160726, 67.26812023536856, 74.65252842335616], [17.4928556845359, 45.89117562233506, 49.24428900898052, 88.23831367382311, 31.906112267087632, 0.0, 35.84689665786984, 54.45181356024793, 54.230987451824994, 84.59905436823747], [51.03920062069938, 63.694583757176716, 29.154759474226502, 52.392747589718944, 6.708203932499369, 35.84689665786984, 0.0, 78.89233169326408, 65.11528238439882, 68.60029154456998], [39.05124837953327, 18.35755975068582, 69.81403870282824, 125.15989773086265, 78.7210264160726, 54.45181356024793, 78.89233169326408, 0.0, 28.284271247461902, 82.03657720797473], [46.09772228646444, 13.0, 47.43416490252569, 104.04326023342406, 67.26812023536856, 54.230987451824994, 65.11528238439882, 28.284271247461902, 0.0, 53.75872022286245], [86.97700845625813, 65.12296062065974, 39.698866482558415, 76.32168761236873, 74.65252842335616, 84.59905436823747, 68.60029154456998, 82.03657720797473, 53.75872022286245, 0.0]], "task_locations": [[55, 92], [85, 74], [51, 35], [5, 2], [23, 56], [40, 83], [26, 50], [94, 90], [90, 62], [81, 9]], "precedence_constraints": [[6, 2], [2, 5], [2, 8]]}