{"Q": [[1, 0, 1], [0, 1, 0], [0, 0, 1]], "R": [[0.0, 0.0, 0.0], [0.0, 0.0, 1.0], [1.0, 0.0, 1.0], [1.0, 1.0, 0.0], [0.0, 0.0, 1.0], [0.0, 0.0, 1.0], [1.0, 0.0, 1.0], [0.0, 1.0, 0.0], [0.0, 0.0, 1.0], [0.0, 0.0, 0.0]], "T_e": [0, 81, 65, 82, 75, 92, 66, 76, 52, 0], "T_t": [[0.0, 55.90169943749474, 18.867962264113206, 34.058772731852805, 17.69180601295413, 54.405882034941776, 60.13318551349163, 14.212670403551895, 82.73451516749222, 33.015148038438355], [55.90169943749474, 0.0, 48.79549159502341, 24.186773244895647, 63.150613615387776, 71.30918594402827, 30.675723300355934, 69.83552104767315, 34.20526275297414, 51.62363799656123], [18.867962264113206, 48.79549159502341, 0.0, 33.52610922848042, 36.235341863986875, 69.77105417004964, 44.40720662234904, 27.018512172212592, 80.45495634204272, 46.238512086787566], [34.058772731852805, 24.186773244895647, 33.52610922848042, 0.0, 39.05124837953327, 51.61395160225576, 42.80186911806539, 48.27007354458868, 48.83646178829912, 29.154759474226502], [17.69180601295413, 63.150613615387776, 36.235341863986875, 39.05124837953327, 0.0, 39.20459156782532, 73.97972695272672, 22.02271554554524, 84.05950273467003, 22.825424421026653], [54.405882034941776, 71.30918594402827, 69.77105417004964, 51.61395160225576, 39.20459156782532, 0.0, 94.40338976964757, 61.204574992397426, 75.23961722390672, 24.20743687382041], [60.13318551349163, 30.675723300355934, 44.40720662234904, 42.80186911806539, 73.97972695272672, 94.40338976964757, 0.0, 71.17583859709698, 62.00806399170998, 71.34423592694787], [14.212670403551895, 69.83552104767315, 27.018512172212592, 48.27007354458868, 22.02271554554524, 61.204574992397426, 71.17583859709698, 0.0, 96.89685237405806, 43.174066289845804], [82.73451516749222, 34.20526275297414, 80.45495634204272, 48.83646178829912, 84.05950273467003, 75.23961722390672, 62.00806399170998, 96.89685237405806, 0.0, 65.0], [33.015148038438355, 51.62363799656123, 46.238512086787566, 29.154759474226502, 22.825424421026653, 24.20743687382041, 71.34423592694787, 43.174066289845804, 65.0, 0.0]], "task_locations": [[79, 76], [54, 26], [89, 60], [57, 50], [66, 88], [27, 92], [83, 16], [88, 87], [21, 17], [46, 77]], "precedence_constraints": [[4, 6], [2, 8], [1, 6]]}