{"Q": [[1, 1, 1], [1, 0, 0], [0, 0, 1]], "R": [[0.0, 0.0, 0.0], [1.0, 1.0, 0.0], [1.0, 0.0, 1.0], [0.0, 1.0, 0.0], [1.0, 1.0, 0.0], [1.0, 1.0, 1.0], [1.0, 0.0, 1.0], [0.0, 1.0, 0.0], [0.0, 1.0, 1.0], [0.0, 0.0, 0.0]], "T_e": [0, 90, 86, 55, 60, 63, 53, 93, 98, 0], "T_t": [[0.0, 92.31467922275417, 66.27216610312357, 43.104524124504614, 27.073972741361768, 70.43436661176133, 72.11102550927978, 75.23961722390672, 78.10249675906654, 44.04543109109048], [92.31467922275417, 0.0, 53.23532661682466, 69.85699678629192, 72.00694410957877, 27.294688127912362, 55.00909015790027, 53.150729063673246, 69.6419413859206, 63.071388124885914], [66.27216610312357, 53.23532661682466, 0.0, 73.06161783043132, 39.20459156782532, 53.71219600798314, 6.324555320336759, 9.0, 95.01578816175763, 22.360679774997898], [43.104524124504614, 69.85699678629192, 73.06161783043132, 0.0, 47.50789408087881, 42.720018726587654, 79.25906888173743, 80.95060222135473, 35.014282800023196, 57.982756057296896], [27.073972741361768, 72.00694410957877, 39.20459156782532, 47.50789408087881, 0.0, 55.65968020030299, 45.044422518220834, 48.16637831516918, 79.40403012442127, 17.0], [70.43436661176133, 27.294688127912362, 53.71219600798314, 42.720018726587654, 55.65968020030299, 0.0, 58.180752831155424, 57.982756057296896, 46.14108798023731, 53.0], [72.11102550927978, 55.00909015790027, 6.324555320336759, 79.25906888173743, 45.044422518220834, 58.180752831155424, 0.0, 3.605551275463989, 100.4987562112089, 28.071337695236398], [75.23961722390672, 53.150729063673246, 9.0, 80.95060222135473, 48.16637831516918, 57.982756057296896, 3.605551275463989, 0.0, 101.11874208078342, 31.25699921617557], [78.10249675906654, 69.6419413859206, 95.01578816175763, 35.014282800023196, 79.40403012442127, 46.14108798023731, 100.4987562112089, 101.11874208078342, 0.0, 85.88364221433555], [44.04543109109048, 63.071388124885914, 22.360679774997898, 57.982756057296896, 17.0, 53.0, 28.071337695236398, 31.25699921617557, 85.88364221433555, 0.0]], "task_locations": [[20, 4], [79, 75], [26, 70], [63, 7], [22, 31], [75, 48], [24, 76], [26, 79], [98, 8], [22, 48]], "precedence_constraints": [[7, 2], [3, 1], [8, 5]]}