{"Q": [[0, 1, 0], [1, 0, 0], [1, 1, 1]], "R": [[0.0, 0.0, 0.0], [0.0, 0.0, 1.0], [0.0, 1.0, 0.0], [1.0, 1.0, 1.0], [1.0, 1.0, 0.0], [1.0, 0.0, 0.0], [1.0, 0.0, 1.0], [1.0, 0.0, 0.0], [1.0, 0.0, 0.0], [0.0, 0.0, 0.0]], "T_e": [0, 68, 79, 73, 56, 88, 94, 95, 84, 0], "T_t": [[0.0, 43.18564576337837, 45.0111097397076, 71.06335201775947, 74.10802925459562, 114.33722053644648, 58.137767414994535, 42.05948168962618, 65.76473218982953, 95.4829827770373], [43.18564576337837, 0.0, 36.6742416417845, 50.44799302251776, 57.62811813689564, 71.21797525905943, 36.069377593742864, 17.88854381999832, 26.076809620810597, 52.32590180780452], [45.0111097397076, 36.6742416417845, 0.0, 86.53323061113575, 29.154759474226502, 93.30058949438637, 71.84705978674423, 52.009614495783374, 60.63827174318213, 73.08214556237385], [71.06335201775947, 50.44799302251776, 86.53323061113575, 0.0, 107.48953437428223, 77.87810988975015, 14.7648230602334, 34.88552708502482, 36.40054944640259, 69.02897942168927], [74.10802925459562, 57.62811813689564, 29.154759474226502, 107.48953437428223, 0.0, 92.00543462209176, 93.50935782048768, 75.21303078589507, 75.45197147855052, 73.43704787094863], [114.33722053644648, 71.21797525905943, 93.30058949438637, 77.87810988975015, 92.00543462209176, 0.0, 75.23961722390672, 76.83749084919418, 51.61395160225576, 20.248456731316587], [58.137767414994535, 36.069377593742864, 71.84705978674423, 14.7648230602334, 93.50935782048768, 75.23961722390672, 0.0, 20.12461179749811, 27.0, 62.96824596572466], [42.05948168962618, 17.88854381999832, 52.009614495783374, 34.88552708502482, 75.21303078589507, 76.83749084919418, 20.12461179749811, 0.0, 25.45584412271571, 60.41522986797286], [65.76473218982953, 26.076809620810597, 60.63827174318213, 36.40054944640259, 75.45197147855052, 51.61395160225576, 27.0, 25.45584412271571, 0.0, 36.68787265568828], [95.4829827770373, 52.32590180780452, 73.08214556237385, 69.02897942168927, 73.43704787094863, 20.248456731316587, 62.96824596572466, 60.41522986797286, 36.68787265568828, 0.0]], "task_locations": [[81, 8], [52, 40], [36, 7], [84, 79], [7, 4], [8, 96], [77, 66], [68, 48], [50, 66], [15, 77]], "precedence_constraints": [[5, 8]]}