{"Q": [[1, 0, 1], [0, 0, 1], [1, 1, 1]], "R": [[0.0, 0.0, 0.0], [1.0, 0.0, 1.0], [1.0, 1.0, 1.0], [1.0, 0.0, 0.0], [0.0, 0.0, 1.0], [1.0, 1.0, 0.0], [1.0, 0.0, 0.0], [1.0, 1.0, 1.0], [1.0, 0.0, 0.0], [0.0, 0.0, 0.0]], "T_e": [0, 68, 85, 80, 89, 52, 60, 63, 98, 0], "T_t": [[0.0, 79.07591289387686, 46.32493928760188, 58.249463516842795, 96.25487000666512, 63.198101237299845, 83.773504164503, 58.309518948453004, 60.8276253029822, 36.013886210738214], [79.07591289387686, 0.0, 33.06055050963308, 21.02379604162864, 39.11521443121589, 23.430749027719962, 46.010868281309364, 25.632011235952593, 29.206163733020468, 92.9623579735368], [46.32493928760188, 33.06055050963308, 0.0, 12.041594578792296, 54.56189146281496, 24.08318915758459, 54.405882034941776, 14.212670403551895, 25.80697580112788, 65.76473218982953], [58.249463516842795, 21.02379604162864, 12.041594578792296, 0.0, 46.647615158762406, 18.027756377319946, 49.24428900898052, 10.44030650891055, 22.20360331117452, 75.28612089887484], [96.25487000666512, 39.11521443121589, 54.56189146281496, 46.647615158762406, 0.0, 59.77457653551382, 85.09406559801923, 40.36087214122113, 65.45991139621256, 120.28299963003916], [63.198101237299845, 23.430749027719962, 24.08318915758459, 18.027756377319946, 59.77457653551382, 0.0, 31.304951684997057, 28.460498941515414, 5.830951894845301, 71.11258679024411], [83.773504164503, 46.010868281309364, 54.405882034941776, 49.24428900898052, 85.09406559801923, 31.304951684997057, 0.0, 59.61543424315552, 28.600699292150182, 78.05767098754612], [58.309518948453004, 25.632011235952593, 14.212670403551895, 10.44030650891055, 40.36087214122113, 28.460498941515414, 59.61543424315552, 0.0, 32.55764119219941, 79.93122043357026], [60.8276253029822, 29.206163733020468, 25.80697580112788, 22.20360331117452, 65.45991139621256, 5.830951894845301, 28.600699292150182, 32.55764119219941, 0.0, 66.30987860040162], [36.013886210738214, 92.9623579735368, 65.76473218982953, 75.28612089887484, 120.28299963003916, 71.11258679024411, 78.05767098754612, 79.93122043357026, 66.30987860040162, 0.0]], "task_locations": [[90, 38], [12, 51], [45, 49], [33, 50], [9, 90], [27, 33], [13, 5], [36, 60], [30, 28], [91, 2]], "precedence_constraints": [[4, 6], [7, 2], [3, 4], [7, 6], [1, 4]]}