{"Q": [[1, 1, 0], [1, 1, 1], [1, 0, 1]], "R": [[0.0, 0.0, 0.0], [1.0, 0.0, 0.0], [1.0, 0.0, 1.0], [1.0, 1.0, 0.0], [1.0, 1.0, 1.0], [1.0, 0.0, 0.0], [1.0, 0.0, 1.0], [0.0, 1.0, 0.0], [0.0, 0.0, 1.0], [0.0, 0.0, 0.0]], "T_e": [0, 77, 91, 80, 95, 90, 55, 87, 76, 0], "T_t": [[0.0, 97.62171889492625, 6.708203932499369, 71.30918594402827, 62.07253821135398, 47.07440918375928, 99.46356116689167, 98.59513172565875, 81.59656855530139, 99.04544411531506], [97.62171889492625, 0.0, 91.35097153287424, 40.311288741492746, 37.69615364994153, 51.0098029794274, 11.0, 92.11405973031478, 42.941821107167776, 69.85699678629192], [6.708203932499369, 91.35097153287424, 0.0, 66.40783086353596, 56.32051136131489, 40.607881008493905, 92.9623579735368, 97.20082304178294, 77.07788269017254, 96.04686356149273], [71.30918594402827, 40.311288741492746, 66.40783086353596, 0.0, 16.55294535724685, 36.235341863986875, 48.82622246293481, 57.21887800367987, 12.041594578792296, 40.80441152620633], [62.07253821135398, 37.69615364994153, 56.32051136131489, 16.55294535724685, 0.0, 20.615528128088304, 43.01162633521314, 72.02777242147643, 28.30194339616981, 57.245087125446844], [47.07440918375928, 51.0098029794274, 40.607881008493905, 36.235341863986875, 20.615528128088304, 0.0, 52.392747589718944, 86.88498144098322, 48.27007354458868, 75.59100475585703], [99.46356116689167, 11.0, 92.9623579735368, 48.82622246293481, 43.01162633521314, 52.392747589718944, 0.0, 102.45974819410792, 52.92447448959697, 80.60397012554654], [98.59513172565875, 92.11405973031478, 97.20082304178294, 57.21887800367987, 72.02777242147643, 86.88498144098322, 102.45974819410792, 0.0, 49.72926703662542, 24.758836806279895], [81.59656855530139, 42.941821107167776, 77.07788269017254, 12.041594578792296, 28.30194339616981, 48.27007354458868, 52.92447448959697, 49.72926703662542, 0.0, 30.265491900843113], [99.04544411531506, 69.85699678629192, 96.04686356149273, 40.80441152620633, 57.245087125446844, 75.59100475585703, 80.60397012554654, 24.758836806279895, 30.265491900843113, 0.0]], "task_locations": [[97, 24], [0, 13], [91, 21], [28, 42], [35, 27], [51, 14], [0, 2], [33, 99], [20, 51], [16, 81]], "precedence_constraints": [[2, 5], [7, 1], [8, 3], [3, 1], [3, 7], [3, 4]]}