{"Q": [[0, 1, 0], [0, 0, 1], [1, 1, 1]], "R": [[0.0, 0.0, 0.0], [1.0, 0.0, 1.0], [0.0, 1.0, 0.0], [0.0, 1.0, 1.0], [1.0, 1.0, 0.0], [1.0, 0.0, 1.0], [0.0, 1.0, 1.0], [0.0, 1.0, 1.0], [0.0, 1.0, 1.0], [0.0, 0.0, 0.0]], "T_e": [0, 79, 57, 60, 86, 53, 53, 76, 77, 0], "T_t": [[0.0, 30.805843601498726, 6.708203932499369, 14.212670403551895, 34.058772731852805, 47.43416490252569, 17.204650534085253, 29.732137494637012, 57.9396237474839, 49.39635614091387], [30.805843601498726, 0.0, 36.22154055254967, 41.048751503547585, 15.524174696260024, 54.120236510939236, 29.0, 30.675723300355934, 36.87817782917155, 29.68164415931166], [6.708203932499369, 36.22154055254967, 0.0, 7.810249675906654, 37.21558813185679, 52.392747589718944, 23.345235059857504, 36.069377593742864, 64.62197768561404, 56.08029957123981], [14.212670403551895, 41.048751503547585, 7.810249675906654, 0.0, 39.21734310225516, 59.93329625508679, 31.144823004794873, 43.840620433565945, 71.58910531638176, 63.071388124885914], [34.058772731852805, 15.524174696260024, 37.21558813185679, 39.21734310225516, 0.0, 67.89698078707183, 39.395431207184416, 44.40720662234904, 51.31276644267, 44.721359549995796], [47.43416490252569, 54.120236510939236, 52.392747589718944, 59.93329625508679, 67.89698078707183, 0.0, 31.400636936215164, 23.53720459187964, 45.79301256742124, 41.10960958218893], [17.204650534085253, 29.0, 23.345235059857504, 31.144823004794873, 39.395431207184416, 31.400636936215164, 0.0, 12.806248474865697, 44.553338819890925, 36.22154055254967], [29.732137494637012, 30.675723300355934, 36.069377593742864, 43.840620433565945, 44.40720662234904, 23.53720459187964, 12.806248474865697, 0.0, 34.0147027033899, 26.30589287593181], [57.9396237474839, 36.87817782917155, 64.62197768561404, 71.58910531638176, 51.31276644267, 45.79301256742124, 44.553338819890925, 34.0147027033899, 0.0, 8.54400374531753], [49.39635614091387, 29.68164415931166, 56.08029957123981, 63.071388124885914, 44.721359549995796, 41.10960958218893, 36.22154055254967, 26.30589287593181, 8.54400374531753, 0.0]], "task_locations": [[62, 34], [69, 64], [65, 28], [71, 23], [84, 60], [17, 49], [48, 44], [40, 54], [41, 88], [44, 80]], "precedence_constraints": [[7, 1], [6, 2], [4, 2]]}