{"Q": [[0, 0, 1], [0, 1, 0], [1, 1, 0]], "R": [[0.0, 0.0, 0.0], [1.0, 0.0, 0.0], [0.0, 1.0, 0.0], [0.0, 1.0, 1.0], [1.0, 1.0, 1.0], [0.0, 1.0, 1.0], [0.0, 1.0, 0.0], [0.0, 1.0, 0.0], [0.0, 1.0, 1.0], [0.0, 0.0, 0.0]], "T_e": [0, 64, 61, 64, 79, 67, 98, 94, 90, 0], "T_t": [[0.0, 41.773197148410844, 29.068883707497267, 40.01249804748511, 33.61547262794322, 51.40038910358559, 51.0098029794274, 86.33075929238663, 80.60397012554654, 10.63014581273465], [41.773197148410844, 0.0, 56.92099788303083, 7.0710678118654755, 70.57619995437555, 79.20227269466452, 92.26592003551474, 70.11419257183242, 106.0, 37.57658845611187], [29.068883707497267, 56.92099788303083, 0.0, 58.60034129593445, 18.35755975068582, 23.430749027719962, 45.48626166217664, 72.13875518748573, 52.3450093132096, 39.44616584663204], [40.01249804748511, 7.0710678118654755, 58.60034129593445, 0.0, 70.83078426785913, 81.49233092751734, 91.0, 77.05841939723393, 109.04127658827184, 34.20526275297414], [33.61547262794322, 70.57619995437555, 18.35755975068582, 70.83078426785913, 0.0, 24.08318915758459, 27.202941017470888, 89.87213138676528, 51.07837115648854, 43.829214001622255], [51.40038910358559, 79.20227269466452, 23.430749027719962, 81.49233092751734, 24.08318915758459, 0.0, 44.721359549995796, 77.41446893184762, 29.206163733020468, 62.00806399170998], [51.0098029794274, 92.26592003551474, 45.48626166217664, 91.0, 27.202941017470888, 44.721359549995796, 0.0, 116.93160394008115, 63.0317380372777, 58.69412236331676], [86.33075929238663, 70.11419257183242, 72.13875518748573, 77.05841939723393, 89.87213138676528, 77.41446893184762, 116.93160394008115, 0.0, 87.13208364316786, 91.0823802938856], [80.60397012554654, 106.0, 52.3450093132096, 109.04127658827184, 51.07837115648854, 29.206163733020468, 63.0317380372777, 87.13208364316786, 0.0, 91.21403400793103], [10.63014581273465, 37.57658845611187, 39.44616584663204, 34.20526275297414, 43.829214001622255, 62.00806399170998, 58.69412236331676, 91.0823802938856, 91.21403400793103, 0.0]], "task_locations": [[16, 51], [24, 92], [42, 38], [17, 91], [33, 22], [57, 20], [17, 0], [94, 88], [80, 2], [8, 58]], "precedence_constraints": [[7, 5], [7, 8], [8, 5], [8, 6]]}