{"Q": [[0, 1, 0], [1, 1, 1], [1, 1, 0]], "R": [[0.0, 0.0, 0.0], [1.0, 1.0, 0.0], [1.0, 1.0, 1.0], [1.0, 0.0, 1.0], [0.0, 1.0, 1.0], [1.0, 1.0, 1.0], [0.0, 0.0, 1.0], [1.0, 1.0, 0.0], [0.0, 1.0, 1.0], [0.0, 0.0, 0.0]], "T_e": [0, 89, 66, 67, 81, 80, 67, 80, 60, 0], "T_t": [[0.0, 52.23983154643591, 49.39635614091387, 74.41102068914255, 38.27531841800928, 52.32590180780452, 18.973665961010276, 33.015148038438355, 69.12307863514182, 36.40054944640259], [52.23983154643591, 0.0, 14.317821063276353, 61.07372593840988, 56.586217403180434, 18.681541692269406, 62.39390995922599, 65.21502894272147, 19.209372712298546, 51.61395160225576], [49.39635614091387, 14.317821063276353, 0.0, 74.06078584514209, 63.28506932918696, 5.0990195135927845, 63.245553203367585, 69.35416353759881, 21.02379604162864, 39.81205847478876], [74.41102068914255, 61.07372593840988, 74.06078584514209, 0.0, 41.182520563948, 79.02531240052139, 66.85057965343307, 55.036351623268054, 75.18643494673756, 99.00505037623081], [38.27531841800928, 56.586217403180434, 63.28506932918696, 41.182520563948, 0.0, 68.09552114493287, 26.1725046566048, 14.317821063276353, 75.66372975210778, 71.06335201775947], [52.32590180780452, 18.681541692269406, 5.0990195135927845, 79.02531240052139, 68.09552114493287, 0.0, 67.00746227100382, 73.7563556583431, 20.8806130178211, 38.897300677553446], [18.973665961010276, 62.39390995922599, 63.245553203367585, 66.85057965343307, 26.1725046566048, 67.00746227100382, 0.0, 15.811388300841896, 80.95677859203639, 55.362442142665635], [33.015148038438355, 65.21502894272147, 69.35416353759881, 55.036351623268054, 14.317821063276353, 73.7563556583431, 15.811388300841896, 0.0, 84.40379138403677, 68.8839603971781], [69.12307863514182, 19.209372712298546, 21.02379604162864, 75.18643494673756, 75.66372975210778, 20.8806130178211, 80.95677859203639, 84.40379138403677, 0.0, 59.77457653551382], [36.40054944640259, 51.61395160225576, 39.81205847478876, 99.00505037623081, 71.06335201775947, 38.897300677553446, 55.362442142665635, 68.8839603971781, 59.77457653551382, 0.0]], "task_locations": [[43, 77], [38, 25], [25, 31], [99, 28], [79, 64], [20, 30], [61, 83], [76, 78], [26, 10], [8, 67]], "precedence_constraints": [[3, 5]]}