{"Q": [[1, 1, 1], [0, 0, 1], [1, 0, 0]], "R": [[0.0, 0.0, 0.0], [0.0, 0.0, 1.0], [1.0, 1.0, 0.0], [1.0, 1.0, 0.0], [0.0, 1.0, 0.0], [1.0, 0.0, 1.0], [0.0, 0.0, 1.0], [0.0, 1.0, 1.0], [0.0, 0.0, 1.0], [0.0, 0.0, 0.0]], "T_e": [0, 82, 77, 56, 80, 70, 56, 97, 81, 0], "T_t": [[0.0, 94.42986815621421, 41.400483088968905, 68.54195795277518, 62.00806399170998, 66.52818951391959, 51.478150704935004, 14.212670403551895, 70.57619995437555, 51.478150704935004], [94.42986815621421, 0.0, 83.09632964216891, 25.942243542145693, 88.05679985100527, 42.20189569201838, 43.32435804486894, 91.80958555619343, 50.59644256269407, 65.49045732013177], [41.400483088968905, 83.09632964216891, 0.0, 60.03332407921454, 92.69843580125827, 74.96665925596525, 51.419840528729765, 27.784887978899608, 40.311288741492746, 72.99315036357864], [68.54195795277518, 25.942243542145693, 60.03332407921454, 0.0, 71.19691004531025, 28.42534080710379, 18.110770276274835, 66.03029607687671, 36.6742416417845, 46.51881339845203], [62.00806399170998, 88.05679985100527, 92.69843580125827, 71.19691004531025, 0.0, 45.880278987817846, 57.48912940721924, 73.43704787094863, 99.00505037623081, 25.0], [66.52818951391959, 42.20189569201838, 74.96665925596525, 28.42534080710379, 45.880278987817846, 0.0, 24.0, 69.9714227381436, 63.15853069855251, 24.08318915758459], [51.478150704935004, 43.32435804486894, 51.419840528729765, 18.110770276274835, 57.48912940721924, 24.0, 0.0, 50.91168824543142, 42.20189569201838, 32.55764119219941], [14.212670403551895, 91.80958555619343, 27.784887978899608, 66.03029607687671, 73.43704787094863, 69.9714227381436, 50.91168824543142, 0.0, 61.032778078668514, 59.22837157984339], [70.57619995437555, 50.59644256269407, 40.311288741492746, 36.6742416417845, 99.00505037623081, 63.15853069855251, 42.20189569201838, 61.032778078668514, 0.0, 74.41102068914255], [51.478150704935004, 65.49045732013177, 72.99315036357864, 46.51881339845203, 25.0, 24.08318915758459, 32.55764119219941, 59.22837157984339, 74.41102068914255, 0.0]], "task_locations": [[66, 93], [27, 7], [91, 60], [39, 30], [4, 92], [17, 48], [41, 48], [77, 84], [75, 23], [19, 72]], "precedence_constraints": [[1, 3], [2, 1], [6, 7], [8, 3], [8, 6]]}