{"Q": [[1, 0, 0], [0, 1, 1], [0, 0, 1]], "R": [[0.0, 0.0, 0.0], [1.0, 0.0, 1.0], [0.0, 1.0, 0.0], [0.0, 0.0, 1.0], [1.0, 0.0, 0.0], [0.0, 0.0, 1.0], [1.0, 1.0, 1.0], [1.0, 1.0, 1.0], [0.0, 0.0, 1.0], [0.0, 0.0, 0.0]], "T_e": [0, 66, 72, 52, 68, 58, 90, 51, 99, 0], "T_t": [[0.0, 63.28506932918696, 28.635642126552707, 31.304951684997057, 80.65358020571685, 60.0, 95.25754563287887, 79.19595949289332, 51.19570294468082, 75.23961722390672], [63.28506932918696, 0.0, 88.52683209061533, 53.71219600798314, 61.465437442517235, 107.54068997360952, 82.0792300158816, 89.02246907382428, 44.181444068749045, 34.20526275297414], [28.635642126552707, 88.52683209061533, 0.0, 41.7612260356422, 89.02246907382428, 36.05551275463989, 98.47842403288143, 74.32361670424818, 63.788713735268246, 92.69843580125827], [31.304951684997057, 53.71219600798314, 41.7612260356422, 0.0, 50.00999900019995, 53.85164807134504, 63.953107821277925, 50.47771785649585, 22.20360331117452, 51.07837115648854], [80.65358020571685, 61.465437442517235, 89.02246907382428, 50.00999900019995, 0.0, 85.0, 20.615528128088304, 38.27531841800928, 29.966648127543394, 30.066592756745816], [60.0, 107.54068997360952, 36.05551275463989, 53.85164807134504, 85.0, 0.0, 86.68333173107735, 56.142675390472796, 70.00714249274856, 99.90495483208028], [95.25754563287887, 82.0792300158816, 98.47842403288143, 63.953107821277925, 20.615528128088304, 86.68333173107735, 0.0, 31.78049716414141, 47.4236228055175, 50.00999900019995], [79.19595949289332, 89.02246907382428, 74.32361670424818, 50.47771785649585, 38.27531841800928, 56.142675390472796, 31.78049716414141, 0.0, 45.39823785126467, 64.8459713474939], [51.19570294468082, 44.181444068749045, 63.788713735268246, 22.20360331117452, 29.966648127543394, 70.00714249274856, 47.4236228055175, 45.39823785126467, 0.0, 30.23243291566195], [75.23961722390672, 34.20526275297414, 92.69843580125827, 51.07837115648854, 30.066592756745816, 99.90495483208028, 50.00999900019995, 64.8459713474939, 30.23243291566195, 0.0]], "task_locations": [[87, 38], [33, 5], [99, 64], [59, 52], [10, 62], [87, 98], [2, 81], [31, 94], [37, 49], [12, 32]], "precedence_constraints": [[8, 2], [6, 3], [6, 7], [6, 1]]}