{"Q": [[1, 0, 0], [0, 1, 1], [1, 0, 0]], "R": [[0.0, 0.0, 0.0], [0.0, 1.0, 0.0], [0.0, 1.0, 0.0], [1.0, 1.0, 0.0], [0.0, 0.0, 1.0], [1.0, 0.0, 0.0], [1.0, 0.0, 0.0], [1.0, 1.0, 1.0], [1.0, 0.0, 0.0], [0.0, 0.0, 0.0]], "T_e": [0, 66, 76, 79, 85, 57, 61, 56, 90, 0], "T_t": [[0.0, 63.324560795950255, 51.73973328110612, 86.82165628459296, 90.82400563727631, 32.2490309931942, 71.80529228406496, 41.43669871020132, 99.36800289831733, 41.048751503547585], [63.324560795950255, 0.0, 29.68164415931166, 71.386273190299, 29.0, 31.78049716414141, 40.52159917870962, 83.09632964216891, 67.23094525588644, 67.4166151627327], [51.73973328110612, 29.68164415931166, 0.0, 94.42986815621421, 46.17358552246078, 23.769728648009426, 65.73431371817918, 84.75848040166836, 94.64142856064674, 73.824115301167], [86.82165628459296, 71.386273190299, 94.42986815621421, 0.0, 90.27181176868004, 77.42092740338364, 31.144823004794873, 67.26812023536856, 23.323807579381203, 51.66236541235796], [90.82400563727631, 29.0, 46.17358552246078, 90.27181176868004, 0.0, 58.59180830116101, 59.841457201508724, 111.94641575325224, 79.07591289387686, 95.80187889597991], [32.2490309931942, 31.78049716414141, 23.769728648009426, 77.42092740338364, 58.59180830116101, 0.0, 52.80151512977634, 61.09828148156051, 82.61961026293939, 50.24937810560445], [71.80529228406496, 40.52159917870962, 65.73431371817918, 31.144823004794873, 59.841457201508724, 52.80151512977634, 0.0, 68.70953354520753, 29.832867780352597, 50.32891812864648], [41.43669871020132, 83.09632964216891, 84.75848040166836, 67.26812023536856, 111.94641575325224, 61.09828148156051, 68.70953354520753, 0.0, 87.20665112249179, 18.384776310850235], [99.36800289831733, 67.23094525588644, 94.64142856064674, 23.323807579381203, 79.07591289387686, 82.61961026293939, 29.832867780352597, 87.20665112249179, 0.0, 70.00714249274856], [41.048751503547585, 67.4166151627327, 73.824115301167, 51.66236541235796, 95.80187889597991, 50.24937810560445, 50.32891812864648, 18.384776310850235, 70.00714249274856, 0.0]], "task_locations": [[49, 96], [72, 37], [88, 62], [2, 23], [92, 16], [65, 68], [33, 26], [8, 90], [14, 3], [15, 73]], "precedence_constraints": [[2, 1], [8, 1], [8, 7], [5, 7], [6, 3], [6, 1]]}