{"Q": [[1, 0, 1], [1, 0, 0], [1, 1, 1]], "R": [[0.0, 0.0, 0.0], [1.0, 0.0, 1.0], [0.0, 1.0, 1.0], [0.0, 1.0, 0.0], [1.0, 1.0, 1.0], [1.0, 1.0, 1.0], [1.0, 0.0, 1.0], [1.0, 0.0, 0.0], [1.0, 0.0, 1.0], [0.0, 0.0, 0.0]], "T_e": [0, 68, 72, 55, 67, 82, 57, 76, 91, 0], "T_t": [[0.0, 80.05623023850174, 70.25667228100119, 31.622776601683793, 25.317977802344327, 15.811388300841896, 55.94640292279746, 51.0, 45.27692569068709, 94.57801012920498], [80.05623023850174, 0.0, 34.36568055487916, 50.00999900019995, 55.46169849544819, 68.47627326307996, 94.57801012920498, 30.265491900843113, 72.42237223399962, 80.09993757800315], [70.25667228100119, 34.36568055487916, 0.0, 50.11985634456667, 46.09772228646444, 55.00909015790027, 65.06919393998976, 39.05124837953327, 44.654227123532216, 46.87216658103186], [31.622776601683793, 50.00999900019995, 50.11985634456667, 0.0, 14.035668847618199, 25.495097567963924, 69.06518659932803, 19.924858845171276, 49.49747468305833, 87.80091115700337], [25.317977802344327, 55.46169849544819, 46.09772228646444, 14.035668847618199, 0.0, 13.45362404707371, 55.036351623268054, 28.284271247461902, 35.90264614203248, 77.79460135510689], [15.811388300841896, 68.47627326307996, 55.00909015790027, 25.495097567963924, 13.45362404707371, 0.0, 46.69047011971501, 41.72529209005013, 31.622776601683793, 79.40403012442127], [55.94640292279746, 94.57801012920498, 65.06919393998976, 69.06518659932803, 55.036351623268054, 46.69047011971501, 0.0, 78.16009211867653, 22.360679774997898, 56.00892785976178], [51.0, 30.265491900843113, 39.05124837953327, 19.924858845171276, 28.284271247461902, 41.72529209005013, 78.16009211867653, 0.0, 56.293871780150276, 83.2586331859946], [45.27692569068709, 72.42237223399962, 44.654227123532216, 49.49747468305833, 35.90264614203248, 31.622776601683793, 22.360679774997898, 56.293871780150276, 0.0, 50.566787519082126], [94.57801012920498, 80.09993757800315, 46.87216658103186, 87.80091115700337, 77.79460135510689, 79.40403012442127, 56.00892785976178, 83.2586331859946, 50.566787519082126, 0.0]], "task_locations": [[95, 29], [20, 1], [25, 35], [69, 11], [70, 25], [80, 34], [72, 80], [50, 5], [62, 60], [16, 81]], "precedence_constraints": [[5, 2], [4, 8], [2, 7]]}