{"Q": [[1, 1, 0], [1, 0, 0], [0, 1, 1]], "R": [[0.0, 0.0, 0.0], [1.0, 0.0, 0.0], [0.0, 1.0, 0.0], [1.0, 0.0, 1.0], [0.0, 1.0, 0.0], [0.0, 0.0, 1.0], [1.0, 0.0, 0.0], [1.0, 1.0, 1.0], [0.0, 1.0, 0.0], [0.0, 0.0, 0.0]], "T_e": [0, 52, 52, 86, 59, 97, 50, 93, 94, 0], "T_t": [[0.0, 43.56604182158393, 27.313000567495326, 27.294688127912362, 78.5175139698144, 49.64876634922564, 12.649110640673518, 40.80441152620633, 18.439088914585774, 18.867962264113206], [43.56604182158393, 0.0, 67.88225099390856, 70.83078426785913, 98.97979591815695, 38.948684188300895, 42.44997055358225, 47.16990566028302, 61.85466837676846, 62.433965115151864], [27.313000567495326, 67.88225099390856, 0.0, 17.69180601295413, 91.4166286842826, 76.40026177965623, 37.656340767525464, 44.01136216933077, 13.341664064126334, 15.811388300841896], [27.294688127912362, 70.83078426785913, 17.69180601295413, 0.0, 74.68600939935136, 69.77105417004964, 32.01562118716424, 58.05170109479997, 10.04987562112089, 8.54400374531753], [78.5175139698144, 98.97979591815695, 91.4166286842826, 74.68600939935136, 0.0, 65.19202405202648, 67.62396025078685, 119.09659944767525, 78.77182237323191, 76.00657866263946], [49.64876634922564, 38.948684188300895, 76.40026177965623, 69.77105417004964, 65.19202405202648, 0.0, 38.897300677553446, 77.1621668954417, 64.8459713474939, 63.694583757176716], [12.649110640673518, 42.44997055358225, 37.656340767525464, 32.01562118716424, 67.62396025078685, 38.897300677553446, 0.0, 51.62363799656123, 26.0, 25.059928172283335], [40.80441152620633, 47.16990566028302, 44.01136216933077, 58.05170109479997, 119.09659944767525, 77.1621668954417, 51.62363799656123, 0.0, 48.507731342539614, 50.96076922496363], [18.439088914585774, 61.85466837676846, 13.341664064126334, 10.04987562112089, 78.77182237323191, 64.8459713474939, 26.0, 48.507731342539614, 0.0, 2.8284271247461903], [18.867962264113206, 62.433965115151864, 15.811388300841896, 8.54400374531753, 76.00657866263946, 63.694583757176716, 25.059928172283335, 50.96076922496363, 2.8284271247461903, 0.0]], "task_locations": [[37, 31], [0, 54], [48, 6], [61, 18], [94, 85], [29, 80], [41, 43], [4, 7], [51, 19], [53, 21]], "precedence_constraints": [[6, 2], [8, 4], [8, 7]]}