{"Q": [[1, 1, 0], [1, 0, 0], [1, 1, 1]], "R": [[0.0, 0.0, 0.0], [0.0, 0.0, 1.0], [1.0, 1.0, 1.0], [0.0, 1.0, 1.0], [1.0, 1.0, 1.0], [1.0, 1.0, 0.0], [0.0, 1.0, 0.0], [1.0, 0.0, 0.0], [0.0, 1.0, 1.0], [0.0, 0.0, 0.0]], "T_e": [0, 77, 62, 82, 87, 78, 92, 99, 88, 0], "T_t": [[0.0, 67.89698078707183, 63.0, 88.56635930193812, 80.8084154033477, 44.04543109109048, 107.20074626605917, 107.89810007595129, 84.86459803710851, 16.1245154965971], [67.89698078707183, 0.0, 11.704699910719626, 95.80187889597991, 51.92301994298868, 37.12142238654117, 75.05997601918082, 54.62600113499065, 23.323807579381203, 59.07622195096772], [63.0, 11.704699910719626, 0.0, 102.7277956543408, 61.814237842102365, 40.311288741492746, 86.00581375697809, 66.30987860040162, 34.88552708502482, 56.753854494650845], [88.56635930193812, 95.80187889597991, 102.7277956543408, 0.0, 50.774009099144415, 64.62197768561404, 54.037024344425184, 83.48652585896721, 89.49860334105779, 74.02702209328699], [80.8084154033477, 51.92301994298868, 61.814237842102365, 50.774009099144415, 0.0, 38.07886552931954, 27.313000567495326, 36.0, 39.698866482558415, 65.06919393998976], [44.04543109109048, 37.12142238654117, 40.311288741492746, 64.62197768561404, 38.07886552931954, 0.0, 65.29931086925804, 64.1404708432983, 45.09988913511872, 29.5296461204668], [107.20074626605917, 75.05997601918082, 86.00581375697809, 54.037024344425184, 27.313000567495326, 65.29931086925804, 0.0, 35.35533905932738, 57.0087712549569, 91.21403400793103], [107.89810007595129, 54.62600113499065, 66.30987860040162, 83.48652585896721, 36.0, 64.1404708432983, 35.35533905932738, 0.0, 31.622776601683793, 93.64827814754524], [84.86459803710851, 23.323807579381203, 34.88552708502482, 89.49860334105779, 39.698866482558415, 45.09988913511872, 57.0087712549569, 31.622776601683793, 0.0, 73.00684899377592], [16.1245154965971, 59.07622195096772, 56.753854494650845, 74.02702209328699, 65.06919393998976, 29.5296461204668, 91.21403400793103, 93.64827814754524, 73.00684899377592, 0.0]], "task_locations": [[94, 6], [83, 73], [94, 69], [6, 16], [33, 59], [66, 40], [8, 70], [33, 95], [63, 85], [80, 14]], "precedence_constraints": [[1, 8], [5, 8]]}