{"Q": [[1, 0, 1], [0, 1, 1], [0, 1, 1]], "R": [[0.0, 0.0, 0.0], [1.0, 0.0, 1.0], [0.0, 1.0, 1.0], [1.0, 1.0, 1.0], [0.0, 1.0, 0.0], [0.0, 1.0, 0.0], [0.0, 0.0, 1.0], [1.0, 0.0, 0.0], [0.0, 0.0, 1.0], [0.0, 0.0, 0.0]], "T_e": [0, 67, 79, 92, 92, 62, 64, 97, 93, 0], "T_t": [[0.0, 72.80109889280519, 48.33218389437829, 74.51845409024533, 72.00694410957877, 38.2099463490856, 65.76473218982953, 69.85699678629192, 94.87360012142472, 51.478150704935004], [72.80109889280519, 0.0, 51.264022471905186, 36.89173349139343, 38.118237105091836, 65.11528238439882, 30.4138126514911, 66.84309986827361, 56.61271941887264, 65.92419889539804], [48.33218389437829, 51.264022471905186, 0.0, 30.870698080866262, 75.7429864739964, 17.08800749063506, 26.1725046566048, 24.331050121192877, 47.50789408087881, 14.7648230602334], [74.51845409024533, 36.89173349139343, 30.870698080866262, 0.0, 72.73238618387272, 47.92702786528704, 10.198039027185569, 33.83784863137726, 23.194827009486403, 41.43669871020132], [72.00694410957877, 38.118237105091836, 75.7429864739964, 72.73238618387272, 0.0, 83.60023923410746, 64.07807737440318, 97.082439194738, 94.14881836751856, 89.80534505250787], [38.2099463490856, 65.11528238439882, 17.08800749063506, 47.92702786528704, 83.60023923410746, 0.0, 42.95346318982906, 32.31098884280702, 63.0317380372777, 13.341664064126334], [65.76473218982953, 30.4138126514911, 26.1725046566048, 10.198039027185569, 64.07807737440318, 42.95346318982906, 0.0, 36.61966684720111, 33.37663853655727, 39.20459156782532], [69.85699678629192, 66.84309986827361, 24.331050121192877, 33.83784863137726, 97.082439194738, 32.31098884280702, 36.61966684720111, 0.0, 37.0, 19.235384061671343], [94.87360012142472, 56.61271941887264, 47.50789408087881, 23.194827009486403, 94.14881836751856, 63.0317380372777, 33.37663853655727, 37.0, 0.0, 52.69724850502159], [51.478150704935004, 65.92419889539804, 14.7648230602334, 41.43669871020132, 89.80534505250787, 13.341664064126334, 39.20459156782532, 19.235384061671343, 52.69724850502159, 0.0]], "task_locations": [[9, 19], [77, 45], [29, 63], [57, 76], [80, 7], [13, 57], [55, 66], [25, 87], [60, 99], [16, 70]], "precedence_constraints": [[8, 7], [3, 5], [5, 2]]}