{"Q": [[1, 1, 1], [1, 1, 0], [0, 1, 0]], "R": [[0.0, 0.0, 0.0], [1.0, 0.0, 1.0], [1.0, 1.0, 1.0], [0.0, 0.0, 1.0], [1.0, 0.0, 0.0], [0.0, 1.0, 0.0], [0.0, 1.0, 1.0], [1.0, 0.0, 1.0], [0.0, 1.0, 1.0], [0.0, 0.0, 0.0]], "T_e": [0, 50, 59, 80, 94, 76, 61, 51, 62, 0], "T_t": [[0.0, 33.61547262794322, 65.80273550544841, 28.0178514522438, 51.15662224971465, 46.010868281309364, 50.039984012787215, 69.33974329343886, 43.41658669218482, 16.64331697709324], [33.61547262794322, 0.0, 56.462376853972415, 33.54101966249684, 21.93171219946131, 66.18912297349165, 69.35416353759881, 36.796738985948195, 39.05124837953327, 27.80287754891569], [65.80273550544841, 56.462376853972415, 0.0, 84.81155581640984, 43.04648650006177, 52.46903848937962, 52.172789842982326, 77.1621668954417, 94.51454914456292, 49.20365840057018], [28.0178514522438, 33.54101966249684, 84.81155581640984, 0.0, 55.46169849544819, 74.0, 78.00640999302557, 57.87054518492115, 15.811388300841896, 39.21734310225516], [51.15662224971465, 21.93171219946131, 43.04648650006177, 55.46169849544819, 0.0, 70.71067811865476, 72.91776189653656, 34.713109915419565, 59.54829972383762, 39.21734310225516], [46.010868281309364, 66.18912297349165, 52.46903848937962, 74.0, 70.71067811865476, 0.0, 4.123105625617661, 101.51354589413178, 89.1403387922662, 39.21734310225516], [50.039984012787215, 69.35416353759881, 52.172789842982326, 78.00640999302557, 72.91776189653656, 4.123105625617661, 0.0, 104.30723848324239, 93.08598175880189, 42.720018726587654], [69.33974329343886, 36.796738985948195, 77.1621668954417, 57.87054518492115, 34.713109915419565, 101.51354589413178, 104.30723848324239, 0.0, 52.23983154643591, 64.38167441127949], [43.41658669218482, 39.05124837953327, 94.51454914456292, 15.811388300841896, 59.54829972383762, 89.1403387922662, 93.08598175880189, 52.23983154643591, 0.0, 52.61178575186362], [16.64331697709324, 27.80287754891569, 49.20365840057018, 39.21734310225516, 39.21734310225516, 39.21734310225516, 42.720018726587654, 64.38167441127949, 52.61178575186362, 0.0]], "task_locations": [[56, 63], [69, 32], [17, 10], [84, 62], [60, 12], [10, 62], [6, 61], [94, 5], [99, 57], [47, 49]], "precedence_constraints": [[1, 4], [8, 6], [3, 5], [2, 6]]}