{"Q": [[0, 1, 0], [1, 1, 0], [0, 1, 1]], "R": [[0.0, 0.0, 0.0], [0.0, 1.0, 0.0], [0.0, 0.0, 1.0], [0.0, 1.0, 0.0], [0.0, 1.0, 0.0], [1.0, 1.0, 1.0], [0.0, 0.0, 1.0], [1.0, 0.0, 0.0], [0.0, 1.0, 0.0], [0.0, 0.0, 0.0]], "T_e": [0, 68, 60, 91, 84, 88, 90, 96, 88, 0], "T_t": [[0.0, 68.59300255857006, 95.0789145920377, 65.49045732013177, 79.19595949289332, 10.770329614269007, 86.02325267042627, 53.600373133029585, 105.68348972285122, 101.24228365658294], [68.59300255857006, 0.0, 85.23496934944014, 94.40338976964757, 48.507731342539614, 72.00694410957877, 21.095023109728988, 15.033296378372908, 78.40918313565064, 49.040799340956916], [95.0789145920377, 85.23496934944014, 0.0, 49.64876634922564, 37.73592452822641, 87.65842800324451, 102.95630140987001, 81.78630692236935, 24.020824298928627, 59.07622195096772], [65.49045732013177, 94.40338976964757, 49.64876634922564, 0.0, 64.6297145282261, 55.14526271584895, 115.43396380615195, 83.48652585896721, 71.47027354082255, 93.53608929178085], [79.19595949289332, 48.507731342539614, 37.73592452822641, 64.6297145282261, 0.0, 75.6042326857432, 65.29931086925804, 48.093658625644196, 31.25699921617557, 29.017236257093817], [10.770329614269007, 72.00694410957877, 87.65842800324451, 55.14526271584895, 75.6042326857432, 0.0, 90.79647570252934, 57.0350769263968, 100.12492197250393, 99.72963451251589], [86.02325267042627, 21.095023109728988, 102.95630140987001, 115.43396380615195, 65.29931086925804, 90.79647570252934, 0.0, 34.48187929913333, 92.72000862812729, 57.0087712549569], [53.600373133029585, 15.033296378372908, 81.78630692236935, 83.48652585896721, 48.093658625644196, 57.0350769263968, 34.48187929913333, 0.0, 79.30952023559341, 56.859475903318], [105.68348972285122, 78.40918313565064, 24.020824298928627, 71.47027354082255, 31.25699921617557, 100.12492197250393, 92.72000862812729, 79.30952023559341, 0.0, 40.607881008493905], [101.24228365658294, 49.040799340956916, 59.07622195096772, 93.53608929178085, 29.017236257093817, 99.72963451251589, 57.0087712549569, 56.859475903318, 40.607881008493905, 0.0]], "task_locations": [[10, 89], [78, 80], [46, 1], [2, 24], [66, 33], [6, 79], [96, 91], [63, 81], [70, 2], [95, 34]], "precedence_constraints": [[1, 8], [2, 7], [6, 5], [5, 4]]}