{"Q": [[0, 1, 0], [0, 1, 1], [1, 0, 0]], "R": [[0.0, 0.0, 0.0], [1.0, 0.0, 1.0], [0.0, 1.0, 0.0], [1.0, 0.0, 0.0], [1.0, 1.0, 1.0], [1.0, 0.0, 1.0], [0.0, 1.0, 1.0], [0.0, 1.0, 1.0], [0.0, 1.0, 1.0], [0.0, 0.0, 0.0]], "T_e": [0, 76, 69, 52, 67, 56, 58, 77, 97, 0], "T_t": [[0.0, 45.803929962395145, 29.68164415931166, 72.3394774656273, 40.22437072223753, 77.79460135510689, 19.924858845171276, 35.22782990761707, 59.07622195096772, 52.61178575186362], [45.803929962395145, 0.0, 62.96824596572466, 40.311288741492746, 50.15974481593781, 33.015148038438355, 27.65863337187866, 47.67598976424087, 61.18823416311342, 38.28837943815329], [29.68164415931166, 62.96824596572466, 0.0, 97.41663102366043, 69.8927750200262, 89.47066558375433, 45.12205669071391, 64.89992295835181, 88.75246475450696, 48.83646178829912], [72.3394774656273, 40.311288741492746, 97.41663102366043, 0.0, 49.20365840057018, 49.64876634922564, 53.009433122794285, 50.774009099144415, 46.14108798023731, 78.2368199762746], [40.22437072223753, 50.15974481593781, 69.8927750200262, 49.20365840057018, 0.0, 80.36168241145776, 32.202484376209235, 5.0, 18.867962264113206, 79.05694150420949], [77.79460135510689, 33.015148038438355, 89.47066558375433, 49.64876634922564, 80.36168241145776, 0.0, 60.60528029800704, 78.77182237323191, 87.28115489611719, 48.041648597857254], [19.924858845171276, 27.65863337187866, 45.12205669071391, 53.009433122794285, 32.202484376209235, 60.60528029800704, 0.0, 27.85677655436824, 49.20365840057018, 47.29693436154187], [35.22782990761707, 47.67598976424087, 64.89992295835181, 50.774009099144415, 5.0, 78.77182237323191, 27.85677655436824, 0.0, 23.853720883753127, 75.0], [59.07622195096772, 61.18823416311342, 88.75246475450696, 46.14108798023731, 18.867962264113206, 87.28115489611719, 49.20365840057018, 23.853720883753127, 0.0, 94.37160589923221], [52.61178575186362, 38.28837943815329, 48.83646178829912, 78.2368199762746, 79.05694150420949, 48.041648597857254, 47.29693436154187, 75.0, 94.37160589923221, 0.0]], "task_locations": [[60, 72], [33, 35], [44, 97], [53, 0], [83, 39], [6, 16], [54, 53], [80, 43], [93, 23], [8, 64]], "precedence_constraints": [[4, 2], [4, 7], [5, 7], [1, 3], [1, 5]]}