{"Q": [[0, 1, 1], [1, 1, 0], [1, 0, 1]], "R": [[0.0, 0.0, 0.0], [1.0, 1.0, 1.0], [1.0, 0.0, 1.0], [0.0, 0.0, 1.0], [0.0, 0.0, 1.0], [0.0, 1.0, 0.0], [0.0, 0.0, 1.0], [0.0, 0.0, 1.0], [0.0, 0.0, 1.0], [0.0, 0.0, 0.0]], "T_e": [0, 52, 58, 65, 81, 99, 62, 86, 60, 0], "T_t": [[0.0, 59.53990258641679, 38.01315561749642, 46.32493928760188, 50.60632371551998, 21.470910553583888, 42.941821107167776, 30.23243291566195, 20.09975124224178, 33.734255586866], [59.53990258641679, 0.0, 22.847319317591726, 38.58756276314948, 102.0, 69.87131027825369, 84.50443775329198, 53.41348144429457, 39.45883931389772, 77.69813382572325], [38.01315561749642, 22.847319317591726, 0.0, 24.020824298928627, 79.25906888173743, 52.0, 69.8927750200262, 31.89043743820395, 18.24828759089466, 55.21775076911409], [46.32493928760188, 38.58756276314948, 24.020824298928627, 0.0, 71.58910531638176, 65.85590330410783, 86.31338250816034, 22.0, 33.015148038438355, 46.69047011971501], [50.60632371551998, 102.0, 79.25906888173743, 71.58910531638176, 0.0, 62.625873247404705, 78.77182237323191, 50.28916384272063, 66.06814663663572, 25.0], [21.470910553583888, 69.87131027825369, 52.0, 65.85590330410783, 62.625873247404705, 0.0, 21.470910553583888, 51.62363799656123, 34.48187929913333, 52.08646657242167], [42.941821107167776, 84.50443775329198, 69.8927750200262, 86.31338250816034, 78.77182237323191, 21.470910553583888, 0.0, 73.06161783043132, 53.81449618829484, 72.18032973047436], [30.23243291566195, 53.41348144429457, 31.89043743820395, 22.0, 50.28916384272063, 51.62363799656123, 73.06161783043132, 0.0, 27.16615541441225, 25.298221281347036], [20.09975124224178, 39.45883931389772, 18.24828759089466, 33.015148038438355, 66.06814663663572, 34.48187929913333, 53.81449618829484, 27.16615541441225, 0.0, 44.204072210600685], [33.734255586866, 77.69813382572325, 55.21775076911409, 46.69047011971501, 25.0, 52.08646657242167, 72.18032973047436, 25.298221281347036, 44.204072210600685, 0.0]], "task_locations": [[57, 68], [65, 9], [56, 30], [32, 29], [17, 99], [76, 78], [95, 88], [32, 51], [59, 48], [24, 75]], "precedence_constraints": [[8, 1], [7, 4], [5, 2], [6, 5], [8, 3]]}