{"Q": [[1, 0, 1], [1, 1, 1], [0, 1, 0]], "R": [[0.0, 0.0, 0.0], [1.0, 0.0, 1.0], [1.0, 0.0, 0.0], [0.0, 1.0, 0.0], [1.0, 1.0, 0.0], [1.0, 0.0, 0.0], [0.0, 0.0, 1.0], [1.0, 0.0, 1.0], [0.0, 1.0, 1.0], [0.0, 0.0, 0.0]], "T_e": [0, 78, 55, 96, 51, 57, 55, 83, 78, 0], "T_t": [[0.0, 16.15549442140351, 91.8313671900838, 33.06055050963308, 12.806248474865697, 10.04987562112089, 35.05709628591621, 58.463663928973865, 65.5133574166368, 32.64965543462902], [16.15549442140351, 0.0, 88.58893836140041, 42.5440947723653, 25.079872407968907, 14.560219778561036, 43.01162633521314, 63.0317380372777, 49.64876634922564, 28.792360097775937], [91.8313671900838, 88.58893836140041, 0.0, 70.7248188403477, 104.35037134576953, 99.29753269845128, 66.2872536767062, 46.486557196677836, 86.28441342444185, 60.207972893961475], [33.06055050963308, 42.5440947723653, 70.7248188403477, 0.0, 41.773197148410844, 43.104524124504614, 4.47213595499958, 28.30194339616981, 81.02468759581859, 29.546573405388315], [12.806248474865697, 25.079872407968907, 104.35037134576953, 41.773197148410844, 0.0, 11.180339887498949, 44.64302857109943, 68.9492567037528, 74.24284477308234, 45.45327270945405], [10.04987562112089, 14.560219778561036, 99.29753269845128, 43.104524124504614, 11.180339887498949, 0.0, 45.0111097397076, 68.06614430096654, 63.12685640834652, 39.20459156782532], [35.05709628591621, 43.01162633521314, 66.2872536767062, 4.47213595499958, 44.64302857109943, 45.0111097397076, 0.0, 24.596747752497688, 79.02531240052139, 26.92582403567252], [58.463663928973865, 63.0317380372777, 46.486557196677836, 28.30194339616981, 68.9492567037528, 68.06614430096654, 24.596747752497688, 0.0, 87.41853350405736, 37.94733192202055], [65.5133574166368, 49.64876634922564, 86.28441342444185, 81.02468759581859, 74.24284477308234, 63.12685640834652, 79.02531240052139, 87.41853350405736, 0.0, 52.40229002629561], [32.64965543462902, 28.792360097775937, 60.207972893961475, 29.546573405388315, 45.45327270945405, 39.20459156782532, 26.92582403567252, 37.94733192202055, 52.40229002629561, 0.0]], "task_locations": [[18, 86], [12, 71], [90, 29], [51, 88], [10, 96], [8, 85], [53, 84], [75, 73], [4, 22], [39, 61]], "precedence_constraints": [[6, 1], [5, 7], [3, 4], [2, 7], [3, 2], [8, 3]]}