{"Q": [[1, 1, 0], [1, 1, 0], [1, 1, 1]], "R": [[0.0, 0.0, 0.0], [0.0, 0.0, 1.0], [0.0, 1.0, 1.0], [1.0, 0.0, 0.0], [1.0, 1.0, 1.0], [1.0, 1.0, 0.0], [1.0, 1.0, 0.0], [0.0, 1.0, 1.0], [1.0, 0.0, 1.0], [0.0, 0.0, 0.0]], "T_e": [0, 63, 92, 65, 84, 95, 84, 79, 79, 0], "T_t": [[0.0, 21.0, 42.04759208325728, 67.23094525588644, 14.560219778561036, 30.4138126514911, 84.8999411071645, 76.66159403508382, 81.39410298049853, 57.0087712549569], [21.0, 0.0, 21.095023109728988, 50.24937810560445, 8.06225774829855, 15.231546211727817, 64.8459713474939, 59.54829972383762, 60.530983801686226, 38.27531841800928], [42.04759208325728, 21.095023109728988, 0.0, 39.395431207184416, 28.071337695236398, 21.93171219946131, 44.721359549995796, 47.50789408087881, 39.45883931389772, 21.95449840010015], [67.23094525588644, 50.24937810560445, 39.395431207184416, 0.0, 58.137767414994535, 36.89173349139343, 60.92618484691127, 9.433981132056603, 47.885279575251516, 55.226805085936306], [14.560219778561036, 8.06225774829855, 28.071337695236398, 58.137767414994535, 0.0, 22.20360331117452, 70.3420215802759, 67.47592163134935, 67.11929677819934, 42.5440947723653], [30.4138126514911, 15.231546211727817, 21.93171219946131, 36.89173349139343, 22.20360331117452, 0.0, 65.73431371817918, 46.32493928760188, 58.309518948453004, 43.60045871318328], [84.8999411071645, 64.8459713474939, 44.721359549995796, 60.92618484691127, 70.3420215802759, 65.73431371817918, 0.0, 63.06346010171025, 14.035668847618199, 29.017236257093817], [76.66159403508382, 59.54829972383762, 47.50789408087881, 9.433981132056603, 67.47592163134935, 46.32493928760188, 63.06346010171025, 0.0, 49.33558553417604, 61.39218191268331], [81.39410298049853, 60.530983801686226, 39.45883931389772, 47.885279575251516, 67.11929677819934, 58.309518948453004, 14.035668847618199, 49.33558553417604, 0.0, 30.870698080866262], [57.0087712549569, 38.27531841800928, 21.95449840010015, 55.226805085936306, 42.5440947723653, 43.60045871318328, 29.017236257093817, 61.39218191268331, 30.870698080866262, 0.0]], "task_locations": [[98, 35], [77, 35], [56, 33], [40, 69], [84, 31], [71, 49], [16, 13], [32, 74], [17, 27], [45, 14]], "precedence_constraints": [[7, 8]]}