{"Q": [[1, 1, 0], [1, 1, 1], [1, 0, 0]], "R": [[0.0, 0.0, 0.0], [1.0, 0.0, 1.0], [0.0, 1.0, 1.0], [1.0, 0.0, 0.0], [1.0, 0.0, 0.0], [0.0, 1.0, 0.0], [0.0, 0.0, 1.0], [1.0, 1.0, 0.0], [0.0, 1.0, 0.0], [0.0, 0.0, 0.0]], "T_e": [0, 62, 97, 62, 99, 82, 52, 51, 53, 0], "T_t": [[0.0, 29.017236257093817, 73.92563831310488, 95.524865872714, 38.07886552931954, 65.00769185258002, 83.21658488546619, 68.00735254367721, 74.33034373659252, 18.24828759089466], [29.017236257093817, 0.0, 100.46392387319938, 117.80067911519016, 53.74011537017761, 71.69379331573968, 79.0, 65.27633568147036, 89.20201791439474, 11.180339887498949], [73.92563831310488, 100.46392387319938, 0.0, 33.015148038438355, 55.0, 70.77428911688199, 101.6366075781753, 91.09335870413386, 51.088159097779204, 91.23595782365635], [95.524865872714, 117.80067911519016, 33.015148038438355, 0.0, 65.0, 66.18912297349165, 94.33981132056604, 88.20430828479978, 40.0, 110.5350623105628], [38.07886552931954, 53.74011537017761, 55.0, 65.0, 0.0, 29.732137494637012, 55.90169943749474, 41.86884283091664, 36.6742416417845, 48.25971404805462], [65.00769185258002, 71.69379331573968, 70.77428911688199, 66.18912297349165, 29.732137494637012, 0.0, 30.870698080866262, 22.02271554554524, 26.476404589747453, 70.09279563550022], [83.21658488546619, 79.0, 101.6366075781753, 94.33981132056604, 55.90169943749474, 30.870698080866262, 0.0, 15.231546211727817, 54.589376255824725, 81.74350127074322], [68.00735254367721, 65.27633568147036, 91.09335870413386, 88.20430828479978, 41.86884283091664, 22.02271554554524, 15.231546211727817, 0.0, 48.373546489791295, 67.1863081289633], [74.33034373659252, 89.20201791439474, 51.088159097779204, 40.0, 36.6742416417845, 26.476404589747453, 54.589376255824725, 48.373546489791295, 0.0, 84.72307831990054], [18.24828759089466, 11.180339887498949, 91.23595782365635, 110.5350623105628, 48.25971404805462, 70.09279563550022, 81.74350127074322, 67.1863081289633, 84.72307831990054, 0.0]], "task_locations": [[87, 66], [88, 95], [50, 2], [17, 1], [50, 57], [22, 67], [9, 95], [23, 89], [17, 41], [90, 84]], "precedence_constraints": [[8, 3], [7, 2], [2, 4]]}