{"Q": [[0, 0, 1], [1, 1, 0], [0, 0, 1]], "R": [[0.0, 0.0, 0.0], [1.0, 1.0, 0.0], [0.0, 0.0, 1.0], [0.0, 1.0, 1.0], [1.0, 1.0, 0.0], [1.0, 0.0, 1.0], [0.0, 1.0, 0.0], [1.0, 1.0, 1.0], [1.0, 1.0, 0.0], [0.0, 0.0, 0.0]], "T_e": [0, 65, 73, 67, 86, 85, 78, 55, 68, 0], "T_t": [[0.0, 86.97700845625813, 65.5133574166368, 34.0147027033899, 87.32124598286491, 42.1070065428546, 55.94640292279746, 30.23243291566195, 86.40023148117139, 48.60041152089147], [86.97700845625813, 0.0, 44.28317965096906, 103.22790320451152, 34.0, 50.21951811795888, 32.14031735997639, 72.20110802473879, 29.5296461204668, 44.10215414239989], [65.5133574166368, 44.28317965096906, 0.0, 68.00735254367721, 70.06425622241343, 24.596747752497688, 39.21734310225516, 39.11521443121589, 66.18912297349165, 49.73932046178355], [34.0147027033899, 103.22790320451152, 68.00735254367721, 0.0, 112.8007092176286, 53.009433122794285, 77.15568676384133, 31.064449134018133, 110.8873302050329, 74.62573282722254], [87.32124598286491, 34.0, 70.06425622241343, 112.8007092176286, 0.0, 64.07807737440318, 36.6742416417845, 84.21995013059554, 4.47213595499958, 38.897300677553446], [42.1070065428546, 50.21951811795888, 24.596747752497688, 53.009433122794285, 64.07807737440318, 0.0, 27.51363298439521, 22.02271554554524, 61.26989472816156, 32.14031735997639], [55.94640292279746, 32.14031735997639, 39.21734310225516, 77.15568676384133, 36.6742416417845, 27.51363298439521, 0.0, 47.70744176750625, 34.132096331752024, 13.416407864998739], [30.23243291566195, 72.20110802473879, 39.11521443121589, 31.064449134018133, 84.21995013059554, 22.02271554554524, 47.70744176750625, 0.0, 81.83520025025906, 48.08326112068523], [86.40023148117139, 29.5296461204668, 66.18912297349165, 110.8873302050329, 4.47213595499958, 61.26989472816156, 34.132096331752024, 81.83520025025906, 0.0, 37.8021163428716], [48.60041152089147, 44.10215414239989, 49.73932046178355, 74.62573282722254, 38.897300677553446, 32.14031735997639, 13.416407864998739, 48.08326112068523, 37.8021163428716, 0.0]], "task_locations": [[13, 63], [96, 37], [77, 77], [12, 97], [80, 7], [55, 66], [64, 40], [38, 80], [82, 11], [52, 34]], "precedence_constraints": [[1, 5], [4, 5], [8, 4]]}