{"Q": [[0, 0, 1], [1, 0, 0], [0, 1, 0]], "R": [[0.0, 0.0, 0.0], [0.0, 0.0, 1.0], [1.0, 1.0, 0.0], [0.0, 0.0, 1.0], [0.0, 1.0, 1.0], [0.0, 1.0, 0.0], [1.0, 1.0, 0.0], [0.0, 1.0, 0.0], [0.0, 1.0, 0.0], [0.0, 0.0, 0.0]], "T_e": [0, 80, 87, 85, 90, 67, 66, 80, 78, 0], "T_t": [[0.0, 55.731499172371095, 33.06055050963308, 51.19570294468082, 29.154759474226502, 68.81860213634101, 63.198101237299845, 63.52952069707436, 74.24284477308234, 40.19950248448356], [55.731499172371095, 0.0, 70.80254232723568, 5.385164807134504, 28.071337695236398, 66.70832032063167, 16.1245154965971, 39.01281840626232, 24.20743687382041, 76.69419795525604], [33.06055050963308, 70.80254232723568, 0.0, 68.11754546370561, 52.69724850502159, 47.885279575251516, 70.77428911688199, 58.077534382926416, 80.65358020571685, 7.280109889280518], [51.19570294468082, 5.385164807134504, 68.11754546370561, 0.0, 23.0, 67.7421582177598, 20.615528128088304, 41.43669871020132, 29.410882339705484, 74.27651041883968], [29.154759474226502, 28.071337695236398, 52.69724850502159, 23.0, 0.0, 68.24954212300622, 39.395431207184416, 50.21951811795888, 49.9799959983992, 59.682493245507096], [68.81860213634101, 66.70832032063167, 47.885279575251516, 67.7421582177598, 68.24954212300622, 0.0, 55.94640292279746, 30.528675044947494, 60.4648658313239, 46.8187996428785], [63.198101237299845, 16.1245154965971, 70.77428911688199, 20.615528128088304, 39.395431207184416, 55.94640292279746, 0.0, 25.96150997149434, 11.045361017187261, 75.59100475585703], [63.52952069707436, 39.01281840626232, 58.077534382926416, 41.43669871020132, 50.21951811795888, 30.528675044947494, 25.96150997149434, 0.0, 30.0, 60.8276253029822], [74.24284477308234, 24.20743687382041, 80.65358020571685, 29.410882339705484, 49.9799959983992, 60.4648658313239, 11.045361017187261, 30.0, 0.0, 85.0881895447306], [40.19950248448356, 76.69419795525604, 7.280109889280518, 74.27651041883968, 59.682493245507096, 46.8187996428785, 75.59100475585703, 60.8276253029822, 85.0881895447306, 0.0]], "task_locations": [[21, 73], [76, 82], [19, 40], [71, 84], [48, 84], [61, 17], [84, 68], [77, 43], [95, 67], [17, 33]], "precedence_constraints": [[4, 3], [2, 3], [7, 3]]}