{"Q": [[0, 1, 1], [1, 1, 0], [1, 1, 0]], "R": [[0.0, 0.0, 0.0], [0.0, 1.0, 1.0], [0.0, 0.0, 1.0], [0.0, 0.0, 1.0], [1.0, 1.0, 0.0], [0.0, 1.0, 0.0], [1.0, 0.0, 1.0], [0.0, 1.0, 0.0], [1.0, 0.0, 0.0], [0.0, 0.0, 0.0]], "T_e": [0, 74, 50, 53, 53, 56, 55, 57, 93, 0], "T_t": [[0.0, 46.14108798023731, 35.510561809129406, 58.69412236331676, 52.630789467763066, 96.33275663033837, 67.08203932499369, 49.39635614091387, 26.1725046566048, 30.066592756745816], [46.14108798023731, 0.0, 10.770329614269007, 63.812224534175265, 19.313207915827967, 52.009614495783374, 28.231188426986208, 31.827660925679098, 24.413111231467404, 26.92582403567252], [35.510561809129406, 10.770329614269007, 0.0, 58.137767414994535, 22.20360331117452, 61.554853586049575, 36.6742416417845, 29.546573405388315, 16.492422502470642, 21.0], [58.69412236331676, 63.812224534175265, 58.137767414994535, 0.0, 49.64876634922564, 86.28441342444185, 91.7877987534291, 33.83784863137726, 67.20119046564577, 73.60027173862879], [52.630789467763066, 19.313207915827967, 22.20360331117452, 49.64876634922564, 0.0, 45.27692569068709, 43.93176527297759, 15.811388300841896, 38.63935817272331, 43.104524124504614], [96.33275663033837, 52.009614495783374, 61.554853586049575, 86.28441342444185, 45.27692569068709, 0.0, 52.3450093132096, 56.92099788303083, 76.40026177965623, 78.23042886243178], [67.08203932499369, 28.231188426986208, 36.6742416417845, 91.7877987534291, 43.93176527297759, 52.3450093132096, 0.0, 58.82176467941097, 41.0, 38.62641583165593], [49.39635614091387, 31.827660925679098, 29.546573405388315, 33.83784863137726, 15.811388300841896, 56.92099788303083, 58.82176467941097, 0.0, 43.73785545725808, 49.47726750741192], [26.1725046566048, 24.413111231467404, 16.492422502470642, 67.20119046564577, 38.63935817272331, 76.40026177965623, 41.0, 43.73785545725808, 0.0, 6.4031242374328485], [30.066592756745816, 26.92582403567252, 21.0, 73.60027173862879, 43.104524124504614, 78.23042886243178, 38.62641583165593, 49.47726750741192, 6.4031242374328485, 0.0]], "task_locations": [[77, 31], [37, 54], [47, 50], [91, 88], [44, 72], [5, 95], [11, 43], [59, 77], [51, 34], [47, 29]], "precedence_constraints": [[4, 8], [2, 3], [6, 3], [4, 1]]}