{"Q": [[1, 1, 0], [1, 1, 1], [1, 0, 0]], "R": [[0.0, 0.0, 0.0], [1.0, 0.0, 0.0], [0.0, 1.0, 0.0], [0.0, 0.0, 1.0], [1.0, 0.0, 0.0], [1.0, 1.0, 0.0], [0.0, 0.0, 1.0], [0.0, 1.0, 1.0], [1.0, 1.0, 1.0], [0.0, 0.0, 0.0]], "T_e": [0, 78, 65, 69, 91, 90, 87, 92, 94, 0], "T_t": [[0.0, 99.02019995940222, 28.42534080710379, 52.630789467763066, 57.38466694161429, 90.78546139112804, 12.165525060596439, 53.075418038862395, 45.044422518220834, 32.0624390837628], [99.02019995940222, 0.0, 75.95393340703298, 52.009614495783374, 41.7612260356422, 13.892443989449804, 93.62157870918435, 57.21887800367987, 91.6624241442479, 112.4144118874444], [28.42534080710379, 75.95393340703298, 0.0, 25.495097567963924, 35.0, 65.80273550544841, 18.867962264113206, 24.758836806279895, 28.0178514522438, 56.32051136131489], [52.630789467763066, 52.009614495783374, 25.495097567963924, 0.0, 16.278820596099706, 40.792156108742276, 44.294469180700204, 7.810249675906654, 40.80441152620633, 75.8023746329889], [57.38466694161429, 41.7612260356422, 35.0, 16.278820596099706, 0.0, 33.83784863137726, 51.97114584074513, 24.041630560342615, 55.94640292279746, 74.27651041883968], [90.78546139112804, 13.892443989449804, 65.80273550544841, 40.792156108742276, 33.83784863137726, 0.0, 84.15461959987698, 45.044422518220834, 79.1012010022604, 107.56393447619885], [12.165525060596439, 93.62157870918435, 18.867962264113206, 44.294469180700204, 51.97114584074513, 84.15461959987698, 0.0, 43.41658669218482, 33.0, 44.0], [53.075418038862395, 57.21887800367987, 24.758836806279895, 7.810249675906654, 24.041630560342615, 45.044422518220834, 43.41658669218482, 0.0, 34.52535300326414, 78.7210264160726], [45.044422518220834, 91.6624241442479, 28.0178514522438, 40.80441152620633, 55.94640292279746, 79.1012010022604, 33.0, 34.52535300326414, 0.0, 77.0], [32.0624390837628, 112.4144118874444, 56.32051136131489, 75.8023746329889, 74.27651041883968, 107.56393447619885, 44.0, 78.7210264160726, 77.0, 0.0]], "task_locations": [[49, 94], [83, 1], [71, 76], [82, 53], [71, 41], [90, 13], [61, 92], [88, 58], [94, 92], [17, 92]], "precedence_constraints": [[1, 8], [8, 6], [3, 5]]}