{"Q": [[1, 0, 1], [1, 1, 1], [1, 0, 0]], "R": [[0.0, 0.0, 0.0], [1.0, 0.0, 1.0], [0.0, 0.0, 1.0], [1.0, 1.0, 1.0], [0.0, 0.0, 1.0], [1.0, 1.0, 1.0], [1.0, 1.0, 0.0], [0.0, 1.0, 1.0], [0.0, 1.0, 1.0], [0.0, 0.0, 0.0]], "T_e": [0, 62, 63, 85, 73, 67, 86, 76, 97, 0], "T_t": [[0.0, 53.600373133029585, 23.769728648009426, 83.60023923410746, 62.6418390534633, 65.76473218982953, 38.600518131237564, 67.89698078707183, 46.32493928760188, 75.82216034906945], [53.600373133029585, 0.0, 70.9365914038728, 60.74537019394976, 67.11929677819934, 15.033296378372908, 90.82400563727631, 17.46424919657298, 43.04648650006177, 22.80350850198276], [23.769728648009426, 70.9365914038728, 0.0, 83.773504164503, 54.230987451824994, 84.77027781009096, 22.02271554554524, 82.15229759416349, 70.09279563550022, 91.30169768410661], [83.60023923410746, 60.74537019394976, 83.773504164503, 0.0, 36.235341863986875, 70.76722405181653, 105.09519494249011, 50.24937810560445, 100.30453628824571, 57.42821606144492], [62.6418390534633, 67.11929677819934, 54.230987451824994, 36.235341863986875, 0.0, 81.34494452638098, 73.49829930005184, 65.92419889539804, 94.92101980067429, 75.66372975210778], [65.76473218982953, 15.033296378372908, 84.77027781009096, 70.76722405181653, 81.34494452638098, 0.0, 103.87011119662864, 21.095023109728988, 43.965895873961216, 19.026297590440446], [38.600518131237564, 90.82400563727631, 22.02271554554524, 105.09519494249011, 73.49829930005184, 103.87011119662864, 0.0, 103.22790320451152, 82.0, 112.05802068571441], [67.89698078707183, 17.46424919657298, 82.15229759416349, 50.24937810560445, 65.92419889539804, 21.095023109728988, 103.22790320451152, 0.0, 60.03332407921454, 10.04987562112089], [46.32493928760188, 43.04648650006177, 70.09279563550022, 100.30453628824571, 94.92101980067429, 43.965895873961216, 82.0, 60.03332407921454, 0.0, 62.16912416947821], [75.82216034906945, 22.80350850198276, 91.30169768410661, 57.42821606144492, 75.66372975210778, 19.026297590440446, 112.05802068571441, 10.04987562112089, 62.16912416947821, 0.0]], "task_locations": [[11, 59], [43, 16], [17, 82], [94, 49], [71, 77], [42, 1], [0, 96], [60, 12], [0, 14], [61, 2]], "precedence_constraints": [[8, 2]]}