{"Q": [[0, 0, 1], [1, 1, 0], [0, 1, 1]], "R": [[0.0, 0.0, 0.0], [1.0, 0.0, 1.0], [1.0, 1.0, 0.0], [1.0, 0.0, 1.0], [1.0, 0.0, 1.0], [1.0, 1.0, 0.0], [0.0, 0.0, 1.0], [1.0, 0.0, 0.0], [1.0, 1.0, 1.0], [0.0, 0.0, 0.0]], "T_e": [0, 76, 75, 79, 88, 78, 92, 65, 82, 0], "T_t": [[0.0, 51.86520991955976, 77.02596964660685, 5.830951894845301, 39.66106403010388, 34.539832078341085, 42.20189569201838, 46.2709412050371, 18.24828759089466, 9.433981132056603], [51.86520991955976, 0.0, 46.010868281309364, 57.201398584300364, 51.97114584074513, 43.41658669218482, 39.05124837953327, 24.186773244895647, 66.30987860040162, 43.41658669218482], [77.02596964660685, 46.010868281309364, 0.0, 80.05623023850174, 48.33218389437829, 46.32493928760188, 36.87817782917155, 31.78049716414141, 95.13148795220224, 72.69112738154499], [5.830951894845301, 57.201398584300364, 80.05623023850174, 0.0, 39.81205847478876, 35.90264614203248, 44.28317965096906, 50.00999900019995, 17.0, 15.264337522473747], [39.66106403010388, 51.97114584074513, 48.33218389437829, 39.81205847478876, 0.0, 9.055385138137417, 14.422205101855956, 29.966648127543394, 56.79788728465171, 41.036569057366385], [34.539832078341085, 43.41658669218482, 46.32493928760188, 35.90264614203248, 9.055385138137417, 0.0, 9.486832980505138, 22.80350850198276, 52.49761899362675, 34.20526275297414], [42.20189569201838, 39.05124837953327, 36.87817782917155, 44.28317965096906, 14.422205101855956, 9.486832980505138, 0.0, 15.811388300841896, 60.41522986797286, 40.24922359499622], [46.2709412050371, 24.186773244895647, 31.78049716414141, 50.00999900019995, 29.966648127543394, 22.80350850198276, 15.811388300841896, 0.0, 64.03124237432849, 41.10960958218893], [18.24828759089466, 66.30987860040162, 95.13148795220224, 17.0, 56.79788728465171, 52.49761899362675, 60.41522986797286, 64.03124237432849, 0.0, 23.53720459187964], [9.433981132056603, 43.41658669218482, 72.69112738154499, 15.264337522473747, 41.036569057366385, 34.20526275297414, 40.24922359499622, 41.10960958218893, 23.53720459187964, 0.0]], "task_locations": [[77, 65], [34, 36], [0, 67], [80, 70], [44, 87], [45, 78], [36, 75], [31, 60], [95, 62], [72, 57]], "precedence_constraints": [[7, 5], [8, 5]]}