{"Q": [[0, 1, 1], [0, 0, 1], [1, 0, 1]], "R": [[0.0, 0.0, 0.0], [1.0, 0.0, 0.0], [0.0, 0.0, 1.0], [1.0, 0.0, 1.0], [0.0, 0.0, 1.0], [0.0, 0.0, 1.0], [1.0, 1.0, 1.0], [1.0, 0.0, 0.0], [0.0, 0.0, 1.0], [0.0, 0.0, 0.0]], "T_e": [0, 58, 56, 89, 83, 67, 92, 59, 74, 0], "T_t": [[0.0, 62.76941930590086, 41.86884283091664, 13.0, 48.25971404805462, 53.31041174104736, 24.186773244895647, 60.8276253029822, 27.730849247724095, 25.179356624028344], [62.76941930590086, 0.0, 69.46221994724903, 71.30918594402827, 27.65863337187866, 87.46427842267951, 51.62363799656123, 122.44182292011173, 66.37017402418047, 51.478150704935004], [41.86884283091664, 69.46221994724903, 0.0, 53.75872022286245, 42.5440947723653, 18.027756377319946, 60.92618484691127, 70.03570517957252, 69.06518659932803, 61.84658438426491], [13.0, 71.30918594402827, 53.75872022286245, 0.0, 60.0, 63.28506932918696, 24.20743687382041, 57.4543296888929, 20.0, 25.0], [48.25971404805462, 27.65863337187866, 42.5440947723653, 60.0, 0.0, 60.37383539249432, 48.84669896727925, 102.47438704378767, 63.245553203367585, 49.24428900898052], [53.31041174104736, 87.46427842267951, 18.027756377319946, 63.28506932918696, 60.37383539249432, 0.0, 75.18643494673756, 63.198101237299845, 81.02468759581859, 76.15773105863909], [24.186773244895647, 51.62363799656123, 60.92618484691127, 24.20743687382041, 48.84669896727925, 75.18643494673756, 0.0, 81.54140052758476, 15.033296378372908, 1.0], [60.8276253029822, 122.44182292011173, 70.03570517957252, 57.4543296888929, 102.47438704378767, 63.198101237299845, 81.54140052758476, 0.0, 75.23961722390672, 82.37718130647589], [27.730849247724095, 66.37017402418047, 69.06518659932803, 20.0, 63.245553203367585, 81.02468759581859, 15.033296378372908, 75.23961722390672, 0.0, 15.0], [25.179356624028344, 51.478150704935004, 61.84658438426491, 25.0, 49.24428900898052, 76.15773105863909, 1.0, 82.37718130647589, 15.0, 0.0]], "task_locations": [[57, 39], [3, 7], [30, 71], [69, 34], [9, 34], [36, 88], [54, 15], [99, 83], [69, 14], [54, 14]], "precedence_constraints": [[2, 7], [7, 8]]}