{"Q": [[1, 1, 0], [1, 0, 1], [0, 1, 0]], "R": [[0.0, 0.0, 0.0], [1.0, 0.0, 1.0], [1.0, 1.0, 1.0], [1.0, 1.0, 0.0], [1.0, 0.0, 1.0], [0.0, 0.0, 1.0], [0.0, 0.0, 1.0], [1.0, 1.0, 0.0], [0.0, 1.0, 0.0], [0.0, 0.0, 0.0]], "T_e": [0, 51, 63, 80, 91, 80, 91, 99, 89, 0], "T_t": [[0.0, 50.53711507397311, 16.1245154965971, 33.015148038438355, 65.12296062065974, 58.872744118140105, 78.77182237323191, 30.463092423455635, 61.84658438426491, 71.78439941937245], [50.53711507397311, 0.0, 43.840620433565945, 56.356011214421486, 97.082439194738, 81.60882305241266, 69.26037828369117, 20.248456731316587, 12.041594578792296, 51.42956348249516], [16.1245154965971, 43.840620433565945, 0.0, 19.6468827043885, 57.87054518492115, 47.51841748206689, 62.68173577685928, 24.413111231467404, 53.600373133029585, 56.04462507680822], [33.015148038438355, 56.356011214421486, 19.6468827043885, 0.0, 40.85339643163099, 28.071337695236398, 49.64876634922564, 40.024992192379, 63.60031446463138, 49.16299421312742], [65.12296062065974, 97.082439194738, 57.87054518492115, 40.85339643163099, 0.0, 19.72308292331602, 65.7875368135941, 80.65358020571685, 103.58571330062848, 76.55063683601855], [58.872744118140105, 81.60882305241266, 47.51841748206689, 28.071337695236398, 19.72308292331602, 0.0, 46.57252408878007, 67.36467917239716, 86.81589716175259, 56.859475903318], [78.77182237323191, 69.26037828369117, 62.68173577685928, 49.64876634922564, 65.7875368135941, 46.57252408878007, 0.0, 66.85057965343307, 67.60177512462228, 20.09975124224178], [30.463092423455635, 20.248456731316587, 24.413111231467404, 40.024992192379, 80.65358020571685, 67.36467917239716, 66.85057965343307, 0.0, 31.38470965295043, 53.150729063673246], [61.84658438426491, 12.041594578792296, 53.600373133029585, 63.60031446463138, 103.58571330062848, 86.81589716175259, 67.60177512462228, 31.38470965295043, 0.0, 48.27007354458868], [71.78439941937245, 51.42956348249516, 56.04462507680822, 49.16299421312742, 76.55063683601855, 56.859475903318, 20.09975124224178, 53.150729063673246, 48.27007354458868, 0.0]], "task_locations": [[70, 31], [25, 8], [56, 39], [51, 58], [66, 96], [49, 86], [4, 74], [42, 19], [13, 7], [2, 54]], "precedence_constraints": [[2, 6], [6, 4], [8, 5], [8, 3]]}