{"Q": [[0, 1, 0], [0, 0, 1], [1, 0, 0]], "R": [[0.0, 0.0, 0.0], [1.0, 1.0, 0.0], [1.0, 0.0, 0.0], [1.0, 1.0, 0.0], [0.0, 1.0, 0.0], [1.0, 1.0, 1.0], [1.0, 1.0, 0.0], [0.0, 1.0, 1.0], [1.0, 0.0, 0.0], [0.0, 0.0, 0.0]], "T_e": [0, 70, 56, 56, 54, 92, 64, 83, 76, 0], "T_t": [[0.0, 28.861739379323623, 80.11242100947892, 93.90420650854784, 62.39390995922599, 46.8187996428785, 87.09190547921202, 13.038404810405298, 27.459060435491963, 72.11102550927978], [28.861739379323623, 0.0, 60.207972893961475, 68.00735254367721, 34.0, 52.392747589718944, 60.01666435249463, 16.15549442140351, 20.615528128088304, 43.46262762420146], [80.11242100947892, 60.207972893961475, 0.0, 28.284271247461902, 41.48493702538308, 58.05170109479997, 32.202484376209235, 68.96375859826666, 80.62257748298549, 57.21887800367987], [93.90420650854784, 68.00735254367721, 28.284271247461902, 0.0, 36.89173349139343, 83.00602387778854, 10.816653826391969, 81.21576201698781, 85.90692637965812, 44.654227123532216], [62.39390995922599, 34.0, 41.48493702538308, 36.89173349139343, 0.0, 68.6804193347711, 27.313000567495326, 49.36598018878993, 49.64876634922564, 18.027756377319946], [46.8187996428785, 52.392747589718944, 58.05170109479997, 83.00602387778854, 68.6804193347711, 0.0, 81.49233092751734, 45.09988913511872, 67.00746227100382, 85.60373823613078], [87.09190547921202, 60.01666435249463, 32.202484376209235, 10.816653826391969, 27.313000567495326, 81.49233092751734, 0.0, 74.16872656315464, 76.89603370785778, 33.83784863137726], [13.038404810405298, 16.15549442140351, 68.96375859826666, 81.21576201698781, 49.36598018878993, 45.09988913511872, 74.16872656315464, 0.0, 22.090722034374522, 59.61543424315552], [27.459060435491963, 20.615528128088304, 80.62257748298549, 85.90692637965812, 49.64876634922564, 67.00746227100382, 76.89603370785778, 22.090722034374522, 0.0, 53.009433122794285], [72.11102550927978, 43.46262762420146, 57.21887800367987, 44.654227123532216, 18.027756377319946, 85.60373823613078, 33.83784863137726, 59.61543424315552, 53.009433122794285, 0.0]], "task_locations": [[2, 63], [30, 70], [75, 30], [95, 50], [64, 70], [18, 19], [89, 59], [15, 64], [17, 86], [70, 87]], "precedence_constraints": [[5, 6], [2, 7], [5, 1], [5, 4], [8, 2]]}