{"Q": [[1, 0, 1], [0, 1, 0], [0, 1, 1]], "R": [[0.0, 0.0, 0.0], [1.0, 0.0, 1.0], [1.0, 1.0, 1.0], [0.0, 1.0, 0.0], [1.0, 1.0, 1.0], [0.0, 1.0, 0.0], [1.0, 0.0, 0.0], [1.0, 1.0, 0.0], [0.0, 0.0, 1.0], [0.0, 0.0, 0.0]], "T_e": [0, 80, 83, 56, 58, 67, 51, 66, 86, 0], "T_t": [[0.0, 70.2922470831599, 47.29693436154187, 66.84309986827361, 47.70744176750625, 9.0, 16.15549442140351, 34.713109915419565, 8.54400374531753, 66.48308055437865], [70.2922470831599, 0.0, 56.568542494923804, 13.892443989449804, 28.442925306655784, 63.63961030678928, 64.20280367709809, 61.98386886924694, 73.55270219373317, 22.47220505424423], [47.29693436154187, 56.568542494923804, 0.0, 63.12685640834652, 54.78138369920935, 38.600518131237564, 31.400636936215164, 69.52697318307479, 43.104524124504614, 38.48376280978771], [66.84309986827361, 13.892443989449804, 63.12685640834652, 0.0, 20.0, 61.587336360651285, 63.97655820689325, 52.20153254455275, 71.56116265125938, 34.40930106817051], [47.70744176750625, 28.442925306655784, 54.78138369920935, 20.0, 0.0, 43.46262762420146, 47.29693436154187, 33.54101966249684, 53.225933528685054, 39.395431207184416], [9.0, 63.63961030678928, 38.600518131237564, 61.587336360651285, 43.46262762420146, 0.0, 8.48528137423857, 37.57658845611187, 10.0, 58.180752831155424], [16.15549442140351, 64.20280367709809, 31.400636936215164, 63.97655820689325, 47.29693436154187, 8.48528137423857, 0.0, 45.65084884205331, 12.165525060596439, 55.758407437802596], [34.713109915419565, 61.98386886924694, 69.52697318307479, 52.20153254455275, 33.54101966249684, 37.57658845611187, 45.65084884205331, 0.0, 43.174066289845804, 69.72087205421343], [8.54400374531753, 73.55270219373317, 43.104524124504614, 71.56116265125938, 53.225933528685054, 10.0, 12.165525060596439, 43.174066289845804, 0.0, 67.11929677819934], [66.48308055437865, 22.47220505424423, 38.48376280978771, 34.40930106817051, 39.395431207184416, 58.180752831155424, 55.758407437802596, 69.72087205421343, 67.11929677819934, 0.0]], "task_locations": [[24, 52], [78, 7], [70, 63], [66, 0], [50, 12], [33, 52], [39, 58], [17, 18], [27, 60], [86, 28]], "precedence_constraints": [[4, 3], [8, 5], [1, 8], [7, 5]]}