{"Q": [[0, 1, 1], [0, 0, 1], [1, 0, 0]], "R": [[0.0, 0.0, 0.0], [0.0, 1.0, 1.0], [1.0, 0.0, 1.0], [1.0, 0.0, 1.0], [1.0, 1.0, 1.0], [1.0, 1.0, 1.0], [0.0, 1.0, 1.0], [1.0, 0.0, 1.0], [0.0, 1.0, 0.0], [0.0, 0.0, 0.0]], "T_e": [0, 87, 70, 60, 98, 72, 94, 98, 50, 0], "T_t": [[0.0, 72.00694410957877, 52.32590180780452, 13.45362404707371, 33.12099032335839, 45.45327270945405, 56.859475903318, 55.97320787662612, 49.25444142409901, 21.2602916254693], [72.00694410957877, 0.0, 21.18962010041709, 75.59100475585703, 43.657759905886145, 76.24303246854758, 21.587033144922902, 40.024992192379, 39.81205847478876, 93.23625904121208], [52.32590180780452, 21.18962010041709, 0.0, 54.70831746635972, 22.47220505424423, 66.03029607687671, 20.518284528683193, 24.839484696748443, 34.17601498127012, 73.55270219373317], [13.45362404707371, 75.59100475585703, 54.70831746635972, 0.0, 32.802438933713454, 58.89821729050889, 63.56099432828282, 52.15361924162119, 59.135437767890075, 23.769728648009426], [33.12099032335839, 43.657759905886145, 22.47220505424423, 32.802438933713454, 0.0, 61.032778078668514, 36.49657518178932, 24.08318915758459, 40.80441152620633, 53.600373133029585], [45.45327270945405, 76.24303246854758, 66.03029607687671, 58.89821729050889, 61.032778078668514, 0.0, 54.70831746635972, 83.74365647617735, 36.76955262170047, 53.16013544000805], [56.859475903318, 21.587033144922902, 20.518284528683193, 63.56099432828282, 36.49657518178932, 54.70831746635972, 0.0, 45.34313619501854, 18.24828759089466, 77.41446893184762], [55.97320787662612, 40.024992192379, 24.839484696748443, 52.15361924162119, 24.08318915758459, 83.74365647617735, 45.34313619501854, 0.0, 57.14017850864661, 75.13321502504735], [49.25444142409901, 39.81205847478876, 34.17601498127012, 59.135437767890075, 40.80441152620633, 36.76955262170047, 18.24828759089466, 57.14017850864661, 0.0, 67.72001181334805], [21.2602916254693, 93.23625904121208, 73.55270219373317, 23.769728648009426, 53.600373133029585, 53.16013544000805, 77.41446893184762, 75.13321502504735, 67.72001181334805, 0.0]], "task_locations": [[63, 35], [6, 79], [26, 72], [73, 44], [47, 64], [28, 6], [11, 58], [45, 88], [14, 40], [79, 21]], "precedence_constraints": [[2, 6], [7, 5], [2, 7]]}