{"Q": [[0, 0, 1], [0, 1, 0], [1, 1, 0]], "R": [[0.0, 0.0, 0.0], [0.0, 1.0, 1.0], [0.0, 1.0, 0.0], [0.0, 1.0, 1.0], [1.0, 0.0, 1.0], [1.0, 0.0, 0.0], [1.0, 1.0, 1.0], [1.0, 0.0, 0.0], [0.0, 1.0, 1.0], [0.0, 0.0, 0.0]], "T_e": [0, 74, 56, 67, 50, 79, 64, 57, 88, 0], "T_t": [[0.0, 68.24954212300622, 43.829214001622255, 58.180752831155424, 29.068883707497267, 34.0147027033899, 41.400483088968905, 31.016124838541646, 38.27531841800928, 33.52610922848042], [68.24954212300622, 0.0, 111.01801655587259, 124.08464852672147, 97.0, 97.49358953285082, 87.86353054595519, 88.02272433866155, 93.92017887546851, 39.11521443121589], [43.829214001622255, 111.01801655587259, 0.0, 15.297058540778355, 15.231546211727817, 36.138621999185304, 61.5223536610881, 47.16990566028302, 50.21951811795888, 73.24616030891995], [58.180752831155424, 124.08464852672147, 15.297058540778355, 0.0, 30.364452901377952, 50.35871324805669, 76.16429609731846, 62.00806399170998, 64.4980619863884, 85.56284240252891], [29.068883707497267, 97.0, 15.231546211727817, 30.364452901377952, 0.0, 25.80697580112788, 49.040799340956916, 34.48187929913333, 38.91015291668744, 60.207972893961475], [34.0147027033899, 97.49358953285082, 36.138621999185304, 50.35871324805669, 25.80697580112788, 0.0, 26.019223662515376, 13.0, 14.142135623730951, 66.91038783328041], [41.400483088968905, 87.86353054595519, 61.5223536610881, 76.16429609731846, 49.040799340956916, 26.019223662515376, 0.0, 14.560219778561036, 12.36931687685298, 66.70832032063167], [31.016124838541646, 88.02272433866155, 47.16990566028302, 62.00806399170998, 34.48187929913333, 13.0, 14.560219778561036, 0.0, 7.280109889280518, 61.00819617067857], [38.27531841800928, 93.92017887546851, 50.21951811795888, 64.4980619863884, 38.91015291668744, 14.142135623730951, 12.36931687685298, 7.280109889280518, 0.0, 68.06614430096654], [33.52610922848042, 39.11521443121589, 73.24616030891995, 85.56284240252891, 60.207972893961475, 66.91038783328041, 66.70832032063167, 61.00819617067857, 68.06614430096654, 0.0]], "task_locations": [[53, 61], [96, 8], [17, 86], [2, 89], [31, 80], [52, 95], [78, 94], [64, 90], [66, 97], [63, 29]], "precedence_constraints": [[3, 4], [3, 2], [8, 4], [4, 1], [5, 7], [5, 4]]}