{"Q": [[0, 1, 1], [1, 1, 1], [0, 1, 1]], "R": [[0.0, 0.0, 0.0], [0.0, 0.0, 1.0], [1.0, 0.0, 0.0], [0.0, 0.0, 1.0], [1.0, 1.0, 0.0], [0.0, 1.0, 1.0], [1.0, 1.0, 1.0], [1.0, 1.0, 0.0], [0.0, 1.0, 0.0], [0.0, 0.0, 0.0]], "T_e": [0, 74, 61, 85, 50, 58, 76, 96, 76, 0], "T_t": [[0.0, 26.68332812825267, 42.638011210655684, 46.61544808322666, 37.013511046643494, 53.71219600798314, 61.66036003787198, 58.309518948453004, 40.85339643163099, 26.076809620810597], [26.68332812825267, 0.0, 33.734255586866, 44.01136216933077, 54.12947441089743, 75.69015788066504, 88.28363381737297, 84.8528137423857, 64.6297145282261, 43.08131845707603], [42.638011210655684, 33.734255586866, 0.0, 12.529964086141668, 79.19595949289332, 95.96353474106714, 95.70788891204319, 93.39164844888434, 82.49242389456137, 67.89698078707183], [46.61544808322666, 44.01136216933077, 12.529964086141668, 0.0, 83.60023923410746, 97.83659846908007, 92.65527507918802, 90.82400563727631, 83.86894538504703, 72.67048919609665], [37.013511046643494, 54.12947441089743, 79.19595949289332, 83.60023923410746, 0.0, 24.186773244895647, 53.74011537017761, 49.49747468305833, 20.518284528683193, 11.40175425099138], [53.71219600798314, 75.69015788066504, 95.96353474106714, 97.83659846908007, 24.186773244895647, 0.0, 37.69615364994153, 33.83784863137726, 14.212670403551895, 33.24154027718932], [61.66036003787198, 88.28363381737297, 95.70788891204319, 92.65527507918802, 53.74011537017761, 37.69615364994153, 0.0, 4.242640687119285, 33.24154027718932, 56.302753041036986], [58.309518948453004, 84.8528137423857, 93.39164844888434, 90.82400563727631, 49.49747468305833, 33.83784863137726, 4.242640687119285, 0.0, 29.0, 52.15361924162119], [40.85339643163099, 64.6297145282261, 82.49242389456137, 83.86894538504703, 20.518284528683193, 14.212670403551895, 33.24154027718932, 29.0, 0.0, 25.0], [26.076809620810597, 43.08131845707603, 67.89698078707183, 72.67048919609665, 11.40175425099138, 33.24154027718932, 56.302753041036986, 52.15361924162119, 25.0, 0.0]], "task_locations": [[65, 61], [91, 55], [98, 88], [92, 99], [42, 32], [18, 35], [4, 70], [7, 67], [27, 46], [51, 39]], "precedence_constraints": [[8, 7], [2, 4], [1, 7], [8, 6], [4, 7]]}