{"Q": [[0, 1, 1], [1, 0, 0], [1, 0, 0]], "R": [[0.0, 0.0, 0.0], [0.0, 1.0, 0.0], [0.0, 0.0, 1.0], [1.0, 0.0, 0.0], [0.0, 1.0, 1.0], [1.0, 0.0, 0.0], [0.0, 1.0, 1.0], [0.0, 1.0, 0.0], [0.0, 1.0, 0.0], [0.0, 0.0, 0.0]], "T_e": [0, 97, 65, 74, 89, 75, 70, 58, 66, 0], "T_t": [[0.0, 74.33034373659252, 21.93171219946131, 15.297058540778355, 36.069377593742864, 51.088159097779204, 32.2490309931942, 48.703182647543684, 79.30952023559341, 16.64331697709324], [74.33034373659252, 0.0, 79.1580697086532, 61.71709649683789, 83.5224520712844, 47.16990566028302, 58.69412236331676, 71.11258679024411, 89.02246907382428, 58.412327466040935], [21.93171219946131, 79.1580697086532, 0.0, 33.24154027718932, 14.212670403551895, 68.06614430096654, 51.62363799656123, 31.0, 59.90826320300064, 25.019992006393608], [15.297058540778355, 61.71709649683789, 33.24154027718932, 0.0, 46.14108798023731, 36.0, 18.384776310850235, 53.009433122794285, 83.7615663654877, 12.529964086141668], [36.069377593742864, 83.5224520712844, 14.212670403551895, 46.14108798023731, 0.0, 79.40403012442127, 64.41273166075166, 21.93171219946131, 47.38143096192854, 36.05551275463989], [51.088159097779204, 47.16990566028302, 68.06614430096654, 36.0, 79.40403012442127, 0.0, 20.248456731316587, 79.61155694998057, 107.81465577554843, 43.41658669218482], [32.2490309931942, 58.69412236331676, 51.62363799656123, 18.384776310850235, 64.41273166075166, 20.248456731316587, 0.0, 69.31089380465383, 99.48869282486326, 29.206163733020468], [48.703182647543684, 71.11258679024411, 31.0, 53.009433122794285, 21.93171219946131, 79.61155694998057, 69.31089380465383, 0.0, 30.886890422961002, 40.607881008493905], [79.30952023559341, 89.02246907382428, 59.90826320300064, 83.7615663654877, 47.38143096192854, 107.81465577554843, 99.48869282486326, 30.886890422961002, 0.0, 71.28113354878694], [16.64331697709324, 58.412327466040935, 25.019992006393608, 12.529964086141668, 36.05551275463989, 43.41658669218482, 29.206163733020468, 40.607881008493905, 71.28113354878694, 0.0]], "task_locations": [[10, 37], [60, 92], [25, 21], [13, 52], [36, 12], [13, 88], [6, 69], [56, 21], [83, 6], [24, 46]], "precedence_constraints": [[8, 5], [8, 3]]}