{"Q": [[1, 1, 0], [0, 0, 1], [0, 0, 1]], "R": [[0.0, 0.0, 0.0], [1.0, 1.0, 1.0], [0.0, 0.0, 1.0], [1.0, 1.0, 0.0], [1.0, 1.0, 0.0], [1.0, 1.0, 1.0], [1.0, 1.0, 1.0], [1.0, 1.0, 0.0], [0.0, 1.0, 1.0], [0.0, 0.0, 0.0]], "T_e": [0, 97, 67, 91, 62, 87, 66, 81, 58, 0], "T_t": [[0.0, 46.010868281309364, 24.515301344262525, 52.32590180780452, 27.892651361962706, 85.14693182963201, 80.62257748298549, 119.85407794480753, 22.360679774997898, 19.849433241279208], [46.010868281309364, 0.0, 22.360679774997898, 24.020824298928627, 48.010415536631214, 39.20459156782532, 47.50789408087881, 87.20091742636656, 24.515301344262525, 35.84689665786984], [24.515301344262525, 22.360679774997898, 0.0, 36.235341863986875, 36.235341863986875, 61.0, 64.35060217278468, 104.65180361560904, 9.219544457292887, 14.866068747318506], [52.32590180780452, 24.020824298928627, 36.235341863986875, 0.0, 40.19950248448356, 47.20169488482379, 28.600699292150182, 68.6804193347711, 31.400636936215164, 50.99019513592785], [27.892651361962706, 48.010415536631214, 36.235341863986875, 40.19950248448356, 0.0, 84.30895563343196, 64.32728814430156, 100.22474744293447, 27.459060435491963, 42.42640687119285], [85.14693182963201, 39.20459156782532, 61.0, 47.20169488482379, 84.30895563343196, 0.0, 47.43416490252569, 75.13321502504735, 63.63961030678928, 72.69112738154499], [80.62257748298549, 47.50789408087881, 64.35060217278468, 28.600699292150182, 64.32728814430156, 47.43416490252569, 0.0, 40.311288741492746, 60.0, 79.20858539325141], [119.85407794480753, 87.20091742636656, 104.65180361560904, 68.6804193347711, 100.22474744293447, 75.13321502504735, 40.311288741492746, 0.0, 100.00499987500625, 119.50313803411188], [22.360679774997898, 24.515301344262525, 9.219544457292887, 31.400636936215164, 27.459060435491963, 63.63961030678928, 60.0, 100.00499987500625, 0.0, 21.02379604162864], [19.849433241279208, 35.84689665786984, 14.866068747318506, 50.99019513592785, 42.42640687119285, 72.69112738154499, 79.20858539325141, 119.50313803411188, 21.02379604162864, 0.0]], "task_locations": [[0, 27], [46, 26], [24, 22], [47, 50], [7, 54], [85, 22], [70, 67], [98, 96], [22, 31], [13, 12]], "precedence_constraints": [[6, 3], [7, 5], [6, 2], [6, 5], [7, 2], [5, 2]]}