{"Q": [[1, 0, 0], [0, 1, 1], [1, 0, 0]], "R": [[0.0, 0.0, 0.0], [0.0, 1.0, 1.0], [1.0, 0.0, 0.0], [0.0, 1.0, 0.0], [0.0, 1.0, 0.0], [1.0, 0.0, 0.0], [1.0, 1.0, 0.0], [1.0, 0.0, 1.0], [0.0, 0.0, 1.0], [0.0, 0.0, 0.0]], "T_e": [0, 60, 57, 89, 77, 60, 57, 50, 97, 0], "T_t": [[0.0, 29.68164415931166, 31.04834939252005, 40.44749683231337, 62.07253821135398, 59.135437767890075, 21.213203435596427, 86.05230967266364, 40.70626487409524, 97.30878685915265], [29.68164415931166, 0.0, 60.00833275470999, 39.20459156782532, 50.99019513592785, 59.464274989274024, 47.80167361086848, 58.66856057549052, 70.32780389006896, 69.6419413859206], [31.04834939252005, 60.00833275470999, 0.0, 53.665631459994955, 77.38862965578342, 64.93843238021688, 14.212670403551895, 112.60994627474076, 12.529964086141668, 123.90722335683259], [40.44749683231337, 39.20459156782532, 53.665631459994955, 0.0, 23.769728648009426, 20.615528128088304, 39.92492955535426, 65.79513659838392, 66.18912297349165, 76.47875521999558], [62.07253821135398, 50.99019513592785, 77.38862965578342, 23.769728648009426, 0.0, 22.80350850198276, 63.694583757176716, 51.24451190127583, 89.89994438263018, 60.41522986797286], [59.135437767890075, 59.464274989274024, 64.93843238021688, 20.615528128088304, 22.80350850198276, 0.0, 53.03772242470448, 73.824115301167, 76.90253571892151, 83.19855767980596], [21.213203435596427, 47.80167361086848, 14.212670403551895, 39.92492955535426, 63.694583757176716, 53.03772242470448, 0.0, 98.59513172565875, 26.627053911388696, 109.87720418721983], [86.05230967266364, 58.66856057549052, 112.60994627474076, 65.79513659838392, 51.24451190127583, 73.824115301167, 98.59513172565875, 0.0, 124.48293055676348, 11.313708498984761], [40.70626487409524, 70.32780389006896, 12.529964086141668, 66.18912297349165, 89.89994438263018, 76.90253571892151, 26.627053911388696, 124.48293055676348, 0.0, 135.79396157414365], [97.30878685915265, 69.6419413859206, 123.90722335683259, 76.47875521999558, 60.41522986797286, 83.19855767980596, 109.87720418721983, 11.313708498984761, 135.79396157414365, 0.0]], "task_locations": [[24, 62], [40, 37], [16, 92], [64, 68], [86, 59], [80, 81], [27, 83], [91, 8], [5, 98], [99, 0]], "precedence_constraints": [[8, 1], [5, 2], [8, 7]]}