{"Q": [[1, 1, 0], [1, 1, 1], [1, 1, 0]], "R": [[0.0, 0.0, 0.0], [0.0, 0.0, 1.0], [0.0, 1.0, 1.0], [1.0, 0.0, 1.0], [1.0, 1.0, 0.0], [0.0, 1.0, 1.0], [0.0, 1.0, 1.0], [1.0, 1.0, 1.0], [1.0, 0.0, 1.0], [0.0, 0.0, 0.0]], "T_e": [0, 67, 73, 57, 72, 54, 88, 51, 84, 0], "T_t": [[0.0, 50.48762224545735, 39.11521443121589, 76.4198926981712, 68.87670143089025, 9.433981132056603, 42.2965719651132, 67.60177512462228, 49.09175083453431, 27.018512172212592], [50.48762224545735, 0.0, 89.08984229416954, 80.77747210701756, 58.52349955359813, 42.04759208325728, 65.19202405202648, 97.94386147176351, 4.123105625617661, 23.769728648009426], [39.11521443121589, 89.08984229416954, 0.0, 86.82165628459296, 90.78546139112804, 47.042533945356304, 51.73973328110612, 56.32051136131489, 88.0, 66.03029607687671], [76.4198926981712, 80.77747210701756, 86.82165628459296, 0.0, 26.076809620810597, 71.0, 36.40054944640259, 44.384682042344295, 83.72574275573791, 77.3692445355388], [68.87670143089025, 58.52349955359813, 90.78546139112804, 26.076809620810597, 0.0, 61.09828148156051, 40.311288741492746, 63.071388124885914, 61.98386886924694, 61.07372593840988], [9.433981132056603, 42.04759208325728, 47.042533945356304, 71.0, 61.09828148156051, 0.0, 39.21734310225516, 67.80117993073571, 41.048751503547585, 19.4164878389476], [42.2965719651132, 65.19202405202648, 51.73973328110612, 36.40054944640259, 40.311288741492746, 39.21734310225516, 0.0, 32.7566787083184, 66.61080993352356, 52.009614495783374], [67.60177512462228, 97.94386147176351, 56.32051136131489, 44.384682042344295, 63.071388124885914, 67.80117993073571, 32.7566787083184, 0.0, 99.29753269845128, 83.45058418010026], [49.09175083453431, 4.123105625617661, 88.0, 83.72574275573791, 61.98386886924694, 41.048751503547585, 66.61080993352356, 99.29753269845128, 0.0, 22.090722034374522], [27.018512172212592, 23.769728648009426, 66.03029607687671, 77.3692445355388, 61.07372593840988, 19.4164878389476, 52.009614495783374, 83.45058418010026, 22.090722034374522, 0.0]], "task_locations": [[44, 88], [94, 81], [5, 85], [52, 12], [74, 26], [52, 83], [39, 46], [11, 29], [93, 85], [71, 87]], "precedence_constraints": [[4, 8], [3, 2], [5, 2], [8, 2], [6, 2], [8, 1]]}