{"Q": [[0, 1, 0], [0, 1, 0], [1, 1, 1]], "R": [[0.0, 0.0, 0.0], [1.0, 0.0, 0.0], [1.0, 1.0, 1.0], [1.0, 1.0, 0.0], [0.0, 1.0, 0.0], [0.0, 0.0, 1.0], [1.0, 1.0, 0.0], [0.0, 0.0, 1.0], [0.0, 1.0, 0.0], [0.0, 0.0, 0.0]], "T_e": [0, 62, 56, 88, 80, 68, 59, 75, 51, 0], "T_t": [[0.0, 25.317977802344327, 28.284271247461902, 28.178005607210743, 45.60701700396552, 101.19288512538814, 90.80198235721508, 78.39005038906404, 86.46964785403026, 108.30050784737807], [25.317977802344327, 0.0, 37.64306044943742, 9.0, 54.48853090330111, 92.26592003551474, 95.25754563287887, 65.5133574166368, 83.54639429682169, 119.20570456148481], [28.284271247461902, 37.64306044943742, 0.0, 32.64965543462902, 17.88854381999832, 76.94153624668537, 62.5859409132754, 58.728187440104094, 59.43904440685432, 82.41965784932621], [28.178005607210743, 9.0, 32.64965543462902, 0.0, 48.27007354458868, 83.2946576918352, 87.32124598286491, 56.753854494650845, 74.73285756613352, 112.48555462813881], [45.60701700396552, 54.48853090330111, 17.88854381999832, 48.27007354458868, 0.0, 68.11754546370561, 45.39823785126467, 56.36488268416781, 46.95742752749558, 64.81512169239521], [101.19288512538814, 92.26592003551474, 76.94153624668537, 83.2946576918352, 68.11754546370561, 0.0, 50.48762224545735, 28.861739379323623, 25.079872407968907, 84.00595217006948], [90.80198235721508, 95.25754563287887, 62.5859409132754, 87.32124598286491, 45.39823785126467, 50.48762224545735, 0.0, 60.74537019394976, 27.16615541441225, 34.52535300326414], [78.39005038906404, 65.5133574166368, 58.728187440104094, 56.753854494650845, 56.36488268416781, 28.861739379323623, 60.74537019394976, 0.0, 34.9857113690718, 94.92101980067429], [86.46964785403026, 83.54639429682169, 59.43904440685432, 74.73285756613352, 46.95742752749558, 25.079872407968907, 27.16615541441225, 34.9857113690718, 0.0, 61.66036003787198], [108.30050784737807, 119.20570456148481, 82.41965784932621, 112.48555462813881, 64.81512169239521, 84.00595217006948, 34.52535300326414, 94.92101980067429, 61.66036003787198, 0.0]], "task_locations": [[58, 98], [83, 94], [54, 70], [83, 85], [46, 54], [90, 2], [40, 9], [97, 30], [67, 12], [6, 3]], "precedence_constraints": [[1, 7], [1, 5], [1, 2], [1, 6], [5, 6]]}