{"Q": [[1, 0, 0], [0, 1, 0], [1, 1, 1]], "R": [[0.0, 0.0, 0.0], [1.0, 0.0, 1.0], [1.0, 0.0, 0.0], [1.0, 1.0, 1.0], [1.0, 0.0, 0.0], [1.0, 1.0, 1.0], [0.0, 1.0, 0.0], [1.0, 1.0, 1.0], [0.0, 1.0, 0.0], [0.0, 0.0, 0.0]], "T_e": [0, 95, 86, 76, 56, 60, 90, 68, 82, 0], "T_t": [[0.0, 79.61155694998057, 76.4198926981712, 63.702433234531945, 14.866068747318506, 24.758836806279895, 49.64876634922564, 63.28506932918696, 90.7358804442873, 40.70626487409524], [79.61155694998057, 0.0, 51.78802950489621, 93.14504817756014, 91.8313671900838, 55.47071299343465, 30.479501308256342, 102.7861858422619, 91.54780172128658, 48.507731342539614], [76.4198926981712, 51.78802950489621, 0.0, 51.088159097779204, 81.2219182240853, 63.15853069855251, 44.553338819890925, 62.96824596572466, 40.01249804748511, 72.00694410957877], [63.702433234531945, 93.14504817756014, 51.088159097779204, 0.0, 58.249463516842795, 68.70953354520753, 70.00714249274856, 12.206555615733702, 34.0147027033899, 86.40023148117139], [14.866068747318506, 91.8313671900838, 81.2219182240853, 58.249463516842795, 0.0, 38.600518131237564, 61.40032573203501, 55.17245689653489, 88.76936408468859, 55.46169849544819], [24.758836806279895, 55.47071299343465, 63.15853069855251, 68.70953354520753, 38.600518131237564, 0.0, 26.68332812825267, 72.56721022610694, 87.78382538941898, 19.026297590440446], [49.64876634922564, 30.479501308256342, 44.553338819890925, 70.00714249274856, 61.40032573203501, 26.68332812825267, 0.0, 77.78174593052023, 78.29431652425353, 28.178005607210743], [63.28506932918696, 102.7861858422619, 62.96824596572466, 12.206555615733702, 55.17245689653489, 72.56721022610694, 77.78174593052023, 0.0, 44.40720662234904, 91.0823802938856], [90.7358804442873, 91.54780172128658, 40.01249804748511, 34.0147027033899, 88.76936408468859, 87.78382538941898, 78.29431652425353, 44.40720662234904, 0.0, 102.07840124139877], [40.70626487409524, 48.507731342539614, 72.00694410957877, 86.40023148117139, 55.46169849544819, 19.026297590440446, 28.178005607210743, 91.0823802938856, 102.07840124139877, 0.0]], "task_locations": [[45, 78], [2, 11], [53, 2], [92, 35], [59, 83], [28, 60], [22, 34], [99, 45], [93, 1], [9, 59]], "precedence_constraints": [[6, 7], [5, 6]]}