{"Q": [[0, 1, 1], [1, 0, 0], [0, 1, 1]], "R": [[0.0, 0.0, 0.0], [0.0, 1.0, 1.0], [1.0, 1.0, 1.0], [1.0, 0.0, 0.0], [0.0, 0.0, 1.0], [0.0, 1.0, 0.0], [1.0, 1.0, 0.0], [1.0, 1.0, 0.0], [0.0, 0.0, 1.0], [0.0, 0.0, 0.0]], "T_e": [0, 94, 75, 93, 68, 98, 51, 98, 68, 0], "T_t": [[0.0, 82.87943049997388, 104.4030650891055, 42.04759208325728, 121.75385004179539, 104.65658125507444, 46.238512086787566, 100.43903623591775, 85.95929269136641, 52.92447448959697], [82.87943049997388, 0.0, 29.0, 56.64803615307419, 40.311288741492746, 40.496913462633174, 46.57252408878007, 27.294688127912362, 28.284271247461902, 42.42640687119285], [104.4030650891055, 29.0, 0.0, 84.40379138403677, 20.8806130178211, 16.64331697709324, 60.876925020897694, 4.47213595499958, 21.93171219946131, 54.67174773134658], [42.04759208325728, 56.64803615307419, 84.40379138403677, 0.0, 96.66436778875658, 91.19758768739445, 48.02082881417188, 81.58431221748455, 73.0, 51.894122981316485], [121.75385004179539, 40.311288741492746, 20.8806130178211, 96.66436778875658, 0.0, 34.132096331752024, 80.2122185206219, 25.298221281347036, 42.720018726587654, 74.33034373659252], [104.65658125507444, 40.496913462633174, 16.64331697709324, 91.19758768739445, 34.132096331752024, 0.0, 58.83026432033091, 14.866068747318506, 18.973665961010276, 52.15361924162119], [46.238512086787566, 46.57252408878007, 60.876925020897694, 48.02082881417188, 80.2122185206219, 58.83026432033091, 0.0, 56.586217403180434, 40.607881008493905, 6.708203932499369], [100.43903623591775, 27.294688127912362, 4.47213595499958, 81.58431221748455, 25.298221281347036, 14.866068747318506, 56.586217403180434, 0.0, 17.46424919657298, 50.32891812864648], [85.95929269136641, 28.284271247461902, 21.93171219946131, 73.0, 42.720018726587654, 18.973665961010276, 40.607881008493905, 17.46424919657298, 0.0, 34.058772731852805], [52.92447448959697, 42.42640687119285, 54.67174773134658, 51.894122981316485, 74.33034373659252, 52.15361924162119, 6.708203932499369, 50.32891812864648, 34.058772731852805, 0.0]], "task_locations": [[3, 7], [58, 69], [87, 69], [5, 49], [93, 89], [96, 55], [46, 24], [85, 65], [78, 49], [52, 27]], "precedence_constraints": [[3, 5], [2, 7], [3, 2]]}