{"Q": [[0, 1, 1], [1, 0, 0], [0, 0, 1]], "R": [[0.0, 0.0, 0.0], [0.0, 0.0, 1.0], [0.0, 1.0, 1.0], [0.0, 1.0, 0.0], [0.0, 1.0, 1.0], [1.0, 1.0, 1.0], [1.0, 1.0, 0.0], [1.0, 1.0, 1.0], [0.0, 0.0, 1.0], [0.0, 0.0, 0.0]], "T_e": [0, 98, 73, 88, 88, 78, 76, 87, 53, 0], "T_t": [[0.0, 68.00735254367721, 53.85164807134504, 9.055385138137417, 70.21395872616783, 48.877397639399746, 7.280109889280518, 45.5411901469428, 9.219544457292887, 28.160255680657446], [68.00735254367721, 0.0, 20.615528128088304, 64.00781202322104, 22.47220505424423, 19.849433241279208, 63.7808748764079, 34.48187929913333, 59.665735560705194, 50.774009099144415], [53.85164807134504, 20.615528128088304, 0.0, 52.172789842982326, 17.029386365926403, 9.433981132056603, 48.30113870293329, 13.92838827718412, 44.77722635447622, 31.827660925679098], [9.055385138137417, 64.00781202322104, 52.172789842982326, 0.0, 69.05070600652827, 45.880278987817846, 13.601470508735444, 46.04345773288535, 12.206555615733702, 31.38470965295043], [70.21395872616783, 22.47220505424423, 17.029386365926403, 69.05070600652827, 0.0, 25.317977802344327, 64.25729530566937, 26.076809620810597, 61.032778078668514, 45.79301256742124], [48.877397639399746, 19.849433241279208, 9.433981132056603, 45.880278987817846, 25.317977802344327, 0.0, 44.204072210600685, 18.24828759089466, 40.22437072223753, 31.304951684997057], [7.280109889280518, 63.7808748764079, 48.30113870293329, 13.601470508735444, 64.25729530566937, 44.204072210600685, 0.0, 39.05124837953327, 4.47213595499958, 21.02379604162864], [45.5411901469428, 34.48187929913333, 13.92838827718412, 46.04345773288535, 26.076809620810597, 18.24828759089466, 39.05124837953327, 0.0, 36.345563690772494, 19.72308292331602], [9.219544457292887, 59.665735560705194, 44.77722635447622, 12.206555615733702, 61.032778078668514, 40.22437072223753, 4.47213595499958, 36.345563690772494, 0.0, 19.6468827043885], [28.160255680657446, 50.774009099144415, 31.827660925679098, 31.38470965295043, 45.79301256742124, 31.304951684997057, 21.02379604162864, 19.72308292331602, 19.6468827043885, 0.0]], "task_locations": [[47, 16], [87, 71], [67, 66], [56, 15], [68, 83], [72, 58], [45, 23], [54, 61], [49, 25], [44, 44]], "precedence_constraints": [[7, 6], [4, 1], [7, 2]]}