{"Q": [[0, 1, 1], [0, 0, 1], [1, 1, 1]], "R": [[0.0, 0.0, 0.0], [0.0, 1.0, 0.0], [0.0, 0.0, 1.0], [0.0, 1.0, 0.0], [1.0, 1.0, 0.0], [0.0, 1.0, 0.0], [0.0, 1.0, 0.0], [1.0, 1.0, 0.0], [1.0, 1.0, 0.0], [0.0, 0.0, 0.0]], "T_e": [0, 80, 62, 50, 98, 61, 96, 96, 63, 0], "T_t": [[0.0, 98.8382517044894, 65.12296062065974, 43.41658669218482, 38.28837943815329, 66.46803743153546, 85.90692637965812, 66.49060083951716, 65.03076195155643, 62.20128616033595], [98.8382517044894, 0.0, 86.34813257969161, 55.46169849544819, 65.0, 41.048751503547585, 63.12685640834652, 63.324560795950255, 88.29496021857646, 84.72307831990054], [65.12296062065974, 86.34813257969161, 0.0, 55.60575509783138, 41.677331968349414, 46.61544808322666, 115.27792503337315, 99.80981915623332, 2.0, 3.1622776601683795], [43.41658669218482, 55.46169849544819, 55.60575509783138, 0.0, 15.264337522473747, 27.51363298439521, 60.30754513325841, 44.204072210600685, 56.85068161420758, 52.630789467763066], [38.28837943815329, 65.0, 41.677331968349414, 15.264337522473747, 0.0, 28.42534080710379, 75.43208866258443, 58.728187440104094, 42.720018726587654, 38.58756276314948], [66.46803743153546, 41.048751503547585, 46.61544808322666, 27.51363298439521, 28.42534080710379, 0.0, 74.79304780526061, 63.60031446463138, 48.46648326421054, 44.598206241955516], [85.90692637965812, 63.12685640834652, 115.27792503337315, 60.30754513325841, 75.43208866258443, 74.79304780526061, 0.0, 19.4164878389476, 116.67476162392619, 112.43220179290273], [66.49060083951716, 63.324560795950255, 99.80981915623332, 44.204072210600685, 58.728187440104094, 63.60031446463138, 19.4164878389476, 0.0, 101.04454463255303, 96.82974749528164], [65.03076195155643, 88.29496021857646, 2.0, 56.85068161420758, 42.720018726587654, 48.46648326421054, 116.67476162392619, 101.04454463255303, 0.0, 4.242640687119285], [62.20128616033595, 84.72307831990054, 3.1622776601683795, 52.630789467763066, 38.58756276314948, 44.598206241955516, 112.43220179290273, 96.82974749528164, 4.242640687119285, 0.0]], "task_locations": [[29, 5], [74, 93], [94, 9], [50, 43], [58, 30], [76, 52], [11, 89], [15, 70], [94, 7], [91, 10]], "precedence_constraints": [[4, 6], [4, 5]]}