{"Q": [[1, 0, 0], [1, 1, 0], [0, 1, 1]], "R": [[0.0, 0.0, 0.0], [1.0, 0.0, 0.0], [0.0, 1.0, 0.0], [1.0, 0.0, 1.0], [0.0, 1.0, 1.0], [0.0, 1.0, 1.0], [1.0, 1.0, 1.0], [1.0, 0.0, 1.0], [0.0, 1.0, 1.0], [0.0, 0.0, 0.0]], "T_e": [0, 52, 69, 78, 87, 51, 73, 84, 56, 0], "T_t": [[0.0, 29.614185789921695, 38.91015291668744, 71.16881339463234, 41.72529209005013, 90.2551937563706, 33.95585369269929, 16.76305461424021, 33.83784863137726, 56.04462507680822], [29.614185789921695, 0.0, 23.769728648009426, 47.43416490252569, 35.014282800023196, 63.56886030125127, 44.294469180700204, 13.038404810405298, 42.04759208325728, 26.570660511172846], [38.91015291668744, 23.769728648009426, 0.0, 33.24154027718932, 13.0, 54.037024344425184, 31.38470965295043, 29.068883707497267, 28.30194339616981, 37.21558813185679], [71.16881339463234, 47.43416490252569, 33.24154027718932, 0.0, 38.8329756778952, 21.840329667841555, 61.18823416311342, 58.137767414994535, 58.05170109479997, 38.62641583165593], [41.72529209005013, 35.014282800023196, 13.0, 38.8329756778952, 0.0, 60.63827174318213, 22.360679774997898, 36.76955262170047, 19.235384061671343, 50.11985634456667], [90.2551937563706, 63.56886030125127, 54.037024344425184, 21.840329667841555, 60.63827174318213, 0.0, 82.97590011563598, 75.69015788066504, 79.83107164506812, 46.09772228646444], [33.95585369269929, 44.294469180700204, 31.38470965295043, 61.18823416311342, 22.360679774997898, 82.97590011563598, 0.0, 38.8329756778952, 3.1622776601683795, 66.48308055437865], [16.76305461424021, 13.038404810405298, 29.068883707497267, 58.137767414994535, 36.76955262170047, 75.69015788066504, 38.8329756778952, 0.0, 37.33630940518894, 39.293765408777], [33.83784863137726, 42.04759208325728, 28.30194339616981, 58.05170109479997, 19.235384061671343, 79.83107164506812, 3.1622776601683795, 37.33630940518894, 0.0, 63.702433234531945], [56.04462507680822, 26.570660511172846, 37.21558813185679, 38.62641583165593, 50.11985634456667, 46.09772228646444, 66.48308055437865, 39.293765408777, 63.702433234531945, 0.0]], "task_locations": [[97, 70], [68, 76], [62, 53], [29, 49], [67, 41], [8, 55], [89, 37], [81, 75], [86, 38], [43, 85]], "precedence_constraints": [[5, 3], [6, 8]]}