{"Q": [[1, 1, 1], [1, 0, 1], [0, 0, 1]], "R": [[0.0, 0.0, 0.0], [1.0, 0.0, 1.0], [1.0, 1.0, 0.0], [0.0, 0.0, 1.0], [0.0, 0.0, 1.0], [1.0, 0.0, 0.0], [1.0, 1.0, 0.0], [1.0, 0.0, 1.0], [0.0, 0.0, 1.0], [0.0, 0.0, 0.0]], "T_e": [0, 74, 94, 83, 84, 85, 96, 70, 86, 0], "T_t": [[0.0, 40.496913462633174, 65.27633568147036, 25.495097567963924, 26.476404589747453, 65.36818798161687, 52.46903848937962, 47.095647357266465, 9.055385138137417, 38.897300677553446], [40.496913462633174, 0.0, 91.39474820797966, 15.556349186104045, 56.08029957123981, 58.69412236331676, 84.59905436823747, 23.021728866442675, 46.75467891024384, 62.20128616033595], [65.27633568147036, 91.39474820797966, 0.0, 77.87810988975015, 39.01281840626232, 60.74537019394976, 18.384776310850235, 79.40403012442127, 56.43580423808985, 98.08159868191383], [25.495097567963924, 15.556349186104045, 77.87810988975015, 0.0, 41.14608122288197, 54.817880294662984, 69.77822009767804, 25.298221281347036, 31.240998703626616, 53.45091205957107], [26.476404589747453, 56.08029957123981, 39.01281840626232, 41.14608122288197, 0.0, 52.3450093132096, 28.635642126552707, 51.03920062069938, 18.027756377319946, 62.433965115151864], [65.36818798161687, 58.69412236331676, 60.74537019394976, 54.817880294662984, 52.3450093132096, 0.0, 67.05221845696084, 36.40054944640259, 62.39390995922599, 103.46980235798269], [52.46903848937962, 84.59905436823747, 18.384776310850235, 69.77822009767804, 28.635642126552707, 67.05221845696084, 0.0, 77.07788269017254, 43.41658669218482, 81.74350127074322], [47.095647357266465, 23.021728866442675, 79.40403012442127, 25.298221281347036, 51.03920062069938, 36.40054944640259, 77.07788269017254, 0.0, 49.47726750741192, 78.74642849044012], [9.055385138137417, 46.75467891024384, 56.43580423808985, 31.240998703626616, 18.027756377319946, 62.39390995922599, 43.41658669218482, 49.47726750741192, 0.0, 45.0], [38.897300677553446, 62.20128616033595, 98.08159868191383, 53.45091205957107, 62.433965115151864, 103.46980235798269, 81.74350127074322, 78.74642849044012, 45.0, 0.0]], "task_locations": [[67, 29], [33, 7], [61, 94], [44, 18], [62, 55], [10, 61], [74, 81], [20, 26], [68, 38], [95, 2]], "precedence_constraints": [[3, 7]]}