{"Q": [[1, 1, 0], [0, 1, 0], [0, 1, 1]], "R": [[0.0, 0.0, 0.0], [0.0, 1.0, 0.0], [0.0, 1.0, 1.0], [0.0, 0.0, 1.0], [1.0, 1.0, 1.0], [1.0, 0.0, 0.0], [0.0, 1.0, 1.0], [1.0, 0.0, 0.0], [0.0, 0.0, 1.0], [0.0, 0.0, 0.0]], "T_e": [0, 79, 59, 54, 94, 80, 67, 95, 50, 0], "T_t": [[0.0, 29.614185789921695, 6.4031242374328485, 91.19758768739445, 68.3593446428504, 100.17983829094555, 92.41753080449618, 76.94153624668537, 46.2709412050371, 68.46897107449476], [29.614185789921695, 0.0, 24.08318915758459, 88.05679985100527, 41.10960958218893, 85.32877591996736, 73.38937252763509, 49.20365840057018, 20.248456731316587, 39.05124837953327], [6.4031242374328485, 24.08318915758459, 0.0, 87.00574693662483, 63.953107821277925, 94.42986815621421, 86.2670273047588, 70.66116330771806, 41.97618372363071, 63.12685640834652], [91.19758768739445, 88.05679985100527, 87.00574693662483, 0.0, 115.96551211459379, 38.01315561749642, 50.59644256269407, 82.87943049997388, 104.0, 103.60019305001319], [68.3593446428504, 41.10960958218893, 63.953107821277925, 115.96551211459379, 0.0, 99.92497185388645, 83.18653737234169, 43.0, 22.090722034374522, 15.0], [100.17983829094555, 85.32877591996736, 94.42986815621421, 38.01315561749642, 99.92497185388645, 0.0, 18.027756377319946, 59.09314681077663, 95.02105029939419, 85.44003745317531], [92.41753080449618, 73.38937252763509, 86.2670273047588, 50.59644256269407, 83.18653737234169, 18.027756377319946, 0.0, 41.43669871020132, 80.39900496896712, 68.4470598345904], [76.94153624668537, 49.20365840057018, 70.66116330771806, 82.87943049997388, 43.0, 59.09314681077663, 41.43669871020132, 0.0, 46.52956049652737, 28.0], [46.2709412050371, 20.248456731316587, 41.97618372363071, 104.0, 22.090722034374522, 95.02105029939419, 80.39900496896712, 46.52956049652737, 0.0, 25.553864678361276], [68.46897107449476, 39.05124837953327, 63.12685640834652, 103.60019305001319, 15.0, 85.44003745317531, 68.4470598345904, 28.0, 25.553864678361276, 0.0]], "task_locations": [[7, 87], [13, 58], [11, 82], [98, 81], [0, 19], [97, 43], [82, 33], [43, 19], [2, 41], [15, 19]], "precedence_constraints": [[3, 6], [5, 8], [6, 1], [2, 5], [2, 7]]}