{"Q": [[0, 1, 0], [0, 1, 0], [1, 0, 1]], "R": [[0.0, 0.0, 0.0], [0.0, 1.0, 0.0], [1.0, 1.0, 1.0], [1.0, 1.0, 0.0], [1.0, 0.0, 0.0], [1.0, 1.0, 0.0], [0.0, 1.0, 0.0], [1.0, 0.0, 0.0], [1.0, 1.0, 0.0], [0.0, 0.0, 0.0]], "T_e": [0, 91, 67, 58, 83, 56, 80, 90, 56, 0], "T_t": [[0.0, 72.83543093852057, 78.40918313565064, 81.68843247363729, 98.02040603874276, 39.56008088970496, 110.67971810589327, 44.77722635447622, 18.788294228055936, 83.72574275573791], [72.83543093852057, 0.0, 50.24937810560445, 11.045361017187261, 68.62215385719105, 39.92492955535426, 41.48493702538308, 31.78049716414141, 55.60575509783138, 50.60632371551998], [78.40918313565064, 50.24937810560445, 0.0, 46.486557196677836, 117.79643458101778, 41.43669871020132, 84.34453153583817, 41.43669871020132, 70.57619995437555, 5.830951894845301], [81.68843247363729, 11.045361017187261, 46.486557196677836, 0.0, 76.40026177965623, 46.04345773288535, 39.0, 38.41874542459709, 65.19202405202648, 45.617978911828175], [98.02040603874276, 68.62215385719105, 117.79643458101778, 76.40026177965623, 0.0, 91.0, 61.40032573203501, 84.52810183601665, 81.2219182240853, 118.86967653695369], [39.56008088970496, 39.92492955535426, 41.43669871020132, 46.04345773288535, 91.0, 0.0, 81.27115109311545, 8.246211251235321, 29.154759474226502, 46.09772228646444], [110.67971810589327, 41.48493702538308, 84.34453153583817, 39.0, 61.40032573203501, 81.27115109311545, 0.0, 73.05477397131553, 92.20086767487604, 82.46211251235322], [44.77722635447622, 31.78049716414141, 41.43669871020132, 38.41874542459709, 84.52810183601665, 8.246211251235321, 73.05477397131553, 0.0, 31.400636936215164, 45.35416188179427], [18.788294228055936, 55.60575509783138, 70.57619995437555, 65.19202405202648, 81.2219182240853, 29.154759474226502, 92.20086767487604, 31.400636936215164, 0.0, 75.23961722390672], [83.72574275573791, 50.60632371551998, 5.830951894845301, 45.617978911828175, 118.86967653695369, 46.09772228646444, 82.46211251235322, 45.35416188179427, 75.23961722390672, 0.0]], "task_locations": [[13, 99], [65, 48], [91, 91], [76, 47], [15, 1], [50, 85], [76, 8], [52, 77], [21, 82], [96, 88]], "precedence_constraints": [[2, 7], [4, 3], [7, 1], [5, 7]]}