{"Q": [[1, 0, 1], [1, 0, 1], [0, 1, 1]], "R": [[0.0, 0.0, 0.0], [1.0, 0.0, 1.0], [0.0, 1.0, 0.0], [1.0, 1.0, 0.0], [0.0, 1.0, 1.0], [1.0, 1.0, 1.0], [1.0, 0.0, 1.0], [1.0, 1.0, 0.0], [1.0, 1.0, 0.0], [0.0, 0.0, 0.0]], "T_e": [0, 62, 97, 87, 96, 57, 59, 52, 86, 0], "T_t": [[0.0, 55.0, 76.16429609731846, 56.08029957123981, 97.52948272189288, 95.0789145920377, 100.31948963187563, 67.54257916307313, 77.69813382572325, 38.3275357934736], [55.0, 0.0, 58.05170109479997, 21.213203435596427, 53.03772242470448, 55.57877292636101, 102.6498904042279, 78.18567643756751, 33.13608305156178, 39.319206502675], [76.16429609731846, 58.05170109479997, 0.0, 36.87817782917155, 42.20189569201838, 33.24154027718932, 47.75981574503821, 37.16180835212409, 37.36308338453881, 38.0], [56.08029957123981, 21.213203435596427, 36.87817782917155, 0.0, 41.6293165929973, 40.607881008493905, 81.83520025025906, 59.43904440685432, 21.633307652783937, 26.0], [97.52948272189288, 53.03772242470448, 42.20189569201838, 41.6293165929973, 0.0, 10.198039027185569, 86.20904824900923, 79.05694150420949, 20.615528128088304, 63.12685640834652], [95.0789145920377, 55.57877292636101, 33.24154027718932, 40.607881008493905, 10.198039027185569, 0.0, 76.10519036176179, 70.3846574190711, 22.561028345356956, 58.83026432033091], [100.31948963187563, 102.6498904042279, 47.75981574503821, 81.83520025025906, 86.20904824900923, 76.10519036176179, 0.0, 32.89376840679705, 85.07055894961546, 70.2922470831599], [67.54257916307313, 78.18567643756751, 37.16180835212409, 59.43904440685432, 79.05694150420949, 70.3846574190711, 32.89376840679705, 0.0, 70.178344238091, 41.048751503547585], [77.69813382572325, 33.13608305156178, 37.36308338453881, 21.633307652783937, 20.615528128088304, 22.561028345356956, 85.07055894961546, 70.178344238091, 0.0, 45.60701700396552], [38.3275357934736, 39.319206502675, 38.0, 26.0, 63.12685640834652, 58.83026432033091, 70.2922470831599, 41.048751503547585, 45.60701700396552, 0.0]], "task_locations": [[48, 7], [92, 40], [53, 83], [77, 55], [94, 93], [84, 95], [8, 99], [19, 68], [89, 73], [53, 45]], "precedence_constraints": [[6, 2], [4, 2], [3, 8], [1, 7], [1, 3], [4, 8]]}