{"Q": [[0, 1, 0], [1, 1, 0], [0, 1, 1]], "R": [[0.0, 0.0, 0.0], [0.0, 1.0, 1.0], [1.0, 1.0, 0.0], [0.0, 0.0, 1.0], [0.0, 1.0, 0.0], [0.0, 1.0, 0.0], [0.0, 1.0, 1.0], [1.0, 1.0, 1.0], [1.0, 0.0, 0.0], [0.0, 0.0, 0.0]], "T_e": [0, 93, 53, 88, 97, 84, 58, 73, 71, 0], "T_t": [[0.0, 62.433965115151864, 22.360679774997898, 13.0, 58.309518948453004, 4.123105625617661, 24.08318915758459, 6.082762530298219, 41.88078318274385, 21.02379604162864], [62.433965115151864, 0.0, 40.22437072223753, 55.90169943749474, 63.071388124885914, 65.45991139621256, 60.21627686929839, 65.0, 76.02631123499285, 81.43709228600933], [22.360679774997898, 40.22437072223753, 0.0, 17.0, 50.0, 25.238858928247925, 26.076809620810597, 24.839484696748443, 49.73932046178355, 42.44997055358225], [13.0, 55.90169943749474, 17.0, 0.0, 45.48626166217664, 13.038404810405298, 12.529964086141668, 11.045361017187261, 53.150729063673246, 33.24154027718932], [58.309518948453004, 63.071388124885914, 50.0, 45.48626166217664, 0.0, 57.245087125446844, 34.92849839314596, 54.56189146281496, 97.74456506629922, 76.69419795525604], [4.123105625617661, 65.45991139621256, 25.238858928247925, 13.038404810405298, 57.245087125446844, 0.0, 22.47220505424423, 2.8284271247461903, 44.77722635447622, 20.223748416156685], [24.08318915758459, 60.21627686929839, 26.076809620810597, 12.529964086141668, 34.92849839314596, 22.47220505424423, 0.0, 19.72308292331602, 65.43699259593154, 41.78516483155236], [6.082762530298219, 65.0, 24.839484696748443, 11.045361017187261, 54.56189146281496, 2.8284271247461903, 19.72308292331602, 0.0, 47.50789408087881, 22.561028345356956], [41.88078318274385, 76.02631123499285, 49.73932046178355, 53.150729063673246, 97.74456506629922, 44.77722635447622, 65.43699259593154, 47.50789408087881, 0.0, 36.05551275463989], [21.02379604162864, 81.43709228600933, 42.44997055358225, 33.24154027718932, 76.69419795525604, 20.223748416156685, 41.78516483155236, 22.561028345356956, 36.05551275463989, 0.0]], "task_locations": [[75, 42], [22, 75], [55, 52], [63, 37], [25, 12], [76, 38], [57, 26], [74, 36], [98, 77], [96, 41]], "precedence_constraints": [[6, 8], [6, 4], [7, 2], [6, 7]]}