{"Q": [[1, 0, 1], [1, 0, 0], [0, 1, 0]], "R": [[0.0, 0.0, 0.0], [1.0, 0.0, 0.0], [1.0, 0.0, 0.0], [1.0, 0.0, 1.0], [1.0, 1.0, 0.0], [1.0, 1.0, 0.0], [0.0, 1.0, 0.0], [1.0, 0.0, 0.0], [1.0, 1.0, 0.0], [0.0, 0.0, 0.0]], "T_e": [0, 72, 57, 66, 58, 78, 52, 58, 99, 0], "T_t": [[0.0, 75.69015788066504, 88.0056816347672, 52.0, 76.10519036176179, 23.53720459187964, 46.57252408878007, 50.039984012787215, 71.06335201775947, 43.829214001622255], [75.69015788066504, 0.0, 16.0, 32.7566787083184, 56.36488268416781, 57.8013840664737, 41.23105625617661, 54.230987451824994, 37.69615364994153, 35.77708763999664], [88.0056816347672, 16.0, 0.0, 39.408120990476064, 71.16881339463234, 72.09022125087424, 47.70744176750625, 57.9396237474839, 35.05709628591621, 45.254833995939045], [52.0, 32.7566787083184, 39.408120990476064, 0.0, 71.21797525905943, 43.104524124504614, 8.54400374531753, 22.090722034374522, 21.213203435596427, 9.0], [76.10519036176179, 56.36488268416781, 71.16881339463234, 71.21797525905943, 0.0, 53.009433122794285, 76.00657866263946, 90.55385138137417, 87.78382538941898, 66.03786792439622], [23.53720459187964, 57.8013840664737, 72.09022125087424, 43.104524124504614, 53.009433122794285, 0.0, 41.48493702538308, 51.478150704935004, 64.28063471995279, 34.132096331752024], [46.57252408878007, 41.23105625617661, 47.70744176750625, 8.54400374531753, 76.00657866263946, 41.48493702538308, 0.0, 14.866068747318506, 24.515301344262525, 10.0], [50.039984012787215, 54.230987451824994, 57.9396237474839, 22.090722034374522, 90.55385138137417, 51.478150704935004, 14.866068747318506, 0.0, 26.870057685088806, 24.596747752497688], [71.06335201775947, 37.69615364994153, 35.05709628591621, 21.213203435596427, 87.78382538941898, 64.28063471995279, 24.515301344262525, 26.870057685088806, 0.0, 30.14962686336267], [43.829214001622255, 35.77708763999664, 45.254833995939045, 9.0, 66.03786792439622, 34.132096331752024, 10.0, 24.596747752497688, 30.14962686336267, 0.0]], "task_locations": [[5, 18], [57, 73], [57, 89], [25, 66], [81, 22], [28, 23], [17, 63], [3, 68], [22, 87], [25, 57]], "precedence_constraints": [[7, 8], [1, 8]]}