{"Q": [[1, 0, 0], [1, 0, 0], [1, 1, 1]], "R": [[0.0, 0.0, 0.0], [0.0, 1.0, 1.0], [1.0, 0.0, 1.0], [0.0, 0.0, 1.0], [0.0, 1.0, 0.0], [0.0, 0.0, 1.0], [0.0, 1.0, 1.0], [0.0, 0.0, 1.0], [0.0, 0.0, 1.0], [0.0, 0.0, 0.0]], "T_e": [0, 55, 61, 53, 69, 80, 59, 71, 84, 0], "T_t": [[0.0, 54.817880294662984, 19.72308292331602, 45.880278987817846, 83.00602387778854, 58.249463516842795, 20.615528128088304, 36.87817782917155, 73.00684899377592, 19.697715603592208], [54.817880294662984, 0.0, 60.74537019394976, 21.02379604162864, 81.93289937503738, 26.076809620810597, 40.496913462633174, 18.027756377319946, 32.7566787083184, 62.68173577685928], [19.72308292331602, 60.74537019394976, 0.0, 45.34313619501854, 66.30987860040162, 55.226805085936306, 37.33630940518894, 44.77722635447622, 69.83552104767315, 2.23606797749979], [45.880278987817846, 21.02379604162864, 45.34313619501854, 0.0, 62.16912416947821, 13.038404810405298, 39.6232255123179, 19.4164878389476, 27.294688127912362, 47.50789408087881], [83.00602387778854, 81.93289937503738, 66.30987860040162, 62.16912416947821, 0.0, 56.753854494650845, 91.2414379544733, 79.61155694998057, 60.0, 67.77905281132217], [58.249463516842795, 26.076809620810597, 55.226805085936306, 13.038404810405298, 56.753854494650845, 0.0, 52.61178575186362, 31.38470965295043, 14.866068747318506, 57.4543296888929], [20.615528128088304, 40.496913462633174, 37.33630940518894, 39.6232255123179, 91.2414379544733, 52.61178575186362, 0.0, 23.345235059857504, 66.06814663663572, 38.118237105091836], [36.87817782917155, 18.027756377319946, 44.77722635447622, 19.4164878389476, 79.61155694998057, 31.38470965295043, 23.345235059857504, 0.0, 43.56604182158393, 46.51881339845203], [73.00684899377592, 32.7566787083184, 69.83552104767315, 27.294688127912362, 60.0, 14.866068747318506, 66.06814663663572, 43.56604182158393, 0.0, 72.069410986909], [19.697715603592208, 62.68173577685928, 2.23606797749979, 47.50789408087881, 67.77905281132217, 57.4543296888929, 38.118237105091836, 46.51881339845203, 72.069410986909, 0.0]], "task_locations": [[72, 47], [29, 81], [62, 30], [28, 60], [1, 4], [15, 59], [67, 67], [44, 71], [1, 64], [64, 29]], "precedence_constraints": [[1, 8], [2, 1], [7, 8]]}