{"Q": [[0, 1, 1], [1, 0, 0], [0, 0, 1]], "R": [[0.0, 0.0, 0.0], [0.0, 0.0, 1.0], [0.0, 1.0, 0.0], [0.0, 0.0, 1.0], [1.0, 0.0, 0.0], [1.0, 0.0, 1.0], [1.0, 0.0, 0.0], [1.0, 1.0, 1.0], [0.0, 1.0, 1.0], [0.0, 0.0, 0.0]], "T_e": [0, 96, 97, 60, 51, 93, 63, 82, 92, 0], "T_t": [[0.0, 9.486832980505138, 96.87620966986684, 29.832867780352597, 77.05841939723393, 75.66372975210778, 36.6742416417845, 30.083217912982647, 72.3671196055225, 20.0], [9.486832980505138, 0.0, 105.47511554864494, 38.2099463490856, 80.89499366462674, 80.2807573457052, 43.829214001622255, 36.89173349139343, 77.4919350642375, 26.570660511172846], [96.87620966986684, 105.47511554864494, 0.0, 85.0, 66.61080993352356, 59.413803110051795, 63.51377803280167, 70.45565981523414, 55.08175741568164, 95.96353474106714], [29.832867780352597, 38.2099463490856, 85.0, 0.0, 87.93179174792243, 84.17244204607586, 42.05948168962618, 39.35733730830886, 79.42921376924235, 13.92838827718412], [77.05841939723393, 80.89499366462674, 66.61080993352356, 87.93179174792243, 0.0, 7.280109889280518, 45.880278987817846, 49.64876634922564, 12.529964086141668, 89.94442728707543], [75.66372975210778, 80.2807573457052, 59.413803110051795, 84.17244204607586, 7.280109889280518, 0.0, 42.42640687119285, 47.01063709417264, 5.656854249492381, 87.20665112249179], [36.6742416417845, 43.829214001622255, 63.51377803280167, 42.05948168962618, 45.880278987817846, 42.42640687119285, 0.0, 7.0710678118654755, 38.05259518088089, 45.0], [30.083217912982647, 36.89173349139343, 70.45565981523414, 39.35733730830886, 49.64876634922564, 47.01063709417264, 7.0710678118654755, 0.0, 43.104524124504614, 40.311288741492746], [72.3671196055225, 77.4919350642375, 55.08175741568164, 79.42921376924235, 12.529964086141668, 5.656854249492381, 38.05259518088089, 43.104524124504614, 0.0, 83.02409288875127], [20.0, 26.570660511172846, 95.96353474106714, 13.92838827718412, 89.94442728707543, 87.20665112249179, 45.0, 40.311288741492746, 83.02409288875127, 0.0]], "task_locations": [[82, 73], [85, 82], [14, 4], [89, 44], [5, 70], [7, 63], [49, 57], [54, 62], [11, 59], [94, 57]], "precedence_constraints": [[5, 1]]}