{"Q": [[0, 0, 1], [0, 0, 1], [1, 1, 0]], "R": [[0.0, 0.0, 0.0], [1.0, 1.0, 0.0], [1.0, 0.0, 0.0], [1.0, 0.0, 0.0], [1.0, 1.0, 1.0], [1.0, 1.0, 0.0], [1.0, 0.0, 0.0], [1.0, 0.0, 0.0], [1.0, 1.0, 0.0], [0.0, 0.0, 0.0]], "T_e": [0, 82, 76, 61, 77, 74, 55, 86, 97, 0], "T_t": [[0.0, 44.384682042344295, 64.03124237432849, 60.03332407921454, 62.12889826803627, 66.76076692189807, 84.53401682163222, 30.083217912982647, 47.67598976424087, 57.0087712549569], [44.384682042344295, 0.0, 29.832867780352597, 17.029386365926403, 20.248456731316587, 23.08679276123039, 40.496913462633174, 14.317821063276353, 10.816653826391969, 12.649110640673518], [64.03124237432849, 29.832867780352597, 0.0, 34.17601498127012, 37.94733192202055, 21.0, 42.44997055358225, 38.27531841800928, 19.72308292331602, 25.495097567963924], [60.03332407921454, 17.029386365926403, 34.17601498127012, 0.0, 4.0, 16.278820596099706, 24.698178070456937, 30.610455730027933, 22.561028345356956, 9.055385138137417], [62.12889826803627, 20.248456731316587, 37.94733192202055, 4.0, 0.0, 19.209372712298546, 23.53720459187964, 33.24154027718932, 26.476404589747453, 13.038404810405298], [66.76076692189807, 23.08679276123039, 21.0, 16.278820596099706, 19.209372712298546, 0.0, 22.825424421026653, 36.87817782917155, 20.248456731316587, 11.180339887498949], [84.53401682163222, 40.496913462633174, 42.44997055358225, 24.698178070456937, 23.53720459187964, 22.825424421026653, 0.0, 54.70831746635972, 41.773197148410844, 28.42534080710379], [30.083217912982647, 14.317821063276353, 38.27531841800928, 30.610455730027933, 33.24154027718932, 36.87817782917155, 54.70831746635972, 0.0, 19.235384061671343, 26.92582403567252], [47.67598976424087, 10.816653826391969, 19.72308292331602, 22.561028345356956, 26.476404589747453, 20.248456731316587, 41.773197148410844, 19.235384061671343, 0.0, 14.317821063276353], [57.0087712549569, 12.649110640673518, 25.495097567963924, 9.055385138137417, 13.038404810405298, 11.180339887498949, 28.42534080710379, 26.92582403567252, 14.317821063276353, 0.0]], "task_locations": [[57, 96], [74, 55], [55, 32], [87, 44], [91, 44], [76, 32], [96, 21], [68, 68], [65, 49], [78, 43]], "precedence_constraints": [[1, 4], [1, 6], [5, 1]]}