{"Q": [[1, 1, 1], [0, 1, 0], [0, 0, 1]], "R": [[0.0, 0.0, 0.0], [1.0, 0.0, 0.0], [1.0, 1.0, 1.0], [0.0, 1.0, 1.0], [0.0, 0.0, 1.0], [0.0, 0.0, 1.0], [1.0, 1.0, 0.0], [1.0, 1.0, 1.0], [1.0, 1.0, 1.0], [0.0, 0.0, 0.0]], "T_e": [0, 85, 55, 63, 79, 89, 61, 89, 85, 0], "T_t": [[0.0, 18.867962264113206, 40.70626487409524, 49.73932046178355, 32.01562118716424, 38.948684188300895, 42.5440947723653, 40.607881008493905, 62.289646009589745, 45.17742799230607], [18.867962264113206, 0.0, 57.8013840664737, 53.75872022286245, 39.0, 57.62811813689564, 59.07622195096772, 56.08029957123981, 69.77105417004964, 37.0], [40.70626487409524, 57.8013840664737, 0.0, 44.553338819890925, 61.00819617067857, 14.142135623730951, 3.605551275463989, 47.853944456021594, 82.54089895318563, 84.20213774008353], [49.73932046178355, 53.75872022286245, 44.553338819890925, 0.0, 81.54140052758476, 56.61271941887264, 42.190046219457976, 82.00609733428362, 110.75197515168747, 90.47098982546837], [32.01562118716424, 39.0, 61.00819617067857, 81.54140052758476, 0.0, 51.78802950489621, 64.07027391856539, 26.90724809414742, 31.064449134018133, 31.240998703626616], [38.948684188300895, 57.62811813689564, 14.142135623730951, 56.61271941887264, 51.78802950489621, 0.0, 17.69180601295413, 34.785054261852174, 70.09279563550022, 78.29431652425353], [42.5440947723653, 59.07622195096772, 3.605551275463989, 42.190046219457976, 64.07027391856539, 17.69180601295413, 0.0, 51.42956348249516, 86.03487664894976, 86.58521813797087], [40.607881008493905, 56.08029957123981, 47.853944456021594, 82.00609733428362, 26.90724809414742, 34.785054261852174, 51.42956348249516, 0.0, 35.510561809129406, 58.137767414994535], [62.289646009589745, 69.77105417004964, 82.54089895318563, 110.75197515168747, 31.064449134018133, 70.09279563550022, 86.03487664894976, 35.510561809129406, 0.0, 50.08991914547278], [45.17742799230607, 37.0, 84.20213774008353, 90.47098982546837, 31.240998703626616, 78.29431652425353, 86.58521813797087, 58.137767414994535, 50.08991914547278, 0.0]], "task_locations": [[50, 49], [40, 65], [86, 30], [93, 74], [25, 29], [76, 20], [89, 32], [43, 9], [8, 3], [5, 53]], "precedence_constraints": [[7, 1], [7, 8], [4, 5], [4, 1]]}