{"Q": [[1, 0, 1], [0, 1, 0], [1, 1, 1]], "R": [[0.0, 0.0, 0.0], [0.0, 0.0, 1.0], [0.0, 0.0, 1.0], [1.0, 1.0, 1.0], [0.0, 0.0, 1.0], [1.0, 1.0, 0.0], [1.0, 1.0, 0.0], [1.0, 0.0, 1.0], [0.0, 1.0, 0.0], [0.0, 0.0, 0.0]], "T_e": [0, 60, 70, 73, 76, 94, 91, 50, 91, 0], "T_t": [[0.0, 29.410882339705484, 71.42128534267638, 18.384776310850235, 43.93176527297759, 90.80198235721508, 9.433981132056603, 19.235384061671343, 63.245553203367585, 55.97320787662612], [29.410882339705484, 0.0, 63.324560795950255, 26.627053911388696, 23.430749027719962, 77.42092740338364, 37.12142238654117, 45.221676218380054, 69.46221994724903, 51.78802950489621], [71.42128534267638, 63.324560795950255, 0.0, 53.03772242470448, 41.773197148410844, 22.360679774997898, 70.0, 68.47627326307996, 32.57299494980466, 16.1245154965971], [18.384776310850235, 26.627053911388696, 53.03772242470448, 0.0, 30.265491900843113, 72.67048919609665, 18.681541692269406, 22.360679774997898, 47.51841748206689, 37.64306044943742], [43.93176527297759, 23.430749027719962, 41.773197148410844, 30.265491900843113, 0.0, 54.08326913195984, 48.010415536631214, 52.61178575186362, 55.94640292279746, 33.54101966249684], [90.80198235721508, 77.42092740338364, 22.360679774997898, 72.67048919609665, 54.08326913195984, 0.0, 90.55385138137417, 89.96110270555825, 53.33854141237835, 37.94733192202055], [9.433981132056603, 37.12142238654117, 70.0, 18.681541692269406, 48.010415536631214, 90.55385138137417, 0.0, 9.848857801796104, 57.697486947006624, 54.037024344425184], [19.235384061671343, 45.221676218380054, 68.47627326307996, 22.360679774997898, 52.61178575186362, 89.96110270555825, 9.848857801796104, 0.0, 51.86520991955976, 52.354560450833695], [63.245553203367585, 69.46221994724903, 32.57299494980466, 47.51841748206689, 55.94640292279746, 53.33854141237835, 57.697486947006624, 51.86520991955976, 0.0, 24.758836806279895], [55.97320787662612, 51.78802950489621, 16.1245154965971, 37.64306044943742, 33.54101966249684, 37.94733192202055, 54.037024344425184, 52.354560450833695, 24.758836806279895, 0.0]], "task_locations": [[13, 79], [41, 88], [64, 29], [26, 66], [56, 70], [86, 25], [8, 71], [4, 62], [33, 19], [50, 37]], "precedence_constraints": [[4, 3], [4, 2], [5, 7]]}