{"Q": [[1, 0, 1], [1, 0, 0], [1, 1, 1]], "R": [[0.0, 0.0, 0.0], [1.0, 1.0, 0.0], [0.0, 0.0, 1.0], [1.0, 0.0, 1.0], [1.0, 1.0, 1.0], [1.0, 0.0, 0.0], [1.0, 0.0, 1.0], [1.0, 0.0, 0.0], [1.0, 0.0, 1.0], [0.0, 0.0, 0.0]], "T_e": [0, 64, 63, 86, 70, 65, 88, 52, 75, 0], "T_t": [[0.0, 25.019992006393608, 92.57429448826494, 51.0098029794274, 41.7612260356422, 32.89376840679705, 47.4236228055175, 31.064449134018133, 20.223748416156685, 61.032778078668514], [25.019992006393608, 0.0, 90.35485598461214, 55.46169849544819, 65.92419889539804, 46.861498055439924, 61.554853586049575, 37.8021163428716, 5.385164807134504, 64.25729530566937], [92.57429448826494, 90.35485598461214, 0.0, 43.08131845707603, 97.41663102366043, 66.2117814289874, 60.60528029800704, 61.84658438426491, 88.05112151472007, 33.54101966249684], [51.0098029794274, 55.46169849544819, 43.08131845707603, 0.0, 56.586217403180434, 23.323807579381203, 22.47220505424423, 20.024984394500787, 51.62363799656123, 10.04987562112089], [41.7612260356422, 65.92419889539804, 97.41663102366043, 56.586217403180434, 0.0, 34.66987164671943, 36.89173349139343, 46.09772228646444, 60.67124524847005, 64.53681120105021], [32.89376840679705, 46.861498055439924, 66.2117814289874, 23.323807579381203, 34.66987164671943, 0.0, 15.0, 13.0, 41.773197148410844, 32.69556544854363], [47.4236228055175, 61.554853586049575, 60.60528029800704, 22.47220505424423, 36.89173349139343, 15.0, 0.0, 25.059928172283335, 56.568542494923804, 28.42534080710379], [31.064449134018133, 37.8021163428716, 61.84658438426491, 20.024984394500787, 46.09772228646444, 13.0, 25.059928172283335, 0.0, 33.28663395418648, 30.0], [20.223748416156685, 5.385164807134504, 88.05112151472007, 51.62363799656123, 60.67124524847005, 41.773197148410844, 56.568542494923804, 33.28663395418648, 0.0, 60.728905802755904], [61.032778078668514, 64.25729530566937, 33.54101966249684, 10.04987562112089, 64.53681120105021, 32.69556544854363, 28.42534080710379, 30.0, 60.728905802755904, 0.0]], "task_locations": [[59, 93], [34, 92], [42, 2], [58, 42], [99, 81], [70, 62], [79, 50], [57, 62], [39, 90], [57, 32]], "precedence_constraints": [[8, 7], [7, 5], [1, 4]]}