{"Q": [[1, 1, 1], [0, 0, 1], [1, 1, 0]], "R": [[0.0, 0.0, 0.0], [0.0, 0.0, 1.0], [1.0, 1.0, 1.0], [1.0, 1.0, 0.0], [1.0, 1.0, 1.0], [1.0, 1.0, 0.0], [1.0, 1.0, 1.0], [0.0, 0.0, 1.0], [0.0, 1.0, 0.0], [0.0, 0.0, 0.0]], "T_e": [0, 55, 74, 75, 75, 59, 86, 59, 96, 0], "T_t": [[0.0, 52.009614495783374, 73.87827826905551, 63.52952069707436, 31.38470965295043, 7.0710678118654755, 82.20097323024831, 45.89117562233506, 59.0592922409336, 41.10960958218893], [52.009614495783374, 0.0, 46.2709412050371, 31.25699921617557, 70.68238818828917, 59.0, 65.06919393998976, 75.21303078589507, 56.36488268416781, 39.05124837953327], [73.87827826905551, 46.2709412050371, 0.0, 77.00649323271382, 102.6498904042279, 78.81624198095213, 20.615528128088304, 66.03029607687671, 29.427877939124322, 34.0], [63.52952069707436, 31.25699921617557, 77.00649323271382, 0.0, 68.00735254367721, 70.21395872616783, 96.25487000666512, 99.24716620639605, 86.64871608973787, 67.54257916307313], [31.38470965295043, 70.68238818828917, 102.6498904042279, 68.00735254367721, 0.0, 30.4138126514911, 112.89818421923357, 74.06078584514209, 90.33825324855468, 71.56116265125938], [7.0710678118654755, 59.0, 78.81624198095213, 70.21395872616783, 30.4138126514911, 0.0, 85.7962703152066, 44.04543109109048, 61.85466837676846, 45.34313619501854], [82.20097323024831, 65.06919393998976, 20.615528128088304, 96.25487000666512, 112.89818421923357, 85.7962703152066, 0.0, 61.68468205316454, 25.238858928247925, 41.340053217188775], [45.89117562233506, 75.21303078589507, 66.03029607687671, 99.24716620639605, 74.06078584514209, 44.04543109109048, 61.68468205316454, 0.0, 37.656340767525464, 38.62641583165593], [59.0592922409336, 56.36488268416781, 29.427877939124322, 86.64871608973787, 90.33825324855468, 61.85466837676846, 25.238858928247925, 37.656340767525464, 0.0, 21.02379604162864], [41.10960958218893, 39.05124837953327, 34.0, 67.54257916307313, 71.56116265125938, 45.34313619501854, 41.340053217188775, 38.62641583165593, 21.02379604162864, 0.0]], "task_locations": [[66, 15], [65, 67], [19, 72], [96, 71], [95, 3], [65, 8], [0, 64], [21, 6], [14, 43], [35, 42]], "precedence_constraints": [[1, 6], [2, 3], [4, 1], [8, 4]]}