{"Q": [[1, 0, 0], [0, 1, 1], [0, 1, 0]], "R": [[0.0, 0.0, 0.0], [1.0, 0.0, 1.0], [1.0, 0.0, 0.0], [1.0, 0.0, 1.0], [0.0, 0.0, 1.0], [0.0, 1.0, 1.0], [0.0, 1.0, 0.0], [1.0, 1.0, 1.0], [1.0, 1.0, 1.0], [0.0, 0.0, 0.0]], "T_e": [0, 85, 58, 55, 99, 56, 69, 95, 61, 0], "T_t": [[0.0, 58.249463516842795, 58.69412236331676, 60.876925020897694, 53.600373133029585, 84.17244204607586, 33.54101966249684, 79.51100552753688, 66.70832032063167, 33.1058907144937], [58.249463516842795, 0.0, 21.02379604162864, 3.605551275463989, 5.656854249492381, 73.00684899377592, 38.18376618407357, 63.12685640834652, 87.70974860299168, 37.48332962798263], [58.69412236331676, 21.02379604162864, 0.0, 24.020824298928627, 17.72004514666935, 52.0, 28.635642126552707, 42.1070065428546, 70.60453243241541, 28.442925306655784], [60.876925020897694, 3.605551275463989, 24.020824298928627, 0.0, 9.219544457292887, 76.00657866263946, 41.72529209005013, 66.03029607687671, 91.30169768410661, 41.012193308819754], [53.600373133029585, 5.656854249492381, 17.72004514666935, 9.219544457292887, 0.0, 69.18092222571191, 32.526911934581186, 59.53990258641679, 82.29823813423954, 31.827660925679098], [84.17244204607586, 73.00684899377592, 52.0, 76.00657866263946, 69.18092222571191, 0.0, 53.85164807134504, 10.44030650891055, 43.18564576337837, 54.70831746635972], [33.54101966249684, 38.18376618407357, 28.635642126552707, 41.72529209005013, 32.526911934581186, 53.85164807134504, 0.0, 47.50789408087881, 52.20153254455275, 1.0], [79.51100552753688, 63.12685640834652, 42.1070065428546, 66.03029607687671, 59.53990258641679, 10.44030650891055, 47.50789408087881, 0.0, 48.08326112068523, 48.27007354458868], [66.70832032063167, 87.70974860299168, 70.60453243241541, 91.30169768410661, 82.29823813423954, 43.18564576337837, 52.20153254455275, 48.08326112068523, 0.0, 53.16013544000805], [33.1058907144937, 37.48332962798263, 28.442925306655784, 41.012193308819754, 31.827660925679098, 54.70831746635972, 1.0, 48.27007354458868, 53.16013544000805, 0.0]], "task_locations": [[73, 31], [85, 88], [64, 89], [88, 90], [81, 84], [12, 89], [58, 61], [22, 92], [8, 46], [59, 61]], "precedence_constraints": [[8, 4], [2, 1], [7, 2], [6, 3]]}