{"Q": [[1, 1, 0], [1, 0, 1], [0, 1, 0]], "R": [[0.0, 0.0, 0.0], [1.0, 1.0, 1.0], [1.0, 0.0, 0.0], [0.0, 1.0, 1.0], [0.0, 0.0, 1.0], [1.0, 0.0, 1.0], [0.0, 0.0, 1.0], [0.0, 1.0, 1.0], [0.0, 1.0, 0.0], [0.0, 0.0, 0.0]], "T_e": [0, 78, 85, 89, 55, 90, 84, 85, 91, 0], "T_t": [[0.0, 64.53681120105021, 55.0, 51.419840528729765, 23.08679276123039, 35.12833614050059, 15.033296378372908, 56.4003546088143, 19.313207915827967, 25.019992006393608], [64.53681120105021, 0.0, 42.42640687119285, 13.152946437965905, 46.06517122512408, 69.26037828369117, 79.07591289387686, 26.90724809414742, 64.4980619863884, 64.93843238021688], [55.0, 42.42640687119285, 0.0, 36.235341863986875, 52.172789842982326, 37.107950630558946, 64.4437739428721, 15.620499351813308, 67.23094525588644, 38.948684188300895], [51.419840528729765, 13.152946437965905, 36.235341863986875, 0.0, 33.83784863137726, 57.77542730261716, 65.92419889539804, 22.561028345356956, 52.43090691567332, 52.630789467763066], [23.08679276123039, 46.06517122512408, 52.172789842982326, 33.83784863137726, 0.0, 48.877397639399746, 37.8549864614954, 47.01063709417264, 18.601075237738275, 39.408120990476064], [35.12833614050059, 69.26037828369117, 37.107950630558946, 57.77542730261716, 48.877397639399746, 0.0, 36.05551275463989, 48.010415536631214, 53.9351462406472, 10.198039027185569], [15.033296378372908, 79.07591289387686, 64.4437739428721, 65.92419889539804, 37.8549864614954, 36.05551275463989, 0.0, 68.47627326307996, 29.068883707497267, 27.784887978899608], [56.4003546088143, 26.90724809414742, 15.620499351813308, 22.561028345356956, 47.01063709417264, 48.010415536631214, 68.47627326307996, 0.0, 64.40496875241847, 46.87216658103186], [19.313207915827967, 64.4980619863884, 67.23094525588644, 52.43090691567332, 18.601075237738275, 53.9351462406472, 29.068883707497267, 64.40496875241847, 0.0, 43.73785545725808], [25.019992006393608, 64.93843238021688, 38.948684188300895, 52.630789467763066, 39.408120990476064, 10.198039027185569, 27.784887978899608, 46.87216658103186, 43.73785545725808, 0.0]], "task_locations": [[21, 58], [84, 44], [54, 14], [71, 46], [43, 65], [18, 23], [6, 57], [66, 24], [28, 76], [20, 33]], "precedence_constraints": [[7, 2], [3, 2], [6, 4]]}