{"Q": [[0, 0, 1], [1, 1, 1], [1, 0, 0]], "R": [[0.0, 0.0, 0.0], [0.0, 1.0, 0.0], [1.0, 1.0, 1.0], [0.0, 1.0, 0.0], [0.0, 1.0, 0.0], [0.0, 1.0, 1.0], [1.0, 0.0, 1.0], [0.0, 0.0, 1.0], [1.0, 1.0, 0.0], [0.0, 0.0, 0.0]], "T_e": [0, 98, 67, 90, 55, 74, 71, 87, 59, 0], "T_t": [[0.0, 57.87054518492115, 53.85164807134504, 70.00714249274856, 89.1852005660132, 51.0098029794274, 53.009433122794285, 46.51881339845203, 27.51363298439521, 100.60318086422517], [57.87054518492115, 0.0, 13.45362404707371, 74.96665925596525, 72.61542535852834, 65.0, 34.655446902326915, 13.152946437965905, 46.69047011971501, 62.289646009589745], [53.85164807134504, 13.45362404707371, 0.0, 61.554853586049575, 60.08327554319921, 52.32590180780452, 21.213203435596427, 8.94427190999916, 37.05401462729781, 54.120236510939236], [70.00714249274856, 74.96665925596525, 61.554853586049575, 0.0, 30.01666203960727, 19.1049731745428, 40.36087214122113, 64.66065264130884, 44.721359549995796, 60.8276253029822], [89.1852005660132, 72.61542535852834, 60.08327554319921, 30.01666203960727, 0.0, 44.04543109109048, 42.190046219457976, 66.70832032063167, 61.68468205316454, 34.36568055487916], [51.0098029794274, 65.0, 52.32590180780452, 19.1049731745428, 44.04543109109048, 0.0, 32.984845004941285, 53.009433122794285, 26.92582403567252, 68.4470598345904], [53.009433122794285, 34.655446902326915, 21.213203435596427, 40.36087214122113, 42.190046219457976, 32.984845004941285, 0.0, 25.495097567963924, 27.80287754891569, 47.634021455258214], [46.51881339845203, 13.152946437965905, 8.94427190999916, 64.66065264130884, 66.70832032063167, 53.009433122794285, 25.495097567963924, 0.0, 33.54101966249684, 62.93647591023825], [27.51363298439521, 46.69047011971501, 37.05401462729781, 44.721359549995796, 61.68468205316454, 26.92582403567252, 27.80287754891569, 33.54101966249684, 0.0, 74.96665925596525], [100.60318086422517, 62.289646009589745, 54.120236510939236, 60.8276253029822, 34.36568055487916, 68.4470598345904, 47.634021455258214, 62.93647591023825, 74.96665925596525, 0.0]], "task_locations": [[85, 30], [67, 85], [57, 76], [15, 31], [0, 57], [34, 29], [42, 61], [65, 72], [59, 39], [5, 91]], "precedence_constraints": [[5, 8], [2, 1]]}