{"Q": [[0, 0, 1], [1, 1, 1], [1, 1, 0]], "R": [[0.0, 0.0, 0.0], [0.0, 1.0, 1.0], [0.0, 1.0, 1.0], [0.0, 1.0, 0.0], [1.0, 1.0, 0.0], [0.0, 1.0, 1.0], [0.0, 0.0, 1.0], [1.0, 0.0, 0.0], [1.0, 1.0, 1.0], [0.0, 0.0, 0.0]], "T_e": [0, 73, 94, 62, 57, 65, 92, 97, 50, 0], "T_t": [[0.0, 32.38826948140329, 37.73592452822641, 55.226805085936306, 34.36568055487916, 31.144823004794873, 21.2602916254693, 13.892443989449804, 48.83646178829912, 57.48912940721924], [32.38826948140329, 0.0, 38.897300677553446, 80.15609770940699, 47.43416490252569, 55.97320787662612, 18.35755975068582, 44.04543109109048, 57.77542730261716, 84.62860036654276], [37.73592452822641, 38.897300677553446, 0.0, 51.24451190127583, 15.132745950421556, 68.60029154456998, 46.17358552246078, 50.44799302251776, 19.4164878389476, 58.249463516842795], [55.226805085936306, 80.15609770940699, 51.24451190127583, 0.0, 36.40054944640259, 70.45565981523414, 75.8023746329889, 56.61271941887264, 38.01315561749642, 8.54400374531753], [34.36568055487916, 47.43416490252569, 15.132745950421556, 36.40054944640259, 0.0, 62.64982043070834, 49.24428900898052, 44.384682042344295, 14.560219778561036, 43.174066289845804], [31.144823004794873, 55.97320787662612, 68.60029154456998, 70.45565981523414, 62.64982043070834, 0.0, 38.07886552931954, 18.35755975068582, 77.07788269017254, 68.8839603971781], [21.2602916254693, 18.35755975068582, 46.17358552246078, 75.8023746329889, 49.24428900898052, 38.07886552931954, 0.0, 28.861739379323623, 62.39390995922599, 78.56844150166147], [13.892443989449804, 44.04543109109048, 50.44799302251776, 56.61271941887264, 44.384682042344295, 18.35755975068582, 28.861739379323623, 0.0, 58.872744118140105, 56.79788728465171], [48.83646178829912, 57.77542730261716, 19.4164878389476, 38.01315561749642, 14.560219778561036, 77.07788269017254, 62.39390995922599, 58.872744118140105, 0.0, 46.17358552246078], [57.48912940721924, 84.62860036654276, 58.249463516842795, 8.54400374531753, 43.174066289845804, 68.8839603971781, 78.56844150166147, 56.79788728465171, 46.17358552246078, 0.0]], "task_locations": [[45, 31], [13, 26], [25, 63], [74, 78], [40, 65], [66, 8], [29, 17], [57, 24], [36, 79], [82, 75]], "precedence_constraints": [[3, 4], [1, 5], [7, 2]]}