{"Q": [[1, 0, 1], [0, 0, 1], [0, 1, 1]], "R": [[0.0, 0.0, 0.0], [0.0, 0.0, 1.0], [0.0, 0.0, 1.0], [1.0, 0.0, 0.0], [1.0, 0.0, 1.0], [0.0, 1.0, 0.0], [1.0, 1.0, 0.0], [1.0, 0.0, 1.0], [1.0, 1.0, 1.0], [0.0, 0.0, 0.0]], "T_e": [0, 67, 76, 78, 52, 96, 92, 52, 99, 0], "T_t": [[0.0, 36.89173349139343, 76.6550715869472, 47.80167361086848, 77.12976079309465, 47.75981574503821, 74.21590126111789, 45.880278987817846, 43.18564576337837, 72.18032973047436], [36.89173349139343, 0.0, 54.08326913195984, 31.622776601683793, 44.04543109109048, 29.154759474226502, 55.90169943749474, 50.11985634456667, 26.832815729997478, 51.85556864985669], [76.6550715869472, 54.08326913195984, 0.0, 84.29116205154607, 28.0178514522438, 81.39410298049853, 8.94427190999916, 104.10091258005379, 33.54101966249684, 5.830951894845301], [47.80167361086848, 31.622776601683793, 84.29116205154607, 0.0, 68.0294054067798, 3.1622776601683795, 87.04596486914255, 26.076809620810597, 58.309518948453004, 82.73451516749222], [77.12976079309465, 44.04543109109048, 28.0178514522438, 68.0294054067798, 0.0, 64.88451279003334, 36.124783736376884, 91.76055797563569, 38.8329756778952, 31.25699921617557], [47.75981574503821, 29.154759474226502, 81.39410298049853, 3.1622776601683795, 64.88451279003334, 0.0, 84.29116205154607, 29.017236257093817, 55.94640292279746, 79.93122043357026], [74.21590126111789, 55.90169943749474, 8.94427190999916, 87.04596486914255, 36.124783736376884, 84.29116205154607, 0.0, 105.20931517693668, 32.202484376209235, 5.0990195135927845], [45.880278987817846, 50.11985634456667, 104.10091258005379, 26.076809620810597, 91.76055797563569, 29.017236257093817, 105.20931517693668, 0.0, 73.7563556583431, 101.51354589413178], [43.18564576337837, 26.832815729997478, 33.54101966249684, 58.309518948453004, 38.8329756778952, 55.94640292279746, 32.202484376209235, 73.7563556583431, 0.0, 29.410882339705484], [72.18032973047436, 51.85556864985669, 5.830951894845301, 82.73451516749222, 31.25699921617557, 79.93122043357026, 5.0990195135927845, 101.51354589413178, 29.410882339705484, 0.0]], "task_locations": [[18, 76], [38, 45], [8, 0], [64, 63], [36, 1], [63, 60], [0, 4], [62, 89], [14, 33], [5, 5]], "precedence_constraints": [[8, 7], [8, 1], [3, 1], [6, 3]]}