{"Q": [[0, 0, 1], [1, 0, 0], [0, 1, 1]], "R": [[0.0, 0.0, 0.0], [1.0, 1.0, 0.0], [1.0, 1.0, 1.0], [0.0, 1.0, 0.0], [0.0, 0.0, 1.0], [0.0, 1.0, 0.0], [1.0, 0.0, 1.0], [1.0, 0.0, 1.0], [0.0, 0.0, 1.0], [0.0, 0.0, 0.0]], "T_e": [0, 70, 81, 99, 53, 99, 67, 59, 54, 0], "T_t": [[0.0, 57.21887800367987, 67.80117993073571, 75.43208866258443, 58.52349955359813, 42.05948168962618, 116.03878661895772, 70.71067811865476, 97.0051545022222, 64.03124237432849], [57.21887800367987, 0.0, 36.124783736376884, 42.04759208325728, 28.160255680657446, 25.0, 87.29833904490967, 93.34880824091971, 72.02777242147643, 83.43860018001261], [67.80117993073571, 36.124783736376884, 0.0, 7.810249675906654, 10.295630140987, 27.018512172212592, 53.14132102234569, 70.26378868236469, 36.345563690772494, 60.53924347066124], [75.43208866258443, 42.04759208325728, 7.810249675906654, 0.0, 18.027756377319946, 34.828149534535996, 45.880278987817846, 72.73238618387272, 30.0, 63.324560795950255], [58.52349955359813, 28.160255680657446, 10.295630140987, 18.027756377319946, 0.0, 16.97056274847714, 63.324560795950255, 70.178344238091, 46.09772228646444, 60.207972893961475], [42.05948168962618, 25.0, 27.018512172212592, 34.828149534535996, 16.97056274847714, 0.0, 79.1580697086532, 68.62215385719105, 61.09828148156051, 58.7962583843564], [116.03878661895772, 87.29833904490967, 53.14132102234569, 45.880278987817846, 63.324560795950255, 79.1580697086532, 0.0, 84.64632301523794, 19.1049731745428, 78.77182237323191], [70.71067811865476, 93.34880824091971, 70.26378868236469, 72.73238618387272, 70.178344238091, 68.62215385719105, 84.64632301523794, 0.0, 69.35416353759881, 10.0], [97.0051545022222, 72.02777242147643, 36.345563690772494, 30.0, 46.09772228646444, 61.09828148156051, 19.1049731745428, 69.35416353759881, 0.0, 62.369864518050704], [64.03124237432849, 83.43860018001261, 60.53924347066124, 63.324560795950255, 60.207972893961475, 58.7962583843564, 78.77182237323191, 10.0, 62.369864518050704, 0.0]], "task_locations": [[8, 88], [13, 31], [49, 34], [55, 29], [40, 39], [28, 51], [99, 16], [78, 98], [85, 29], [72, 90]], "precedence_constraints": [[1, 5], [1, 6], [2, 4]]}