{"Q": [[1, 1, 1], [0, 0, 1], [0, 1, 1]], "R": [[0.0, 0.0, 0.0], [1.0, 0.0, 0.0], [1.0, 1.0, 1.0], [1.0, 1.0, 1.0], [0.0, 1.0, 0.0], [0.0, 1.0, 0.0], [0.0, 1.0, 1.0], [1.0, 1.0, 0.0], [0.0, 1.0, 0.0], [0.0, 0.0, 0.0]], "T_e": [0, 89, 91, 57, 70, 75, 56, 54, 84, 0], "T_t": [[0.0, 85.70880934886448, 64.13267497929586, 20.248456731316587, 83.6301381082203, 86.12200647918046, 82.00609733428362, 48.46648326421054, 91.13725912051558, 39.293765408777], [85.70880934886448, 0.0, 22.02271554554524, 74.24284477308234, 49.193495504995376, 8.06225774829855, 43.829214001622255, 75.13321502504735, 8.48528137423857, 79.71198153351854], [64.13267497929586, 22.02271554554524, 0.0, 52.23983154643591, 43.0, 22.135943621178654, 38.05259518088089, 55.80322571321482, 28.861739379323623, 59.033888572581766], [20.248456731316587, 74.24284477308234, 52.23983154643591, 0.0, 64.40496875241847, 73.02739212103907, 63.28506932918696, 28.861739379323623, 80.89499366462674, 21.02379604162864], [83.6301381082203, 49.193495504995376, 43.0, 64.40496875241847, 0.0, 41.677331968349414, 5.385164807134504, 46.09772228646444, 57.30619512757761, 55.65968020030299], [86.12200647918046, 8.06225774829855, 22.135943621178654, 73.02739212103907, 41.677331968349414, 0.0, 36.359317925395686, 70.9365914038728, 15.652475842498529, 76.40026177965623], [82.00609733428362, 43.829214001622255, 38.05259518088089, 63.28506932918696, 5.385164807134504, 36.359317925395686, 0.0, 47.265209192385896, 51.97114584074513, 56.293871780150276], [48.46648326421054, 75.13321502504735, 55.80322571321482, 28.861739379323623, 46.09772228646444, 70.9365914038728, 47.265209192385896, 0.0, 83.24061508662703, 10.63014581273465], [91.13725912051558, 8.48528137423857, 28.861739379323623, 80.89499366462674, 57.30619512757761, 15.652475842498529, 51.97114584074513, 83.24061508662703, 0.0, 87.46427842267951], [39.293765408777, 79.71198153351854, 59.033888572581766, 21.02379604162864, 55.65968020030299, 76.40026177965623, 56.293871780150276, 10.63014581273465, 87.46427842267951, 0.0]], "task_locations": [[1, 98], [86, 87], [64, 86], [12, 81], [64, 43], [85, 79], [66, 48], [19, 53], [92, 93], [11, 60]], "precedence_constraints": [[8, 1], [7, 6], [2, 7]]}