{"Q": [[1, 1, 1], [0, 1, 1], [0, 0, 1]], "R": [[0.0, 0.0, 0.0], [1.0, 0.0, 0.0], [1.0, 1.0, 0.0], [0.0, 1.0, 1.0], [0.0, 1.0, 1.0], [1.0, 0.0, 1.0], [1.0, 0.0, 0.0], [1.0, 1.0, 1.0], [0.0, 0.0, 1.0], [0.0, 0.0, 0.0]], "T_e": [0, 78, 66, 60, 77, 56, 74, 89, 52, 0], "T_t": [[0.0, 54.3415126767741, 17.029386365926403, 68.8839603971781, 25.495097567963924, 50.24937810560445, 24.020824298928627, 32.01562118716424, 64.40496875241847, 40.85339643163099], [54.3415126767741, 0.0, 71.19691004531025, 31.304951684997057, 44.68780594300866, 61.26989472816156, 31.016124838541646, 29.732137494637012, 50.00999900019995, 62.80127387243033], [17.029386365926403, 71.19691004531025, 0.0, 85.32877591996736, 39.395431207184416, 60.108235708594876, 41.048751503547585, 48.507731342539614, 78.29431652425353, 48.91829923454004], [68.8839603971781, 31.304951684997057, 85.32877591996736, 0.0, 48.010415536631214, 49.09175083453431, 46.238512086787566, 36.87817782917155, 26.627053911388696, 56.462376853972415], [25.495097567963924, 44.68780594300866, 39.395431207184416, 48.010415536631214, 0.0, 26.92582403567252, 18.681541692269406, 15.0, 39.11521443121589, 21.37755832643195], [50.24937810560445, 61.26989472816156, 60.108235708594876, 49.09175083453431, 26.92582403567252, 0.0, 44.04543109109048, 35.35533905932738, 26.476404589747453, 12.083045973594572], [24.020824298928627, 31.016124838541646, 41.048751503547585, 46.238512086787566, 18.681541692269406, 44.04543109109048, 0.0, 11.40175425099138, 48.010415536631214, 40.024992192379], [32.01562118716424, 29.732137494637012, 48.507731342539614, 36.87817782917155, 15.0, 35.35533905932738, 11.40175425099138, 0.0, 36.61966684720111, 34.0], [64.40496875241847, 50.00999900019995, 78.29431652425353, 26.627053911388696, 39.11521443121589, 26.476404589747453, 48.010415536631214, 36.61966684720111, 0.0, 37.0], [40.85339643163099, 62.80127387243033, 48.91829923454004, 56.462376853972415, 21.37755832643195, 12.083045973594572, 40.024992192379, 34.0, 37.0, 0.0]], "task_locations": [[44, 21], [32, 74], [45, 4], [60, 88], [61, 40], [87, 47], [43, 45], [52, 52], [82, 73], [82, 36]], "precedence_constraints": [[2, 8], [2, 1], [6, 4], [8, 3]]}