{"Q": [[1, 1, 0], [0, 1, 0], [0, 0, 1]], "R": [[0.0, 0.0, 0.0], [0.0, 1.0, 1.0], [1.0, 0.0, 1.0], [0.0, 0.0, 1.0], [1.0, 0.0, 0.0], [0.0, 1.0, 1.0], [0.0, 1.0, 0.0], [1.0, 0.0, 0.0], [0.0, 1.0, 0.0], [0.0, 0.0, 0.0]], "T_e": [0, 90, 62, 94, 97, 90, 71, 96, 76, 0], "T_t": [[0.0, 52.478567053607705, 29.154759474226502, 68.73136110975832, 27.51363298439521, 45.39823785126467, 60.876925020897694, 74.02702209328699, 85.98255637046388, 65.06919393998976], [52.478567053607705, 0.0, 24.08318915758459, 53.907327887774215, 26.1725046566048, 54.08326913195984, 68.0, 31.016124838541646, 45.044422518220834, 18.110770276274835], [29.154759474226502, 24.08318915758459, 0.0, 59.481089431852205, 2.23606797749979, 47.38143096192854, 63.7808748764079, 50.695167422546305, 64.19501538281614, 39.44616584663204], [68.73136110975832, 53.907327887774215, 59.481089431852205, 0.0, 61.1310068623117, 28.0178514522438, 26.570660511172846, 37.36308338453881, 37.21558813185679, 43.56604182158393], [27.51363298439521, 26.1725046566048, 2.23606797749979, 61.1310068623117, 0.0, 48.16637831516918, 64.66065264130884, 52.92447448959697, 66.40783086353596, 41.677331968349414], [45.39823785126467, 54.08326913195984, 47.38143096192854, 28.0178514522438, 48.16637831516918, 0.0, 16.64331697709324, 53.600373133029585, 59.481089431852205, 53.0], [60.876925020897694, 68.0, 63.7808748764079, 26.570660511172846, 64.66065264130884, 16.64331697709324, 0.0, 61.00819617067857, 63.34824385884742, 63.56099432828282], [74.02702209328699, 31.016124838541646, 50.695167422546305, 37.36308338453881, 52.92447448959697, 53.600373133029585, 61.00819617067857, 0.0, 14.035668847618199, 13.038404810405298], [85.98255637046388, 45.044422518220834, 64.19501538281614, 37.21558813185679, 66.40783086353596, 59.481089431852205, 63.34824385884742, 14.035668847618199, 0.0, 27.0], [65.06919393998976, 18.110770276274835, 39.44616584663204, 43.56604182158393, 41.677331968349414, 53.0, 63.56099432828282, 13.038404810405298, 27.0, 0.0]], "task_locations": [[9, 77], [36, 32], [20, 50], [77, 67], [18, 51], [54, 83], [68, 92], [67, 31], [81, 30], [54, 30]], "precedence_constraints": [[1, 7], [5, 6], [8, 1]]}