{"Q": [[0, 1, 0], [1, 1, 1], [0, 0, 1]], "R": [[0.0, 0.0, 0.0], [1.0, 1.0, 1.0], [0.0, 1.0, 1.0], [1.0, 0.0, 1.0], [1.0, 1.0, 0.0], [1.0, 0.0, 0.0], [0.0, 0.0, 1.0], [0.0, 0.0, 1.0], [0.0, 0.0, 1.0], [0.0, 0.0, 0.0]], "T_e": [0, 96, 78, 76, 75, 92, 53, 56, 63, 0], "T_t": [[0.0, 24.331050121192877, 19.1049731745428, 39.35733730830886, 5.830951894845301, 29.154759474226502, 34.132096331752024, 7.280109889280518, 57.48912940721924, 32.449961479175904], [24.331050121192877, 0.0, 43.41658669218482, 57.3149195236284, 29.017236257093817, 46.75467891024384, 48.877397639399746, 31.575306807693888, 77.62087348130012, 52.88667128870941], [19.1049731745428, 43.41658669218482, 0.0, 33.015148038438355, 14.866068747318506, 26.248809496813376, 31.016124838541646, 12.0, 45.69463863518345, 21.540659228538015], [39.35733730830886, 57.3149195236284, 33.015148038438355, 0.0, 40.162171256046406, 10.63014581273465, 64.0, 34.785054261852174, 21.02379604162864, 53.75872022286245], [5.830951894845301, 29.017236257093817, 14.866068747318506, 40.162171256046406, 0.0, 30.59411708155671, 29.068883707497267, 5.385164807134504, 56.859475903318, 26.627053911388696], [29.154759474226502, 46.75467891024384, 26.248809496813376, 10.63014581273465, 30.59411708155671, 0.0, 56.43580423808985, 25.317977802344327, 31.064449134018133, 47.75981574503821], [34.132096331752024, 48.877397639399746, 31.016124838541646, 64.0, 29.068883707497267, 56.43580423808985, 0.0, 32.89376840679705, 75.43208866258443, 14.212670403551895], [7.280109889280518, 31.575306807693888, 12.0, 34.785054261852174, 5.385164807134504, 25.317977802344327, 32.89376840679705, 0.0, 51.61395160225576, 28.284271247461902], [57.48912940721924, 77.62087348130012, 45.69463863518345, 21.02379604162864, 56.859475903318, 31.064449134018133, 75.43208866258443, 51.61395160225576, 0.0, 62.80127387243033], [32.449961479175904, 52.88667128870941, 21.540659228538015, 53.75872022286245, 26.627053911388696, 47.75981574503821, 14.212670403551895, 28.284271247461902, 62.80127387243033, 0.0]], "task_locations": [[39, 35], [15, 31], [58, 37], [57, 70], [44, 32], [50, 62], [57, 6], [46, 37], [76, 79], [66, 17]], "precedence_constraints": [[2, 5], [5, 3], [8, 1]]}