{"Q": [[1, 1, 1], [0, 1, 1], [1, 1, 1]], "R": [[0.0, 0.0, 0.0], [1.0, 1.0, 1.0], [0.0, 0.0, 1.0], [1.0, 0.0, 0.0], [1.0, 0.0, 0.0], [0.0, 0.0, 1.0], [0.0, 1.0, 1.0], [0.0, 1.0, 0.0], [0.0, 1.0, 1.0], [0.0, 0.0, 0.0]], "T_e": [0, 73, 92, 75, 70, 53, 73, 66, 96, 0], "T_t": [[0.0, 29.966648127543394, 40.80441152620633, 49.57822102496216, 68.11754546370561, 16.15549442140351, 30.14962686336267, 59.033888572581766, 65.03076195155643, 1.0], [29.966648127543394, 0.0, 66.007575322837, 67.05221845696084, 59.61543424315552, 13.892443989449804, 34.48187929913333, 81.04936767180853, 93.2148056909416, 30.4138126514911], [40.80441152620633, 66.007575322837, 0.0, 21.095023109728988, 70.60453243241541, 54.3323108288245, 40.24922359499622, 19.79898987322333, 29.5296461204668, 41.10960958218893], [49.57822102496216, 67.05221845696084, 21.095023109728988, 0.0, 53.907327887774215, 58.59180830116101, 34.132096331752024, 17.46424919657298, 44.82186966202994, 50.24937810560445], [68.11754546370561, 59.61543424315552, 70.60453243241541, 53.907327887774215, 0.0, 62.96824596572466, 38.63935817272331, 70.80254232723568, 98.29038610159185, 69.1158447825099], [16.15549442140351, 13.892443989449804, 54.3323108288245, 58.59180830116101, 62.96824596572466, 0.0, 30.0, 70.8801805866774, 80.39900496896712, 16.55294535724685], [30.14962686336267, 34.48187929913333, 40.24922359499622, 34.132096331752024, 38.63935817272331, 30.0, 0.0, 50.15974481593781, 69.77105417004964, 31.144823004794873], [59.033888572581766, 81.04936767180853, 19.79898987322333, 17.46424919657298, 70.80254232723568, 70.8801805866774, 50.15974481593781, 0.0, 30.463092423455635, 59.481089431852205], [65.03076195155643, 93.2148056909416, 29.5296461204668, 44.82186966202994, 98.29038610159185, 80.39900496896712, 69.77105417004964, 30.463092423455635, 0.0, 65.00769185258002], [1.0, 30.4138126514911, 41.10960958218893, 50.24937810560445, 69.1158447825099, 16.55294535724685, 31.144823004794873, 59.481089431852205, 65.00769185258002, 0.0]], "task_locations": [[20, 29], [33, 2], [32, 68], [53, 66], [88, 25], [26, 14], [50, 32], [46, 82], [18, 94], [19, 29]], "precedence_constraints": [[5, 1], [6, 1], [3, 4], [3, 6], [7, 5], [2, 1]]}