{"Q": [[0, 0, 1], [1, 1, 0], [1, 0, 0]], "R": [[0.0, 0.0, 0.0], [1.0, 1.0, 1.0], [1.0, 0.0, 0.0], [0.0, 0.0, 1.0], [1.0, 0.0, 1.0], [1.0, 1.0, 1.0], [1.0, 1.0, 0.0], [0.0, 1.0, 0.0], [1.0, 1.0, 0.0], [0.0, 0.0, 0.0]], "T_e": [0, 81, 91, 90, 50, 62, 50, 56, 63, 0], "T_t": [[0.0, 13.45362404707371, 23.021728866442675, 105.20931517693668, 42.190046219457976, 64.07807737440318, 87.96590248499699, 116.51609330903607, 87.98295289429652, 62.24146527838174], [13.45362404707371, 0.0, 16.401219466856727, 91.83681179135085, 34.539832078341085, 51.54609587543949, 78.05767098754612, 103.07764064044152, 74.79304780526061, 48.79549159502341], [23.021728866442675, 16.401219466856727, 0.0, 88.3911760301898, 19.235384061671343, 44.40720662234904, 88.56635930193812, 100.56838469419701, 70.09279563550022, 49.193495504995376], [105.20931517693668, 91.83681179135085, 88.3911760301898, 0.0, 78.77182237323191, 45.221676218380054, 76.21679604916491, 13.0, 18.867962264113206, 44.28317965096906], [42.190046219457976, 34.539832078341085, 19.235384061671343, 78.77182237323191, 0.0, 33.61547262794322, 95.50916186418976, 91.58602513484249, 59.90826320300064, 47.095647357266465], [64.07807737440318, 51.54609587543949, 44.40720662234904, 45.221676218380054, 33.61547262794322, 0.0, 77.20103626247513, 57.982756057296896, 26.40075756488817, 22.80350850198276], [87.96590248499699, 78.05767098754612, 88.56635930193812, 76.21679604916491, 95.50916186418976, 77.20103626247513, 0.0, 78.08969202141856, 74.33034373659252, 54.405882034941776], [116.51609330903607, 103.07764064044152, 100.56838469419701, 13.0, 91.58602513484249, 57.982756057296896, 78.08969202141856, 0.0, 31.76476034853718, 54.644304369257], [87.98295289429652, 74.79304780526061, 70.09279563550022, 18.867962264113206, 59.90826320300064, 26.40075756488817, 74.33034373659252, 31.76476034853718, 0.0, 30.14962686336267], [62.24146527838174, 48.79549159502341, 49.193495504995376, 44.28317965096906, 47.095647357266465, 22.80350850198276, 54.405882034941776, 54.644304369257, 30.14962686336267, 0.0]], "task_locations": [[2, 6], [12, 15], [25, 5], [87, 68], [44, 2], [61, 31], [15, 93], [92, 80], [77, 52], [47, 49]], "precedence_constraints": [[2, 6], [6, 8], [7, 6]]}