{"Q": [[1, 1, 0], [0, 0, 1], [0, 1, 0]], "R": [[0.0, 0.0, 0.0], [0.0, 1.0, 0.0], [1.0, 0.0, 0.0], [1.0, 1.0, 0.0], [1.0, 1.0, 1.0], [0.0, 1.0, 0.0], [1.0, 0.0, 0.0], [0.0, 0.0, 1.0], [0.0, 1.0, 1.0], [0.0, 0.0, 0.0]], "T_e": [0, 53, 83, 59, 70, 98, 63, 68, 91, 0], "T_t": [[0.0, 49.64876634922564, 53.150729063673246, 14.0, 72.17340230306452, 27.16615541441225, 36.05551275463989, 59.20304046246274, 71.42128534267638, 66.70832032063167], [49.64876634922564, 0.0, 20.248456731316587, 43.32435804486894, 45.27692569068709, 38.01315561749642, 49.24428900898052, 20.0, 79.51100552753688, 96.56603957913983], [53.150729063673246, 20.248456731316587, 0.0, 52.08646657242167, 25.612496949731394, 51.54609587543949, 38.01315561749642, 7.0710678118654755, 62.03224967708329, 84.52810183601665], [14.0, 43.32435804486894, 52.08646657242167, 0.0, 74.46475676452586, 13.341664064126334, 45.34313619501854, 57.0350769263968, 82.00609733428362, 80.4114419718985], [72.17340230306452, 45.27692569068709, 25.612496949731394, 74.46475676452586, 0.0, 76.05918747922567, 44.598206241955516, 25.80697580112788, 50.99019513592785, 82.75868534480233], [27.16615541441225, 38.01315561749642, 51.54609587543949, 13.341664064126334, 76.05918747922567, 0.0, 54.20332093147061, 55.10898293381942, 91.0659101969557, 92.77930803794561], [36.05551275463989, 49.24428900898052, 38.01315561749642, 45.34313619501854, 44.598206241955516, 54.20332093147061, 0.0, 45.0, 36.89173349139343, 47.43416490252569], [59.20304046246274, 20.0, 7.0710678118654755, 57.0350769263968, 25.80697580112788, 55.10898293381942, 45.0, 0.0, 67.36467917239716, 91.2414379544733], [71.42128534267638, 79.51100552753688, 62.03224967708329, 82.00609733428362, 50.99019513592785, 91.0659101969557, 36.89173349139343, 67.36467917239716, 0.0, 37.69615364994153], [66.70832032063167, 96.56603957913983, 84.52810183601665, 80.4114419718985, 82.75868534480233, 92.77930803794561, 47.43416490252569, 91.2414379544733, 37.69615364994153, 0.0]], "task_locations": [[7, 32], [48, 4], [59, 21], [7, 18], [79, 37], [10, 5], [37, 52], [64, 16], [57, 83], [22, 97]], "precedence_constraints": [[8, 1], [1, 2], [3, 5], [3, 8], [1, 6]]}