{"Q": [[0, 1, 1], [0, 0, 1], [1, 1, 0]], "R": [[0.0, 0.0, 0.0], [1.0, 1.0, 1.0], [0.0, 1.0, 0.0], [1.0, 0.0, 1.0], [1.0, 1.0, 1.0], [1.0, 1.0, 1.0], [1.0, 0.0, 1.0], [1.0, 0.0, 0.0], [1.0, 0.0, 0.0], [0.0, 0.0, 0.0]], "T_e": [0, 92, 84, 67, 61, 93, 70, 61, 59, 0], "T_t": [[0.0, 50.32891812864648, 90.09439494219383, 26.40075756488817, 100.12492197250393, 64.40496875241847, 54.120236510939236, 45.31004303683677, 45.89117562233506, 75.8023746329889], [50.32891812864648, 0.0, 60.92618484691127, 25.059928172283335, 51.10772935672255, 26.92582403567252, 56.302753041036986, 16.492422502470642, 31.38470965295043, 32.01562118716424], [90.09439494219383, 60.92618484691127, 0.0, 68.0294054067798, 51.419840528729765, 34.0147027033899, 47.01063709417264, 77.25283166331187, 44.28317965096906, 34.655446902326915], [26.40075756488817, 25.059928172283335, 68.0294054067798, 0.0, 73.7563556583431, 38.897300677553446, 43.840620433565945, 26.30589287593181, 25.0, 49.64876634922564], [100.12492197250393, 51.10772935672255, 51.419840528729765, 73.7563556583431, 0.0, 40.70626487409524, 82.86132994346639, 63.90618123468183, 63.631753079732135, 27.730849247724095], [64.40496875241847, 26.92582403567252, 34.0147027033899, 38.897300677553446, 40.70626487409524, 0.0, 43.41658669218482, 43.32435804486894, 23.021728866442675, 13.038404810405298], [54.120236510939236, 56.302753041036986, 47.01063709417264, 43.840620433565945, 82.86132994346639, 43.41658669218482, 0.0, 66.88796603276258, 25.0, 55.54277630799526], [45.31004303683677, 16.492422502470642, 77.25283166331187, 26.30589287593181, 63.90618123468183, 43.32435804486894, 66.88796603276258, 0.0, 43.278170016764804, 48.093658625644196], [45.89117562233506, 31.38470965295043, 44.28317965096906, 25.0, 63.631753079732135, 23.021728866442675, 25.0, 43.278170016764804, 0.0, 36.05551275463989], [75.8023746329889, 32.01562118716424, 34.655446902326915, 49.64876634922564, 27.730849247724095, 13.038404810405298, 55.54277630799526, 48.093658625644196, 36.05551275463989, 0.0]], "task_locations": [[24, 98], [62, 65], [38, 9], [40, 77], [88, 21], [52, 40], [9, 46], [66, 81], [33, 53], [63, 33]], "precedence_constraints": [[4, 5], [3, 2], [2, 4]]}