{"Q": [[1, 1, 1], [0, 1, 0], [1, 1, 0]], "R": [[0.0, 0.0, 0.0], [1.0, 1.0, 1.0], [1.0, 0.0, 1.0], [1.0, 0.0, 1.0], [0.0, 0.0, 1.0], [1.0, 0.0, 1.0], [1.0, 0.0, 0.0], [1.0, 1.0, 1.0], [1.0, 0.0, 0.0], [0.0, 0.0, 0.0]], "T_e": [0, 77, 81, 81, 64, 74, 60, 73, 74, 0], "T_t": [[0.0, 50.60632371551998, 74.84650960465692, 55.226805085936306, 61.29437168288782, 63.0317380372777, 42.44997055358225, 45.617978911828175, 10.44030650891055, 40.36087214122113], [50.60632371551998, 0.0, 46.486557196677836, 57.4543296888929, 32.64965543462902, 56.639209034025185, 36.6742416417845, 45.09988913511872, 44.04543109109048, 53.85164807134504], [74.84650960465692, 46.486557196677836, 0.0, 36.76955262170047, 15.0, 27.65863337187866, 33.28663395418648, 89.80534505250787, 74.46475676452586, 96.00520819205592], [55.226805085936306, 57.4543296888929, 36.76955262170047, 0.0, 34.0147027033899, 10.63014581273465, 21.2602916254693, 87.98295289429652, 59.90826320300064, 89.15716460273958], [61.29437168288782, 32.64965543462902, 15.0, 34.0147027033899, 0.0, 28.460498941515414, 22.20360331117452, 74.96665925596525, 60.08327554319921, 81.00617260431454], [63.0317380372777, 56.639209034025185, 27.65863337187866, 10.63014581273465, 28.460498941515414, 0.0, 23.769728648009426, 91.706052144883, 66.48308055437865, 94.25497334358543], [42.44997055358225, 36.6742416417845, 33.28663395418648, 21.2602916254693, 22.20360331117452, 23.769728648009426, 0.0, 67.97793759742936, 44.01136216933077, 70.60453243241541], [45.617978911828175, 45.09988913511872, 89.80534505250787, 87.98295289429652, 74.96665925596525, 91.706052144883, 67.97793759742936, 0.0, 35.35533905932738, 13.038404810405298], [10.44030650891055, 44.04543109109048, 74.46475676452586, 59.90826320300064, 60.08327554319921, 66.48308055437865, 44.01136216933077, 35.35533905932738, 0.0, 31.240998703626616], [40.36087214122113, 53.85164807134504, 96.00520819205592, 89.15716460273958, 81.00617260431454, 94.25497334358543, 70.60453243241541, 13.038404810405298, 31.240998703626616, 0.0]], "task_locations": [[34, 72], [78, 47], [63, 3], [29, 17], [63, 18], [36, 9], [45, 31], [75, 92], [44, 75], [64, 99]], "precedence_constraints": [[5, 8], [2, 3]]}