{"Q": [[1, 0, 0], [1, 1, 1], [0, 0, 1]], "R": [[0.0, 0.0, 0.0], [0.0, 1.0, 0.0], [1.0, 0.0, 0.0], [1.0, 1.0, 1.0], [0.0, 0.0, 1.0], [0.0, 1.0, 1.0], [0.0, 0.0, 1.0], [1.0, 1.0, 1.0], [1.0, 0.0, 0.0], [0.0, 0.0, 0.0]], "T_e": [0, 59, 90, 81, 57, 83, 72, 57, 98, 0], "T_t": [[0.0, 35.73513677041127, 61.1310068623117, 23.323807579381203, 69.35416353759881, 32.55764119219941, 28.635642126552707, 22.80350850198276, 79.90619500389191, 31.622776601683793], [35.73513677041127, 0.0, 27.892651361962706, 55.47071299343465, 89.89438247187641, 17.11724276862369, 48.010415536631214, 52.08646657242167, 101.07423014794622, 40.311288741492746], [61.1310068623117, 27.892651361962706, 0.0, 76.84399781375251, 99.76472322419383, 30.675723300355934, 63.631753079732135, 79.63039620647382, 110.5350623105628, 52.43090691567332], [23.323807579381203, 55.47071299343465, 76.84399781375251, 0.0, 49.25444142409901, 46.17358552246078, 19.697715603592208, 34.52535300326414, 59.0, 30.59411708155671], [69.35416353759881, 89.89438247187641, 99.76472322419383, 49.25444142409901, 0.0, 74.09453421137081, 43.01162633521314, 83.72574275573791, 11.180339887498949, 49.73932046178355], [32.55764119219941, 17.11724276862369, 30.675723300355934, 46.17358552246078, 74.09453421137081, 0.0, 34.058772731852805, 53.85164807134504, 85.23496934944014, 24.413111231467404], [28.635642126552707, 48.010415536631214, 63.631753079732135, 19.697715603592208, 43.01162633521314, 34.058772731852805, 0.0, 48.373546489791295, 54.08326913195984, 12.165525060596439], [22.80350850198276, 52.08646657242167, 79.63039620647382, 34.52535300326414, 83.72574275573791, 53.85164807134504, 48.373546489791295, 0.0, 93.1933474020544, 53.81449618829484], [79.90619500389191, 101.07423014794622, 110.5350623105628, 59.0, 11.180339887498949, 85.23496934944014, 54.08326913195984, 93.1933474020544, 0.0, 60.90155991434045], [31.622776601683793, 40.311288741492746, 52.43090691567332, 30.59411708155671, 49.73932046178355, 24.413111231467404, 12.165525060596439, 53.81449618829484, 60.90155991434045, 0.0]], "task_locations": [[83, 64], [94, 30], [87, 3], [63, 76], [14, 71], [77, 32], [55, 58], [97, 82], [4, 76], [57, 46]], "precedence_constraints": [[6, 3]]}