{"Q": [[1, 0, 0], [1, 0, 1], [0, 1, 0]], "R": [[0.0, 0.0, 0.0], [0.0, 1.0, 0.0], [1.0, 0.0, 1.0], [0.0, 1.0, 0.0], [0.0, 1.0, 0.0], [0.0, 1.0, 1.0], [0.0, 0.0, 1.0], [1.0, 0.0, 1.0], [1.0, 0.0, 0.0], [0.0, 0.0, 0.0]], "T_e": [0, 74, 51, 85, 86, 59, 65, 97, 59, 0], "T_t": [[0.0, 13.892443989449804, 9.899494936611665, 70.09279563550022, 75.32595834106593, 50.91168824543142, 59.50630218724736, 47.853944456021594, 45.27692569068709, 52.55473337388365], [13.892443989449804, 0.0, 5.0, 56.568542494923804, 64.53681120105021, 49.24428900898052, 48.76474136094644, 45.17742799230607, 33.83784863137726, 52.20153254455275], [9.899494936611665, 5.0, 0.0, 60.207972893961475, 69.42621983083913, 51.86520991955976, 50.32891812864648, 43.08131845707603, 35.77708763999664, 49.39635614091387], [70.09279563550022, 56.568542494923804, 60.207972893961475, 0.0, 58.69412236331676, 84.52810183601665, 27.892651361962706, 61.0, 30.083217912982647, 71.02816342831905], [75.32595834106593, 64.53681120105021, 69.42621983083913, 58.69412236331676, 0.0, 48.60041152089147, 78.87331614684399, 99.85990186255943, 69.42621983083913, 109.41663493271945], [50.91168824543142, 49.24428900898052, 51.86520991955976, 84.52810183601665, 48.60041152089147, 0.0, 90.6697303403953, 94.41398201537736, 76.11832893594026, 101.24228365658294], [59.50630218724736, 48.76474136094644, 50.32891812864648, 27.892651361962706, 78.87331614684399, 90.6697303403953, 0.0, 34.713109915419565, 15.132745950421556, 44.28317965096906], [47.853944456021594, 45.17742799230607, 43.08131845707603, 61.0, 99.85990186255943, 94.41398201537736, 34.713109915419565, 0.0, 32.984845004941285, 10.198039027185569], [45.27692569068709, 33.83784863137726, 35.77708763999664, 30.083217912982647, 69.42621983083913, 76.11832893594026, 15.132745950421556, 32.984845004941285, 0.0, 43.174066289845804], [52.55473337388365, 52.20153254455275, 49.39635614091387, 71.02816342831905, 109.41663493271945, 101.24228365658294, 44.28317965096906, 10.198039027185569, 43.174066289845804, 0.0]], "task_locations": [[38, 76], [45, 64], [45, 69], [85, 24], [31, 1], [2, 40], [92, 51], [85, 85], [77, 53], [87, 95]], "precedence_constraints": [[5, 4], [2, 1], [5, 2]]}