{"Q": [[0, 0, 1], [0, 1, 1], [1, 0, 0]], "R": [[0.0, 0.0, 0.0], [0.0, 0.0, 1.0], [0.0, 0.0, 1.0], [1.0, 0.0, 0.0], [1.0, 0.0, 0.0], [0.0, 0.0, 1.0], [1.0, 1.0, 0.0], [0.0, 1.0, 1.0], [0.0, 1.0, 0.0], [0.0, 0.0, 0.0]], "T_e": [0, 60, 81, 59, 73, 94, 66, 63, 71, 0], "T_t": [[0.0, 60.8276253029822, 10.63014581273465, 39.45883931389772, 84.59905436823747, 52.88667128870941, 16.1245154965971, 60.07495318350236, 33.015148038438355, 8.246211251235321], [60.8276253029822, 0.0, 53.03772242470448, 26.40075756488817, 34.0147027033899, 25.632011235952593, 45.60701700396552, 7.0, 43.93176527297759, 60.728905802755904], [10.63014581273465, 53.03772242470448, 0.0, 34.92849839314596, 74.68600939935136, 49.193495504995376, 13.45362404707371, 53.23532661682466, 33.60059523282288, 16.76305461424021], [39.45883931389772, 26.40075756488817, 34.92849839314596, 0.0, 58.60034129593445, 14.422205101855956, 23.345235059857504, 22.847319317591726, 17.69180601295413, 37.05401462729781], [84.59905436823747, 34.0147027033899, 74.68600939935136, 58.60034129593445, 0.0, 59.61543424315552, 72.20110802473879, 40.496913462633174, 76.21679604916491, 87.09190547921202], [52.88667128870941, 25.632011235952593, 49.193495504995376, 14.422205101855956, 59.61543424315552, 0.0, 37.0, 19.235384061671343, 24.515301344262525, 49.36598018878993], [16.1245154965971, 45.60701700396552, 13.45362404707371, 23.345235059857504, 72.20110802473879, 37.0, 0.0, 44.28317965096906, 20.248456731316587, 15.231546211727817], [60.07495318350236, 7.0, 53.23532661682466, 22.847319317591726, 40.496913462633174, 19.235384061671343, 44.28317965096906, 0.0, 39.66106403010388, 59.033888572581766], [33.015148038438355, 43.93176527297759, 33.60059523282288, 17.69180601295413, 76.21679604916491, 24.515301344262525, 20.248456731316587, 39.66106403010388, 0.0, 27.313000567495326], [8.246211251235321, 60.728905802755904, 16.76305461424021, 37.05401462729781, 87.09190547921202, 49.36598018878993, 15.231546211727817, 59.033888572581766, 27.313000567495326, 0.0]], "task_locations": [[34, 92], [44, 32], [42, 85], [28, 53], [75, 18], [20, 41], [32, 76], [37, 32], [15, 65], [26, 90]], "precedence_constraints": [[5, 7]]}