{"Q": [[1, 0, 0], [0, 1, 1], [1, 0, 0]], "R": [[0.0, 0.0, 0.0], [1.0, 1.0, 1.0], [0.0, 1.0, 1.0], [0.0, 1.0, 0.0], [0.0, 0.0, 1.0], [1.0, 0.0, 0.0], [0.0, 1.0, 0.0], [0.0, 0.0, 1.0], [0.0, 1.0, 0.0], [0.0, 0.0, 0.0]], "T_e": [0, 77, 98, 50, 52, 95, 63, 93, 93, 0], "T_t": [[0.0, 54.817880294662984, 69.35416353759881, 74.04052944165107, 72.83543093852057, 56.142675390472796, 45.60701700396552, 30.0, 50.00999900019995, 85.56284240252891], [54.817880294662984, 0.0, 32.202484376209235, 73.92563831310488, 19.697715603592208, 40.162171256046406, 71.02816342831905, 26.92582403567252, 33.734255586866, 31.906112267087632], [69.35416353759881, 32.202484376209235, 0.0, 50.635955604688654, 24.596747752497688, 72.2357252334328, 63.071388124885914, 40.52159917870962, 65.45991139621256, 31.064449134018133], [74.04052944165107, 73.92563831310488, 50.635955604688654, 0.0, 74.46475676452586, 107.48953437428223, 35.6931365951495, 61.07372593840988, 99.70456358662827, 81.61494961096282], [72.83543093852057, 19.697715603592208, 24.596747752497688, 74.46475676452586, 0.0, 56.22277118748239, 80.60397012554654, 43.278170016764804, 51.0098029794274, 12.727922061357855], [56.142675390472796, 40.162171256046406, 72.2357252334328, 107.48953437428223, 56.22277118748239, 0.0, 93.03762679690406, 47.20169488482379, 7.810249675906654, 65.12296062065974], [45.60701700396552, 71.02816342831905, 63.071388124885914, 35.6931365951495, 80.60397012554654, 93.03762679690406, 0.0, 47.53945729601885, 85.492689745966, 91.48223871331527], [30.0, 26.92582403567252, 40.52159917870962, 61.07372593840988, 43.278170016764804, 47.20169488482379, 47.53945729601885, 0.0, 39.408120990476064, 55.97320787662612], [50.00999900019995, 33.734255586866, 65.45991139621256, 99.70456358662827, 51.0098029794274, 7.810249675906654, 85.492689745966, 39.408120990476064, 0.0, 60.8276253029822], [85.56284240252891, 31.906112267087632, 31.064449134018133, 81.61494961096282, 12.727922061357855, 65.12296062065974, 91.48223871331527, 55.97320787662612, 60.8276253029822, 0.0]], "task_locations": [[37, 79], [80, 45], [66, 16], [16, 8], [88, 27], [93, 83], [9, 43], [55, 55], [87, 78], [97, 18]], "precedence_constraints": [[5, 6], [2, 3], [6, 7]]}