{"Q": [[0, 1, 0], [1, 0, 1], [0, 1, 0]], "R": [[0.0, 0.0, 0.0], [0.0, 1.0, 1.0], [0.0, 0.0, 1.0], [0.0, 1.0, 0.0], [1.0, 0.0, 1.0], [1.0, 0.0, 1.0], [1.0, 0.0, 0.0], [0.0, 1.0, 0.0], [0.0, 0.0, 1.0], [0.0, 0.0, 0.0]], "T_e": [0, 86, 71, 53, 80, 78, 85, 93, 98, 0], "T_t": [[0.0, 23.706539182259394, 84.8999411071645, 37.21558813185679, 53.16013544000805, 90.4267659490264, 31.89043743820395, 67.00746227100382, 74.14849964766651, 11.40175425099138], [23.706539182259394, 0.0, 62.369864518050704, 36.069377593742864, 39.698866482558415, 66.85057965343307, 10.44030650891055, 59.464274989274024, 62.51399843235114, 24.413111231467404], [84.8999411071645, 62.369864518050704, 0.0, 69.26037828369117, 73.824115301167, 16.64331697709324, 53.03772242470448, 61.66036003787198, 51.24451190127583, 86.68333173107735], [37.21558813185679, 36.069377593742864, 69.26037828369117, 0.0, 75.69015788066504, 80.89499366462674, 32.2490309931942, 30.4138126514911, 39.81205847478876, 47.29693436154187], [53.16013544000805, 39.698866482558415, 73.824115301167, 75.69015788066504, 0.0, 68.70953354520753, 45.0, 96.04165762834376, 95.85405573057407, 44.40720662234904], [90.4267659490264, 66.85057965343307, 16.64331697709324, 80.89499366462674, 68.70953354520753, 0.0, 59.0592922409336, 77.12976079309465, 67.4166151627327, 90.13878188659973], [31.89043743820395, 10.44030650891055, 53.03772242470448, 32.2490309931942, 45.0, 59.0592922409336, 0.0, 51.42956348249516, 53.150729063673246, 34.48187929913333], [67.00746227100382, 59.464274989274024, 61.66036003787198, 30.4138126514911, 96.04165762834376, 77.12976079309465, 51.42956348249516, 0.0, 13.416407864998739, 76.23647421018367], [74.14849964766651, 62.51399843235114, 51.24451190127583, 39.81205847478876, 95.85405573057407, 67.4166151627327, 53.150729063673246, 13.416407864998739, 0.0, 82.21921916437786], [11.40175425099138, 24.413111231467404, 86.68333173107735, 47.29693436154187, 44.40720662234904, 90.13878188659973, 34.48187929913333, 76.23647421018367, 82.21921916437786, 0.0]], "task_locations": [[75, 8], [64, 29], [17, 70], [38, 4], [90, 59], [26, 84], [54, 32], [8, 9], [2, 21], [84, 15]], "precedence_constraints": [[2, 1], [4, 8], [5, 1], [2, 8], [5, 3]]}