{"Q": [[1, 1, 1], [0, 1, 0], [1, 0, 1]], "R": [[0.0, 0.0, 0.0], [0.0, 1.0, 0.0], [0.0, 1.0, 0.0], [1.0, 1.0, 1.0], [0.0, 1.0, 1.0], [0.0, 0.0, 1.0], [1.0, 1.0, 0.0], [1.0, 1.0, 1.0], [0.0, 0.0, 1.0], [0.0, 0.0, 0.0]], "T_e": [0, 93, 99, 76, 91, 78, 74, 79, 83, 0], "T_t": [[0.0, 59.20304046246274, 60.53924347066124, 84.86459803710851, 36.796738985948195, 48.010415536631214, 50.99019513592785, 26.40075756488817, 68.09552114493287, 37.69615364994153], [59.20304046246274, 0.0, 89.44271909999159, 74.24957912338628, 64.19501538281614, 11.313708498984761, 26.1725046566048, 32.802438933713454, 12.165525060596439, 93.60555539069249], [60.53924347066124, 89.44271909999159, 0.0, 52.392747589718944, 27.294688127912362, 80.39900496896712, 64.8459713474939, 68.73136110975832, 90.44335243676011, 48.104053883222775], [84.86459803710851, 74.24957912338628, 52.392747589718944, 0.0, 52.3450093132096, 71.28113354878694, 50.21951811795888, 74.65252842335616, 68.00735254367721, 93.08598175880189], [36.796738985948195, 64.19501538281614, 27.294688127912362, 52.3450093132096, 0.0, 54.3415126767741, 41.88078318274385, 41.43669871020132, 67.11929677819934, 42.20189569201838], [48.010415536631214, 11.313708498984761, 80.39900496896712, 71.28113354878694, 54.3415126767741, 0.0, 21.095023109728988, 21.633307652783937, 20.8806130178211, 82.3286098510111], [50.99019513592785, 26.1725046566048, 64.8459713474939, 50.21951811795888, 41.88078318274385, 21.095023109728988, 0.0, 29.614185789921695, 25.632011235952593, 78.2368199762746], [26.40075756488817, 32.802438933713454, 68.73136110975832, 74.65252842335616, 41.43669871020132, 21.633307652783937, 29.614185789921695, 0.0, 42.04759208325728, 61.85466837676846], [68.09552114493287, 12.165525060596439, 90.44335243676011, 68.00735254367721, 67.11929677819934, 20.8806130178211, 25.632011235952593, 42.04759208325728, 0.0, 100.44899203078147], [37.69615364994153, 93.60555539069249, 48.104053883222775, 93.08598175880189, 42.20189569201838, 82.3286098510111, 78.2368199762746, 61.85466837676846, 100.44899203078147, 0.0]], "task_locations": [[37, 85], [1, 38], [89, 54], [68, 6], [62, 58], [9, 46], [27, 35], [21, 64], [3, 26], [72, 99]], "precedence_constraints": [[6, 2], [5, 4]]}