{"Q": [[1, 0, 0], [1, 1, 0], [0, 1, 1]], "R": [[0.0, 0.0, 0.0], [1.0, 0.0, 1.0], [1.0, 0.0, 0.0], [1.0, 1.0, 0.0], [0.0, 0.0, 1.0], [0.0, 1.0, 1.0], [1.0, 0.0, 0.0], [0.0, 0.0, 1.0], [0.0, 1.0, 1.0], [0.0, 0.0, 0.0]], "T_e": [0, 98, 95, 96, 73, 55, 51, 70, 57, 0], "T_t": [[0.0, 73.68174807915459, 36.40054944640259, 10.44030650891055, 42.05948168962618, 17.26267650163207, 38.63935817272331, 53.36665625650534, 46.486557196677836, 9.219544457292887], [73.68174807915459, 0.0, 48.373546489791295, 65.39113089708727, 104.20172743289815, 56.64803615307419, 43.86342439892262, 86.97700845625813, 58.872744118140105, 81.70679286326198], [36.40054944640259, 48.373546489791295, 0.0, 34.17601498127012, 77.3692445355388, 26.476404589747453, 39.395431207184416, 41.048751503547585, 16.55294535724685, 45.60701700396552], [10.44030650891055, 65.39113089708727, 34.17601498127012, 0.0, 43.56604182158393, 9.219544457292887, 28.284271247461902, 59.23681287847955, 47.265209192385896, 16.492422502470642], [42.05948168962618, 104.20172743289815, 77.3692445355388, 43.56604182158393, 0.0, 52.43090691567332, 60.74537019394976, 92.00543462209176, 88.54377448471462, 33.734255586866], [17.26267650163207, 56.64803615307419, 26.476404589747453, 9.219544457292887, 52.43090691567332, 0.0, 23.259406699226016, 56.938563381947034, 41.048751503547585, 25.079872407968907], [38.63935817272331, 43.86342439892262, 39.395431207184416, 28.284271247461902, 60.74537019394976, 23.259406699226016, 0.0, 77.33692520394123, 55.94640292279746, 44.0], [53.36665625650534, 86.97700845625813, 41.048751503547585, 59.23681287847955, 92.00543462209176, 56.938563381947034, 77.33692520394123, 0.0, 28.160255680657446, 59.30430001273095], [46.486557196677836, 58.872744118140105, 16.55294535724685, 47.265209192385896, 88.54377448471462, 41.048751503547585, 55.94640292279746, 28.160255680657446, 0.0, 55.154328932550705], [9.219544457292887, 81.70679286326198, 45.60701700396552, 16.492422502470642, 33.734255586866, 25.079872407968907, 44.0, 59.30430001273095, 55.154328932550705, 0.0]], "task_locations": [[13, 58], [83, 35], [35, 29], [23, 61], [0, 98], [30, 55], [51, 65], [1, 6], [28, 14], [7, 65]], "precedence_constraints": [[4, 7]]}