{"Q": [[0, 1, 1], [0, 0, 1], [1, 0, 1]], "R": [[0.0, 0.0, 0.0], [1.0, 0.0, 0.0], [0.0, 1.0, 1.0], [0.0, 1.0, 1.0], [1.0, 0.0, 1.0], [1.0, 1.0, 1.0], [1.0, 0.0, 0.0], [0.0, 0.0, 1.0], [1.0, 0.0, 0.0], [0.0, 0.0, 0.0]], "T_e": [0, 72, 84, 62, 65, 77, 64, 94, 94, 0], "T_t": [[0.0, 60.166435825965294, 59.135437767890075, 73.55270219373317, 37.48332962798263, 57.697486947006624, 26.570660511172846, 41.340053217188775, 18.867962264113206, 28.0178514522438], [60.166435825965294, 0.0, 26.1725046566048, 73.06161783043132, 82.15229759416349, 5.0, 33.61547262794322, 96.60745312862771, 41.7612260356422, 60.207972893961475], [59.135437767890075, 26.1725046566048, 0.0, 47.38143096192854, 90.47651629014017, 29.832867780352597, 36.40054944640259, 86.7294644281861, 45.221676218380054, 47.01063709417264], [73.55270219373317, 73.06161783043132, 47.38143096192854, 0.0, 111.01801655587259, 76.00657866263946, 66.2117814289874, 76.68767828015137, 71.34423592694787, 46.400431032480725], [37.48332962798263, 82.15229759416349, 90.47651629014017, 111.01801655587259, 0.0, 78.02563681252464, 54.08326913195984, 62.12889826803627, 45.31004303683677, 65.29931086925804], [57.697486947006624, 5.0, 29.832867780352597, 76.00657866263946, 78.02563681252464, 0.0, 31.38470965295043, 95.26804291051643, 39.0, 60.0], [26.570660511172846, 33.61547262794322, 36.40054944640259, 66.2117814289874, 54.08326913195984, 31.38470965295043, 0.0, 64.38167441127949, 9.055385138137417, 33.24154027718932], [41.340053217188775, 96.60745312862771, 86.7294644281861, 76.68767828015137, 62.12889826803627, 95.26804291051643, 64.38167441127949, 0.0, 58.89821729050889, 39.84971769034255], [18.867962264113206, 41.7612260356422, 45.221676218380054, 71.34423592694787, 45.31004303683677, 39.0, 9.055385138137417, 58.89821729050889, 0.0, 33.0], [28.0178514522438, 60.207972893961475, 47.01063709417264, 46.400431032480725, 65.29931086925804, 60.0, 33.24154027718932, 39.84971769034255, 33.0, 0.0]], "task_locations": [[28, 58], [84, 80], [87, 54], [81, 7], [2, 85], [80, 83], [53, 67], [6, 23], [44, 68], [44, 35]], "precedence_constraints": [[8, 6], [6, 1], [5, 6], [7, 6]]}