{"Q": [[1, 0, 0], [1, 0, 0], [0, 1, 1]], "R": [[0.0, 0.0, 0.0], [1.0, 0.0, 0.0], [1.0, 0.0, 0.0], [0.0, 0.0, 1.0], [0.0, 1.0, 1.0], [0.0, 1.0, 1.0], [1.0, 0.0, 0.0], [1.0, 1.0, 1.0], [0.0, 1.0, 1.0], [0.0, 0.0, 0.0]], "T_e": [0, 72, 59, 57, 84, 56, 80, 84, 78, 0], "T_t": [[0.0, 68.41052550594829, 46.861498055439924, 34.785054261852174, 39.395431207184416, 42.95346318982906, 51.92301994298868, 30.463092423455635, 15.264337522473747, 49.040799340956916], [68.41052550594829, 0.0, 81.60882305241266, 57.0087712549569, 70.25667228100119, 35.11409973215888, 56.142675390472796, 98.18350166906862, 53.2634959423431, 23.345235059857504], [46.861498055439924, 81.60882305241266, 0.0, 25.179356624028344, 85.44003745317531, 46.57252408878007, 29.732137494637012, 62.76941930590086, 47.16990566028302, 74.00675644831355], [34.785054261852174, 57.0087712549569, 25.179356624028344, 0.0, 67.89698078707183, 21.93171219946131, 17.26267650163207, 61.00819617067857, 27.586228448267445, 49.040799340956916], [39.395431207184416, 70.25667228100119, 85.44003745317531, 67.89698078707183, 0.0, 63.97655820689325, 82.80096617793781, 49.47726750741192, 40.311288741492746, 47.042533945356304], [42.95346318982906, 35.11409973215888, 46.57252408878007, 21.93171219946131, 63.97655820689325, 0.0, 24.351591323771842, 73.08214556237385, 29.017236257093817, 31.016124838541646], [51.92301994298868, 56.142675390472796, 29.732137494637012, 17.26267650163207, 82.80096617793781, 24.351591323771842, 0.0, 78.02563681252464, 43.04648650006177, 55.362442142665635], [30.463092423455635, 98.18350166906862, 62.76941930590086, 61.00819617067857, 49.47726750741192, 73.08214556237385, 78.02563681252464, 0.0, 45.617978911828175, 77.33692520394123], [15.264337522473747, 53.2634959423431, 47.16990566028302, 27.586228448267445, 40.311288741492746, 29.017236257093817, 43.04648650006177, 45.617978911828175, 0.0, 34.9857113690718], [49.040799340956916, 23.345235059857504, 74.00675644831355, 49.040799340956916, 47.042533945356304, 31.016124838541646, 55.362442142665635, 77.33692520394123, 34.9857113690718, 0.0]], "task_locations": [[45, 34], [87, 88], [9, 64], [34, 67], [81, 18], [54, 76], [31, 84], [33, 6], [53, 47], [83, 65]], "precedence_constraints": [[1, 8], [3, 6], [1, 4], [8, 3], [4, 2]]}