{"Q": [[0, 1, 1], [1, 0, 0], [0, 1, 1]], "R": [[0.0, 0.0, 0.0], [1.0, 1.0, 1.0], [0.0, 1.0, 0.0], [1.0, 1.0, 0.0], [1.0, 1.0, 1.0], [1.0, 1.0, 1.0], [0.0, 1.0, 0.0], [0.0, 0.0, 1.0], [0.0, 1.0, 1.0], [0.0, 0.0, 0.0]], "T_e": [0, 92, 57, 60, 52, 75, 90, 71, 95, 0], "T_t": [[0.0, 55.326304774492215, 56.302753041036986, 11.045361017187261, 36.87817782917155, 29.154759474226502, 58.69412236331676, 17.204650534085253, 7.0710678118654755, 80.80222769206304], [55.326304774492215, 0.0, 26.248809496813376, 44.553338819890925, 32.449961479175904, 31.32091952673165, 93.43446901438462, 49.24428900898052, 54.00925846556311, 54.91812087098393], [56.302753041036986, 26.248809496813376, 0.0, 48.16637831516918, 20.248456731316587, 27.202941017470888, 107.07474025184464, 58.25804665451803, 51.884487084291386, 81.02468759581859], [11.045361017187261, 44.553338819890925, 48.16637831516918, 0.0, 30.23243291566195, 21.2602916254693, 61.326992425847855, 13.038404810405298, 12.806248474865697, 71.58910531638176], [36.87817782917155, 32.449961479175904, 20.248456731316587, 30.23243291566195, 0.0, 9.486832980505138, 91.2414379544733, 42.04759208325728, 31.906112267087632, 80.95060222135473], [29.154759474226502, 31.32091952673165, 27.202941017470888, 21.2602916254693, 9.486832980505138, 0.0, 81.88406438373708, 32.64965543462902, 25.298221281347036, 74.62573282722254], [58.69412236331676, 93.43446901438462, 107.07474025184464, 61.326992425847855, 91.2414379544733, 81.88406438373708, 0.0, 49.24428900898052, 65.73431371817918, 79.51100552753688], [17.204650534085253, 49.24428900898052, 58.25804665451803, 13.038404810405298, 42.04759208325728, 32.64965543462902, 49.24428900898052, 0.0, 22.847319317591726, 64.66065264130884], [7.0710678118654755, 54.00925846556311, 51.884487084291386, 12.806248474865697, 31.906112267087632, 25.298221281347036, 65.73431371817918, 22.847319317591726, 0.0, 84.38601779915912], [80.80222769206304, 54.91812087098393, 81.02468759581859, 71.58910531638176, 80.95060222135473, 74.62573282722254, 79.51100552753688, 64.66065264130884, 84.38601779915912, 0.0]], "task_locations": [[31, 59], [86, 65], [78, 90], [42, 58], [59, 83], [56, 74], [17, 2], [41, 45], [32, 66], [96, 11]], "precedence_constraints": [[7, 1], [3, 2], [6, 2], [7, 8], [8, 4]]}