{"Q": [[1, 0, 1], [0, 1, 1], [0, 0, 1]], "R": [[0.0, 0.0, 0.0], [1.0, 0.0, 1.0], [0.0, 0.0, 1.0], [0.0, 0.0, 1.0], [0.0, 1.0, 0.0], [1.0, 1.0, 0.0], [0.0, 1.0, 0.0], [0.0, 1.0, 1.0], [0.0, 0.0, 1.0], [0.0, 0.0, 0.0]], "T_e": [0, 60, 92, 58, 96, 85, 67, 56, 57, 0], "T_t": [[0.0, 50.99019513592785, 44.598206241955516, 37.21558813185679, 72.18032973047436, 66.21933252457322, 23.345235059857504, 44.10215414239989, 43.657759905886145, 9.0], [50.99019513592785, 0.0, 93.81364506296512, 78.05767098754612, 98.68130522039117, 114.21471008587291, 73.7360156233031, 82.20097323024831, 37.33630940518894, 59.23681287847955], [44.598206241955516, 93.81364506296512, 0.0, 52.03844732503075, 57.38466694161429, 21.95449840010015, 29.832867780352597, 29.154759474226502, 73.24616030891995, 39.11521443121589], [37.21558813185679, 78.05767098754612, 52.03844732503075, 0.0, 100.62305898749054, 71.56814934033156, 24.698178070456937, 69.35416353759881, 80.52949770115296, 29.832867780352597], [72.18032973047436, 98.68130522039117, 57.38466694161429, 100.62305898749054, 0.0, 57.245087125446844, 76.05918747922567, 31.38470965295043, 62.609903369994115, 74.33034373659252], [66.21933252457322, 114.21471008587291, 21.95449840010015, 71.56814934033156, 57.245087125446844, 0.0, 51.264022471905186, 38.8329756778952, 89.96110270555825, 61.05735008989499], [23.345235059857504, 73.7360156233031, 29.832867780352597, 24.698178070456937, 76.05918747922567, 51.264022471905186, 0.0, 44.721359549995796, 64.93843238021688, 14.560219778561036], [44.10215414239989, 82.20097323024831, 29.154759474226502, 69.35416353759881, 31.38470965295043, 38.8329756778952, 44.721359549995796, 0.0, 52.69724850502159, 44.40720662234904], [43.657759905886145, 37.33630940518894, 73.24616030891995, 80.52949770115296, 62.609903369994115, 89.96110270555825, 64.93843238021688, 52.69724850502159, 0.0, 52.20153254455275], [9.0, 59.23681287847955, 39.11521443121589, 29.832867780352597, 74.33034373659252, 61.05735008989499, 14.560219778561036, 44.40720662234904, 52.20153254455275, 0.0]], "task_locations": [[76, 50], [98, 96], [43, 20], [95, 18], [5, 63], [24, 9], [72, 27], [32, 47], [61, 91], [76, 41]], "precedence_constraints": [[6, 3], [5, 6], [8, 3], [7, 4], [5, 4], [7, 1]]}