{"Q": [[1, 1, 0], [1, 1, 1], [1, 0, 0]], "R": [[0.0, 0.0, 0.0], [1.0, 1.0, 0.0], [1.0, 0.0, 0.0], [1.0, 0.0, 1.0], [1.0, 1.0, 1.0], [1.0, 0.0, 1.0], [0.0, 0.0, 1.0], [1.0, 1.0, 1.0], [0.0, 1.0, 0.0], [0.0, 0.0, 0.0]], "T_e": [0, 52, 79, 86, 53, 61, 80, 78, 77, 0], "T_t": [[0.0, 33.24154027718932, 53.150729063673246, 42.37924020083418, 12.041594578792296, 65.21502894272147, 38.897300677553446, 67.00746227100382, 47.01063709417264, 38.63935817272331], [33.24154027718932, 0.0, 21.540659228538015, 12.206555615733702, 25.495097567963924, 49.25444142409901, 65.19202405202648, 42.05948168962618, 65.0, 42.80186911806539], [53.150729063673246, 21.540659228538015, 0.0, 22.20360331117452, 46.84015371452148, 58.9406481131655, 86.7294644281861, 45.0, 85.98255637046388, 62.289646009589745], [42.37924020083418, 12.206555615733702, 22.20360331117452, 0.0, 32.38826948140329, 39.05124837953327, 69.2314957226839, 29.966648127543394, 65.7419196555744, 40.80441152620633], [12.041594578792296, 25.495097567963924, 46.84015371452148, 32.38826948140329, 0.0, 53.25410782277739, 40.24922359499622, 55.21775076911409, 43.41658669218482, 29.017236257093817], [65.21502894272147, 49.25444142409901, 58.9406481131655, 39.05124837953327, 53.25410782277739, 0.0, 70.9365914038728, 19.209372712298546, 57.87054518492115, 34.438350715445125], [38.897300677553446, 65.19202405202648, 86.7294644281861, 69.2314957226839, 40.24922359499622, 70.9365914038728, 0.0, 82.20097323024831, 18.35755975068582, 36.68787265568828], [67.00746227100382, 42.05948168962618, 45.0, 29.966648127543394, 55.21775076911409, 19.209372712298546, 82.20097323024831, 0.0, 72.02777242147643, 46.09772228646444], [47.01063709417264, 65.0, 85.98255637046388, 65.7419196555744, 43.41658669218482, 57.87054518492115, 18.35755975068582, 72.02777242147643, 0.0, 26.476404589747453], [38.63935817272331, 42.80186911806539, 62.289646009589745, 40.80441152620633, 29.017236257093817, 34.438350715445125, 36.68787265568828, 46.09772228646444, 26.476404589747453, 0.0]], "task_locations": [[69, 22], [36, 26], [16, 18], [29, 36], [61, 31], [31, 75], [97, 49], [16, 63], [88, 65], [62, 60]], "precedence_constraints": [[2, 6], [2, 8], [1, 3], [2, 4]]}