{"Q": [[1, 1, 0], [0, 1, 1], [0, 1, 0]], "R": [[0.0, 0.0, 0.0], [0.0, 0.0, 1.0], [1.0, 1.0, 1.0], [1.0, 0.0, 1.0], [0.0, 0.0, 1.0], [0.0, 0.0, 1.0], [1.0, 0.0, 1.0], [0.0, 0.0, 1.0], [0.0, 1.0, 0.0], [0.0, 0.0, 0.0]], "T_e": [0, 73, 59, 62, 76, 74, 83, 79, 54, 0], "T_t": [[0.0, 12.36931687685298, 79.30952023559341, 73.97972695272672, 78.26237921249263, 87.20665112249179, 74.02702209328699, 9.899494936611665, 94.64142856064674, 74.24957912338628], [12.36931687685298, 0.0, 89.49301648732151, 86.31338250816034, 74.02702209328699, 93.43446901438462, 82.15229759416349, 6.4031242374328485, 100.40916292848975, 77.6659513557904], [79.30952023559341, 89.49301648732151, 0.0, 43.0, 98.41239759298622, 38.48376280978771, 21.213203435596427, 83.5224520712844, 45.221676218380054, 54.56189146281496], [73.97972695272672, 86.31338250816034, 43.0, 0.0, 124.45882853377658, 79.62411694957753, 59.90826320300064, 82.22530024268686, 87.13208364316786, 89.00561780022652], [78.26237921249263, 74.02702209328699, 98.41239759298622, 124.45882853377658, 0.0, 71.84705978674423, 78.39005038906404, 70.34912934784623, 73.06161783043132, 47.07440918375928], [87.20665112249179, 93.43446901438462, 38.48376280978771, 79.62411694957753, 71.84705978674423, 0.0, 20.024984394500787, 87.04596486914255, 8.246211251235321, 25.019992006393608], [74.02702209328699, 82.15229759416349, 21.213203435596427, 59.90826320300064, 78.39005038906404, 20.024984394500787, 0.0, 75.8023746329889, 28.0178514522438, 33.421549934136806], [9.899494936611665, 6.4031242374328485, 83.5224520712844, 82.22530024268686, 70.34912934784623, 87.04596486914255, 75.8023746329889, 0.0, 94.04786015641186, 71.56116265125938], [94.64142856064674, 100.40916292848975, 45.221676218380054, 87.13208364316786, 73.06161783043132, 8.246211251235321, 28.0178514522438, 94.04786015641186, 0.0, 27.892651361962706], [74.24957912338628, 77.6659513557904, 54.56189146281496, 89.00561780022652, 47.07440918375928, 25.019992006393608, 33.421549934136806, 71.56116265125938, 27.892651361962706, 0.0]], "task_locations": [[13, 15], [16, 3], [44, 88], [1, 88], [90, 1], [79, 72], [59, 73], [20, 8], [87, 74], [80, 47]], "precedence_constraints": [[5, 3], [2, 7], [8, 2]]}