{"Q": [[0, 1, 0], [1, 1, 1], [1, 0, 0]], "R": [[0.0, 0.0, 0.0], [1.0, 0.0, 0.0], [1.0, 0.0, 0.0], [1.0, 1.0, 0.0], [0.0, 1.0, 0.0], [1.0, 0.0, 1.0], [0.0, 1.0, 0.0], [1.0, 0.0, 0.0], [0.0, 0.0, 1.0], [0.0, 0.0, 0.0]], "T_e": [0, 97, 63, 95, 93, 54, 87, 66, 58, 0], "T_t": [[0.0, 7.0710678118654755, 69.85699678629192, 49.040799340956916, 68.4470598345904, 24.515301344262525, 13.92838827718412, 78.79086241436883, 105.152270541344, 37.107950630558946], [7.0710678118654755, 0.0, 73.824115301167, 48.05205510693585, 68.3593446428504, 18.027756377319946, 20.8806130178211, 82.76472678623425, 109.85900054160332, 44.14748010928823], [69.85699678629192, 73.824115301167, 0.0, 48.46648326421054, 42.1070065428546, 78.64477096412705, 60.876925020897694, 8.94427190999916, 37.53664875824692, 55.57877292636101], [49.040799340956916, 48.05205510693585, 48.46648326421054, 0.0, 21.213203435596427, 41.593268686170845, 50.80354318352215, 55.47071299343465, 84.72307831990054, 64.63745044476924], [68.4470598345904, 68.3593446428504, 42.1070065428546, 21.213203435596427, 0.0, 62.80127387243033, 67.62396025078685, 46.2709412050371, 73.37574531137656, 76.57675887630658], [24.515301344262525, 18.027756377319946, 78.64477096412705, 41.593268686170845, 62.80127387243033, 0.0, 37.0, 87.32124598286491, 116.0, 60.13318551349163], [13.92838827718412, 20.8806130178211, 60.876925020897694, 50.80354318352215, 67.62396025078685, 37.0, 0.0, 69.6419413859206, 94.36630754670864, 23.345235059857504], [78.79086241436883, 82.76472678623425, 8.94427190999916, 55.47071299343465, 46.2709412050371, 87.32124598286491, 69.6419413859206, 0.0, 29.410882339705484, 63.12685640834652], [105.152270541344, 109.85900054160332, 37.53664875824692, 84.72307831990054, 73.37574531137656, 116.0, 94.36630754670864, 29.410882339705484, 0.0, 82.46211251235322], [37.107950630558946, 44.14748010928823, 55.57877292636101, 64.63745044476924, 76.57675887630658, 60.13318551349163, 23.345235059857504, 63.12685640834652, 82.46211251235322, 0.0]], "task_locations": [[56, 98], [63, 99], [28, 34], [73, 52], [70, 31], [80, 93], [43, 93], [24, 26], [0, 9], [20, 89]], "precedence_constraints": [[7, 3], [7, 5], [1, 4], [4, 2]]}