{"Q": [[1, 1, 0], [0, 1, 0], [0, 0, 1]], "R": [[0.0, 0.0, 0.0], [1.0, 1.0, 0.0], [1.0, 1.0, 1.0], [1.0, 0.0, 0.0], [1.0, 1.0, 1.0], [0.0, 1.0, 1.0], [0.0, 1.0, 0.0], [0.0, 1.0, 1.0], [1.0, 1.0, 1.0], [0.0, 0.0, 0.0]], "T_e": [0, 57, 95, 76, 54, 88, 52, 69, 50, 0], "T_t": [[0.0, 29.154759474226502, 39.11521443121589, 58.60034129593445, 39.92492955535426, 51.66236541235796, 38.41874542459709, 31.89043743820395, 27.784887978899608, 35.0], [29.154759474226502, 0.0, 36.87817782917155, 36.87817782917155, 14.422205101855956, 49.64876634922564, 62.625873247404705, 18.681541692269406, 55.65968020030299, 26.248809496813376], [39.11521443121589, 36.87817782917155, 0.0, 32.984845004941285, 50.59644256269407, 83.38465086573187, 76.48529270389177, 54.08326913195984, 48.84669896727925, 61.0], [58.60034129593445, 36.87817782917155, 32.984845004941285, 0.0, 43.08131845707603, 85.0, 96.38464608017192, 54.378304497290095, 77.78174593052023, 61.91122676865643], [39.92492955535426, 14.422205101855956, 50.59644256269407, 43.08131845707603, 0.0, 42.43819034784589, 67.60177512462228, 14.317821063276353, 67.54257916307313, 20.615528128088304], [51.66236541235796, 49.64876634922564, 83.38465086573187, 85.0, 42.43819034784589, 0.0, 50.24937810560445, 31.016124838541646, 73.92563831310488, 23.40939982143925], [38.41874542459709, 62.625873247404705, 76.48529270389177, 96.38464608017192, 67.60177512462228, 50.24937810560445, 0.0, 54.08326913195984, 38.47076812334269, 51.15662224971465], [31.89043743820395, 18.681541692269406, 54.08326913195984, 54.378304497290095, 14.317821063276353, 31.016124838541646, 54.08326913195984, 0.0, 59.405386961116584, 7.615773105863909], [27.784887978899608, 55.65968020030299, 48.84669896727925, 77.78174593052023, 67.54257916307313, 73.92563831310488, 38.47076812334269, 59.405386961116584, 0.0, 61.554853586049575], [35.0, 26.248809496813376, 61.0, 61.91122676865643, 20.615528128088304, 23.40939982143925, 51.15662224971465, 7.615773105863909, 61.554853586049575, 0.0]], "task_locations": [[34, 42], [37, 71], [1, 63], [9, 95], [49, 79], [84, 55], [58, 12], [55, 66], [20, 18], [62, 63]], "precedence_constraints": [[6, 5]]}