{"Q": [[0, 1, 0], [0, 1, 0], [1, 1, 1]], "R": [[0.0, 0.0, 0.0], [1.0, 0.0, 0.0], [1.0, 1.0, 0.0], [0.0, 0.0, 1.0], [1.0, 0.0, 0.0], [1.0, 1.0, 0.0], [1.0, 0.0, 1.0], [0.0, 1.0, 1.0], [0.0, 1.0, 0.0], [0.0, 0.0, 0.0]], "T_e": [0, 85, 90, 98, 50, 71, 99, 73, 69, 0], "T_t": [[0.0, 67.06713054842886, 23.345235059857504, 106.10372283760829, 98.71676655968832, 81.39410298049853, 88.09086218218096, 94.89467845985885, 89.37561188601732, 31.827660925679098], [67.06713054842886, 0.0, 68.15423684555495, 76.6550715869472, 38.948684188300895, 22.20360331117452, 21.02379604162864, 51.54609587543949, 61.00819617067857, 51.97114584074513], [23.345235059857504, 68.15423684555495, 0.0, 88.48163651289458, 92.0, 76.4198926981712, 88.23264701911646, 82.28000972289685, 72.94518489934754, 18.0], [106.10372283760829, 76.6550715869472, 88.48163651289458, 0.0, 53.48831648126533, 58.077534382926416, 77.78174593052023, 27.65863337187866, 17.4928556845359, 74.33034373659252], [98.71676655968832, 38.948684188300895, 92.0, 53.48831648126533, 0.0, 17.88854381999832, 28.160255680657446, 26.419689627245813, 44.82186966202994, 74.0], [81.39410298049853, 22.20360331117452, 76.4198926981712, 58.077534382926416, 17.88854381999832, 0.0, 20.615528128088304, 31.144823004794873, 44.64302857109943, 58.54912467321779], [88.09086218218096, 21.02379604162864, 88.23264701911646, 77.78174593052023, 28.160255680657446, 20.615528128088304, 0.0, 50.24937810560445, 65.14598989960932, 71.30918594402827], [94.89467845985885, 51.54609587543949, 82.28000972289685, 27.65863337187866, 26.419689627245813, 31.144823004794873, 50.24937810560445, 0.0, 19.209372712298546, 65.19202405202648], [89.37561188601732, 61.00819617067857, 72.94518489934754, 17.4928556845359, 44.82186966202994, 44.64302857109943, 65.14598989960932, 19.209372712298546, 0.0, 57.8013840664737], [31.827660925679098, 51.97114584074513, 18.0, 74.33034373659252, 74.0, 58.54912467321779, 71.30918594402827, 65.19202405202648, 57.8013840664737, 0.0]], "task_locations": [[22, 1], [19, 68], [45, 5], [95, 78], [45, 97], [37, 81], [18, 89], [68, 84], [80, 69], [45, 23]], "precedence_constraints": [[6, 1], [6, 4]]}