{"Q": [[0, 1, 1], [0, 0, 1], [1, 0, 1]], "R": [[0.0, 0.0, 0.0], [0.0, 0.0, 1.0], [0.0, 0.0, 1.0], [0.0, 1.0, 1.0], [0.0, 1.0, 1.0], [0.0, 1.0, 0.0], [1.0, 0.0, 1.0], [0.0, 1.0, 0.0], [1.0, 0.0, 0.0], [0.0, 0.0, 0.0]], "T_e": [0, 54, 70, 85, 98, 51, 70, 56, 63, 0], "T_t": [[0.0, 39.05124837953327, 41.30375285612676, 71.5122367151245, 57.48912940721924, 10.198039027185569, 11.704699910719626, 66.48308055437865, 34.539832078341085, 66.64833081180653], [39.05124837953327, 0.0, 73.76313442364011, 92.13576938409967, 28.635642126552707, 30.479501308256342, 44.40720662234904, 89.80534505250787, 71.40028011149536, 84.00595217006948], [41.30375285612676, 73.76313442364011, 0.0, 97.67292357659824, 97.32933781753577, 51.088159097779204, 47.75981574503821, 90.78546139112804, 46.400431032480725, 96.33275663033837], [71.5122367151245, 92.13576938409967, 97.67292357659824, 0.0, 85.7962703152066, 70.61161377563892, 59.80802621722272, 7.615773105863909, 51.66236541235796, 10.0], [57.48912940721924, 28.635642126552707, 97.32933781753577, 85.7962703152066, 0.0, 47.29693436154187, 57.271284253105414, 85.86617494683223, 82.37718130647589, 76.21679604916491], [10.198039027185569, 30.479501308256342, 51.088159097779204, 70.61161377563892, 47.29693436154187, 0.0, 14.317821063276353, 66.48308055437865, 41.048751503547585, 64.51356446515724], [11.704699910719626, 44.40720662234904, 47.75981574503821, 59.80802621722272, 57.271284253105414, 14.317821063276353, 0.0, 54.817880294662984, 27.018512172212592, 55.072679252057455], [66.48308055437865, 89.80534505250787, 90.78546139112804, 7.615773105863909, 85.86617494683223, 66.48308055437865, 54.817880294662984, 0.0, 44.553338819890925, 13.92838827718412], [34.539832078341085, 71.40028011149536, 46.400431032480725, 51.66236541235796, 82.37718130647589, 41.048751503547585, 27.018512172212592, 44.553338819890925, 0.0, 51.62363799656123], [66.64833081180653, 84.00595217006948, 96.33275663033837, 10.0, 76.21679604916491, 64.51356446515724, 55.072679252057455, 13.92838827718412, 51.62363799656123, 0.0]], "task_locations": [[43, 31], [73, 6], [2, 26], [68, 98], [99, 18], [53, 29], [47, 42], [61, 95], [30, 63], [74, 90]], "precedence_constraints": [[4, 6]]}