{"Q": [[0, 1, 0], [1, 0, 0], [1, 0, 1]], "R": [[0.0, 0.0, 0.0], [1.0, 0.0, 1.0], [0.0, 0.0, 1.0], [1.0, 1.0, 1.0], [1.0, 1.0, 0.0], [1.0, 1.0, 1.0], [0.0, 1.0, 0.0], [1.0, 0.0, 0.0], [1.0, 0.0, 0.0], [0.0, 0.0, 0.0]], "T_e": [0, 95, 69, 90, 94, 82, 92, 78, 77, 0], "T_t": [[0.0, 77.64663547121665, 20.396078054371138, 34.713109915419565, 64.88451279003334, 77.41446893184762, 67.67569726275453, 88.76936408468859, 60.30754513325841, 95.1892851112981], [77.64663547121665, 0.0, 73.68174807915459, 74.0, 24.758836806279895, 28.460498941515414, 34.539832078341085, 15.0, 67.67569726275453, 24.698178070456937], [20.396078054371138, 73.68174807915459, 0.0, 14.317821063276353, 55.44366510251645, 66.21933252457322, 73.23933369440222, 82.02438661763951, 74.70609078247904, 86.70063436907483], [34.713109915419565, 74.0, 14.317821063276353, 0.0, 52.46903848937962, 61.07372593840988, 79.90619500389191, 79.90619500389191, 86.16263691415206, 83.05419917138447], [64.88451279003334, 24.758836806279895, 55.44366510251645, 52.46903848937962, 0.0, 13.45362404707371, 49.25444142409901, 27.459060435491963, 75.69015788066504, 31.25699921617557], [77.41446893184762, 28.460498941515414, 66.21933252457322, 61.07372593840988, 13.45362404707371, 0.0, 59.135437767890075, 23.430749027719962, 87.92041856133307, 22.80350850198276], [67.67569726275453, 34.539832078341085, 73.23933369440222, 79.90619500389191, 49.25444142409901, 59.135437767890075, 0.0, 49.193495504995376, 34.655446902326915, 59.033888572581766], [88.76936408468859, 15.0, 82.02438661763951, 79.90619500389191, 27.459060435491963, 23.430749027719962, 49.193495504995376, 0.0, 82.66196223173026, 9.848857801796104], [60.30754513325841, 67.67569726275453, 74.70609078247904, 86.16263691415206, 75.69015788066504, 87.92041856133307, 34.655446902326915, 82.66196223173026, 0.0, 92.35799911215054], [95.1892851112981, 24.698178070456937, 86.70063436907483, 83.05419917138447, 31.25699921617557, 22.80350850198276, 59.033888572581766, 9.848857801796104, 92.35799911215054, 0.0]], "task_locations": [[91, 55], [14, 65], [87, 75], [84, 89], [32, 82], [23, 92], [27, 33], [5, 77], [52, 9], [1, 86]], "precedence_constraints": [[7, 6], [7, 4], [6, 4], [1, 7], [8, 4], [1, 6]]}