{"Q": [[1, 0, 1], [1, 1, 0], [0, 0, 1]], "R": [[0.0, 0.0, 0.0], [1.0, 0.0, 1.0], [1.0, 1.0, 0.0], [1.0, 1.0, 0.0], [0.0, 0.0, 1.0], [1.0, 1.0, 0.0], [0.0, 0.0, 1.0], [1.0, 0.0, 1.0], [1.0, 1.0, 1.0], [0.0, 0.0, 0.0]], "T_e": [0, 61, 86, 81, 60, 95, 53, 73, 84, 0], "T_t": [[0.0, 86.97700845625813, 69.83552104767315, 54.00925846556311, 14.866068747318506, 79.30952023559341, 49.49747468305833, 89.62700485902673, 59.53990258641679, 49.8196748283246], [86.97700845625813, 0.0, 28.0, 61.40032573203501, 94.2019108086455, 45.880278987817846, 55.54277630799526, 14.212670403551895, 69.06518659932803, 71.19691004531025], [69.83552104767315, 28.0, 0.0, 33.734255586866, 80.4114419718985, 21.93171219946131, 56.04462507680822, 40.024992192379, 73.38937252763509, 71.58910531638176], [54.00925846556311, 61.40032573203501, 33.734255586866, 0.0, 68.11754546370561, 29.206163733020468, 67.17886572427373, 72.02777242147643, 84.8999411071645, 79.20227269466452], [14.866068747318506, 94.2019108086455, 80.4114419718985, 68.11754546370561, 0.0, 92.07062506576133, 48.75448697299562, 94.76286192385707, 54.3323108288245, 44.28317965096906], [79.30952023559341, 45.880278987817846, 21.93171219946131, 29.206163733020468, 92.07062506576133, 0.0, 76.15773105863909, 59.50630218724736, 93.94147114027967, 91.0823802938856], [49.49747468305833, 55.54277630799526, 56.04462507680822, 67.17886572427373, 48.75448697299562, 76.15773105863909, 0.0, 51.0, 18.027756377319946, 16.0], [89.62700485902673, 14.212670403551895, 40.024992192379, 72.02777242147643, 94.76286192385707, 59.50630218724736, 51.0, 0.0, 61.61168720299745, 65.55150646628954], [59.53990258641679, 69.06518659932803, 73.38937252763509, 84.8999411071645, 54.3323108288245, 93.94147114027967, 18.027756377319946, 61.61168720299745, 0.0, 10.04987562112089], [49.8196748283246, 71.19691004531025, 71.58910531638176, 79.20227269466452, 44.28317965096906, 91.0823802938856, 16.0, 65.55150646628954, 10.04987562112089, 0.0]], "task_locations": [[18, 87], [79, 25], [79, 53], [72, 86], [4, 82], [95, 68], [25, 38], [70, 14], [10, 28], [9, 38]], "precedence_constraints": [[5, 8], [6, 1], [2, 3]]}