{"Q": [[1, 0, 0], [0, 0, 1], [0, 1, 1]], "R": [[0.0, 0.0, 0.0], [0.0, 0.0, 1.0], [1.0, 1.0, 0.0], [0.0, 0.0, 1.0], [1.0, 0.0, 0.0], [1.0, 0.0, 1.0], [0.0, 0.0, 1.0], [1.0, 1.0, 0.0], [0.0, 1.0, 0.0], [0.0, 0.0, 0.0]], "T_e": [0, 62, 81, 83, 62, 57, 53, 64, 61, 0], "T_t": [[0.0, 27.073972741361768, 25.0, 26.40075756488817, 50.635955604688654, 46.400431032480725, 53.600373133029585, 49.33558553417604, 21.540659228538015, 27.018512172212592], [27.073972741361768, 0.0, 18.384776310850235, 15.231546211727817, 62.68173577685928, 31.622776601683793, 67.20119046564577, 75.13321502504735, 48.05205510693585, 54.08326913195984], [25.0, 18.384776310850235, 0.0, 31.016124838541646, 44.82186966202994, 21.400934559032695, 49.57822102496216, 73.40980860893181, 40.607881008493905, 49.040799340956916], [26.40075756488817, 15.231546211727817, 31.016124838541646, 0.0, 72.09022125087424, 46.8187996428785, 76.02631123499285, 68.00735254367721, 47.50789408087881, 50.92150822589606], [50.635955604688654, 62.68173577685928, 44.82186966202994, 72.09022125087424, 0.0, 50.08991914547278, 5.385164807134504, 75.8023746329889, 43.68065933568311, 52.55473337388365], [46.400431032480725, 31.622776601683793, 21.400934559032695, 46.8187996428785, 50.08991914547278, 0.0, 55.46169849544819, 94.36630754670864, 60.40695324215582, 69.46221994724903], [53.600373133029585, 67.20119046564577, 49.57822102496216, 76.02631123499285, 5.385164807134504, 55.46169849544819, 0.0, 75.13321502504735, 44.553338819890925, 52.88667128870941], [49.33558553417604, 75.13321502504735, 73.40980860893181, 68.00735254367721, 75.8023746329889, 94.36630754670864, 75.13321502504735, 0.0, 35.4682957019364, 25.612496949731394], [21.540659228538015, 48.05205510693585, 40.607881008493905, 47.50789408087881, 43.68065933568311, 60.40695324215582, 44.553338819890925, 35.4682957019364, 0.0, 9.899494936611665], [27.018512172212592, 54.08326913195984, 49.040799340956916, 50.92150822589606, 52.55473337388365, 69.46221994724903, 52.88667128870941, 25.612496949731394, 9.899494936611665, 0.0]], "task_locations": [[55, 55], [82, 57], [75, 40], [76, 71], [47, 5], [92, 27], [42, 3], [8, 70], [35, 47], [28, 54]], "precedence_constraints": [[7, 6], [5, 8]]}