{"Q": [[1, 1, 1], [1, 1, 0], [0, 1, 0]], "R": [[0.0, 0.0, 0.0], [1.0, 1.0, 0.0], [1.0, 1.0, 0.0], [0.0, 1.0, 0.0], [0.0, 0.0, 1.0], [1.0, 1.0, 0.0], [1.0, 0.0, 1.0], [1.0, 1.0, 1.0], [1.0, 0.0, 0.0], [0.0, 0.0, 0.0]], "T_e": [0, 55, 79, 56, 52, 78, 61, 56, 99, 0], "T_t": [[0.0, 16.64331697709324, 15.264337522473747, 36.87817782917155, 20.12461179749811, 43.104524124504614, 13.892443989449804, 62.625873247404705, 24.186773244895647, 4.47213595499958], [16.64331697709324, 0.0, 7.211102550927978, 42.485291572496, 35.4682957019364, 58.249463516842795, 22.135943621178654, 50.48762224545735, 38.47076812334269, 21.095023109728988], [15.264337522473747, 7.211102550927978, 0.0, 35.34119409414458, 35.35533905932738, 53.45091205957107, 25.019992006393608, 47.80167361086848, 33.52610922848042, 19.209372712298546], [36.87817782917155, 42.485291572496, 35.34119409414458, 0.0, 48.38388161361178, 36.359317925395686, 50.60632371551998, 54.644304369257, 25.0, 36.05551275463989], [20.12461179749811, 35.4682957019364, 35.35533905932738, 48.38388161361178, 0.0, 37.16180835212409, 17.08800749063506, 82.63776376451628, 25.80697580112788, 16.76305461424021], [43.104524124504614, 58.249463516842795, 53.45091205957107, 36.359317925395686, 37.16180835212409, 0.0, 50.80354318352215, 89.10667763978185, 19.924858845171276, 39.01281840626232], [13.892443989449804, 22.135943621178654, 25.019992006393608, 50.60632371551998, 17.08800749063506, 50.80354318352215, 0.0, 72.3671196055225, 34.438350715445125, 14.866068747318506], [62.625873247404705, 50.48762224545735, 47.80167361086848, 54.644304369257, 82.63776376451628, 89.10667763978185, 72.3671196055225, 0.0, 71.84010022264724, 65.92419889539804], [24.186773244895647, 38.47076812334269, 33.52610922848042, 25.0, 25.80697580112788, 19.924858845171276, 34.438350715445125, 71.84010022264724, 0.0, 20.615528128088304], [4.47213595499958, 21.095023109728988, 19.209372712298546, 36.05551275463989, 16.76305461424021, 39.01281840626232, 14.866068747318506, 65.92419889539804, 20.615528128088304, 0.0]], "task_locations": [[43, 39], [29, 48], [35, 52], [67, 67], [52, 21], [86, 36], [36, 27], [22, 98], [67, 42], [47, 37]], "precedence_constraints": [[4, 6], [5, 7], [8, 7]]}