{"Q": [[1, 1, 0], [0, 0, 1], [1, 0, 0]], "R": [[0.0, 0.0, 0.0], [0.0, 1.0, 0.0], [1.0, 0.0, 0.0], [1.0, 1.0, 1.0], [1.0, 0.0, 0.0], [1.0, 0.0, 0.0], [0.0, 1.0, 1.0], [0.0, 1.0, 0.0], [1.0, 1.0, 0.0], [0.0, 0.0, 0.0]], "T_e": [0, 69, 78, 90, 68, 91, 64, 56, 91, 0], "T_t": [[0.0, 80.06247560499239, 72.00694410957877, 81.04936767180853, 59.135437767890075, 112.16059914247963, 73.57309290766564, 48.38388161361178, 50.35871324805669, 89.8443097808648], [80.06247560499239, 0.0, 38.01315561749642, 94.36630754670864, 55.362442142665635, 49.01020301937138, 8.06225774829855, 86.46964785403026, 66.2872536767062, 66.52818951391959], [72.00694410957877, 38.01315561749642, 0.0, 117.41379816699569, 77.83315488916018, 87.0, 40.024992192379, 98.88377015466189, 83.40863264674707, 98.41239759298622], [81.04936767180853, 94.36630754670864, 117.41379816699569, 0.0, 40.0, 85.21150157109074, 86.83317338436964, 34.058772731852805, 35.510561809129406, 39.45883931389772], [59.135437767890075, 55.362442142665635, 77.83315488916018, 40.0, 0.0, 60.90155991434045, 47.53945729601885, 35.4400902933387, 14.317821063276353, 30.805843601498726], [112.16059914247963, 49.01020301937138, 87.0, 85.21150157109074, 60.90155991434045, 0.0, 48.83646178829912, 95.75489543621255, 75.17978451685, 46.0], [73.57309290766564, 8.06225774829855, 40.024992192379, 86.83317338436964, 47.53945729601885, 48.83646178829912, 0.0, 78.40918313565064, 58.249463516842795, 60.60528029800704], [48.38388161361178, 86.46964785403026, 98.88377015466189, 34.058772731852805, 35.4400902933387, 95.75489543621255, 78.40918313565064, 0.0, 21.37755832643195, 57.28001396647874], [50.35871324805669, 66.2872536767062, 83.40863264674707, 35.510561809129406, 14.317821063276353, 75.17978451685, 58.249463516842795, 21.37755832643195, 0.0, 41.182520563948], [89.8443097808648, 66.52818951391959, 98.41239759298622, 39.45883931389772, 30.805843601498726, 46.0, 60.60528029800704, 57.28001396647874, 41.182520563948, 0.0]], "task_locations": [[87, 19], [50, 90], [88, 91], [7, 6], [31, 38], [1, 91], [49, 82], [41, 4], [37, 25], [1, 45]], "precedence_constraints": [[5, 4]]}