{"Q": [[1, 0, 0], [1, 0, 0], [0, 1, 1]], "R": [[0.0, 0.0, 0.0], [0.0, 0.0, 1.0], [0.0, 1.0, 1.0], [0.0, 0.0, 1.0], [0.0, 1.0, 0.0], [1.0, 0.0, 0.0], [0.0, 1.0, 0.0], [0.0, 1.0, 1.0], [0.0, 0.0, 1.0], [0.0, 0.0, 0.0]], "T_e": [0, 89, 83, 98, 80, 71, 91, 62, 80, 0], "T_t": [[0.0, 6.4031242374328485, 31.144823004794873, 68.8839603971781, 53.31041174104736, 47.38143096192854, 46.647615158762406, 55.54277630799526, 20.396078054371138, 49.36598018878993], [6.4031242374328485, 0.0, 36.013886210738214, 62.609903369994115, 47.75981574503821, 41.012193308819754, 46.22769732530488, 49.39635614091387, 15.0, 46.32493928760188], [31.144823004794873, 36.013886210738214, 0.0, 96.46242791885346, 69.42621983083913, 71.58910531638176, 37.656340767525464, 84.17244204607586, 51.0098029794274, 52.354560450833695], [68.8839603971781, 62.609903369994115, 96.46242791885346, 0.0, 43.46262762420146, 27.018512172212592, 85.37564055396598, 14.142135623730951, 49.64876634922564, 69.12307863514182], [53.31041174104736, 47.75981574503821, 69.42621983083913, 43.46262762420146, 0.0, 20.615528128088304, 45.89117562233506, 40.36087214122113, 45.0111097397076, 27.0], [47.38143096192854, 41.012193308819754, 71.58910531638176, 27.018512172212592, 20.615528128088304, 0.0, 58.42088667591412, 20.248456731316587, 32.202484376209235, 43.08131845707603], [46.647615158762406, 46.22769732530488, 37.656340767525464, 85.37564055396598, 45.89117562233506, 58.42088667591412, 0.0, 77.12976079309465, 56.85068161420758, 20.12461179749811], [55.54277630799526, 49.39635614091387, 84.17244204607586, 14.142135623730951, 40.36087214122113, 20.248456731316587, 77.12976079309465, 0.0, 35.84689665786984, 63.071388124885914], [20.396078054371138, 15.0, 51.0098029794274, 49.64876634922564, 45.0111097397076, 32.202484376209235, 56.85068161420758, 35.84689665786984, 0.0, 51.97114584074513], [49.36598018878993, 46.32493928760188, 52.354560450833695, 69.12307863514182, 27.0, 43.08131845707603, 20.12461179749811, 63.071388124885914, 51.97114584074513, 0.0]], "task_locations": [[72, 66], [68, 61], [69, 97], [40, 5], [23, 45], [39, 32], [32, 90], [50, 15], [68, 46], [23, 72]], "precedence_constraints": [[4, 7], [4, 8], [6, 8]]}