{"Q": [[1, 1, 0], [0, 1, 0], [1, 0, 1]], "R": [[0.0, 0.0, 0.0], [0.0, 1.0, 0.0], [1.0, 1.0, 1.0], [0.0, 1.0, 0.0], [1.0, 1.0, 1.0], [0.0, 1.0, 0.0], [0.0, 1.0, 0.0], [1.0, 0.0, 0.0], [0.0, 0.0, 1.0], [0.0, 0.0, 0.0]], "T_e": [0, 67, 87, 77, 76, 61, 63, 85, 75, 0], "T_t": [[0.0, 36.069377593742864, 4.123105625617661, 39.05124837953327, 63.702433234531945, 108.2266141020775, 56.938563381947034, 6.324555320336759, 79.1580697086532, 21.93171219946131], [36.069377593742864, 0.0, 38.28837943815329, 29.966648127543394, 73.97972695272672, 107.64757312638311, 74.06078584514209, 39.408120990476064, 60.90155991434045, 14.142135623730951], [4.123105625617661, 38.28837943815329, 0.0, 38.05259518088089, 60.108235708594876, 105.11898020814318, 53.0, 9.219544457292887, 78.00640999302557, 24.20743687382041], [39.05124837953327, 29.966648127543394, 38.05259518088089, 0.0, 45.17742799230607, 78.24321056807422, 48.05205510693585, 45.17742799230607, 40.11234224026316, 28.600699292150182], [63.702433234531945, 73.97972695272672, 60.108235708594876, 45.17742799230607, 0.0, 47.75981574503821, 14.142135623730951, 69.29646455628166, 55.31726674375732, 67.62396025078685], [108.2266141020775, 107.64757312638311, 105.11898020814318, 78.24321056807422, 47.75981574503821, 0.0, 60.63827174318213, 114.28473213863697, 58.69412236331676, 106.15083607772479], [56.938563381947034, 74.06078584514209, 53.0, 48.05205510693585, 14.142135623730951, 60.63827174318213, 0.0, 61.85466837676846, 66.60330322138685, 65.30696746902278], [6.324555320336759, 39.408120990476064, 9.219544457292887, 45.17742799230607, 69.29646455628166, 114.28473213863697, 61.85466837676846, 0.0, 85.28774824088158, 25.553864678361276], [79.1580697086532, 60.90155991434045, 78.00640999302557, 40.11234224026316, 55.31726674375732, 58.69412236331676, 66.60330322138685, 85.28774824088158, 0.0, 66.09841147864296], [21.93171219946131, 14.142135623730951, 24.20743687382041, 28.600699292150182, 67.62396025078685, 106.15083607772479, 65.30696746902278, 25.553864678361276, 66.09841147864296, 0.0]], "task_locations": [[69, 92], [94, 66], [65, 91], [67, 53], [22, 49], [6, 4], [20, 63], [71, 98], [64, 13], [84, 76]], "precedence_constraints": [[2, 1], [7, 1], [5, 1]]}