{"Q": [[1, 0, 1], [0, 0, 1], [0, 1, 0]], "R": [[0.0, 0.0, 0.0], [1.0, 0.0, 1.0], [0.0, 0.0, 1.0], [0.0, 0.0, 1.0], [1.0, 0.0, 0.0], [0.0, 0.0, 1.0], [1.0, 1.0, 0.0], [0.0, 1.0, 1.0], [0.0, 1.0, 1.0], [0.0, 0.0, 0.0]], "T_e": [0, 62, 88, 64, 66, 72, 79, 75, 56, 0], "T_t": [[0.0, 31.064449134018133, 85.95929269136641, 90.02777349240623, 67.53517601961218, 86.4060183089118, 90.80198235721508, 75.0066663703967, 14.422205101855956, 68.0294054067798], [31.064449134018133, 0.0, 77.78174593052023, 90.79647570252934, 43.93176527297759, 81.09870529176159, 70.0, 60.40695324215582, 41.43669871020132, 75.76938695805846], [85.95929269136641, 77.78174593052023, 0.0, 26.419689627245813, 47.53945729601885, 8.06225774829855, 37.44329045369811, 21.93171219946131, 80.43009387039157, 40.607881008493905], [90.02777349240623, 90.79647570252934, 26.419689627245813, 0.0, 70.21395872616783, 18.35755975068582, 63.812224534175265, 45.967379738244816, 80.65358020571685, 26.248809496813376], [67.53517601961218, 43.93176527297759, 47.53945729601885, 70.21395872616783, 0.0, 54.120236510939236, 26.419689627245813, 25.632011235952593, 70.60453243241541, 68.79680225126747], [86.4060183089118, 81.09870529176159, 8.06225774829855, 18.35755975068582, 54.120236510939236, 0.0, 45.48626166217664, 28.844410203711913, 79.61155694998057, 34.785054261852174], [90.80198235721508, 70.0, 37.44329045369811, 63.812224534175265, 26.419689627245813, 45.48626166217664, 0.0, 22.02271554554524, 91.2414379544733, 72.3671196055225], [75.0066663703967, 60.40695324215582, 21.93171219946131, 45.967379738244816, 25.632011235952593, 28.844410203711913, 22.02271554554524, 0.0, 73.00684899377592, 50.695167422546305], [14.422205101855956, 41.43669871020132, 80.43009387039157, 80.65358020571685, 70.60453243241541, 79.61155694998057, 91.2414379544733, 73.00684899377592, 0.0, 56.88585061331157], [68.0294054067798, 75.76938695805846, 40.607881008493905, 26.248809496813376, 68.79680225126747, 34.785054261852174, 72.3671196055225, 50.695167422546305, 56.88585061331157, 0.0]], "task_locations": [[4, 82], [2, 51], [79, 40], [92, 63], [35, 22], [83, 47], [58, 9], [59, 31], [16, 90], [72, 80]], "precedence_constraints": [[2, 4], [1, 3], [7, 3]]}