{"Q": [[1, 1, 0], [0, 1, 0], [0, 0, 1]], "R": [[0.0, 0.0, 0.0], [1.0, 0.0, 1.0], [0.0, 1.0, 1.0], [0.0, 1.0, 0.0], [1.0, 0.0, 0.0], [0.0, 1.0, 0.0], [1.0, 0.0, 0.0], [0.0, 0.0, 1.0], [0.0, 1.0, 1.0], [0.0, 0.0, 0.0]], "T_e": [0, 98, 58, 53, 77, 83, 88, 52, 51, 0], "T_t": [[0.0, 44.28317965096906, 98.08669634563088, 76.79192665899195, 44.553338819890925, 73.23933369440222, 79.7057087039567, 67.53517601961218, 91.92388155425118, 48.703182647543684], [44.28317965096906, 0.0, 63.655321851358195, 35.77708763999664, 61.40032573203501, 49.64876634922564, 47.01063709417264, 39.395431207184416, 73.08214556237385, 58.180752831155424], [98.08669634563088, 63.655321851358195, 0.0, 31.304951684997057, 83.15046602394962, 30.14962686336267, 18.384776310850235, 31.04834939252005, 36.069377593742864, 74.33034373659252], [76.79192665899195, 35.77708763999664, 31.304951684997057, 0.0, 76.48529270389177, 34.88552708502482, 21.213203435596427, 25.612496949731394, 55.10898293381942, 69.46221994724903], [44.553338819890925, 61.40032573203501, 83.15046602394962, 76.48529270389177, 0.0, 53.03772242470448, 67.08203932499369, 54.57105459856901, 61.68468205316454, 9.219544457292887], [73.23933369440222, 49.64876634922564, 30.14962686336267, 34.88552708502482, 53.03772242470448, 0.0, 16.401219466856727, 11.0, 23.53720459187964, 44.181444068749045], [79.7057087039567, 47.01063709417264, 18.384776310850235, 21.213203435596427, 67.08203932499369, 16.401219466856727, 0.0, 13.038404810405298, 33.95585369269929, 58.69412236331676], [67.53517601961218, 39.395431207184416, 31.04834939252005, 25.612496949731394, 54.57105459856901, 11.0, 13.038404810405298, 0.0, 34.36568055487916, 46.486557196677836], [91.92388155425118, 73.08214556237385, 36.069377593742864, 55.10898293381942, 61.68468205316454, 23.53720459187964, 33.95585369269929, 34.36568055487916, 0.0, 52.55473337388365], [48.703182647543684, 58.180752831155424, 74.33034373659252, 69.46221994724903, 9.219544457292887, 44.181444068749045, 58.69412236331676, 46.486557196677836, 52.55473337388365, 0.0]], "task_locations": [[96, 27], [52, 22], [6, 66], [20, 38], [89, 71], [36, 69], [23, 59], [36, 58], [31, 92], [80, 73]], "precedence_constraints": [[6, 4], [3, 2], [6, 5], [7, 4], [1, 6], [7, 8]]}