{"Q": [[1, 1, 0], [1, 1, 1], [0, 0, 1]], "R": [[0.0, 0.0, 0.0], [1.0, 0.0, 0.0], [0.0, 1.0, 1.0], [1.0, 1.0, 0.0], [0.0, 0.0, 1.0], [1.0, 0.0, 0.0], [1.0, 1.0, 0.0], [1.0, 1.0, 0.0], [0.0, 1.0, 1.0], [0.0, 0.0, 0.0]], "T_e": [0, 87, 53, 67, 54, 50, 82, 99, 93, 0], "T_t": [[0.0, 24.08318915758459, 94.03190947758107, 93.1074647920348, 21.0, 76.40026177965623, 41.30375285612676, 68.4470598345904, 83.95236744726142, 83.43260753446461], [24.08318915758459, 0.0, 76.38062581571324, 70.83078426785913, 3.605551275463989, 54.230987451824994, 17.26267650163207, 45.880278987817846, 61.35144660071187, 59.77457653551382], [94.03190947758107, 76.38062581571324, 0.0, 89.20201791439474, 77.23341245859851, 32.38826948140329, 67.67569726275453, 38.897300677553446, 33.13608305156178, 71.02816342831905], [93.1074647920348, 70.83078426785913, 89.20201791439474, 0.0, 74.43117626371358, 58.05170109479997, 55.0, 55.02726596879042, 56.08029957123981, 18.439088914585774], [21.0, 3.605551275463989, 77.23341245859851, 74.43117626371358, 0.0, 56.302753041036986, 20.615528128088304, 48.08326112068523, 63.60031446463138, 63.245553203367585], [76.40026177965623, 54.230987451824994, 32.38826948140329, 58.05170109479997, 56.302753041036986, 0.0, 40.80441152620633, 8.602325267042627, 8.06225774829855, 39.6232255123179], [41.30375285612676, 17.26267650163207, 67.67569726275453, 55.0, 20.615528128088304, 40.80441152620633, 0.0, 32.202484376209235, 47.01063709417264, 42.720018726587654], [68.4470598345904, 45.880278987817846, 38.897300677553446, 55.02726596879042, 48.08326112068523, 8.602325267042627, 32.202484376209235, 0.0, 15.524174696260024, 36.76955262170047], [83.95236744726142, 61.35144660071187, 33.13608305156178, 56.08029957123981, 63.60031446463138, 8.06225774829855, 47.01063709417264, 15.524174696260024, 0.0, 38.01315561749642], [83.43260753446461, 59.77457653551382, 71.02816342831905, 18.439088914585774, 63.245553203367585, 39.6232255123179, 42.720018726587654, 36.76955262170047, 38.01315561749642, 0.0]], "task_locations": [[58, 85], [60, 61], [7, 6], [96, 0], [58, 64], [39, 11], [63, 44], [44, 18], [40, 3], [78, 4]], "precedence_constraints": [[8, 3], [4, 1], [2, 1]]}