{"Q": [[1, 1, 1], [1, 0, 0], [1, 1, 1]], "R": [[0.0, 0.0, 0.0], [0.0, 0.0, 1.0], [1.0, 1.0, 1.0], [0.0, 1.0, 0.0], [0.0, 0.0, 1.0], [1.0, 1.0, 0.0], [0.0, 0.0, 1.0], [1.0, 0.0, 1.0], [1.0, 0.0, 1.0], [0.0, 0.0, 0.0]], "T_e": [0, 69, 73, 90, 62, 63, 88, 95, 92, 0], "T_t": [[0.0, 22.20360331117452, 43.289721643826724, 64.8459713474939, 14.866068747318506, 45.967379738244816, 7.615773105863909, 35.84689665786984, 65.0, 56.43580423808985], [22.20360331117452, 0.0, 32.69556544854363, 54.405882034941776, 23.021728866442675, 24.413111231467404, 26.92582403567252, 33.61547262794322, 42.941821107167776, 44.384682042344295], [43.289721643826724, 32.69556544854363, 0.0, 84.21995013059554, 30.675723300355934, 28.792360097775937, 41.7612260356422, 66.30987860040162, 51.97114584074513, 13.152946437965905], [64.8459713474939, 54.405882034941776, 84.21995013059554, 0.0, 74.68600939935136, 60.03332407921454, 72.42237223399962, 31.016124838541646, 52.3450093132096, 93.00537618869137], [14.866068747318506, 23.021728866442675, 30.675723300355934, 74.68600939935136, 0.0, 41.593268686170845, 11.180339887498949, 48.16637831516918, 63.89053137985315, 43.68065933568311], [45.967379738244816, 24.413111231467404, 28.792360097775937, 60.03332407921454, 41.593268686170845, 0.0, 49.20365840057018, 51.0098029794274, 24.0, 33.97057550292606], [7.615773105863909, 26.92582403567252, 41.7612260356422, 72.42237223399962, 11.180339887498949, 49.20365840057018, 0.0, 43.41658669218482, 69.77822009767804, 54.817880294662984], [35.84689665786984, 33.61547262794322, 66.30987860040162, 31.016124838541646, 48.16637831516918, 51.0098029794274, 43.41658669218482, 0.0, 56.79788728465171, 77.79460135510689], [65.0, 42.941821107167776, 51.97114584074513, 52.3450093132096, 63.89053137985315, 24.0, 69.77822009767804, 56.79788728465171, 0.0, 54.12947441089743], [56.43580423808985, 44.384682042344295, 13.152946437965905, 93.00537618869137, 43.68065933568311, 33.97057550292606, 54.817880294662984, 77.79460135510689, 54.12947441089743, 0.0]], "task_locations": [[77, 35], [64, 53], [34, 40], [96, 97], [63, 30], [44, 67], [74, 28], [95, 66], [44, 91], [21, 42]], "precedence_constraints": [[2, 8], [3, 4], [6, 8], [2, 7]]}