{"Q": [[0, 1, 1], [0, 1, 0], [1, 0, 1]], "R": [[0.0, 0.0, 0.0], [1.0, 1.0, 0.0], [1.0, 0.0, 1.0], [1.0, 1.0, 0.0], [0.0, 1.0, 1.0], [1.0, 0.0, 1.0], [1.0, 0.0, 0.0], [1.0, 0.0, 1.0], [1.0, 1.0, 1.0], [0.0, 0.0, 0.0]], "T_e": [0, 64, 83, 92, 63, 94, 93, 99, 95, 0], "T_t": [[0.0, 60.74537019394976, 82.0, 39.698866482558415, 40.8166632639171, 64.8459713474939, 51.54609587543949, 49.25444142409901, 44.40720662234904, 21.02379604162864], [60.74537019394976, 0.0, 70.7248188403477, 32.28002478313795, 79.2464510246358, 53.150729063673246, 49.64876634922564, 17.88854381999832, 67.06713054842886, 66.03029607687671], [82.0, 70.7248188403477, 0.0, 50.635955604688654, 59.54829972383762, 19.4164878389476, 31.064449134018133, 81.15417426109393, 43.266615305567875, 66.70832032063167], [39.698866482558415, 32.28002478313795, 50.635955604688654, 0.0, 47.265209192385896, 31.25699921617557, 21.470910553583888, 33.97057550292606, 34.92849839314596, 36.68787265568828], [40.8166632639171, 79.2464510246358, 59.54829972383762, 47.265209192385896, 0.0, 50.24937810560445, 39.56008088970496, 76.15773105863909, 17.4928556845359, 20.0], [64.8459713474939, 53.150729063673246, 19.4164878389476, 31.25699921617557, 50.24937810560445, 0.0, 13.416407864998739, 62.16912416947821, 32.7566787083184, 52.20153254455275], [51.54609587543949, 49.64876634922564, 31.064449134018133, 21.470910553583888, 39.56008088970496, 13.416407864998739, 0.0, 55.0, 22.561028345356956, 39.05124837953327], [49.25444142409901, 17.88854381999832, 81.15417426109393, 33.97057550292606, 76.15773105863909, 62.16912416947821, 55.0, 0.0, 67.42403132415029, 59.665735560705194], [44.40720662234904, 67.06713054842886, 43.266615305567875, 34.92849839314596, 17.4928556845359, 32.7566787083184, 22.561028345356956, 67.42403132415029, 0.0, 25.179356624028344], [21.02379604162864, 66.03029607687671, 66.70832032063167, 36.68787265568828, 20.0, 52.20153254455275, 39.05124837953327, 59.665735560705194, 25.179356624028344, 0.0]], "task_locations": [[24, 85], [81, 64], [42, 5], [50, 55], [3, 50], [46, 24], [40, 36], [73, 80], [18, 41], [15, 66]], "precedence_constraints": [[7, 6], [1, 2], [1, 4], [3, 2], [5, 1]]}