{"Q": [[1, 0, 0], [1, 0, 1], [1, 1, 0]], "R": [[0.0, 0.0, 0.0], [1.0, 1.0, 0.0], [0.0, 1.0, 1.0], [1.0, 1.0, 0.0], [1.0, 1.0, 1.0], [0.0, 1.0, 0.0], [0.0, 0.0, 1.0], [1.0, 1.0, 1.0], [0.0, 0.0, 1.0], [0.0, 0.0, 0.0]], "T_e": [0, 53, 67, 78, 80, 85, 98, 95, 88, 0], "T_t": [[0.0, 89.28605714219886, 62.369864518050704, 70.32780389006896, 25.632011235952593, 58.0, 14.866068747318506, 43.278170016764804, 22.20360331117452, 25.553864678361276], [89.28605714219886, 0.0, 75.8023746329889, 99.12618221237011, 70.2353187506115, 80.44874144447506, 81.61494961096282, 53.150729063673246, 68.8839603971781, 73.92563831310488], [62.369864518050704, 75.8023746329889, 0.0, 23.323807579381203, 39.408120990476064, 7.0710678118654755, 69.20260110718382, 70.40596565632774, 61.29437168288782, 37.53664875824692], [70.32780389006896, 99.12618221237011, 23.323807579381203, 0.0, 53.150729063673246, 19.6468827043885, 80.77747210701756, 89.02246907382428, 75.92759709091287, 49.72926703662542], [25.632011235952593, 70.2353187506115, 39.408120990476064, 53.150729063673246, 0.0, 36.6742416417845, 29.832867780352597, 38.07886552931954, 22.80350850198276, 4.47213595499958], [58.0, 80.44874144447506, 7.0710678118654755, 19.6468827043885, 36.6742416417845, 0.0, 66.03786792439622, 70.34912934784623, 59.23681287847955, 34.132096331752024], [14.866068747318506, 81.61494961096282, 69.20260110718382, 80.77747210701756, 29.832867780352597, 66.03786792439622, 0.0, 31.304951684997057, 13.038404810405298, 31.906112267087632], [43.278170016764804, 53.150729063673246, 70.40596565632774, 89.02246907382428, 38.07886552931954, 70.34912934784623, 31.304951684997057, 0.0, 21.213203435596427, 42.44997055358225], [22.20360331117452, 68.8839603971781, 61.29437168288782, 75.92759709091287, 22.80350850198276, 59.23681287847955, 13.038404810405298, 21.213203435596427, 0.0, 26.30589287593181], [25.553864678361276, 73.92563831310488, 37.53664875824692, 49.72926703662542, 4.47213595499958, 34.132096331752024, 31.906112267087632, 42.44997055358225, 26.30589287593181, 0.0]], "task_locations": [[89, 64], [3, 88], [42, 23], [54, 3], [65, 55], [49, 22], [84, 78], [56, 92], [71, 77], [67, 51]], "precedence_constraints": [[6, 2], [4, 2], [5, 7], [6, 5]]}