{"Q": [[0, 1, 0], [1, 1, 1], [0, 0, 1]], "R": [[0.0, 0.0, 0.0], [0.0, 0.0, 1.0], [1.0, 0.0, 1.0], [1.0, 1.0, 0.0], [1.0, 0.0, 1.0], [0.0, 1.0, 0.0], [1.0, 1.0, 0.0], [1.0, 1.0, 0.0], [1.0, 1.0, 1.0], [0.0, 0.0, 0.0]], "T_e": [0, 64, 53, 64, 53, 72, 54, 59, 72, 0], "T_t": [[0.0, 81.34494452638098, 9.0, 105.94810050208545, 29.832867780352597, 77.00649323271382, 50.00999900019995, 103.60019305001319, 19.235384061671343, 98.79271228182775], [81.34494452638098, 0.0, 84.970583144992, 61.40032573203501, 51.894122981316485, 89.04493247793498, 38.2099463490856, 55.78530272392541, 65.36818798161687, 60.00833275470999], [9.0, 84.970583144992, 0.0, 113.53413583587978, 33.12099032335839, 86.00581375697809, 50.99019513592785, 110.9414259868693, 19.924858845171276, 106.55045753069294], [105.94810050208545, 61.40032573203501, 113.53413583587978, 0.0, 86.37708029332781, 59.033888572581766, 87.46427842267951, 5.830951894845301, 99.40321926376429, 8.06225774829855], [29.832867780352597, 51.894122981316485, 33.12099032335839, 86.37708029332781, 0.0, 75.39230729988306, 21.840329667841555, 82.85529554590944, 14.142135623730951, 80.36168241145776], [77.00649323271382, 89.04493247793498, 86.00581375697809, 59.033888572581766, 75.39230729988306, 0.0, 90.4267659490264, 61.29437168288782, 82.0, 51.478150704935004], [50.00999900019995, 38.2099463490856, 50.99019513592785, 87.46427842267951, 21.840329667841555, 90.4267659490264, 0.0, 82.87339742040264, 31.25699921617557, 83.02409288875127], [103.60019305001319, 55.78530272392541, 110.9414259868693, 5.830951894845301, 82.85529554590944, 61.29437168288782, 82.87339742040264, 0.0, 96.15092303249095, 10.04987562112089], [19.235384061671343, 65.36818798161687, 19.924858845171276, 99.40321926376429, 14.142135623730951, 82.0, 31.25699921617557, 96.15092303249095, 0.0, 93.04837451562494], [98.79271228182775, 60.00833275470999, 106.55045753069294, 8.06225774829855, 80.36168241145776, 51.478150704935004, 83.02409288875127, 10.04987562112089, 93.04837451562494, 0.0]], "task_locations": [[90, 77], [61, 1], [99, 77], [2, 18], [83, 48], [13, 76], [89, 27], [7, 15], [93, 58], [6, 25]], "precedence_constraints": [[5, 2], [2, 1], [5, 6], [8, 1], [3, 8], [8, 6]]}