{"Q": [[0, 1, 0], [0, 1, 0], [1, 0, 1]], "R": [[0.0, 0.0, 0.0], [1.0, 0.0, 1.0], [0.0, 1.0, 0.0], [1.0, 0.0, 1.0], [0.0, 1.0, 0.0], [0.0, 1.0, 0.0], [0.0, 1.0, 0.0], [0.0, 0.0, 1.0], [0.0, 0.0, 1.0], [0.0, 0.0, 0.0]], "T_e": [0, 63, 65, 97, 88, 52, 96, 77, 86, 0], "T_t": [[0.0, 52.15361924162119, 40.52159917870962, 65.11528238439882, 38.41874542459709, 36.05551275463989, 71.25307010929424, 37.57658845611187, 18.384776310850235, 75.59100475585703], [52.15361924162119, 0.0, 74.68600939935136, 25.612496949731394, 61.35144660071187, 24.08318915758459, 43.41658669218482, 68.0294054067798, 68.01470429252781, 67.06713054842886], [40.52159917870962, 74.68600939935136, 0.0, 73.55270219373317, 15.811388300841896, 69.58448102845921, 68.47627326307996, 7.0710678118654755, 28.42534080710379, 56.142675390472796], [65.11528238439882, 25.612496949731394, 73.55270219373317, 0.0, 58.0, 47.53945729601885, 19.313207915827967, 66.48308055437865, 76.69419795525604, 47.095647357266465], [38.41874542459709, 61.35144660071187, 15.811388300841896, 58.0, 0.0, 60.13318551349163, 52.773099207835045, 8.94427190999916, 33.61547262794322, 43.289721643826724], [36.05551275463989, 24.08318915758459, 69.58448102845921, 47.53945729601885, 60.13318551349163, 0.0, 62.42595614005443, 64.1248781675256, 54.20332093147061, 80.2122185206219], [71.25307010929424, 43.41658669218482, 68.47627326307996, 19.313207915827967, 52.773099207835045, 62.42595614005443, 0.0, 61.71709649683789, 78.77182237323191, 29.274562336608895], [37.57658845611187, 68.0294054067798, 7.0710678118654755, 66.48308055437865, 8.94427190999916, 64.1248781675256, 61.71709649683789, 0.0, 28.600699292150182, 51.0098029794274], [18.384776310850235, 68.01470429252781, 28.42534080710379, 76.69419795525604, 33.61547262794322, 54.20332093147061, 78.77182237323191, 28.600699292150182, 0.0, 76.15773105863909], [75.59100475585703, 67.06713054842886, 56.142675390472796, 47.095647357266465, 43.289721643826724, 80.2122185206219, 29.274562336608895, 51.0098029794274, 76.15773105863909, 0.0]], "task_locations": [[74, 48], [30, 20], [63, 87], [10, 36], [50, 78], [54, 18], [3, 54], [58, 82], [81, 65], [7, 83]], "precedence_constraints": [[4, 1], [1, 8], [5, 3], [6, 5]]}