{"Q": [[0, 0, 1], [1, 1, 1], [1, 0, 1]], "R": [[0.0, 0.0, 0.0], [0.0, 0.0, 1.0], [1.0, 0.0, 1.0], [0.0, 1.0, 0.0], [1.0, 1.0, 0.0], [0.0, 1.0, 0.0], [0.0, 0.0, 1.0], [1.0, 0.0, 0.0], [1.0, 0.0, 1.0], [0.0, 0.0, 0.0]], "T_e": [0, 91, 63, 55, 72, 73, 55, 70, 83, 0], "T_t": [[0.0, 7.0710678118654755, 68.46897107449476, 56.36488268416781, 8.48528137423857, 80.62257748298549, 45.044422518220834, 64.07027391856539, 35.77708763999664, 82.73451516749222], [7.0710678118654755, 0.0, 68.65857557508748, 58.83026432033091, 14.7648230602334, 75.16648189186454, 44.28317965096906, 57.8013840664737, 30.23243291566195, 77.15568676384133], [68.46897107449476, 68.65857557508748, 0.0, 23.345235059857504, 74.02702209328699, 64.77653896280658, 25.079872407968907, 68.8839603971781, 93.03762679690406, 67.7421582177598], [56.36488268416781, 58.83026432033091, 23.345235059857504, 0.0, 59.77457653551382, 80.30566605165541, 26.68332812825267, 78.44743462982075, 87.32124598286491, 83.2946576918352], [8.48528137423857, 14.7648230602334, 74.02702209328699, 59.77457653551382, 0.0, 89.10667763978185, 51.62363799656123, 72.42237223399962, 39.293765408777, 91.21951545584969], [80.62257748298549, 75.16648189186454, 64.77653896280658, 80.30566605165541, 89.10667763978185, 0.0, 55.54277630799526, 22.20360331117452, 77.79460135510689, 3.0], [45.044422518220834, 44.28317965096906, 25.079872407968907, 26.68332812825267, 51.62363799656123, 55.54277630799526, 0.0, 51.78802950489621, 67.97793759742936, 58.463663928973865], [64.07027391856539, 57.8013840664737, 68.8839603971781, 78.44743462982075, 72.42237223399962, 22.20360331117452, 51.78802950489621, 0.0, 56.08029957123981, 22.80350850198276], [35.77708763999664, 30.23243291566195, 93.03762679690406, 87.32124598286491, 39.293765408777, 77.79460135510689, 67.97793759742936, 56.08029957123981, 0.0, 78.77182237323191], [82.73451516749222, 77.15568676384133, 67.7421582177598, 83.2946576918352, 91.21951545584969, 3.0, 58.463663928973865, 22.80350850198276, 78.77182237323191, 0.0]], "task_locations": [[68, 74], [61, 73], [76, 6], [92, 23], [74, 80], [12, 16], [66, 29], [15, 38], [36, 90], [9, 16]], "precedence_constraints": [[6, 1], [3, 8]]}