{"Q": [[1, 0, 1], [1, 0, 0], [0, 1, 0]], "R": [[0.0, 0.0, 0.0], [1.0, 0.0, 0.0], [1.0, 0.0, 1.0], [0.0, 0.0, 1.0], [1.0, 0.0, 0.0], [0.0, 1.0, 1.0], [0.0, 0.0, 1.0], [0.0, 0.0, 1.0], [0.0, 1.0, 1.0], [0.0, 0.0, 0.0]], "T_e": [0, 59, 61, 54, 83, 69, 88, 51, 71, 0], "T_t": [[0.0, 72.47068372797375, 50.695167422546305, 12.165525060596439, 63.90618123468183, 41.23105625617661, 80.77747210701756, 5.0990195135927845, 38.897300677553446, 12.649110640673518], [72.47068372797375, 0.0, 78.44743462982075, 65.7875368135941, 12.649110640673518, 38.05259518088089, 41.340053217188775, 76.48529270389177, 36.6742416417845, 64.40496875241847], [50.695167422546305, 78.44743462982075, 0.0, 39.92492955535426, 77.83315488916018, 42.5440947723653, 58.52349955359813, 48.662100242385755, 46.52956049652737, 58.60034129593445], [12.165525060596439, 65.7875368135941, 39.92492955535426, 0.0, 58.855755878248644, 31.240998703626616, 69.63476143421474, 13.038404810405298, 30.01666203960727, 18.867962264113206], [63.90618123468183, 12.649110640673518, 77.83315488916018, 58.855755878248644, 0.0, 35.4400902933387, 50.32891812864648, 68.30812543175226, 32.38826948140329, 54.589376255824725], [41.23105625617661, 38.05259518088089, 42.5440947723653, 31.240998703626616, 35.4400902933387, 0.0, 40.311288741492746, 43.840620433565945, 5.385164807134504, 38.62641583165593], [80.77747210701756, 41.340053217188775, 58.52349955359813, 69.63476143421474, 50.32891812864648, 40.311288741492746, 0.0, 82.66196223173026, 44.27188724235731, 78.92401408950256], [5.0990195135927845, 76.48529270389177, 48.662100242385755, 13.038404810405298, 68.30812543175226, 43.840620433565945, 82.66196223173026, 0.0, 42.01190307520001, 17.72004514666935], [38.897300677553446, 36.6742416417845, 46.52956049652737, 30.01666203960727, 32.38826948140329, 5.385164807134504, 44.27188724235731, 42.01190307520001, 0.0, 34.88552708502482], [12.649110640673518, 64.40496875241847, 58.60034129593445, 18.867962264113206, 54.589376255824725, 38.62641583165593, 78.92401408950256, 17.72004514666935, 34.88552708502482, 0.0]], "task_locations": [[31, 17], [95, 51], [18, 66], [33, 29], [91, 39], [57, 49], [73, 86], [26, 18], [59, 44], [43, 13]], "precedence_constraints": [[3, 7], [7, 6], [4, 1], [3, 1], [1, 6]]}