{"Q": [[1, 0, 1], [1, 1, 1], [0, 0, 1]], "R": [[0.0, 0.0, 0.0], [1.0, 0.0, 0.0], [0.0, 1.0, 0.0], [0.0, 0.0, 1.0], [0.0, 0.0, 1.0], [1.0, 1.0, 1.0], [0.0, 1.0, 1.0], [0.0, 1.0, 0.0], [0.0, 1.0, 0.0], [0.0, 0.0, 0.0]], "T_e": [0, 69, 51, 94, 67, 67, 70, 83, 82, 0], "T_t": [[0.0, 60.40695324215582, 57.3149195236284, 44.9221548904324, 33.12099032335839, 54.70831746635972, 49.57822102496216, 51.85556864985669, 60.90155991434045, 53.85164807134504], [60.40695324215582, 0.0, 73.59347797189639, 26.248809496813376, 89.45389874119518, 89.1852005660132, 97.71898484941399, 42.638011210655684, 101.07423014794622, 50.44799302251776], [57.3149195236284, 73.59347797189639, 0.0, 79.17701686727027, 53.907327887774215, 23.53720459187964, 43.829214001622255, 31.906112267087632, 36.22154055254967, 24.596747752497688], [44.9221548904324, 26.248809496813376, 79.17701686727027, 0.0, 77.62087348130012, 88.45903006477066, 90.97252332435328, 53.9351462406472, 98.41239759298622, 60.876925020897694], [33.12099032335839, 89.45389874119518, 53.907327887774215, 77.62087348130012, 0.0, 37.94733192202055, 21.37755832643195, 66.48308055437865, 37.013511046643494, 64.41273166075166], [54.70831746635972, 89.1852005660132, 23.53720459187964, 88.45903006477066, 37.94733192202055, 0.0, 21.93171219946131, 51.419840528729765, 13.038404810405298, 45.39823785126467], [49.57822102496216, 97.71898484941399, 43.829214001622255, 90.97252332435328, 21.37755832643195, 21.93171219946131, 0.0, 66.06814663663572, 16.278820596099706, 61.66036003787198], [51.85556864985669, 42.638011210655684, 31.906112267087632, 53.9351462406472, 66.48308055437865, 51.419840528729765, 66.06814663663572, 0.0, 64.32728814430156, 7.810249675906654], [60.90155991434045, 101.07423014794622, 36.22154055254967, 98.41239759298622, 37.013511046643494, 13.038404810405298, 16.278820596099706, 64.32728814430156, 0.0, 58.42088667591412], [53.85164807134504, 50.44799302251776, 24.596747752497688, 60.876925020897694, 64.41273166075166, 45.39823785126467, 61.66036003787198, 7.810249675906654, 58.42088667591412, 0.0]], "task_locations": [[60, 33], [0, 40], [54, 90], [17, 20], [89, 49], [77, 85], [93, 70], [27, 73], [90, 86], [32, 79]], "precedence_constraints": [[6, 2], [8, 3]]}