{"Q": [[1, 0, 0], [0, 1, 1], [0, 0, 1]], "R": [[0.0, 0.0, 0.0], [0.0, 1.0, 1.0], [1.0, 0.0, 0.0], [1.0, 0.0, 1.0], [0.0, 1.0, 0.0], [1.0, 0.0, 1.0], [1.0, 1.0, 0.0], [1.0, 1.0, 0.0], [1.0, 0.0, 0.0], [0.0, 0.0, 0.0]], "T_e": [0, 96, 89, 77, 65, 53, 84, 57, 58, 0], "T_t": [[0.0, 76.05918747922567, 63.387695966961914, 82.20097323024831, 64.8459713474939, 25.298221281347036, 21.02379604162864, 85.72630868059116, 100.4987562112089, 68.35202996254024], [76.05918747922567, 0.0, 69.31810730249349, 17.26267650163207, 11.40175425099138, 77.41446893184762, 68.8839603971781, 14.7648230602334, 36.345563690772494, 55.21775076911409], [63.387695966961914, 69.31810730249349, 0.0, 60.63827174318213, 61.29437168288782, 41.78516483155236, 42.42640687119285, 84.07734534343957, 67.1863081289633, 17.029386365926403], [82.20097323024831, 17.26267650163207, 60.63827174318213, 0.0, 21.540659228538015, 78.10889834071403, 70.77428911688199, 28.844410203711913, 20.615528128088304, 44.598206241955516], [64.8459713474939, 11.40175425099138, 61.29437168288782, 21.540659228538015, 0.0, 66.18912297349165, 57.55866572463264, 24.331050121192877, 42.15447781671598, 48.79549159502341], [25.298221281347036, 77.41446893184762, 41.78516483155236, 78.10889834071403, 66.18912297349165, 0.0, 9.486832980505138, 90.00555538409837, 93.05912099305473, 51.22499389946279], [21.02379604162864, 68.8839603971781, 42.42640687119285, 70.77428911688199, 57.55866572463264, 9.486832980505138, 0.0, 81.09870529176159, 86.82165628459296, 48.76474136094644], [85.72630868059116, 14.7648230602334, 84.07734534343957, 28.844410203711913, 24.331050121192877, 90.00555538409837, 81.09870529176159, 0.0, 43.73785545725808, 69.8927750200262], [100.4987562112089, 36.345563690772494, 67.1863081289633, 20.615528128088304, 42.15447781671598, 93.05912099305473, 86.82165628459296, 43.73785545725808, 0.0, 50.15974481593781], [68.35202996254024, 55.21775076911409, 17.029386365926403, 44.598206241955516, 48.79549159502341, 51.22499389946279, 48.76474136094644, 69.8927750200262, 50.15974481593781, 0.0]], "task_locations": [[17, 8], [86, 40], [24, 71], [83, 57], [75, 37], [9, 32], [18, 29], [99, 33], [91, 76], [41, 72]], "precedence_constraints": [[4, 7], [7, 3], [5, 3], [2, 7]]}