{"Q": [[0, 1, 1], [1, 1, 0], [0, 1, 1]], "R": [[0.0, 0.0, 0.0], [0.0, 0.0, 1.0], [0.0, 0.0, 1.0], [0.0, 0.0, 1.0], [1.0, 0.0, 0.0], [0.0, 1.0, 0.0], [0.0, 1.0, 1.0], [1.0, 1.0, 1.0], [1.0, 0.0, 1.0], [0.0, 0.0, 0.0]], "T_e": [0, 52, 91, 78, 59, 64, 52, 76, 77, 0], "T_t": [[0.0, 41.10960958218893, 51.62363799656123, 26.30589287593181, 78.23042886243178, 58.60034129593445, 7.810249675906654, 45.48626166217664, 50.08991914547278, 90.60353193998566], [41.10960958218893, 0.0, 10.816653826391969, 31.400636936215164, 51.478150704935004, 56.462376853972415, 41.677331968349414, 12.529964086141668, 14.866068747318506, 49.64876634922564], [51.62363799656123, 10.816653826391969, 0.0, 41.48493702538308, 50.80354318352215, 63.06346010171025, 51.61395160225576, 12.165525060596439, 16.1245154965971, 39.824615503479755], [26.30589287593181, 31.400636936215164, 41.48493702538308, 0.0, 52.952809179494906, 34.20526275297414, 32.57299494980466, 42.01190307520001, 32.202484376209235, 74.81310045707235], [78.23042886243178, 51.478150704935004, 50.80354318352215, 52.952809179494906, 0.0, 39.824615503479755, 83.0, 61.91122676865643, 36.6742416417845, 49.36598018878993], [58.60034129593445, 56.462376853972415, 63.06346010171025, 34.20526275297414, 39.824615503479755, 0.0, 65.76473218982953, 68.94200461257273, 47.67598976424087, 82.22530024268686], [7.810249675906654, 41.677331968349414, 51.61395160225576, 32.57299494980466, 83.0, 65.76473218982953, 0.0, 43.86342439892262, 52.49761899362675, 91.26883367283708], [45.48626166217664, 12.529964086141668, 12.165525060596439, 42.01190307520001, 61.91122676865643, 68.94200461257273, 43.86342439892262, 0.0, 25.612496949731394, 49.9799959983992], [50.08991914547278, 14.866068747318506, 16.1245154965971, 32.202484376209235, 36.6742416417845, 47.67598976424087, 52.49761899362675, 25.612496949731394, 0.0, 42.638011210655684], [90.60353193998566, 49.64876634922564, 39.824615503479755, 74.81310045707235, 49.36598018878993, 82.22530024268686, 91.26883367283708, 49.9799959983992, 42.638011210655684, 0.0]], "task_locations": [[44, 21], [71, 52], [80, 58], [40, 47], [50, 99], [19, 74], [50, 16], [82, 46], [66, 66], [99, 93]], "precedence_constraints": [[7, 2], [7, 6]]}