{"Q": [[1, 0, 0], [1, 1, 0], [1, 1, 1]], "R": [[0.0, 0.0, 0.0], [1.0, 0.0, 1.0], [0.0, 1.0, 1.0], [1.0, 0.0, 0.0], [1.0, 1.0, 1.0], [0.0, 0.0, 1.0], [1.0, 0.0, 0.0], [0.0, 1.0, 0.0], [1.0, 1.0, 0.0], [0.0, 0.0, 0.0]], "T_e": [0, 67, 95, 64, 71, 52, 68, 58, 87, 0], "T_t": [[0.0, 40.311288741492746, 66.49060083951716, 85.28774824088158, 58.309518948453004, 16.55294535724685, 61.00819617067857, 65.76473218982953, 16.278820596099706, 35.90264614203248], [40.311288741492746, 0.0, 38.62641583165593, 67.4166151627327, 57.245087125446844, 56.22277118748239, 41.86884283091664, 52.3450093132096, 24.08318915758459, 22.135943621178654], [66.49060083951716, 38.62641583165593, 0.0, 101.11874208078342, 95.75489543621255, 82.71033792700887, 13.601470508735444, 24.0, 54.037024344425184, 60.74537019394976], [85.28774824088158, 67.4166151627327, 101.11874208078342, 0.0, 34.438350715445125, 92.34717104492157, 108.07404868885037, 119.20151005754919, 75.18643494673756, 52.20153254455275], [58.309518948453004, 57.245087125446844, 95.75489543621255, 34.438350715445125, 0.0, 61.40032573203501, 98.47842403288143, 108.00462953040486, 53.41348144429457, 35.510561809129406], [16.55294535724685, 56.22277118748239, 82.71033792700887, 92.34717104492157, 61.40032573203501, 0.0, 76.4198926981712, 80.05623023850174, 32.202484376209235, 47.885279575251516], [61.00819617067857, 41.86884283091664, 13.601470508735444, 108.07404868885037, 98.47842403288143, 76.4198926981712, 0.0, 11.704699910719626, 51.19570294468082, 62.96824596572466], [65.76473218982953, 52.3450093132096, 24.0, 119.20151005754919, 108.00462953040486, 80.05623023850174, 11.704699910719626, 0.0, 58.309518948453004, 72.62231062146122], [16.278820596099706, 24.08318915758459, 54.037024344425184, 75.18643494673756, 53.41348144429457, 32.202484376209235, 51.19570294468082, 58.309518948453004, 0.0, 23.194827009486403], [35.90264614203248, 22.135943621178654, 60.74537019394976, 52.20153254455275, 35.510561809129406, 47.885279575251516, 62.96824596572466, 72.62231062146122, 23.194827009486403, 0.0]], "task_locations": [[29, 86], [58, 58], [94, 72], [22, 1], [7, 32], [14, 93], [90, 85], [94, 96], [40, 74], [37, 51]], "precedence_constraints": [[3, 1]]}