{"Q": [[1, 1, 1], [0, 1, 0], [0, 1, 1]], "R": [[0.0, 0.0, 0.0], [0.0, 1.0, 0.0], [0.0, 1.0, 1.0], [1.0, 1.0, 1.0], [1.0, 0.0, 0.0], [0.0, 1.0, 1.0], [0.0, 0.0, 1.0], [1.0, 1.0, 0.0], [1.0, 0.0, 0.0], [0.0, 0.0, 0.0]], "T_e": [0, 63, 86, 64, 89, 92, 72, 68, 63, 0], "T_t": [[0.0, 47.07440918375928, 98.59513172565875, 28.635642126552707, 72.83543093852057, 25.0, 19.4164878389476, 39.81205847478876, 72.69112738154499, 21.400934559032695], [47.07440918375928, 0.0, 61.29437168288782, 37.57658845611187, 41.43669871020132, 36.069377593742864, 27.65863337187866, 19.313207915827967, 32.802438933713454, 29.154759474226502], [98.59513172565875, 61.29437168288782, 0.0, 73.57309290766564, 26.419689627245813, 96.26006440887103, 82.07313811473277, 80.49844718999243, 74.06078584514209, 77.23341245859851], [28.635642126552707, 37.57658845611187, 73.57309290766564, 0.0, 47.16990566028302, 41.773197148410844, 23.08679276123039, 43.41658669218482, 69.9714227381436, 13.92838827718412], [72.83543093852057, 41.43669871020132, 26.419689627245813, 47.16990566028302, 0.0, 73.348483283569, 57.42821606144492, 60.41522986797286, 64.19501538281614, 51.66236541235796], [25.0, 36.069377593742864, 96.26006440887103, 41.773197148410844, 73.348483283569, 0.0, 19.026297590440446, 20.248456731316587, 52.23983154643591, 28.160255680657446], [19.4164878389476, 27.65863337187866, 82.07313811473277, 23.08679276123039, 57.42821606144492, 19.026297590440446, 0.0, 23.323807579381203, 54.817880294662984, 9.219544457292887], [39.81205847478876, 19.313207915827967, 80.49844718999243, 43.41658669218482, 60.41522986797286, 20.248456731316587, 23.323807579381203, 0.0, 33.06055050963308, 30.4138126514911], [72.69112738154499, 32.802438933713454, 74.06078584514209, 69.9714227381436, 64.19501538281614, 52.23983154643591, 54.817880294662984, 33.06055050963308, 0.0, 59.61543424315552], [21.400934559032695, 29.154759474226502, 77.23341245859851, 13.92838827718412, 51.66236541235796, 28.160255680657446, 9.219544457292887, 30.4138126514911, 59.61543424315552, 0.0]], "task_locations": [[20, 89], [30, 43], [84, 14], [46, 77], [71, 37], [5, 69], [24, 70], [12, 50], [10, 17], [33, 72]], "precedence_constraints": [[5, 7]]}