{"Q": [[1, 1, 1], [0, 1, 0], [1, 1, 0]], "R": [[0.0, 0.0, 0.0], [1.0, 1.0, 1.0], [0.0, 1.0, 1.0], [1.0, 1.0, 0.0], [1.0, 1.0, 1.0], [0.0, 0.0, 1.0], [0.0, 1.0, 1.0], [0.0, 1.0, 1.0], [1.0, 1.0, 0.0], [0.0, 0.0, 0.0]], "T_e": [0, 85, 89, 77, 97, 87, 70, 71, 61, 0], "T_t": [[0.0, 45.12205669071391, 53.33854141237835, 107.20074626605917, 66.76076692189807, 81.00617260431454, 73.02739212103907, 60.0, 94.92101980067429, 58.05170109479997], [45.12205669071391, 0.0, 65.94694837519019, 78.587530817554, 59.50630218724736, 38.07886552931954, 75.71657678474378, 66.60330322138685, 79.76214641043707, 57.42821606144492], [53.33854141237835, 65.94694837519019, 0.0, 77.38862965578342, 27.313000567495326, 101.35580891098448, 21.540659228538015, 9.219544457292887, 53.075418038862395, 17.46424919657298], [107.20074626605917, 78.587530817554, 77.38862965578342, 0.0, 50.08991914547278, 86.68333173107735, 63.34824385884742, 69.07966415668217, 31.144823004794873, 60.41522986797286], [66.76076692189807, 59.50630218724736, 27.313000567495326, 50.08991914547278, 0.0, 88.3911760301898, 19.235384061671343, 19.4164878389476, 28.653097563788805, 10.63014581273465], [81.00617260431454, 38.07886552931954, 101.35580891098448, 86.68333173107735, 88.3911760301898, 0.0, 106.88779163215975, 100.20977996183805, 100.23971268913334, 89.64373932405988], [73.02739212103907, 75.71657678474378, 21.540659228538015, 63.34824385884742, 19.235384061671343, 106.88779163215975, 0.0, 13.152946437965905, 34.88552708502482, 18.35755975068582], [60.0, 66.60330322138685, 9.219544457292887, 69.07966415668217, 19.4164878389476, 100.20977996183805, 13.152946437965905, 0.0, 43.93176527297759, 11.40175425099138], [94.92101980067429, 79.76214641043707, 53.075418038862395, 31.144823004794873, 28.653097563788805, 100.23971268913334, 34.88552708502482, 43.93176527297759, 0.0, 38.8329756778952], [58.05170109479997, 57.42821606144492, 17.46424919657298, 60.41522986797286, 10.63014581273465, 89.64373932405988, 18.35755975068582, 11.40175425099138, 38.8329756778952, 0.0]], "task_locations": [[92, 11], [82, 55], [39, 5], [6, 75], [28, 30], [91, 92], [19, 13], [32, 11], [3, 44], [35, 22]], "precedence_constraints": [[1, 6], [2, 5], [7, 8], [8, 4], [3, 1]]}