{"Q": [[1, 0, 1], [1, 0, 1], [1, 1, 1]], "R": [[0.0, 0.0, 0.0], [1.0, 0.0, 0.0], [1.0, 0.0, 1.0], [0.0, 1.0, 1.0], [1.0, 0.0, 0.0], [1.0, 0.0, 0.0], [1.0, 1.0, 1.0], [0.0, 0.0, 1.0], [0.0, 1.0, 1.0], [0.0, 0.0, 0.0]], "T_e": [0, 63, 53, 66, 56, 96, 65, 72, 90, 0], "T_t": [[0.0, 49.20365840057018, 44.91102314577124, 59.0592922409336, 33.54101966249684, 45.803929962395145, 41.036569057366385, 41.23105625617661, 53.08483775994799, 59.0], [49.20365840057018, 0.0, 79.84985911070852, 91.02197536858887, 64.62197768561404, 68.06614430096654, 90.13878188659973, 90.4267659490264, 90.47098982546837, 97.16995420396162], [44.91102314577124, 79.84985911070852, 0.0, 94.36630754670864, 15.231546211727817, 19.313207915827967, 42.15447781671598, 44.77722635447622, 10.816653826391969, 17.4928556845359], [59.0592922409336, 91.02197536858887, 94.36630754670864, 0.0, 88.61715409558128, 102.30347012687302, 60.166435825965294, 57.584720195551874, 97.9081201943945, 101.35580891098448], [33.54101966249684, 64.62197768561404, 15.231546211727817, 88.61715409558128, 0.0, 13.892443989449804, 45.044422518220834, 47.16990566028302, 25.942243542145693, 32.64965543462902], [45.803929962395145, 68.06614430096654, 19.313207915827967, 102.30347012687302, 13.892443989449804, 0.0, 57.706152185014034, 60.01666435249463, 28.844410203711913, 34.828149534535996], [41.036569057366385, 90.13878188659973, 42.15447781671598, 60.166435825965294, 45.044422518220834, 57.706152185014034, 0.0, 2.8284271247461903, 41.400483088968905, 43.139309220245984], [41.23105625617661, 90.4267659490264, 44.77722635447622, 57.584720195551874, 47.16990566028302, 60.01666435249463, 2.8284271247461903, 0.0, 44.204072210600685, 45.967379738244816], [53.08483775994799, 90.47098982546837, 10.816653826391969, 97.9081201943945, 25.942243542145693, 28.844410203711913, 41.400483088968905, 44.204072210600685, 0.0, 6.708203932499369], [59.0, 97.16995420396162, 17.4928556845359, 101.35580891098448, 32.64965543462902, 34.828149534535996, 43.139309220245984, 45.967379738244816, 6.708203932499369, 0.0]], "task_locations": [[57, 38], [96, 8], [66, 82], [5, 10], [72, 68], [84, 75], [27, 66], [25, 64], [60, 91], [57, 97]], "precedence_constraints": [[2, 6]]}