{"Q": [[0, 1, 0], [1, 1, 1], [0, 1, 0]], "R": [[0.0, 0.0, 0.0], [0.0, 1.0, 0.0], [1.0, 0.0, 1.0], [0.0, 1.0, 1.0], [1.0, 1.0, 1.0], [1.0, 0.0, 1.0], [1.0, 1.0, 0.0], [1.0, 1.0, 1.0], [1.0, 1.0, 0.0], [0.0, 0.0, 0.0]], "T_e": [0, 51, 65, 78, 55, 83, 65, 72, 71, 0], "T_t": [[0.0, 8.06225774829855, 39.01281840626232, 63.0317380372777, 51.62363799656123, 57.62811813689564, 26.832815729997478, 41.677331968349414, 35.34119409414458, 18.027756377319946], [8.06225774829855, 0.0, 39.05124837953327, 68.60029154456998, 57.0087712549569, 52.32590180780452, 32.01562118716424, 47.01063709417264, 33.734255586866, 25.96150997149434], [39.01281840626232, 39.05124837953327, 0.0, 46.09772228646444, 86.97700845625813, 87.98295289429652, 63.953107821277925, 77.62087348130012, 72.78049189171504, 47.75981574503821], [63.0317380372777, 68.60029154456998, 46.09772228646444, 0.0, 88.29496021857646, 120.61509026651682, 74.70609078247904, 82.21921916437786, 96.54014708917737, 56.60388679233962], [51.62363799656123, 57.0087712549569, 86.97700845625813, 88.29496021857646, 0.0, 72.44308110509934, 25.0, 10.0, 43.68065933568311, 39.293765408777], [57.62811813689564, 52.32590180780452, 87.98295289429652, 120.61509026651682, 72.44308110509934, 0.0, 58.249463516842795, 66.0, 30.265491900843113, 68.87670143089025], [26.832815729997478, 32.01562118716424, 63.953107821277925, 74.70609078247904, 25.0, 58.249463516842795, 0.0, 15.0, 28.160255680657446, 18.681541692269406], [41.677331968349414, 47.01063709417264, 77.62087348130012, 82.21921916437786, 10.0, 66.0, 15.0, 0.0, 36.22154055254967, 30.265491900843113], [35.34119409414458, 33.734255586866, 72.78049189171504, 96.54014708917737, 43.68065933568311, 30.265491900843113, 28.160255680657446, 36.22154055254967, 0.0, 41.23105625617661], [18.027756377319946, 25.96150997149434, 47.75981574503821, 56.60388679233962, 39.293765408777, 68.87670143089025, 18.681541692269406, 30.265491900843113, 41.23105625617661, 0.0]], "task_locations": [[50, 54], [51, 62], [89, 53], [92, 7], [6, 27], [14, 99], [26, 42], [14, 33], [18, 69], [44, 37]], "precedence_constraints": [[6, 1], [7, 1]]}