{"Q": [[1, 1, 0], [1, 0, 0], [1, 1, 1]], "R": [[0.0, 0.0, 0.0], [0.0, 0.0, 1.0], [0.0, 1.0, 1.0], [0.0, 1.0, 0.0], [0.0, 1.0, 1.0], [0.0, 0.0, 1.0], [1.0, 1.0, 0.0], [1.0, 1.0, 1.0], [0.0, 1.0, 1.0], [0.0, 0.0, 0.0]], "T_e": [0, 62, 97, 58, 87, 54, 85, 85, 60, 0], "T_t": [[0.0, 25.0, 23.021728866442675, 32.01562118716424, 46.04345773288535, 1.0, 54.56189146281496, 67.23094525588644, 14.317821063276353, 94.86832980505137], [25.0, 0.0, 16.278820596099706, 47.53945729601885, 44.77722635447622, 24.73863375370596, 71.17583859709698, 77.23341245859851, 27.892651361962706, 99.02019995940222], [23.021728866442675, 16.278820596099706, 0.0, 33.54101966249684, 29.154759474226502, 22.20360331117452, 56.61271941887264, 61.07372593840988, 16.76305461424021, 83.00602387778854], [32.01562118716424, 47.53945729601885, 33.54101966249684, 0.0, 30.4138126514911, 31.240998703626616, 23.706539182259394, 35.84689665786984, 20.248456731316587, 65.76473218982953], [46.04345773288535, 44.77722635447622, 29.154759474226502, 30.4138126514911, 0.0, 45.044422518220834, 44.14748010928823, 37.94733192202055, 32.38826948140329, 54.405882034941776], [1.0, 24.73863375370596, 22.20360331117452, 31.240998703626616, 45.044422518220834, 0.0, 53.907327887774215, 66.37017402418047, 13.341664064126334, 93.92017887546851], [54.56189146281496, 71.17583859709698, 56.61271941887264, 23.706539182259394, 44.14748010928823, 53.907327887774215, 0.0, 23.08679276123039, 43.9089968002003, 55.10898293381942], [67.23094525588644, 77.23341245859851, 61.07372593840988, 35.84689665786984, 37.94733192202055, 66.37017402418047, 23.08679276123039, 0.0, 53.823786563191554, 32.2490309931942], [14.317821063276353, 27.892651361962706, 16.76305461424021, 20.248456731316587, 32.38826948140329, 13.341664064126334, 43.9089968002003, 53.823786563191554, 0.0, 80.65358020571685], [94.86832980505137, 99.02019995940222, 83.00602387778854, 65.76473218982953, 54.405882034941776, 93.92017887546851, 55.10898293381942, 32.2490309931942, 80.65358020571685, 0.0]], "task_locations": [[54, 1], [78, 8], [67, 20], [34, 26], [56, 47], [54, 2], [13, 37], [20, 59], [51, 15], [24, 91]], "precedence_constraints": [[1, 2]]}