{"Q": [[1, 0, 0], [0, 0, 1], [1, 1, 0]], "R": [[0.0, 0.0, 0.0], [1.0, 0.0, 0.0], [0.0, 1.0, 0.0], [0.0, 1.0, 0.0], [0.0, 0.0, 1.0], [0.0, 1.0, 1.0], [1.0, 1.0, 0.0], [1.0, 0.0, 1.0], [1.0, 0.0, 0.0], [0.0, 0.0, 0.0]], "T_e": [0, 85, 99, 63, 87, 68, 85, 64, 67, 0], "T_t": [[0.0, 9.219544457292887, 36.87817782917155, 65.5133574166368, 16.15549442140351, 69.85699678629192, 80.05623023850174, 22.47220505424423, 38.948684188300895, 71.78439941937245], [9.219544457292887, 0.0, 38.01315561749642, 68.94200461257273, 25.059928172283335, 74.33034373659252, 84.8999411071645, 13.416407864998739, 48.02082881417188, 76.90253571892151], [36.87817782917155, 38.01315561749642, 0.0, 101.21264743103995, 44.77722635447622, 104.30723848324239, 113.74093370462545, 40.311288741492746, 58.69412236331676, 105.19030373565806], [65.5133574166368, 68.94200461257273, 101.21264743103995, 0.0, 57.28001396647874, 10.0, 19.924858845171276, 78.16009211867653, 57.38466694161429, 16.278820596099706], [16.15549442140351, 25.059928172283335, 44.77722635447622, 57.28001396647874, 0.0, 59.64059020499378, 68.96375859826666, 38.47076812334269, 23.021728866442675, 60.41522986797286], [69.85699678629192, 74.33034373659252, 104.30723848324239, 10.0, 59.64059020499378, 0.0, 11.0, 84.52810183601665, 55.758407437802596, 6.4031242374328485], [80.05623023850174, 84.8999411071645, 113.74093370462545, 19.924858845171276, 68.96375859826666, 11.0, 0.0, 95.35197952848173, 62.369864518050704, 8.602325267042627], [22.47220505424423, 13.416407864998739, 40.311288741492746, 78.16009211867653, 38.47076812334269, 84.52810183601665, 95.35197952848173, 0.0, 61.40032573203501, 87.69264507357501], [38.948684188300895, 48.02082881417188, 58.69412236331676, 57.38466694161429, 23.021728866442675, 55.758407437802596, 62.369864518050704, 61.40032573203501, 0.0, 54.037024344425184], [71.78439941937245, 76.90253571892151, 105.19030373565806, 16.278820596099706, 60.41522986797286, 6.4031242374328485, 8.602325267042627, 87.69264507357501, 54.037024344425184, 0.0]], "task_locations": [[63, 24], [57, 17], [91, 0], [29, 80], [69, 39], [35, 88], [35, 99], [51, 5], [82, 58], [40, 92]], "precedence_constraints": [[4, 5], [8, 1], [6, 2]]}