{"Q": [[1, 0, 0], [0, 1, 0], [0, 0, 1]], "R": [[0.0, 0.0, 0.0], [0.0, 1.0, 0.0], [0.0, 0.0, 1.0], [0.0, 0.0, 1.0], [1.0, 0.0, 0.0], [1.0, 0.0, 0.0], [1.0, 1.0, 0.0], [1.0, 0.0, 1.0], [0.0, 1.0, 0.0], [0.0, 0.0, 0.0]], "T_e": [0, 87, 92, 86, 87, 67, 95, 62, 70, 0], "T_t": [[0.0, 65.19202405202648, 24.166091947189145, 20.396078054371138, 39.92492955535426, 70.06425622241343, 69.35416353759881, 55.90169943749474, 63.702433234531945, 38.3275357934736], [65.19202405202648, 0.0, 89.1852005660132, 46.75467891024384, 70.02856560004639, 62.68173577685928, 17.88854381999832, 81.39410298049853, 16.97056274847714, 45.044422518220834], [24.166091947189145, 89.1852005660132, 0.0, 44.27188724235731, 47.51841748206689, 83.81527307120105, 92.09777413162601, 60.07495318350236, 86.45229898620394, 56.859475903318], [20.396078054371138, 46.75467891024384, 44.27188724235731, 0.0, 48.104053883222775, 68.15423684555495, 54.20332093147061, 64.35060217278468, 48.76474136094644, 34.48187929913333], [39.92492955535426, 70.02856560004639, 47.51841748206689, 48.104053883222775, 0.0, 37.589892258425, 63.56099432828282, 16.401219466856727, 58.855755878248644, 25.0], [70.06425622241343, 62.68173577685928, 83.81527307120105, 68.15423684555495, 37.589892258425, 0.0, 47.92702786528704, 34.40930106817051, 46.14108798023731, 33.734255586866], [69.35416353759881, 17.88854381999832, 92.09777413162601, 54.20332093147061, 63.56099432828282, 47.92702786528704, 0.0, 72.00694410957877, 5.656854249492381, 39.56008088970496], [55.90169943749474, 81.39410298049853, 60.07495318350236, 64.35060217278468, 16.401219466856727, 34.40930106817051, 72.00694410957877, 0.0, 68.06614430096654, 37.33630940518894], [63.702433234531945, 16.97056274847714, 86.45229898620394, 48.76474136094644, 58.855755878248644, 46.14108798023731, 5.656854249492381, 68.06614430096654, 0.0, 34.48187929913333], [38.3275357934736, 45.044422518220834, 56.859475903318, 34.48187929913333, 25.0, 33.734255586866, 39.56008088970496, 37.33630940518894, 34.48187929913333, 0.0]], "task_locations": [[18, 58], [53, 3], [8, 80], [22, 38], [55, 73], [88, 55], [69, 11], [68, 83], [65, 15], [55, 48]], "precedence_constraints": [[2, 6], [6, 3], [4, 2], [2, 3], [5, 4], [8, 7]]}