{"Q": [[0, 1, 0], [0, 0, 1], [1, 0, 1]], "R": [[0.0, 0.0, 0.0], [0.0, 1.0, 0.0], [0.0, 0.0, 1.0], [0.0, 0.0, 1.0], [0.0, 1.0, 1.0], [0.0, 0.0, 1.0], [1.0, 0.0, 1.0], [1.0, 1.0, 1.0], [1.0, 1.0, 0.0], [0.0, 0.0, 0.0]], "T_e": [0, 61, 96, 81, 51, 52, 64, 99, 58, 0], "T_t": [[0.0, 47.16990566028302, 25.0, 47.75981574503821, 51.31276644267, 48.33218389437829, 25.0, 20.8806130178211, 46.17358552246078, 33.1058907144937], [47.16990566028302, 0.0, 60.8276253029822, 1.4142135623730951, 45.0111097397076, 36.124783736376884, 22.360679774997898, 38.118237105091836, 13.152946437965905, 34.0147027033899], [25.0, 60.8276253029822, 0.0, 60.876925020897694, 43.104524124504614, 71.84010022264724, 40.0, 45.39823785126467, 54.378304497290095, 31.953090617340916], [47.75981574503821, 1.4142135623730951, 60.876925020897694, 0.0, 44.04543109109048, 37.53664875824692, 22.847319317591726, 39.20459156782532, 12.041594578792296, 33.54101966249684], [51.31276644267, 45.0111097397076, 43.104524124504614, 44.04543109109048, 0.0, 75.58438992278762, 39.824615503479755, 60.60528029800704, 32.14031735997639, 19.1049731745428], [48.33218389437829, 36.124783736376884, 71.84010022264724, 37.53664875824692, 75.58438992278762, 0.0, 37.21558813185679, 27.784887978899608, 47.70744176750625, 58.855755878248644], [25.0, 22.360679774997898, 40.0, 22.847319317591726, 39.824615503479755, 37.21558813185679, 0.0, 22.20360331117452, 22.20360331117452, 21.840329667841555], [20.8806130178211, 38.118237105091836, 45.39823785126467, 39.20459156782532, 60.60528029800704, 27.784887978899608, 22.20360331117452, 0.0, 43.08131845707603, 41.617304093369626], [46.17358552246078, 13.152946437965905, 54.378304497290095, 12.041594578792296, 32.14031735997639, 47.70744176750625, 22.20360331117452, 43.08131845707603, 0.0, 24.08318915758459], [33.1058907144937, 34.0147027033899, 31.953090617340916, 33.54101966249684, 19.1049731745428, 58.855755878248644, 21.840329667841555, 41.617304093369626, 24.08318915758459, 0.0]], "task_locations": [[57, 55], [40, 11], [82, 55], [41, 10], [85, 12], [13, 35], [50, 31], [37, 49], [53, 9], [71, 25]], "precedence_constraints": [[8, 5], [4, 8], [6, 5]]}