{"Q": [[1, 0, 0], [1, 1, 1], [1, 0, 0]], "R": [[0.0, 0.0, 0.0], [1.0, 0.0, 0.0], [0.0, 0.0, 1.0], [1.0, 0.0, 0.0], [1.0, 0.0, 0.0], [0.0, 0.0, 1.0], [0.0, 1.0, 0.0], [0.0, 1.0, 1.0], [1.0, 0.0, 0.0], [0.0, 0.0, 0.0]], "T_e": [0, 59, 79, 71, 97, 92, 93, 51, 75, 0], "T_t": [[0.0, 21.02379604162864, 92.91393867445294, 29.832867780352597, 39.05124837953327, 71.02112361825881, 27.018512172212592, 100.70253224224304, 26.0, 34.0147027033899], [21.02379604162864, 0.0, 72.20110802473879, 10.770329614269007, 34.48187929913333, 62.369864518050704, 26.076809620810597, 79.88116173416608, 39.824615503479755, 30.805843601498726], [92.91393867445294, 72.20110802473879, 0.0, 63.28506932918696, 76.11832893594026, 91.59148432032315, 88.86506625215557, 8.246211251235321, 109.60383204979651, 78.10249675906654], [29.832867780352597, 10.770329614269007, 63.28506932918696, 0.0, 29.0, 67.95586803212802, 36.05551275463989, 71.19691004531025, 50.53711507397311, 26.627053911388696], [39.05124837953327, 34.48187929913333, 76.11832893594026, 29.0, 0.0, 96.40020746865642, 59.135437767890075, 84.34453153583817, 65.03076195155643, 5.0990195135927845], [71.02112361825881, 62.369864518050704, 91.59148432032315, 67.95586803212802, 96.40020746865642, 0.0, 44.294469180700204, 95.33624704172071, 61.18823416311342, 93.08598175880189], [27.018512172212592, 26.076809620810597, 88.86506625215557, 36.05551275463989, 59.135437767890075, 44.294469180700204, 0.0, 95.58765610684259, 22.847319317591726, 54.78138369920935], [100.70253224224304, 79.88116173416608, 8.246211251235321, 71.19691004531025, 84.34453153583817, 95.33624704172071, 95.58765610684259, 0.0, 116.72617529928752, 86.34813257969161], [26.0, 39.824615503479755, 109.60383204979651, 50.53711507397311, 65.03076195155643, 61.18823416311342, 22.847319317591726, 116.72617529928752, 0.0, 60.00833275470999], [34.0147027033899, 30.805843601498726, 78.10249675906654, 26.627053911388696, 5.0990195135927845, 93.08598175880189, 54.78138369920935, 86.34813257969161, 60.00833275470999, 0.0]], "task_locations": [[39, 5], [48, 24], [91, 82], [58, 28], [78, 7], [1, 65], [22, 26], [93, 90], [13, 5], [73, 6]], "precedence_constraints": [[4, 6], [7, 4], [1, 3], [7, 1]]}