{"Q": [[0, 1, 0], [1, 1, 1], [1, 0, 0]], "R": [[0.0, 0.0, 0.0], [0.0, 0.0, 1.0], [1.0, 0.0, 0.0], [0.0, 0.0, 1.0], [0.0, 1.0, 1.0], [1.0, 0.0, 1.0], [1.0, 0.0, 0.0], [0.0, 1.0, 1.0], [1.0, 1.0, 1.0], [0.0, 0.0, 0.0]], "T_e": [0, 84, 93, 68, 72, 97, 96, 82, 57, 0], "T_t": [[0.0, 87.65842800324451, 11.0, 16.278820596099706, 21.93171219946131, 68.30812543175226, 96.42613753542138, 70.3420215802759, 71.58910531638176, 28.30194339616981], [87.65842800324451, 0.0, 94.36630754670864, 76.92203845452875, 66.37017402418047, 53.16013544000805, 24.698178070456937, 91.78235124467012, 35.05709628591621, 90.80198235721508], [11.0, 94.36630754670864, 0.0, 27.16615541441225, 30.886890422961002, 78.84795495128583, 105.0, 81.02468759581859, 74.67261881037788, 38.07886552931954], [16.278820596099706, 76.92203845452875, 27.16615541441225, 0.0, 12.0, 52.20153254455275, 82.75868534480233, 56.08029957123981, 67.00746227100382, 19.697715603592208], [21.93171219946131, 66.37017402418047, 30.886890422961002, 12.0, 0.0, 49.36598018878993, 74.51845409024533, 61.587336360651285, 55.00909015790027, 31.04834939252005], [68.30812543175226, 53.16013544000805, 78.84795495128583, 52.20153254455275, 49.36598018878993, 0.0, 42.7551166528639, 39.11521443121589, 70.00714249274856, 54.56189146281496], [96.42613753542138, 24.698178070456937, 105.0, 82.75868534480233, 74.51845409024533, 42.7551166528639, 0.0, 81.15417426109393, 58.42088667591412, 92.11405973031478], [70.3420215802759, 91.78235124467012, 81.02468759581859, 56.08029957123981, 61.587336360651285, 39.11521443121589, 81.15417426109393, 0.0, 102.7277956543408, 44.10215414239989], [71.58910531638176, 35.05709628591621, 74.67261881037788, 67.00746227100382, 55.00909015790027, 70.00714249274856, 58.42088667591412, 102.7277956543408, 0.0, 85.47514258543241], [28.30194339616981, 90.80198235721508, 38.07886552931954, 19.697715603592208, 31.04834939252005, 54.56189146281496, 92.11405973031478, 44.10215414239989, 85.47514258543241, 0.0]], "task_locations": [[16, 20], [66, 92], [5, 20], [32, 23], [32, 35], [81, 41], [89, 83], [84, 2], [31, 90], [40, 5]], "precedence_constraints": [[5, 2], [8, 5], [8, 1], [3, 7]]}