{"Q": [[1, 0, 0], [0, 0, 1], [0, 1, 1]], "R": [[0.0, 0.0, 0.0], [1.0, 0.0, 0.0], [0.0, 1.0, 0.0], [0.0, 1.0, 1.0], [1.0, 0.0, 1.0], [0.0, 1.0, 1.0], [1.0, 1.0, 1.0], [0.0, 1.0, 1.0], [1.0, 0.0, 0.0], [0.0, 0.0, 0.0]], "T_e": [0, 76, 94, 87, 87, 89, 61, 68, 74, 0], "T_t": [[0.0, 69.8927750200262, 29.410882339705484, 31.144823004794873, 68.4470598345904, 69.35416353759881, 37.64306044943742, 7.615773105863909, 79.62411694957753, 72.47068372797375], [69.8927750200262, 0.0, 42.42640687119285, 45.0, 77.25283166331187, 33.301651610693426, 47.095647357266465, 68.8839603971781, 30.479501308256342, 7.280109889280518], [29.410882339705484, 42.42640687119285, 0.0, 6.708203932499369, 71.61005515987263, 52.23983154643591, 31.906112267087632, 31.064449134018133, 50.48762224545735, 46.400431032480725], [31.144823004794873, 45.0, 6.708203932499369, 0.0, 78.2368199762746, 58.034472514187634, 38.58756276314948, 34.23448553724738, 48.76474136094644, 49.73932046178355], [68.4470598345904, 77.25283166331187, 71.61005515987263, 78.2368199762746, 0.0, 47.38143096192854, 39.824615503479755, 61.0, 105.19030373565806, 73.08214556237385], [69.35416353759881, 33.301651610693426, 52.23983154643591, 58.034472514187634, 47.38143096192854, 0.0, 33.301651610693426, 64.89992295835181, 63.63961030678928, 27.459060435491963], [37.64306044943742, 47.095647357266465, 31.906112267087632, 38.58756276314948, 39.824615503479755, 33.301651610693426, 0.0, 32.202484376209235, 69.92138442565336, 46.09772228646444], [7.615773105863909, 68.8839603971781, 31.064449134018133, 34.23448553724738, 61.0, 64.89992295835181, 32.202484376209235, 0.0, 81.49846624323675, 70.7248188403477], [79.62411694957753, 30.479501308256342, 50.48762224545735, 48.76474136094644, 105.19030373565806, 63.63961030678928, 69.92138442565336, 81.49846624323675, 0.0, 37.20215047547655], [72.47068372797375, 7.280109889280518, 46.400431032480725, 49.73932046178355, 73.08214556237385, 27.459060435491963, 46.09772228646444, 70.7248188403477, 37.20215047547655, 0.0]], "task_locations": [[21, 1], [79, 40], [49, 10], [52, 4], [7, 68], [54, 62], [32, 37], [18, 8], [99, 17], [77, 47]], "precedence_constraints": [[3, 1], [3, 5]]}