{"Q": [[1, 1, 1], [0, 1, 0], [1, 1, 0]], "R": [[0.0, 0.0, 0.0], [0.0, 1.0, 0.0], [1.0, 1.0, 1.0], [1.0, 0.0, 1.0], [1.0, 1.0, 1.0], [1.0, 0.0, 0.0], [0.0, 0.0, 1.0], [1.0, 1.0, 0.0], [1.0, 0.0, 0.0], [0.0, 0.0, 0.0]], "T_e": [0, 59, 68, 76, 65, 93, 94, 57, 79, 0], "T_t": [[0.0, 74.33034373659252, 29.0, 65.73431371817918, 43.0, 38.897300677553446, 22.02271554554524, 22.47220505424423, 55.47071299343465, 53.71219600798314], [74.33034373659252, 0.0, 59.481089431852205, 34.66987164671943, 82.29216244576394, 68.87670143089025, 60.74537019394976, 55.08175741568164, 68.24954212300622, 76.4198926981712], [29.0, 59.481089431852205, 0.0, 65.5133574166368, 66.40783086353596, 57.706152185014034, 7.211102550927978, 12.0, 27.85677655436824, 29.017236257093817], [65.73431371817918, 34.66987164671943, 65.5133574166368, 0.0, 55.44366510251645, 43.01162633521314, 62.80127387243033, 55.60575509783138, 85.44003745317531, 91.18113840043894], [43.0, 82.29216244576394, 66.40783086353596, 55.44366510251645, 0.0, 13.416407864998739, 59.481089431852205, 55.154328932550705, 94.2443632266673, 94.59386872308374], [38.897300677553446, 68.87670143089025, 57.706152185014034, 43.01162633521314, 13.416407864998739, 0.0, 51.24451190127583, 45.89117562233506, 85.14693182963201, 86.57944328765345], [22.02271554554524, 60.74537019394976, 7.211102550927978, 62.80127387243033, 59.481089431852205, 51.24451190127583, 0.0, 7.211102550927978, 34.92849839314596, 35.35533905932738], [22.47220505424423, 55.08175741568164, 12.0, 55.60575509783138, 55.154328932550705, 45.89117562233506, 7.211102550927978, 0.0, 39.293765408777, 41.012193308819754], [55.47071299343465, 68.24954212300622, 27.85677655436824, 85.44003745317531, 94.2443632266673, 85.14693182963201, 34.92849839314596, 39.293765408777, 0.0, 9.486832980505138], [53.71219600798314, 76.4198926981712, 29.017236257093817, 91.18113840043894, 94.59386872308374, 86.57944328765345, 35.35533905932738, 41.012193308819754, 9.486832980505138, 0.0]], "task_locations": [[90, 51], [16, 58], [69, 31], [35, 87], [90, 94], [78, 88], [73, 37], [69, 43], [59, 5], [68, 2]], "precedence_constraints": [[8, 2], [6, 4], [1, 3]]}