{"Q": [[0, 1, 1], [1, 0, 0], [1, 0, 0]], "R": [[0.0, 0.0, 0.0], [0.0, 1.0, 1.0], [0.0, 0.0, 1.0], [0.0, 1.0, 1.0], [1.0, 0.0, 1.0], [1.0, 1.0, 0.0], [1.0, 1.0, 1.0], [1.0, 1.0, 0.0], [0.0, 0.0, 1.0], [0.0, 0.0, 0.0]], "T_e": [0, 86, 65, 92, 55, 93, 78, 60, 58, 0], "T_t": [[0.0, 31.78049716414141, 51.15662224971465, 37.12142238654117, 83.21658488546619, 60.0, 66.48308055437865, 52.630789467763066, 49.64876634922564, 36.76955262170047], [31.78049716414141, 0.0, 22.825424421026653, 52.15361924162119, 52.009614495783374, 46.238512086787566, 35.014282800023196, 27.85677655436824, 28.0178514522438, 44.384682042344295], [51.15662224971465, 22.825424421026653, 0.0, 58.249463516842795, 33.52610922848042, 32.14031735997639, 19.209372712298546, 38.3275357934736, 12.649110640673518, 47.634021455258214], [37.12142238654117, 52.15361924162119, 58.249463516842795, 0.0, 90.82400563727631, 45.0111097397076, 77.42092740338364, 79.64923100695951, 48.75448697299562, 11.40175425099138], [83.21658488546619, 52.009614495783374, 33.52610922848042, 90.82400563727631, 0.0, 54.67174773134658, 17.11724276862369, 49.92995093127971, 42.190046219457976, 79.75587752636166], [60.0, 46.238512086787566, 32.14031735997639, 45.0111097397076, 54.67174773134658, 0.0, 47.53945729601885, 69.35416353759881, 20.024984394500787, 34.058772731852805], [66.48308055437865, 35.014282800023196, 19.209372712298546, 77.42092740338364, 17.11724276862369, 47.53945729601885, 0.0, 35.35533905932738, 30.610455730027933, 66.84309986827361], [52.630789467763066, 27.85677655436824, 38.3275357934736, 79.64923100695951, 49.92995093127971, 69.35416353759881, 35.35533905932738, 0.0, 49.36598018878993, 72.2357252334328], [49.64876634922564, 28.0178514522438, 12.649110640673518, 48.75448697299562, 42.190046219457976, 20.024984394500787, 30.610455730027933, 49.36598018878993, 0.0, 37.589892258425], [36.76955262170047, 44.384682042344295, 47.634021455258214, 11.40175425099138, 79.75587752636166, 34.058772731852805, 66.84309986827361, 72.2357252334328, 37.589892258425, 0.0]], "task_locations": [[60, 12], [53, 43], [64, 63], [97, 15], [54, 95], [96, 60], [52, 78], [27, 53], [76, 59], [94, 26]], "precedence_constraints": [[4, 2], [8, 2], [6, 4], [6, 1], [5, 7]]}