{"Q": [[0, 1, 1], [1, 1, 1], [0, 0, 1]], "R": [[0.0, 0.0, 0.0], [1.0, 0.0, 0.0], [0.0, 0.0, 1.0], [1.0, 0.0, 0.0], [1.0, 0.0, 0.0], [0.0, 0.0, 1.0], [0.0, 1.0, 1.0], [1.0, 1.0, 1.0], [0.0, 1.0, 0.0], [0.0, 0.0, 0.0]], "T_e": [0, 76, 66, 71, 86, 86, 87, 93, 70, 0], "T_t": [[0.0, 2.23606797749979, 99.02019995940222, 82.60750571225353, 65.19202405202648, 38.63935817272331, 20.615528128088304, 65.21502894272147, 42.42640687119285, 55.54277630799526], [2.23606797749979, 0.0, 99.29753269845128, 81.39410298049853, 63.28506932918696, 38.07886552931954, 22.135943621178654, 63.245553203367585, 41.19465984809196, 57.271284253105414], [99.02019995940222, 99.29753269845128, 0.0, 64.00781202322104, 93.30058949438637, 65.06919393998976, 82.76472678623425, 96.76776322722355, 72.67048919609665, 70.0], [82.60750571225353, 81.39410298049853, 64.00781202322104, 0.0, 36.796738985948195, 47.16990566028302, 79.47955712005447, 40.311288741492746, 40.19950248448356, 94.11163583744573], [65.19202405202648, 63.28506932918696, 93.30058949438637, 36.796738985948195, 0.0, 45.31004303683677, 71.58910531638176, 3.605551275463989, 31.78049716414141, 98.41239759298622], [38.63935817272331, 38.07886552931954, 65.06919393998976, 47.16990566028302, 45.31004303683677, 0.0, 32.31098884280702, 47.43416490252569, 13.601470508735444, 53.23532661682466], [20.615528128088304, 22.135943621178654, 82.76472678623425, 79.47955712005447, 71.58910531638176, 32.31098884280702, 0.0, 72.62231062146122, 42.20189569201838, 35.35533905932738], [65.21502894272147, 63.245553203367585, 96.76776322722355, 40.311288741492746, 3.605551275463989, 47.43416490252569, 72.62231062146122, 0.0, 33.83784863137726, 100.31948963187563], [42.42640687119285, 41.19465984809196, 72.67048919609665, 40.19950248448356, 31.78049716414141, 13.601470508735444, 42.20189569201838, 33.83784863137726, 0.0, 66.64082832618455], [55.54277630799526, 57.271284253105414, 70.0, 94.11163583744573, 98.41239759298622, 53.23532661682466, 35.35533905932738, 100.31948963187563, 66.64082832618455, 0.0]], "task_locations": [[85, 45], [84, 43], [2, 99], [3, 35], [30, 10], [47, 52], [77, 64], [32, 7], [43, 39], [72, 99]], "precedence_constraints": [[2, 8]]}