{"Q": [[0, 0, 1], [1, 1, 0], [1, 0, 1]], "R": [[0.0, 0.0, 0.0], [0.0, 1.0, 1.0], [0.0, 0.0, 1.0], [1.0, 1.0, 1.0], [1.0, 1.0, 1.0], [1.0, 0.0, 1.0], [1.0, 0.0, 1.0], [0.0, 0.0, 1.0], [0.0, 1.0, 0.0], [0.0, 0.0, 0.0]], "T_e": [0, 53, 99, 71, 90, 56, 88, 72, 73, 0], "T_t": [[0.0, 12.083045973594572, 28.792360097775937, 64.40496875241847, 83.5224520712844, 19.209372712298546, 36.0, 15.231546211727817, 47.885279575251516, 21.02379604162864], [12.083045973594572, 0.0, 38.3275357934736, 65.80273550544841, 95.50916186418976, 20.024984394500787, 47.265209192385896, 3.1622776601683795, 50.24937810560445, 33.1058907144937], [28.792360097775937, 38.3275357934736, 0.0, 48.010415536631214, 62.96824596572466, 46.32493928760188, 13.45362404707371, 41.19465984809196, 32.2490309931942, 20.615528128088304], [64.40496875241847, 65.80273550544841, 48.010415536631214, 0.0, 97.09788875150684, 83.24061508662703, 58.54912467321779, 66.84309986827361, 16.76305461424021, 67.60177512462228], [83.5224520712844, 95.50916186418976, 62.96824596572466, 97.09788875150684, 0.0, 92.43916918709297, 50.11985634456667, 98.67117106835208, 87.20665112249179, 62.81719509815764], [19.209372712298546, 20.024984394500787, 46.32493928760188, 83.24061508662703, 92.43916918709297, 0.0, 50.28916384272063, 21.095023109728988, 66.88796603276258, 31.575306807693888], [36.0, 47.265209192385896, 13.45362404707371, 58.54912467321779, 50.11985634456667, 50.28916384272063, 0.0, 50.35871324805669, 43.965895873961216, 19.235384061671343], [15.231546211727817, 3.1622776601683795, 41.19465984809196, 66.84309986827361, 98.67117106835208, 21.095023109728988, 50.35871324805669, 0.0, 51.62363799656123, 36.24913792078372], [47.885279575251516, 50.24937810560445, 32.2490309931942, 16.76305461424021, 87.20665112249179, 66.88796603276258, 43.965895873961216, 51.62363799656123, 0.0, 51.15662224971465], [21.02379604162864, 33.1058907144937, 20.615528128088304, 67.60177512462228, 62.81719509815764, 31.575306807693888, 19.235384061671343, 36.24913792078372, 51.15662224971465, 0.0]], "task_locations": [[58, 84], [53, 95], [48, 57], [0, 56], [82, 4], [73, 96], [58, 48], [52, 98], [16, 61], [67, 65]], "precedence_constraints": [[5, 4], [7, 6], [3, 8], [6, 1]]}