{"Q": [[0, 1, 1], [1, 1, 1], [1, 0, 0]], "R": [[0.0, 0.0, 0.0], [1.0, 0.0, 0.0], [1.0, 0.0, 0.0], [1.0, 0.0, 1.0], [1.0, 0.0, 0.0], [1.0, 0.0, 1.0], [0.0, 1.0, 0.0], [0.0, 1.0, 1.0], [1.0, 0.0, 0.0], [0.0, 0.0, 0.0]], "T_e": [0, 86, 63, 87, 87, 56, 57, 55, 54, 0], "T_t": [[0.0, 50.35871324805669, 27.459060435491963, 14.317821063276353, 59.413803110051795, 37.589892258425, 17.46424919657298, 25.942243542145693, 47.29693436154187, 17.0], [50.35871324805669, 0.0, 38.91015291668744, 44.553338819890925, 104.20172743289815, 29.410882339705484, 55.10898293381942, 64.28841264178172, 17.46424919657298, 66.49060083951716], [27.459060435491963, 38.91015291668744, 0.0, 13.45362404707371, 86.37129152675674, 44.77722635447622, 19.924858845171276, 27.0, 46.010868281309364, 43.139309220245984], [14.317821063276353, 44.553338819890925, 13.45362404707371, 0.0, 72.91776189653656, 41.10960958218893, 10.770329614269007, 20.591260281974, 46.647615158762406, 29.698484809834994], [59.413803110051795, 104.20172743289815, 86.37129152675674, 72.91776189653656, 0.0, 79.40403012442127, 69.8927750200262, 71.11258679024411, 93.92017887546851, 43.278170016764804], [37.589892258425, 29.410882339705484, 44.77722635447622, 41.10960958218893, 79.40403012442127, 0.0, 50.93132631298737, 60.876925020897694, 14.7648230602334, 49.03060268852505], [17.46424919657298, 55.10898293381942, 19.924858845171276, 10.770329614269007, 69.8927750200262, 50.93132631298737, 0.0, 10.0, 57.30619512757761, 27.313000567495326], [25.942243542145693, 64.28841264178172, 27.0, 20.591260281974, 71.11258679024411, 60.876925020897694, 10.0, 0.0, 67.23094525588644, 31.144823004794873], [47.29693436154187, 17.46424919657298, 46.010868281309364, 46.647615158762406, 93.92017887546851, 14.7648230602334, 57.30619512757761, 67.23094525588644, 0.0, 61.07372593840988], [17.0, 66.49060083951716, 43.139309220245984, 29.698484809834994, 43.278170016764804, 49.03060268852505, 27.313000567495326, 31.144823004794873, 61.07372593840988, 0.0]], "task_locations": [[69, 51], [75, 1], [92, 36], [82, 45], [28, 94], [51, 18], [86, 55], [92, 63], [58, 5], [61, 66]], "precedence_constraints": [[1, 8], [1, 5], [4, 3]]}