{"Q": [[0, 1, 1], [0, 0, 1], [1, 1, 0]], "R": [[0.0, 0.0, 0.0], [1.0, 1.0, 0.0], [0.0, 1.0, 0.0], [0.0, 1.0, 0.0], [1.0, 0.0, 0.0], [0.0, 0.0, 1.0], [1.0, 0.0, 1.0], [1.0, 1.0, 0.0], [0.0, 1.0, 0.0], [0.0, 0.0, 0.0]], "T_e": [0, 96, 72, 59, 60, 58, 69, 72, 74, 0], "T_t": [[0.0, 71.56814934033156, 100.70253224224304, 53.85164807134504, 69.58448102845921, 16.401219466856727, 25.238858928247925, 44.598206241955516, 37.33630940518894, 85.0], [71.56814934033156, 0.0, 47.12748667179272, 65.43699259593154, 18.110770276274835, 61.1310068623117, 64.41273166075166, 75.7429864739964, 42.190046219457976, 31.25699921617557], [100.70253224224304, 47.12748667179272, 0.0, 65.12296062065974, 65.0, 85.47514258543241, 103.27632836231156, 118.81077392223317, 83.60023923410746, 17.204650534085253], [53.85164807134504, 65.43699259593154, 65.12296062065974, 0.0, 76.69419795525604, 38.3275357934736, 71.25307010929424, 92.13576938409967, 64.76109943476871, 55.90169943749474], [69.58448102845921, 18.110770276274835, 65.0, 76.69419795525604, 0.0, 62.96824596572466, 56.293871780150276, 63.28506932918696, 34.23448553724738, 49.36598018878993], [16.401219466856727, 61.1310068623117, 85.47514258543241, 38.3275357934736, 62.96824596572466, 0.0, 34.23448553724738, 55.226805085936306, 36.069377593742864, 70.3846574190711], [25.238858928247925, 64.41273166075166, 103.27632836231156, 71.25307010929424, 56.293871780150276, 34.23448553724738, 0.0, 21.02379604162864, 22.47220505424423, 86.2670273047588], [44.598206241955516, 75.7429864739964, 118.81077392223317, 92.13576938409967, 63.28506932918696, 55.226805085936306, 21.02379604162864, 0.0, 35.22782990761707, 101.6070863670443], [37.33630940518894, 42.190046219457976, 83.60023923410746, 64.76109943476871, 34.23448553724738, 36.069377593742864, 22.47220505424423, 35.22782990761707, 0.0, 66.40030120413611], [85.0, 31.25699921617557, 17.204650534085253, 55.90169943749474, 49.36598018878993, 70.3846574190711, 86.2670273047588, 101.6070863670443, 66.40030120413611, 0.0]], "task_locations": [[44, 7], [53, 78], [98, 92], [94, 27], [35, 76], [57, 17], [23, 21], [2, 22], [31, 42], [84, 82]], "precedence_constraints": [[1, 3], [5, 8], [6, 3], [4, 8], [6, 8], [8, 3]]}