{"Q": [[1, 1, 0], [0, 1, 0], [0, 0, 1]], "R": [[0.0, 0.0, 0.0], [0.0, 0.0, 1.0], [1.0, 0.0, 0.0], [0.0, 1.0, 1.0], [0.0, 0.0, 1.0], [0.0, 0.0, 1.0], [1.0, 0.0, 0.0], [1.0, 1.0, 0.0], [0.0, 1.0, 0.0], [0.0, 0.0, 0.0]], "T_e": [0, 74, 97, 73, 60, 95, 71, 83, 68, 0], "T_t": [[0.0, 96.38464608017192, 8.54400374531753, 104.00480758118829, 65.12296062065974, 78.74642849044012, 84.1486779456457, 74.16872656315464, 78.03204469959762, 76.69419795525604], [96.38464608017192, 0.0, 97.06183596038146, 42.95346318982906, 47.50789408087881, 44.41846462902562, 32.38826948140329, 91.7877987534291, 57.4543296888929, 19.697715603592208], [8.54400374531753, 97.06183596038146, 0.0, 108.07404868885037, 62.12889826803627, 83.23460818673925, 82.03657720797473, 82.02438661763951, 83.6301381082203, 77.41446893184762], [104.00480758118829, 42.95346318982906, 108.07404868885037, 0.0, 80.22468448052632, 25.612496949731394, 72.18032973047436, 66.03029607687671, 32.28002478313795, 47.0], [65.12296062065974, 47.50789408087881, 62.12889826803627, 80.22468448052632, 0.0, 65.5133574166368, 21.02379604162864, 98.40731680114035, 75.27283706623525, 33.54101966249684], [78.74642849044012, 44.41846462902562, 83.23460818673925, 25.612496949731394, 65.5133574166368, 0.0, 64.1404708432983, 48.08326112068523, 13.038404810405298, 36.89173349139343], [84.1486779456457, 32.38826948140329, 82.03657720797473, 72.18032973047436, 21.02379604162864, 64.1404708432983, 0.0, 104.89041900955492, 76.02631123499285, 27.294688127912362], [74.16872656315464, 91.7877987534291, 82.02438661763951, 66.03029607687671, 98.40731680114035, 48.08326112068523, 104.89041900955492, 0.0, 35.6931365951495, 79.88116173416608], [78.03204469959762, 57.4543296888929, 83.6301381082203, 32.28002478313795, 75.27283706623525, 13.038404810405298, 76.02631123499285, 35.6931365951495, 0.0, 49.040799340956916], [76.69419795525604, 19.697715603592208, 77.41446893184762, 47.0, 33.54101966249684, 36.89173349139343, 27.294688127912362, 79.88116173416608, 49.040799340956916, 0.0]], "task_locations": [[90, 22], [1, 59], [87, 14], [19, 98], [25, 18], [39, 82], [6, 27], [85, 96], [50, 89], [19, 51]], "precedence_constraints": [[2, 3], [1, 8], [8, 7], [3, 6]]}