{"Q": [[1, 1, 1], [1, 0, 0], [0, 1, 1]], "R": [[0.0, 0.0, 0.0], [1.0, 1.0, 0.0], [0.0, 1.0, 0.0], [0.0, 1.0, 0.0], [1.0, 0.0, 0.0], [0.0, 1.0, 0.0], [1.0, 1.0, 0.0], [1.0, 0.0, 1.0], [0.0, 1.0, 0.0], [0.0, 0.0, 0.0]], "T_e": [0, 93, 62, 81, 75, 58, 67, 92, 52, 0], "T_t": [[0.0, 49.25444142409901, 64.1404708432983, 112.80514172678478, 95.13148795220224, 69.92138442565336, 21.095023109728988, 86.82165628459296, 44.28317965096906, 72.94518489934754], [49.25444142409901, 0.0, 52.49761899362675, 77.41446893184762, 60.92618484691127, 68.4470598345904, 53.45091205957107, 48.373546489791295, 11.180339887498949, 60.63827174318213], [64.1404708432983, 52.49761899362675, 0.0, 55.97320787662612, 40.44749683231337, 17.69180601295413, 48.79549159502341, 40.792156108742276, 61.0, 9.219544457292887], [112.80514172678478, 77.41446893184762, 55.97320787662612, 0.0, 17.69180601295413, 66.27216610312357, 102.2154587134451, 29.068883707497267, 88.58893836140041, 51.78802950489621], [95.13148795220224, 60.92618484691127, 40.44749683231337, 17.69180601295413, 0.0, 53.33854141237835, 85.0, 14.0, 72.09022125087424, 38.118237105091836], [69.92138442565336, 68.4470598345904, 17.69180601295413, 66.27216610312357, 53.33854141237835, 0.0, 50.99019513592785, 56.64803615307419, 75.8946638440411, 15.297058540778355], [21.095023109728988, 53.45091205957107, 48.79549159502341, 102.2154587134451, 85.0, 50.99019513592785, 0.0, 79.37883848986453, 52.839379254491625, 56.72741841473134], [86.82165628459296, 48.373546489791295, 40.792156108742276, 29.068883707497267, 14.0, 56.64803615307419, 79.37883848986453, 0.0, 59.53990258641679, 41.6293165929973], [44.28317965096906, 11.180339887498949, 61.0, 88.58893836140041, 72.09022125087424, 75.8946638440411, 52.839379254491625, 59.53990258641679, 0.0, 69.58448102845921], [72.94518489934754, 60.63827174318213, 9.219544457292887, 51.78802950489621, 38.118237105091836, 15.297058540778355, 56.72741841473134, 41.6293165929973, 69.58448102845921, 0.0]], "task_locations": [[80, 6], [75, 55], [25, 39], [7, 92], [19, 79], [13, 26], [59, 4], [33, 79], [85, 50], [16, 41]], "precedence_constraints": [[5, 3], [8, 1], [5, 8]]}