{"Q": [[1, 1, 1], [1, 1, 1], [0, 0, 1]], "R": [[0.0, 0.0, 0.0], [0.0, 0.0, 1.0], [1.0, 0.0, 0.0], [1.0, 1.0, 1.0], [1.0, 0.0, 1.0], [1.0, 0.0, 0.0], [1.0, 0.0, 1.0], [1.0, 0.0, 0.0], [0.0, 0.0, 1.0], [0.0, 0.0, 0.0]], "T_e": [0, 67, 74, 98, 74, 79, 84, 80, 78, 0], "T_t": [[0.0, 40.0, 63.63961030678928, 41.43669871020132, 39.395431207184416, 53.53503525729669, 25.632011235952593, 72.80109889280519, 76.40026177965623, 28.0178514522438], [40.0, 0.0, 45.27692569068709, 46.87216658103186, 43.266615305567875, 46.32493928760188, 64.6297145282261, 102.07840124139877, 94.64142856064674, 33.24154027718932], [63.63961030678928, 45.27692569068709, 0.0, 31.575306807693888, 30.364452901377952, 16.0, 77.82673062643708, 89.94442728707543, 70.26378868236469, 36.40054944640259], [41.43669871020132, 46.87216658103186, 31.575306807693888, 0.0, 3.605551275463989, 16.15549442140351, 48.41487374764082, 61.032778078668514, 48.104053883222775, 16.1245154965971], [39.395431207184416, 43.266615305567875, 30.364452901377952, 3.605551275463989, 0.0, 15.811388300841896, 48.25971404805462, 63.90618123468183, 51.66236541235796, 13.0], [53.53503525729669, 46.32493928760188, 16.0, 16.15549442140351, 15.811388300841896, 0.0, 64.07027391856539, 74.14849964766651, 56.08029957123981, 25.553864678361276], [25.632011235952593, 64.6297145282261, 77.82673062643708, 48.41487374764082, 48.25971404805462, 64.07027391856539, 0.0, 52.92447448959697, 65.19202405202648, 42.37924020083418], [72.80109889280519, 102.07840124139877, 89.94442728707543, 61.032778078668514, 63.90618123468183, 74.14849964766651, 52.92447448959697, 0.0, 29.68164415931166, 69.46221994724903], [76.40026177965623, 94.64142856064674, 70.26378868236469, 48.104053883222775, 51.66236541235796, 56.08029957123981, 65.19202405202648, 29.68164415931166, 0.0, 61.85466837676846], [28.0178514522438, 33.24154027718932, 36.40054944640259, 16.1245154965971, 13.0, 25.553864678361276, 42.37924020083418, 69.46221994724903, 61.85466837676846, 0.0]], "task_locations": [[52, 6], [12, 6], [7, 51], [38, 45], [36, 42], [23, 51], [76, 15], [96, 64], [71, 80], [36, 29]], "precedence_constraints": [[7, 6], [6, 5], [4, 2]]}