{"Q": [[0, 0, 1], [1, 1, 0], [1, 0, 1]], "R": [[0.0, 0.0, 0.0], [0.0, 1.0, 0.0], [1.0, 0.0, 1.0], [1.0, 1.0, 1.0], [0.0, 0.0, 1.0], [0.0, 1.0, 0.0], [1.0, 0.0, 1.0], [0.0, 1.0, 0.0], [0.0, 1.0, 0.0], [0.0, 0.0, 0.0]], "T_e": [0, 94, 94, 68, 86, 63, 70, 99, 92, 0], "T_t": [[0.0, 34.20526275297414, 21.095023109728988, 31.064449134018133, 38.62641583165593, 49.57822102496216, 47.38143096192854, 39.01281840626232, 69.20260110718382, 34.828149534535996], [34.20526275297414, 0.0, 43.139309220245984, 10.63014581273465, 69.18092222571191, 24.331050121192877, 42.01190307520001, 58.82176467941097, 55.54277630799526, 21.095023109728988], [21.095023109728988, 43.139309220245984, 0.0, 44.94441010848846, 51.66236541235796, 64.35060217278468, 34.17601498127012, 18.24828759089466, 57.0087712549569, 52.0], [31.064449134018133, 10.63014581273465, 44.94441010848846, 0.0, 62.07253821135398, 19.4164878389476, 50.635955604688654, 62.16912416947821, 65.7419196555744, 10.770329614269007], [38.62641583165593, 69.18092222571191, 51.66236541235796, 62.07253821135398, 0.0, 75.43208866258443, 84.31488599292535, 63.51377803280167, 106.85036265731624, 59.43904440685432], [49.57822102496216, 24.331050121192877, 64.35060217278468, 19.4164878389476, 75.43208866258443, 0.0, 66.06814663663572, 81.41252974819048, 77.12976079309465, 16.15549442140351], [47.38143096192854, 42.01190307520001, 34.17601498127012, 50.635955604688654, 84.31488599292535, 66.06814663663572, 0.0, 35.510561809129406, 22.847319317591726, 61.18823416311342], [39.01281840626232, 58.82176467941097, 18.24828759089466, 62.16912416947821, 63.51377803280167, 81.41252974819048, 35.510561809129406, 0.0, 56.08029957123981, 69.8927750200262], [69.20260110718382, 55.54277630799526, 57.0087712549569, 65.7419196555744, 106.85036265731624, 77.12976079309465, 22.847319317591726, 56.08029957123981, 0.0, 76.48529270389177], [34.828149534535996, 21.095023109728988, 52.0, 10.770329614269007, 59.43904440685432, 16.15549442140351, 61.18823416311342, 69.8927750200262, 76.48529270389177, 0.0]], "task_locations": [[35, 56], [26, 23], [56, 54], [18, 30], [21, 92], [2, 19], [68, 22], [74, 57], [77, 1], [8, 34]], "precedence_constraints": [[2, 8], [1, 6], [5, 6], [3, 2]]}