{"Q": [[0, 1, 0], [1, 1, 0], [0, 0, 1]], "R": [[0.0, 0.0, 0.0], [1.0, 0.0, 1.0], [1.0, 0.0, 0.0], [1.0, 1.0, 0.0], [1.0, 0.0, 0.0], [0.0, 1.0, 1.0], [0.0, 1.0, 0.0], [1.0, 0.0, 0.0], [0.0, 1.0, 1.0], [0.0, 0.0, 0.0]], "T_e": [0, 99, 74, 87, 84, 60, 72, 57, 87, 0], "T_t": [[0.0, 86.97700845625813, 27.294688127912362, 61.40032573203501, 91.67878707749138, 104.35037134576953, 45.254833995939045, 23.323807579381203, 94.82615672903758, 84.07734534343957], [86.97700845625813, 0.0, 70.02856560004639, 29.068883707497267, 51.478150704935004, 56.32051136131489, 51.35172830587107, 71.25307010929424, 18.027756377319946, 66.52818951391959], [27.294688127912362, 70.02856560004639, 0.0, 50.92150822589606, 65.06919393998976, 77.79460135510689, 20.615528128088304, 4.123105625617661, 73.76313442364011, 56.79788728465171], [61.40032573203501, 29.068883707497267, 50.92150822589606, 0.0, 64.07027391856539, 73.24616030891995, 38.28837943815329, 50.695167422546305, 43.56604182158393, 71.78439941937245], [91.67878707749138, 51.478150704935004, 65.06919393998976, 64.07027391856539, 0.0, 12.727922061357855, 46.87216658103186, 68.6804193347711, 37.48332962798263, 20.396078054371138], [104.35037134576953, 56.32051136131489, 77.79460135510689, 73.24616030891995, 12.727922061357855, 0.0, 59.405386961116584, 81.39410298049853, 39.81205847478876, 29.427877939124322], [45.254833995939045, 51.35172830587107, 20.615528128088304, 38.28837943815329, 46.87216658103186, 59.405386961116584, 0.0, 23.323807579381203, 53.36665625650534, 43.41658669218482], [23.323807579381203, 71.25307010929424, 4.123105625617661, 50.695167422546305, 68.6804193347711, 81.39410298049853, 23.323807579381203, 0.0, 75.8946638440411, 60.83584469702052], [94.82615672903758, 18.027756377319946, 73.76313442364011, 43.56604182158393, 37.48332962798263, 39.81205847478876, 53.36665625650534, 75.8946638440411, 0.0, 55.47071299343465], [84.07734534343957, 66.52818951391959, 56.79788728465171, 71.78439941937245, 20.396078054371138, 29.427877939124322, 43.41658669218482, 60.83584469702052, 55.47071299343465, 0.0]], "task_locations": [[97, 15], [14, 41], [84, 39], [36, 22], [39, 86], [30, 95], [65, 47], [85, 35], [13, 59], [59, 90]], "precedence_constraints": [[2, 5]]}