{"Q": [[0, 1, 1], [1, 0, 0], [0, 0, 1]], "R": [[0.0, 0.0, 0.0], [1.0, 1.0, 0.0], [0.0, 1.0, 1.0], [0.0, 0.0, 1.0], [0.0, 1.0, 1.0], [1.0, 1.0, 1.0], [1.0, 1.0, 1.0], [0.0, 1.0, 1.0], [1.0, 1.0, 1.0], [0.0, 0.0, 0.0]], "T_e": [0, 92, 55, 88, 56, 98, 77, 62, 93, 0], "T_t": [[0.0, 90.13878188659973, 90.13878188659973, 44.28317965096906, 71.84705978674423, 57.42821606144492, 85.42833253669417, 55.94640292279746, 90.80198235721508, 54.78138369920935], [90.13878188659973, 0.0, 35.35533905932738, 63.13477647065839, 61.1310068623117, 82.29823813423954, 27.80287754891569, 36.124783736376884, 26.832815729997478, 55.00909015790027], [90.13878188659973, 35.35533905932738, 0.0, 80.22468448052632, 88.52683209061533, 59.77457653551382, 8.54400374531753, 52.009614495783374, 61.40032573203501, 38.41874542459709], [44.28317965096906, 63.13477647065839, 80.22468448052632, 0.0, 27.65863337187866, 80.2807573457052, 72.56031973468694, 28.861739379323623, 53.009433122794285, 60.92618484691127], [71.84705978674423, 61.1310068623117, 88.52683209061533, 27.65863337187866, 0.0, 103.47946656221224, 80.049984384758, 39.44616584663204, 40.311288741492746, 80.2807573457052], [57.42821606144492, 82.29823813423954, 59.77457653551382, 80.2807573457052, 103.47946656221224, 0.0, 60.8276253029822, 67.23094525588644, 98.97979591815695, 27.65863337187866], [85.42833253669417, 27.80287754891569, 8.54400374531753, 72.56031973468694, 80.049984384758, 60.8276253029822, 0.0, 44.04543109109048, 53.2634959423431, 36.6742416417845], [55.94640292279746, 36.124783736376884, 52.009614495783374, 28.861739379323623, 39.44616584663204, 67.23094525588644, 44.04543109109048, 0.0, 36.124783736376884, 41.773197148410844], [90.80198235721508, 26.832815729997478, 61.40032573203501, 53.009433122794285, 40.311288741492746, 98.97979591815695, 53.2634959423431, 36.124783736376884, 0.0, 71.5122367151245], [54.78138369920935, 55.00909015790027, 38.41874542459709, 60.92618484691127, 80.2807573457052, 27.65863337187866, 36.6742416417845, 41.773197148410844, 71.5122367151245, 0.0]], "task_locations": [[10, 83], [85, 33], [60, 8], [54, 88], [81, 94], [3, 26], [63, 16], [61, 60], [97, 57], [30, 32]], "precedence_constraints": [[4, 7], [2, 3], [2, 7]]}