{"Q": [[1, 1, 0], [1, 0, 0], [1, 1, 1]], "R": [[0.0, 0.0, 0.0], [1.0, 0.0, 1.0], [1.0, 1.0, 0.0], [0.0, 1.0, 0.0], [1.0, 0.0, 0.0], [1.0, 1.0, 0.0], [0.0, 1.0, 0.0], [1.0, 1.0, 0.0], [0.0, 1.0, 1.0], [0.0, 0.0, 0.0]], "T_e": [0, 77, 62, 70, 83, 72, 77, 67, 91, 0], "T_t": [[0.0, 102.69371937952194, 28.0178514522438, 90.24965373894794, 84.2140130857092, 29.410882339705484, 65.5133574166368, 50.99019513592785, 6.708203932499369, 49.01020301937138], [102.69371937952194, 0.0, 77.02596964660685, 17.0, 46.32493928760188, 100.26464980241042, 82.76472678623425, 51.86520991955976, 102.41581909060729, 128.76334882255898], [28.0178514522438, 77.02596964660685, 0.0, 63.324560795950255, 56.43580423808985, 27.313000567495326, 44.82186966202994, 27.65863337187866, 25.96150997149434, 56.824290580701486], [90.24965373894794, 17.0, 63.324560795950255, 0.0, 30.14962686336267, 84.87638069569178, 65.76473218982953, 41.048751503547585, 89.19641248391103, 112.80514172678478], [84.2140130857092, 46.32493928760188, 56.43580423808985, 30.14962686336267, 0.0, 69.3757882838098, 39.59797974644666, 47.20169488482379, 81.0, 93.47726996441435], [29.410882339705484, 100.26464980241042, 27.313000567495326, 84.87638069569178, 69.3757882838098, 0.0, 40.26164427839479, 54.378304497290095, 22.80350850198276, 29.68164415931166], [65.5133574166368, 82.76472678623425, 44.82186966202994, 65.76473218982953, 39.59797974644666, 40.26164427839479, 0.0, 56.88585061331157, 59.941638282582836, 57.0087712549569], [50.99019513592785, 51.86520991955976, 27.65863337187866, 41.048751503547585, 47.20169488482379, 54.378304497290095, 56.88585061331157, 0.0, 51.31276644267, 84.05950273467003], [6.708203932499369, 102.41581909060729, 25.96150997149434, 89.19641248391103, 81.0, 22.80350850198276, 59.941638282582836, 51.31276644267, 0.0, 43.04648650006177], [49.01020301937138, 128.76334882255898, 56.824290580701486, 112.80514172678478, 93.47726996441435, 29.68164415931166, 57.0087712549569, 84.05950273467003, 43.04648650006177, 0.0]], "task_locations": [[1, 49], [96, 88], [29, 50], [88, 73], [85, 43], [18, 25], [57, 15], [47, 71], [4, 43], [2, 0]], "precedence_constraints": [[7, 2]]}