{"Q": [[0, 0, 1], [1, 0, 1], [1, 1, 1]], "R": [[0.0, 0.0, 0.0], [0.0, 0.0, 1.0], [1.0, 1.0, 1.0], [1.0, 0.0, 0.0], [1.0, 1.0, 0.0], [1.0, 0.0, 1.0], [1.0, 0.0, 1.0], [0.0, 0.0, 1.0], [0.0, 0.0, 1.0], [0.0, 0.0, 0.0]], "T_e": [0, 76, 94, 61, 58, 54, 68, 63, 74, 0], "T_t": [[0.0, 47.16990566028302, 18.24828759089466, 54.12947441089743, 49.03060268852505, 49.73932046178355, 22.47220505424423, 38.18376618407357, 29.0, 4.242640687119285], [47.16990566028302, 0.0, 56.72741841473134, 29.410882339705484, 35.90264614203248, 69.63476143421474, 63.324560795950255, 67.02984409947557, 27.313000567495326, 46.400431032480725], [18.24828759089466, 56.72741841473134, 0.0, 69.92138442565336, 45.70557952810576, 33.301651610693426, 35.38361202590826, 54.08326913195984, 31.622776601683793, 15.0], [54.12947441089743, 29.410882339705484, 69.92138442565336, 0.0, 64.07807737440318, 92.02173656261873, 60.14149981501958, 54.62600113499065, 49.36598018878993, 55.71355310873648], [49.03060268852505, 35.90264614203248, 45.70557952810576, 64.07807737440318, 0.0, 40.22437072223753, 71.30918594402827, 83.6301381082203, 21.470910553583888, 45.5411901469428], [49.73932046178355, 69.63476143421474, 33.301651610693426, 92.02173656261873, 40.22437072223753, 0.0, 68.6804193347711, 87.20091742636656, 43.18564576337837, 45.65084884205331], [22.47220505424423, 63.324560795950255, 35.38361202590826, 60.14149981501958, 71.30918594402827, 68.6804193347711, 0.0, 19.924858845171276, 50.635955604688654, 26.40075756488817], [38.18376618407357, 67.02984409947557, 54.08326913195984, 54.62600113499065, 83.6301381082203, 87.20091742636656, 19.924858845171276, 0.0, 62.16912416947821, 42.42640687119285], [29.0, 27.313000567495326, 31.622776601683793, 49.36598018878993, 21.470910553583888, 43.18564576337837, 50.635955604688654, 62.16912416947821, 0.0, 26.1725046566048], [4.242640687119285, 46.400431032480725, 15.0, 55.71355310873648, 45.5411901469428, 45.65084884205331, 26.40075756488817, 42.42640687119285, 26.1725046566048, 0.0]], "task_locations": [[48, 43], [88, 68], [51, 25], [71, 92], [96, 33], [73, 0], [27, 51], [21, 70], [77, 43], [51, 40]], "precedence_constraints": [[4, 1], [5, 3], [2, 1], [1, 8]]}