{"Q": [[0, 1, 0], [0, 1, 1], [1, 0, 0]], "R": [[0.0, 0.0, 0.0], [1.0, 1.0, 0.0], [0.0, 0.0, 1.0], [1.0, 1.0, 0.0], [1.0, 0.0, 0.0], [1.0, 1.0, 0.0], [1.0, 1.0, 0.0], [0.0, 1.0, 0.0], [0.0, 1.0, 0.0], [0.0, 0.0, 0.0]], "T_e": [0, 82, 66, 85, 88, 54, 72, 95, 51, 0], "T_t": [[0.0, 78.29431652425353, 61.29437168288782, 71.69379331573968, 39.44616584663204, 58.69412236331676, 69.63476143421474, 33.24154027718932, 73.33484846919642, 5.830951894845301], [78.29431652425353, 0.0, 28.792360097775937, 45.45327270945405, 64.63745044476924, 27.294688127912362, 18.24828759089466, 74.51845409024533, 26.076809620810597, 73.53910524340094], [61.29437168288782, 28.792360097775937, 0.0, 61.326992425847855, 37.48332962798263, 4.242640687119285, 11.40175425099138, 48.41487374764082, 12.041594578792296, 58.008620049092706], [71.69379331573968, 45.45327270945405, 61.326992425847855, 0.0, 82.02438661763951, 57.38466694161429, 56.859475903318, 86.97700845625813, 66.2872536767062, 65.86349520030045], [39.44616584663204, 64.63745044476924, 37.48332962798263, 82.02438661763951, 0.0, 37.64306044943742, 48.79549159502341, 11.704699910719626, 47.43416490252569, 39.824615503479755], [58.69412236331676, 27.294688127912362, 4.242640687119285, 57.38466694161429, 37.64306044943742, 0.0, 11.661903789690601, 48.104053883222775, 15.132745950421556, 55.14526271584895], [69.63476143421474, 18.24828759089466, 11.40175425099138, 56.859475903318, 48.79549159502341, 11.661903789690601, 0.0, 59.54829972383762, 9.433981132056603, 65.76473218982953], [33.24154027718932, 74.51845409024533, 48.41487374764082, 86.97700845625813, 11.704699910719626, 48.104053883222775, 59.54829972383762, 0.0, 58.83026432033091, 35.22782990761707], [73.33484846919642, 26.076809620810597, 12.041594578792296, 66.2872536767062, 47.43416490252569, 15.132745950421556, 9.433981132056603, 58.83026432033091, 0.0, 70.02856560004639], [5.830951894845301, 73.53910524340094, 58.008620049092706, 65.86349520030045, 39.824615503479755, 55.14526271584895, 65.76473218982953, 35.22782990761707, 70.02856560004639, 0.0]], "task_locations": [[73, 77], [40, 6], [67, 16], [11, 41], [93, 43], [64, 19], [58, 9], [97, 54], [66, 4], [68, 74]], "precedence_constraints": [[7, 2], [8, 5], [2, 4], [3, 2], [6, 5], [3, 4]]}