{"Q": [[0, 0, 1], [1, 0, 1], [1, 1, 0]], "R": [[0.0, 0.0, 0.0], [0.0, 1.0, 1.0], [1.0, 0.0, 1.0], [1.0, 1.0, 0.0], [0.0, 1.0, 1.0], [0.0, 1.0, 0.0], [0.0, 1.0, 0.0], [1.0, 0.0, 0.0], [1.0, 1.0, 0.0], [0.0, 0.0, 0.0]], "T_e": [0, 55, 75, 87, 69, 92, 51, 81, 55, 0], "T_t": [[0.0, 93.7709976485267, 86.57944328765345, 39.20459156782532, 58.83026432033091, 61.18823416311342, 71.8679344353238, 61.84658438426491, 49.73932046178355, 36.71511950137164], [93.7709976485267, 0.0, 7.280109889280518, 71.69379331573968, 72.71863585079137, 33.0, 73.66138744281159, 42.638011210655684, 51.66236541235796, 77.62087348130012], [86.57944328765345, 7.280109889280518, 0.0, 64.66065264130884, 68.00735254367721, 26.076809620810597, 70.03570517957252, 36.069377593742864, 45.5411901469428, 71.47027354082255], [39.20459156782532, 71.69379331573968, 64.66065264130884, 0.0, 74.0, 46.22769732530488, 85.28774824088158, 30.364452901377952, 50.44799302251776, 57.48912940721924], [58.83026432033091, 72.71863585079137, 68.00735254367721, 74.0, 0.0, 47.80167361086848, 13.038404810405298, 71.17583859709698, 27.730849247724095, 22.20360331117452], [61.18823416311342, 33.0, 26.076809620810597, 46.22769732530488, 47.80167361086848, 0.0, 53.71219600798314, 27.0, 21.400934559032695, 46.51881339845203], [71.8679344353238, 73.66138744281159, 70.03570517957252, 85.28774824088158, 13.038404810405298, 53.71219600798314, 0.0, 79.12016177940993, 36.345563690772494, 35.22782990761707], [61.84658438426491, 42.638011210655684, 36.069377593742864, 30.364452901377952, 71.17583859709698, 27.0, 79.12016177940993, 0.0, 43.46262762420146, 63.0317380372777], [49.73932046178355, 51.66236541235796, 45.5411901469428, 50.44799302251776, 27.730849247724095, 21.400934559032695, 36.345563690772494, 43.46262762420146, 0.0, 25.96150997149434], [36.71511950137164, 77.62087348130012, 71.47027354082255, 57.48912940721924, 22.20360331117452, 46.51881339845203, 35.22782990761707, 63.0317380372777, 25.96150997149434, 0.0]], "task_locations": [[28, 96], [40, 3], [38, 10], [4, 65], [78, 65], [40, 36], [89, 58], [13, 36], [53, 53], [60, 78]], "precedence_constraints": [[7, 3], [6, 1], [4, 1]]}