{"Q": [[0, 1, 0], [1, 1, 1], [0, 0, 1]], "R": [[0.0, 0.0, 0.0], [1.0, 0.0, 0.0], [1.0, 1.0, 1.0], [1.0, 0.0, 1.0], [1.0, 1.0, 0.0], [0.0, 0.0, 1.0], [1.0, 0.0, 0.0], [1.0, 1.0, 1.0], [1.0, 0.0, 1.0], [0.0, 0.0, 0.0]], "T_e": [0, 57, 75, 60, 94, 99, 96, 90, 64, 0], "T_t": [[0.0, 74.21590126111789, 61.29437168288782, 47.01063709417264, 53.36665625650534, 42.04759208325728, 44.27188724235731, 9.433981132056603, 23.194827009486403, 25.0], [74.21590126111789, 0.0, 21.095023109728988, 109.55363982999378, 20.8806130178211, 95.26804291051643, 43.86342439892262, 81.04936767180853, 97.29337079164233, 83.86298349093002], [61.29437168288782, 21.095023109728988, 0.0, 102.53292154230269, 17.11724276862369, 90.4267659490264, 44.64302857109943, 66.48308055437865, 83.38465086573187, 76.36753236814714], [47.01063709417264, 109.55363982999378, 102.53292154230269, 0.0, 89.81091247727082, 17.029386365926403, 67.54257916307313, 49.24428900898052, 40.19950248448356, 26.1725046566048], [53.36665625650534, 20.8806130178211, 17.11724276862369, 89.81091247727082, 0.0, 76.36753236814714, 27.85677655436824, 60.40695324215582, 76.48529270389177, 63.8200595424354], [42.04759208325728, 95.26804291051643, 90.4267659490264, 17.029386365926403, 76.36753236814714, 0.0, 52.15361924162119, 47.38143096192854, 44.294469180700204, 17.11724276862369], [44.27188724235731, 43.86342439892262, 44.64302857109943, 67.54257916307313, 27.85677655436824, 52.15361924162119, 0.0, 53.48831648126533, 65.92419889539804, 43.41658669218482], [9.433981132056603, 81.04936767180853, 66.48308055437865, 49.24428900898052, 60.40695324215582, 47.38143096192854, 53.48831648126533, 0.0, 17.0, 31.04834939252005], [23.194827009486403, 97.29337079164233, 83.38465086573187, 40.19950248448356, 76.48529270389177, 44.294469180700204, 65.92419889539804, 17.0, 0.0, 31.827660925679098], [25.0, 83.86298349093002, 76.36753236814714, 26.1725046566048, 63.8200595424354, 17.11724276862369, 43.41658669218482, 31.04834939252005, 31.827660925679098, 0.0]], "task_locations": [[26, 62], [98, 80], [80, 91], [7, 19], [78, 74], [24, 20], [68, 48], [18, 67], [3, 59], [26, 37]], "precedence_constraints": [[1, 2], [8, 3], [6, 5], [3, 5], [6, 2]]}