{"Q": [[1, 0, 0], [0, 1, 0], [0, 1, 1]], "R": [[0.0, 0.0, 0.0], [0.0, 0.0, 1.0], [1.0, 0.0, 0.0], [0.0, 1.0, 0.0], [0.0, 1.0, 1.0], [1.0, 0.0, 0.0], [1.0, 1.0, 1.0], [0.0, 1.0, 0.0], [1.0, 0.0, 1.0], [0.0, 0.0, 0.0]], "T_e": [0, 68, 63, 97, 56, 50, 77, 56, 63, 0], "T_t": [[0.0, 28.071337695236398, 44.04543109109048, 60.40695324215582, 50.635955604688654, 64.38167441127949, 39.319206502675, 28.319604517012593, 49.49747468305833, 45.27692569068709], [28.071337695236398, 0.0, 32.0, 67.7421582177598, 24.166091947189145, 71.19691004531025, 11.40175425099138, 18.384776310850235, 33.734255586866, 54.20332093147061], [44.04543109109048, 32.0, 0.0, 43.60045871318328, 47.41307836451879, 46.09772228646444, 31.016124838541646, 16.55294535724685, 7.0710678118654755, 34.785054261852174], [60.40695324215582, 67.7421582177598, 43.60045871318328, 0.0, 88.72992730753249, 4.0, 71.7007670809734, 49.64876634922564, 48.877397639399746, 15.132745950421556], [50.635955604688654, 24.166091947189145, 47.41307836451879, 88.72992730753249, 0.0, 91.8313671900838, 17.029386365926403, 39.6232255123179, 45.5411901469428, 76.38062581571324], [64.38167441127949, 71.19691004531025, 46.09772228646444, 4.0, 91.8313671900838, 0.0, 74.81310045707235, 53.0, 51.03920062069938, 19.1049731745428], [39.319206502675, 11.40175425099138, 31.016124838541646, 71.7007670809734, 17.029386365926403, 74.81310045707235, 0.0, 22.80350850198276, 30.265491900843113, 59.464274989274024], [28.319604517012593, 18.384776310850235, 16.55294535724685, 49.64876634922564, 39.6232255123179, 53.0, 22.80350850198276, 0.0, 21.2602916254693, 36.76955262170047], [49.49747468305833, 33.734255586866, 7.0710678118654755, 48.877397639399746, 45.5411901469428, 51.03920062069938, 30.265491900843113, 21.2602916254693, 0.0, 41.23105625617661], [45.27692569068709, 54.20332093147061, 34.785054261852174, 15.132745950421556, 76.38062581571324, 19.1049731745428, 59.464274989274024, 36.76955262170047, 41.23105625617661, 0.0]], "task_locations": [[70, 47], [68, 75], [36, 75], [10, 40], [78, 97], [6, 40], [65, 86], [51, 68], [35, 82], [25, 42]], "precedence_constraints": [[4, 6], [5, 1], [3, 5], [7, 6], [2, 5], [8, 4]]}