{"Q": [[0, 0, 1], [1, 0, 0], [1, 1, 0]], "R": [[0.0, 0.0, 0.0], [0.0, 0.0, 1.0], [0.0, 1.0, 0.0], [0.0, 1.0, 0.0], [1.0, 0.0, 1.0], [0.0, 1.0, 0.0], [1.0, 0.0, 0.0], [0.0, 1.0, 1.0], [1.0, 1.0, 1.0], [0.0, 0.0, 0.0]], "T_e": [0, 52, 94, 54, 54, 73, 85, 60, 82, 0], "T_t": [[0.0, 43.41658669218482, 78.91767862779544, 53.600373133029585, 33.734255586866, 34.17601498127012, 52.0, 41.677331968349414, 62.48199740725323, 64.51356446515724], [43.41658669218482, 0.0, 42.720018726587654, 11.40175425099138, 20.12461179749811, 36.61966684720111, 62.96824596572466, 32.64965543462902, 51.35172830587107, 37.21558813185679], [78.91767862779544, 42.720018726587654, 0.0, 32.01562118716424, 45.27692569068709, 79.32212806020776, 68.26419266350405, 74.51845409024533, 41.036569057366385, 19.235384061671343], [53.600373133029585, 11.40175425099138, 32.01562118716424, 0.0, 25.0, 47.50789408087881, 65.0, 42.5205832509386, 48.25971404805462, 30.083217912982647], [33.734255586866, 20.12461179749811, 45.27692569068709, 25.0, 0.0, 44.294469180700204, 43.01162633521314, 44.64302857109943, 36.24913792078372, 31.304951684997057], [34.17601498127012, 36.61966684720111, 79.32212806020776, 47.50789408087881, 44.294469180700204, 0.0, 80.39900496896712, 9.848857801796104, 80.49844718999243, 72.18032973047436], [52.0, 62.96824596572466, 68.26419266350405, 65.0, 43.01162633521314, 80.39900496896712, 0.0, 84.00595217006948, 29.120439557122072, 49.09175083453431], [41.677331968349414, 32.64965543462902, 74.51845409024533, 42.5205832509386, 44.64302857109943, 9.848857801796104, 84.00595217006948, 0.0, 80.65358020571685, 69.63476143421474], [62.48199740725323, 51.35172830587107, 41.036569057366385, 48.25971404805462, 36.24913792078372, 80.49844718999243, 29.120439557122072, 80.65358020571685, 0.0, 23.021728866442675], [64.51356446515724, 37.21558813185679, 19.235384061671343, 30.083217912982647, 31.304951684997057, 72.18032973047436, 49.09175083453431, 69.63476143421474, 23.021728866442675, 0.0]], "task_locations": [[3, 58], [45, 69], [81, 46], [56, 66], [36, 51], [15, 90], [23, 10], [24, 94], [51, 18], [64, 37]], "precedence_constraints": [[6, 1], [3, 1]]}