{"Q": [[0, 1, 1], [1, 1, 1], [0, 0, 1]], "R": [[0.0, 0.0, 0.0], [1.0, 1.0, 0.0], [0.0, 1.0, 0.0], [1.0, 0.0, 0.0], [0.0, 1.0, 0.0], [0.0, 1.0, 0.0], [1.0, 1.0, 0.0], [0.0, 1.0, 1.0], [0.0, 1.0, 1.0], [0.0, 0.0, 0.0]], "T_e": [0, 87, 76, 72, 74, 64, 57, 86, 82, 0], "T_t": [[0.0, 73.53910524340094, 63.34824385884742, 63.0, 67.11929677819934, 34.132096331752024, 81.40024569987489, 76.21679604916491, 38.63935817272331, 73.824115301167], [73.53910524340094, 0.0, 41.43669871020132, 76.47875521999558, 9.848857801796104, 71.25307010929424, 41.593268686170845, 5.0, 61.814237842102365, 49.57822102496216], [63.34824385884742, 41.43669871020132, 0.0, 98.08159868191383, 45.09988913511872, 80.2122185206219, 79.07591289387686, 39.293765408777, 75.0066663703967, 82.54089895318563], [63.0, 76.47875521999558, 98.08159868191383, 0.0, 66.64833081180653, 29.154759474226502, 49.040799340956916, 81.41252974819048, 25.96150997149434, 35.05709628591621], [67.11929677819934, 9.848857801796104, 45.09988913511872, 66.64833081180653, 0.0, 62.03224967708329, 34.48187929913333, 14.7648230602334, 52.3450093132096, 40.80441152620633], [34.132096331752024, 71.25307010929424, 80.2122185206219, 29.154759474226502, 62.03224967708329, 0.0, 60.53924347066124, 75.53806987208503, 10.770329614269007, 49.040799340956916], [81.40024569987489, 41.593268686170845, 79.07591289387686, 49.040799340956916, 34.48187929913333, 60.53924347066124, 0.0, 46.14108798023731, 49.92995093127971, 14.0], [76.21679604916491, 5.0, 39.293765408777, 81.41252974819048, 14.7648230602334, 75.53806987208503, 46.14108798023731, 0.0, 66.2872536767062, 54.48853090330111], [38.63935817272331, 61.814237842102365, 75.0066663703967, 25.96150997149434, 52.3450093132096, 10.770329614269007, 49.92995093127971, 66.2872536767062, 0.0, 38.897300677553446], [73.824115301167, 49.57822102496216, 82.54089895318563, 35.05709628591621, 40.80441152620633, 49.040799340956916, 14.0, 54.48853090330111, 38.897300677553446, 0.0]], "task_locations": [[13, 76], [41, 8], [0, 14], [76, 76], [45, 17], [47, 79], [78, 27], [38, 4], [51, 69], [78, 41]], "precedence_constraints": [[7, 1]]}