{"Q": [[1, 0, 1], [0, 1, 1], [0, 0, 1]], "R": [[0.0, 0.0, 0.0], [0.0, 1.0, 0.0], [1.0, 1.0, 0.0], [1.0, 0.0, 1.0], [1.0, 0.0, 0.0], [1.0, 1.0, 1.0], [1.0, 1.0, 1.0], [1.0, 1.0, 0.0], [0.0, 1.0, 0.0], [0.0, 0.0, 0.0]], "T_e": [0, 57, 57, 92, 64, 63, 77, 55, 94, 0], "T_t": [[0.0, 49.01020301937138, 47.80167361086848, 49.040799340956916, 18.027756377319946, 80.49844718999243, 85.42833253669417, 50.695167422546305, 69.72087205421343, 82.38931969618392], [49.01020301937138, 0.0, 42.05948168962618, 15.132745950421556, 32.7566787083184, 43.56604182158393, 45.60701700396552, 60.0, 22.825424421026653, 33.734255586866], [47.80167361086848, 42.05948168962618, 0.0, 55.02726596879042, 45.60701700396552, 85.58621384311844, 48.010415536631214, 19.4164878389476, 62.48199740725323, 60.90155991434045], [49.040799340956916, 15.132745950421556, 55.02726596879042, 0.0, 31.04834939252005, 33.301651610693426, 59.16924876994806, 71.58910531638176, 22.360679774997898, 41.340053217188775], [18.027756377319946, 32.7566787083184, 45.60701700396552, 31.04834939252005, 0.0, 62.64982043070834, 73.81734213584231, 55.14526271584895, 52.15361924162119, 66.49060083951716], [80.49844718999243, 43.56604182158393, 85.58621384311844, 33.301651610693426, 62.64982043070834, 0.0, 73.17103251970687, 103.46980235798269, 26.1725046566048, 45.12205669071391], [85.42833253669417, 45.60701700396552, 48.010415536631214, 59.16924876994806, 73.81734213584231, 73.17103251970687, 0.0, 65.11528238439882, 47.67598976424087, 29.427877939124322], [50.695167422546305, 60.0, 19.4164878389476, 71.58910531638176, 55.14526271584895, 103.46980235798269, 65.11528238439882, 0.0, 81.34494452638098, 80.26207074328447], [69.72087205421343, 22.825424421026653, 62.48199740725323, 22.360679774997898, 52.15361924162119, 26.1725046566048, 47.67598976424087, 81.34494452638098, 0.0, 22.20360331117452], [82.38931969618392, 33.734255586866, 60.90155991434045, 41.340053217188775, 66.49060083951716, 45.12205669071391, 29.427877939124322, 80.26207074328447, 22.20360331117452, 0.0]], "task_locations": [[60, 89], [59, 40], [22, 60], [74, 42], [66, 72], [96, 17], [23, 12], [11, 76], [70, 20], [52, 7]], "precedence_constraints": [[1, 2]]}