{"Q": [[1, 0, 1], [1, 0, 1], [0, 1, 1]], "R": [[0.0, 0.0, 0.0], [1.0, 0.0, 0.0], [1.0, 0.0, 1.0], [0.0, 0.0, 1.0], [0.0, 1.0, 0.0], [1.0, 1.0, 1.0], [1.0, 1.0, 1.0], [1.0, 0.0, 0.0], [1.0, 0.0, 0.0], [0.0, 0.0, 0.0]], "T_e": [0, 88, 54, 53, 61, 73, 51, 81, 77, 0], "T_t": [[0.0, 48.08326112068523, 27.018512172212592, 12.165525060596439, 54.00925846556311, 65.5133574166368, 10.04987562112089, 103.77379245262264, 86.68333173107735, 46.400431032480725], [48.08326112068523, 0.0, 46.84015371452148, 48.041648597857254, 15.264337522473747, 43.68065933568311, 45.17742799230607, 58.69412236331676, 53.75872022286245, 29.206163733020468], [27.018512172212592, 46.84015371452148, 0.0, 15.297058540778355, 59.033888572581766, 43.93176527297759, 17.0, 91.39474820797966, 67.20119046564577, 28.792360097775937], [12.165525060596439, 48.041648597857254, 15.297058540778355, 0.0, 57.0701322935211, 56.85068161420758, 3.605551275463989, 99.74467404327912, 79.20858539325141, 39.05124837953327], [54.00925846556311, 15.264337522473747, 59.033888572581766, 57.0701322935211, 0.0, 58.52349955359813, 53.75872022286245, 63.812224534175265, 66.007575322837, 44.40720662234904], [65.5133574166368, 43.68065933568311, 43.93176527297759, 56.85068161420758, 58.52349955359813, 0.0, 56.61271941887264, 54.00925846556311, 23.706539182259394, 19.924858845171276], [10.04987562112089, 45.17742799230607, 17.0, 3.605551275463989, 53.75872022286245, 56.61271941887264, 0.0, 97.94896630388705, 78.5175139698144, 38.18376618407357], [103.77379245262264, 58.69412236331676, 91.39474820797966, 99.74467404327912, 63.812224534175265, 54.00925846556311, 97.94896630388705, 0.0, 35.11409973215888, 62.6418390534633], [86.68333173107735, 53.75872022286245, 67.20119046564577, 79.20858539325141, 66.007575322837, 23.706539182259394, 78.5175139698144, 35.11409973215888, 0.0, 40.36087214122113], [46.400431032480725, 29.206163733020468, 28.792360097775937, 39.05124837953327, 44.40720662234904, 19.924858845171276, 38.18376618407357, 62.6418390534633, 40.36087214122113, 0.0]], "task_locations": [[6, 91], [20, 45], [33, 90], [18, 93], [7, 37], [62, 57], [16, 90], [61, 3], [73, 36], [43, 63]], "precedence_constraints": [[6, 4], [3, 5], [1, 7], [2, 5], [1, 5], [7, 5]]}