{"Q": [[0, 0, 1], [0, 1, 0], [1, 0, 1]], "R": [[0.0, 0.0, 0.0], [0.0, 0.0, 1.0], [1.0, 1.0, 0.0], [0.0, 1.0, 0.0], [1.0, 1.0, 0.0], [0.0, 0.0, 1.0], [1.0, 1.0, 1.0], [1.0, 0.0, 0.0], [1.0, 1.0, 1.0], [0.0, 0.0, 0.0]], "T_e": [0, 96, 88, 59, 61, 61, 89, 62, 85, 0], "T_t": [[0.0, 61.465437442517235, 93.74433316206373, 114.40279716860073, 55.94640292279746, 67.89698078707183, 24.73863375370596, 75.28612089887484, 71.30918594402827, 69.77105417004964], [61.465437442517235, 0.0, 79.25906888173743, 69.87131027825369, 39.698866482558415, 27.85677655436824, 51.0098029794274, 15.033296378372908, 87.98295289429652, 46.32493928760188], [93.74433316206373, 79.25906888173743, 0.0, 50.0, 43.93176527297759, 51.86520991955976, 69.05070600652827, 88.40814442120137, 42.720018726587654, 33.1058907144937], [114.40279716860073, 69.87131027825369, 50.0, 0.0, 59.413803110051795, 47.853944456021594, 92.02173656261873, 70.11419257183242, 89.02246907382428, 46.861498055439924], [55.94640292279746, 39.698866482558415, 43.93176527297759, 59.413803110051795, 0.0, 20.0, 32.64965543462902, 52.478567053607705, 49.24428900898052, 13.92838827718412], [67.89698078707183, 27.85677655436824, 51.86520991955976, 47.853944456021594, 20.0, 0.0, 48.02082881417188, 36.796738985948195, 68.00735254367721, 19.849433241279208], [24.73863375370596, 51.0098029794274, 69.05070600652827, 92.02173656261873, 32.64965543462902, 48.02082881417188, 0.0, 66.03029607687671, 51.0, 46.04345773288535], [75.28612089887484, 15.033296378372908, 88.40814442120137, 70.11419257183242, 52.478567053607705, 36.796738985948195, 66.03029607687671, 0.0, 101.53324578678651, 56.568542494923804], [71.30918594402827, 87.98295289429652, 42.720018726587654, 89.02246907382428, 49.24428900898052, 68.00735254367721, 51.0, 101.53324578678651, 0.0, 50.48762224545735], [69.77105417004964, 46.32493928760188, 33.1058907144937, 46.861498055439924, 13.92838827718412, 19.849433241279208, 46.04345773288535, 56.568542494923804, 50.48762224545735, 0.0]], "task_locations": [[5, 22], [28, 79], [97, 40], [97, 90], [54, 49], [54, 69], [29, 28], [27, 94], [74, 4], [67, 54]], "precedence_constraints": [[6, 1]]}