{"Q": [[1, 0, 0], [1, 1, 0], [1, 0, 1]], "R": [[0.0, 0.0, 0.0], [1.0, 0.0, 1.0], [0.0, 0.0, 1.0], [1.0, 0.0, 0.0], [1.0, 0.0, 1.0], [0.0, 1.0, 0.0], [0.0, 0.0, 1.0], [1.0, 0.0, 0.0], [1.0, 0.0, 1.0], [0.0, 0.0, 0.0]], "T_e": [0, 57, 61, 62, 54, 67, 97, 63, 88, 0], "T_t": [[0.0, 79.64923100695951, 62.76941930590086, 54.589376255824725, 94.87360012142472, 16.0312195418814, 103.85566907973777, 30.886890422961002, 43.73785545725808, 79.05694150420949], [79.64923100695951, 0.0, 26.30589287593181, 27.784887978899608, 31.953090617340916, 93.1933474020544, 31.144823004794873, 95.63472172804185, 54.45181356024793, 90.52071586106685], [62.76941930590086, 26.30589287593181, 0.0, 10.198039027185569, 56.43580423808985, 78.10889834071403, 57.42821606144492, 85.47514258543241, 53.48831648126533, 97.41663102366043], [54.589376255824725, 27.784887978899608, 10.198039027185569, 0.0, 54.08326913195984, 69.46221994724903, 57.56735185849702, 75.8023746329889, 43.46262762420146, 87.92041856133307], [94.87360012142472, 31.953090617340916, 56.43580423808985, 54.08326913195984, 0.0, 105.11898020814318, 14.035668847618199, 101.53324578678651, 56.72741841473134, 76.16429609731846], [16.0312195418814, 93.1933474020544, 78.10889834071403, 69.46221994724903, 105.11898020814318, 0.0, 115.26057435220423, 19.4164878389476, 50.11985634456667, 76.53103945458993], [103.85566907973777, 31.144823004794873, 57.42821606144492, 57.56735185849702, 14.035668847618199, 115.26057435220423, 0.0, 113.22543883774529, 68.5054742338158, 90.19977827023745], [30.886890422961002, 95.63472172804185, 85.47514258543241, 75.8023746329889, 101.53324578678651, 19.4164878389476, 113.22543883774529, 0.0, 44.82186966202994, 60.03332407921454], [43.73785545725808, 54.45181356024793, 53.48831648126533, 43.46262762420146, 56.72741841473134, 50.11985634456667, 68.5054742338158, 44.82186966202994, 0.0, 45.967379738244816], [79.05694150420949, 90.52071586106685, 97.41663102366043, 87.92041856133307, 76.16429609731846, 76.53103945458993, 90.19977827023745, 60.03332407921454, 45.967379738244816, 0.0]], "task_locations": [[65, 90], [3, 40], [7, 66], [17, 64], [14, 10], [81, 91], [0, 9], [92, 75], [57, 47], [90, 15]], "precedence_constraints": [[1, 4], [8, 6], [3, 4], [5, 8], [5, 1]]}