{"Q": [[1, 0, 0], [1, 0, 0], [0, 1, 1]], "R": [[0.0, 0.0, 0.0], [0.0, 1.0, 1.0], [1.0, 1.0, 1.0], [1.0, 1.0, 0.0], [1.0, 0.0, 0.0], [1.0, 1.0, 1.0], [1.0, 0.0, 1.0], [0.0, 0.0, 1.0], [0.0, 1.0, 1.0], [0.0, 0.0, 0.0]], "T_e": [0, 52, 57, 70, 74, 50, 75, 99, 54, 0], "T_t": [[0.0, 37.48332962798263, 55.08175741568164, 21.93171219946131, 95.01578816175763, 46.06517122512408, 89.98888820293314, 45.48626166217664, 55.94640292279746, 61.0], [37.48332962798263, 0.0, 41.72529209005013, 49.9799959983992, 100.18482919085105, 68.18357573492314, 78.87331614684399, 12.165525060596439, 55.90169943749474, 91.76055797563569], [55.08175741568164, 41.72529209005013, 0.0, 49.040799340956916, 61.40032573203501, 50.99019513592785, 37.73592452822641, 32.7566787083184, 20.396078054371138, 79.93122043357026], [21.93171219946131, 49.9799959983992, 49.040799340956916, 0.0, 75.71657678474378, 24.186773244895647, 78.05767098754612, 53.53503525729669, 42.1070065428546, 41.97618372363071], [95.01578816175763, 100.18482919085105, 61.40032573203501, 75.71657678474378, 0.0, 55.154328932550705, 41.78516483155236, 93.40770846134703, 44.294469180700204, 72.00694410957877], [46.06517122512408, 68.18357573492314, 50.99019513592785, 24.186773244895647, 55.154328932550705, 0.0, 68.41052550594829, 68.15423684555495, 34.9857113690718, 29.0], [89.98888820293314, 78.87331614684399, 37.73592452822641, 78.05767098754612, 41.78516483155236, 68.41052550594829, 0.0, 68.59300255857006, 36.0, 94.93682109698007], [45.48626166217664, 12.165525060596439, 32.7566787083184, 53.53503525729669, 93.40770846134703, 68.15423684555495, 68.59300255857006, 0.0, 49.72926703662542, 94.02127418834527], [55.94640292279746, 55.90169943749474, 20.396078054371138, 42.1070065428546, 44.294469180700204, 34.9857113690718, 36.0, 49.72926703662542, 0.0, 63.60031446463138], [61.0, 91.76055797563569, 79.93122043357026, 41.97618372363071, 72.00694410957877, 29.0, 94.93682109698007, 94.02127418834527, 63.60031446463138, 0.0]], "task_locations": [[35, 87], [8, 61], [38, 32], [55, 78], [97, 15], [76, 66], [58, 0], [10, 49], [58, 36], [96, 87]], "precedence_constraints": [[3, 8], [4, 6], [4, 5]]}