{"Q": [[1, 1, 1], [1, 0, 0], [0, 1, 0]], "R": [[0.0, 0.0, 0.0], [1.0, 1.0, 0.0], [1.0, 0.0, 1.0], [1.0, 1.0, 1.0], [0.0, 1.0, 1.0], [0.0, 0.0, 1.0], [1.0, 1.0, 0.0], [1.0, 0.0, 0.0], [0.0, 1.0, 1.0], [0.0, 0.0, 0.0]], "T_e": [0, 61, 54, 64, 71, 87, 96, 85, 53, 0], "T_t": [[0.0, 37.48332962798263, 6.0, 85.0, 72.47068372797375, 65.00769185258002, 23.600847442411894, 63.90618123468183, 102.41581909060729, 78.26237921249263], [37.48332962798263, 0.0, 33.421549934136806, 59.665735560705194, 35.510561809129406, 46.87216658103186, 47.53945729601885, 33.24154027718932, 68.41052550594829, 43.93176527297759], [6.0, 33.421549934136806, 0.0, 84.29116205154607, 68.81860213634101, 65.19202405202648, 28.653097563788805, 58.309518948453004, 99.92497185388645, 72.94518489934754], [85.0, 59.665735560705194, 84.29116205154607, 0.0, 43.278170016764804, 22.47220505424423, 76.96752561957543, 77.80102827083971, 32.984845004941285, 75.16648189186454], [72.47068372797375, 35.510561809129406, 68.81860213634101, 43.278170016764804, 0.0, 45.89117562233506, 77.38862965578342, 36.76955262170047, 36.013886210738214, 31.89043743820395], [65.00769185258002, 46.87216658103186, 65.19202405202648, 22.47220505424423, 45.89117562233506, 0.0, 54.78138369920935, 73.00684899377592, 51.62363799656123, 75.23961722390672], [23.600847442411894, 47.53945729601885, 28.653097563788805, 76.96752561957543, 77.38862965578342, 54.78138369920935, 0.0, 79.40403012442127, 100.89598604503551, 91.44397191723465], [63.90618123468183, 33.24154027718932, 58.309518948453004, 77.80102827083971, 36.76955262170047, 73.00684899377592, 79.40403012442127, 0.0, 71.58910531638176, 16.401219466856727], [102.41581909060729, 68.41052550594829, 99.92497185388645, 32.984845004941285, 36.013886210738214, 51.62363799656123, 100.89598604503551, 71.58910531638176, 0.0, 62.24146527838174], [78.26237921249263, 43.93176527297759, 72.94518489934754, 75.16648189186454, 31.89043743820395, 75.23961722390672, 91.44397191723465, 16.401219466856727, 62.24146527838174, 0.0]], "task_locations": [[29, 97], [56, 71], [35, 97], [42, 13], [75, 41], [30, 32], [10, 83], [89, 75], [74, 5], [99, 62]], "precedence_constraints": [[8, 5], [3, 2], [8, 2]]}