{"Q": [[0, 1, 0], [1, 1, 1], [1, 1, 1]], "R": [[0.0, 0.0, 0.0], [1.0, 0.0, 1.0], [1.0, 0.0, 1.0], [0.0, 0.0, 1.0], [1.0, 1.0, 0.0], [1.0, 0.0, 0.0], [1.0, 0.0, 1.0], [1.0, 1.0, 0.0], [1.0, 1.0, 1.0], [0.0, 0.0, 0.0]], "T_e": [0, 69, 58, 65, 55, 54, 90, 86, 59, 0], "T_t": [[0.0, 56.293871780150276, 39.0, 26.0, 59.00847396772772, 39.824615503479755, 74.73285756613352, 43.41658669218482, 27.51363298439521, 40.792156108742276], [56.293871780150276, 0.0, 33.015148038438355, 82.00609733428362, 71.58910531638176, 44.10215414239989, 44.9221548904324, 42.80186911806539, 35.805027579936315, 15.524174696260024], [39.0, 33.015148038438355, 0.0, 60.207972893961475, 81.85963596303125, 11.180339887498949, 35.77708763999664, 55.08175741568164, 11.661903789690601, 23.345235059857504], [26.0, 82.00609733428362, 60.207972893961475, 0.0, 73.38937252763509, 57.0087712549569, 94.36630754670864, 65.79513659838392, 50.00999900019995, 66.48308055437865], [59.00847396772772, 71.58910531638176, 81.85963596303125, 73.38937252763509, 0.0, 89.19641248391103, 112.2007130102122, 29.0, 72.44998274671983, 64.20280367709809], [39.824615503479755, 44.10215414239989, 11.180339887498949, 57.0087712549569, 89.19641248391103, 0.0, 37.48332962798263, 63.788713735268246, 16.76305461424021, 34.20526275297414], [74.73285756613352, 44.9221548904324, 35.77708763999664, 94.36630754670864, 112.2007130102122, 37.48332962798263, 0.0, 83.48652585896721, 47.41307836451879, 48.010415536631214], [43.41658669218482, 42.80186911806539, 55.08175741568164, 65.79513659838392, 29.0, 63.788713735268246, 83.48652585896721, 0.0, 47.265209192385896, 35.510561809129406], [27.51363298439521, 35.805027579936315, 11.661903789690601, 50.00999900019995, 72.44998274671983, 16.76305461424021, 47.41307836451879, 47.265209192385896, 0.0, 22.02271554554524], [40.792156108742276, 15.524174696260024, 23.345235059857504, 66.48308055437865, 64.20280367709809, 34.20526275297414, 48.010415536631214, 35.510561809129406, 22.02271554554524, 0.0]], "task_locations": [[72, 40], [17, 52], [36, 25], [96, 30], [71, 99], [41, 15], [4, 9], [51, 78], [46, 31], [32, 48]], "precedence_constraints": [[1, 5], [2, 7], [1, 8]]}