{"Q": [[1, 0, 0], [1, 0, 1], [0, 1, 1]], "R": [[0.0, 0.0, 0.0], [1.0, 0.0, 0.0], [0.0, 1.0, 0.0], [0.0, 1.0, 0.0], [1.0, 1.0, 0.0], [0.0, 1.0, 1.0], [1.0, 0.0, 1.0], [1.0, 0.0, 0.0], [1.0, 0.0, 0.0], [0.0, 0.0, 0.0]], "T_e": [0, 75, 74, 64, 53, 99, 76, 94, 66, 0], "T_t": [[0.0, 14.866068747318506, 41.43669871020132, 9.433981132056603, 8.48528137423857, 15.811388300841896, 50.48762224545735, 57.9396237474839, 46.17358552246078, 47.01063709417264], [14.866068747318506, 0.0, 31.400636936215164, 23.021728866442675, 22.825424421026653, 4.123105625617661, 55.44366510251645, 59.413803110051795, 60.67124524847005, 32.202484376209235], [41.43669871020132, 31.400636936215164, 0.0, 44.40720662234904, 45.70557952810576, 34.713109915419565, 48.16637831516918, 43.86342439892262, 85.58621384311844, 33.24154027718932], [9.433981132056603, 23.021728866442675, 44.40720662234904, 0.0, 2.23606797749979, 24.758836806279895, 43.68065933568311, 52.839379254491625, 41.19465984809196, 55.072679252057455], [8.48528137423857, 22.825424421026653, 45.70557952810576, 2.23606797749979, 0.0, 24.20743687382041, 45.880278987817846, 55.072679252057455, 40.049968789001575, 55.00909015790027], [15.811388300841896, 4.123105625617661, 34.713109915419565, 24.758836806279895, 24.20743687382041, 0.0, 59.30430001273095, 63.50590523722971, 60.41522986797286, 31.622776601683793], [50.48762224545735, 55.44366510251645, 48.16637831516918, 43.68065933568311, 45.880278987817846, 59.30430001273095, 0.0, 14.560219778561036, 70.178344238091, 77.82673062643708], [57.9396237474839, 59.413803110051795, 43.86342439892262, 52.839379254491625, 55.072679252057455, 63.50590523722971, 14.560219778561036, 0.0, 83.60023923410746, 76.24303246854758], [46.17358552246078, 60.67124524847005, 85.58621384311844, 41.19465984809196, 40.049968789001575, 60.41522986797286, 70.178344238091, 83.60023923410746, 0.0, 91.92388155425118], [47.01063709417264, 32.202484376209235, 33.24154027718932, 55.072679252057455, 55.00909015790027, 31.622776601683793, 77.82673062643708, 76.24303246854758, 91.92388155425118, 0.0]], "task_locations": [[47, 54], [33, 59], [8, 40], [52, 46], [53, 48], [34, 63], [40, 4], [26, 0], [93, 50], [4, 73]], "precedence_constraints": [[1, 8], [7, 5], [4, 3], [8, 6], [7, 2], [1, 5]]}