{"Q": [[1, 0, 1], [0, 0, 1], [1, 1, 1]], "R": [[0.0, 0.0, 0.0], [1.0, 1.0, 0.0], [0.0, 1.0, 1.0], [1.0, 0.0, 0.0], [0.0, 1.0, 1.0], [1.0, 0.0, 0.0], [0.0, 1.0, 1.0], [0.0, 1.0, 1.0], [0.0, 1.0, 1.0], [0.0, 0.0, 0.0]], "T_e": [0, 87, 86, 53, 79, 65, 78, 61, 54, 0], "T_t": [[0.0, 17.46424919657298, 42.05948168962618, 38.07886552931954, 48.02082881417188, 69.77822009767804, 25.709920264364882, 33.97057550292606, 47.095647357266465, 71.30918594402827], [17.46424919657298, 0.0, 33.13608305156178, 21.095023109728988, 37.8549864614954, 60.41522986797286, 12.806248474865697, 20.615528128088304, 30.805843601498726, 62.80127387243033], [42.05948168962618, 33.13608305156178, 0.0, 26.627053911388696, 6.4031242374328485, 27.85677655436824, 43.289721643826724, 14.866068747318506, 48.25971404805462, 29.832867780352597], [38.07886552931954, 21.095023109728988, 26.627053911388696, 0.0, 27.85677655436824, 48.25971404805462, 23.259406699226016, 12.806248474865697, 21.633307652783937, 51.62363799656123], [48.02082881417188, 37.8549864614954, 6.4031242374328485, 27.85677655436824, 0.0, 22.561028345356956, 47.0, 18.0, 49.193495504995376, 25.079872407968907], [69.77822009767804, 60.41522986797286, 27.85677655436824, 48.25971404805462, 22.561028345356956, 0.0, 69.18092222571191, 40.311288741492746, 68.15423684555495, 4.242640687119285], [25.709920264364882, 12.806248474865697, 43.289721643826724, 23.259406699226016, 47.0, 69.18092222571191, 0.0, 29.0, 22.20360331117452, 72.02777242147643], [33.97057550292606, 20.615528128088304, 14.866068747318506, 12.806248474865697, 18.0, 40.311288741492746, 29.0, 0.0, 34.058772731852805, 43.04648650006177], [47.095647357266465, 30.805843601498726, 48.25971404805462, 21.633307652783937, 49.193495504995376, 68.15423684555495, 22.20360331117452, 34.058772731852805, 0.0, 71.84010022264724], [71.30918594402827, 62.80127387243033, 29.832867780352597, 51.62363799656123, 25.079872407968907, 4.242640687119285, 72.02777242147643, 43.04648650006177, 71.84010022264724, 0.0]], "task_locations": [[10, 80], [14, 63], [47, 60], [25, 45], [51, 55], [73, 50], [4, 55], [33, 55], [7, 33], [76, 53]], "precedence_constraints": [[6, 3], [6, 7], [7, 5], [1, 5], [3, 4]]}