{"Q": [[1, 0, 1], [1, 0, 0], [1, 1, 0]], "R": [[0.0, 0.0, 0.0], [1.0, 1.0, 0.0], [1.0, 1.0, 0.0], [0.0, 1.0, 1.0], [0.0, 0.0, 1.0], [0.0, 1.0, 1.0], [0.0, 0.0, 1.0], [1.0, 0.0, 0.0], [1.0, 0.0, 1.0], [0.0, 0.0, 0.0]], "T_e": [0, 77, 78, 90, 70, 78, 88, 87, 50, 0], "T_t": [[0.0, 62.369864518050704, 71.449282711585, 33.24154027718932, 7.0, 67.62396025078685, 31.32091952673165, 33.24154027718932, 18.788294228055936, 89.1403387922662], [62.369864518050704, 0.0, 40.80441152620633, 39.05124837953327, 57.28001396647874, 69.63476143421474, 36.235341863986875, 35.34119409414458, 60.00833275470999, 62.289646009589745], [71.449282711585, 40.80441152620633, 0.0, 66.48308055437865, 64.4980619863884, 36.138621999185304, 41.012193308819754, 39.01281840626232, 79.51100552753688, 22.20360331117452], [33.24154027718932, 39.05124837953327, 66.48308055437865, 0.0, 32.0624390837628, 79.30952023559341, 31.144823004794873, 32.526911934581186, 22.67156809750927, 88.14193099768123], [7.0, 57.28001396647874, 64.4980619863884, 32.0624390837628, 0.0, 61.26989472816156, 24.698178070456937, 26.570660511172846, 22.67156809750927, 82.15229759416349], [67.62396025078685, 69.63476143421474, 36.138621999185304, 79.30952023559341, 61.26989472816156, 0.0, 48.16637831516918, 46.861498055439924, 82.68010643437755, 34.828149534535996], [31.32091952673165, 36.235341863986875, 41.012193308819754, 31.144823004794873, 24.698178070456937, 48.16637831516918, 0.0, 2.0, 38.8329756778952, 60.63827174318213], [33.24154027718932, 35.34119409414458, 39.01281840626232, 32.526911934581186, 26.570660511172846, 46.861498055439924, 2.0, 0.0, 40.792156108742276, 58.69412236331676], [18.788294228055936, 60.00833275470999, 79.51100552753688, 22.67156809750927, 22.67156809750927, 82.68010643437755, 38.8329756778952, 40.792156108742276, 0.0, 99.46356116689167], [89.1403387922662, 62.289646009589745, 22.20360331117452, 88.14193099768123, 82.15229759416349, 34.828149534535996, 60.63827174318213, 58.69412236331676, 99.46356116689167, 0.0]], "task_locations": [[89, 42], [42, 1], [18, 34], [80, 10], [82, 42], [27, 69], [59, 33], [57, 33], [97, 25], [0, 47]], "precedence_constraints": [[2, 1]]}