{"Q": [[1, 1, 1], [1, 0, 0], [1, 1, 0]], "R": [[0.0, 0.0, 0.0], [0.0, 0.0, 1.0], [1.0, 0.0, 1.0], [1.0, 0.0, 0.0], [1.0, 1.0, 0.0], [1.0, 0.0, 0.0], [1.0, 1.0, 0.0], [0.0, 1.0, 1.0], [1.0, 1.0, 0.0], [0.0, 0.0, 0.0]], "T_e": [0, 93, 62, 94, 88, 97, 84, 75, 81, 0], "T_t": [[0.0, 64.77653896280658, 66.48308055437865, 87.46427842267951, 52.0, 33.015148038438355, 79.47955712005447, 26.248809496813376, 60.03332407921454, 66.12866246946176], [64.77653896280658, 0.0, 65.60487786742691, 36.68787265568828, 18.867962264113206, 76.27581530209953, 40.26164427839479, 73.54590403278758, 8.94427190999916, 13.152946437965905], [66.48308055437865, 65.60487786742691, 0.0, 53.75872022286245, 48.373546489791295, 97.74456506629922, 103.83159442096611, 48.91829923454004, 69.9714227381436, 54.45181356024793], [87.46427842267951, 36.68787265568828, 53.75872022286245, 0.0, 36.796738985948195, 107.5174404457249, 74.00675644831355, 85.37564055396598, 45.5411901469428, 25.553864678361276], [52.0, 18.867962264113206, 48.373546489791295, 36.796738985948195, 0.0, 70.83784299369935, 55.47071299343465, 56.22277118748239, 21.633307652783937, 14.317821063276353], [33.015148038438355, 76.27581530209953, 97.74456506629922, 107.5174404457249, 70.83784299369935, 0.0, 73.10950690573696, 58.69412236331676, 68.60029154456998, 82.80700453464067], [79.47955712005447, 40.26164427839479, 103.83159442096611, 74.00675644831355, 55.47071299343465, 73.10950690573696, 0.0, 98.18350166906862, 34.0147027033899, 53.36665625650534], [26.248809496813376, 73.54590403278758, 48.91829923454004, 85.37564055396598, 56.22277118748239, 58.69412236331676, 98.18350166906862, 0.0, 71.78439941937245, 70.02856560004639], [60.03332407921454, 8.94427190999916, 69.9714227381436, 45.5411901469428, 21.633307652783937, 68.60029154456998, 34.0147027033899, 71.78439941937245, 0.0, 21.095023109728988], [66.12866246946176, 13.152946437965905, 54.45181356024793, 25.553864678361276, 14.317821063276353, 82.80700453464067, 53.36665625650534, 70.02856560004639, 21.095023109728988, 0.0]], "task_locations": [[62, 77], [52, 13], [0, 53], [17, 2], [42, 29], [95, 76], [91, 3], [37, 85], [60, 17], [39, 15]], "precedence_constraints": [[2, 8]]}