{"Q": [[1, 1, 1], [1, 0, 0], [1, 0, 1]], "R": [[0.0, 0.0, 0.0], [0.0, 1.0, 0.0], [1.0, 1.0, 0.0], [0.0, 0.0, 1.0], [1.0, 1.0, 0.0], [0.0, 0.0, 1.0], [1.0, 0.0, 1.0], [0.0, 0.0, 1.0], [1.0, 0.0, 0.0], [0.0, 0.0, 0.0]], "T_e": [0, 76, 91, 93, 66, 52, 84, 54, 70, 0], "T_t": [[0.0, 100.65783625729296, 93.00537618869137, 57.271284253105414, 71.58910531638176, 35.84689665786984, 29.832867780352597, 63.655321851358195, 101.23734488813898, 10.198039027185569], [100.65783625729296, 0.0, 69.12307863514182, 80.52328855678958, 34.539832078341085, 70.2353187506115, 70.83784299369935, 37.73592452822641, 31.064449134018133, 108.90362712049586], [93.00537618869137, 69.12307863514182, 0.0, 38.600518131237564, 46.09772228646444, 86.00581375697809, 72.80109889280519, 67.89698078707183, 41.0, 95.42536350467836], [57.271284253105414, 80.52328855678958, 38.600518131237564, 0.0, 46.52956049652737, 61.554853586049575, 45.27692569068709, 59.22837157984339, 63.8200595424354, 58.034472514187634], [71.58910531638176, 34.539832078341085, 46.09772228646444, 46.52956049652737, 0.0, 49.01020301937138, 42.720018726587654, 22.47220505424423, 30.59411708155671, 78.49203781276162], [35.84689665786984, 70.2353187506115, 86.00581375697809, 61.554853586049575, 49.01020301937138, 0.0, 16.64331697709324, 32.69556544854363, 79.30952023559341, 45.880278987817846], [29.832867780352597, 70.83784299369935, 72.80109889280519, 45.27692569068709, 42.720018726587654, 16.64331697709324, 0.0, 34.20526275297414, 73.08214556237385, 38.28837943815329], [63.655321851358195, 37.73592452822641, 67.89698078707183, 59.22837157984339, 22.47220505424423, 32.69556544854363, 34.20526275297414, 0.0, 49.36598018878993, 72.47068372797375], [101.23734488813898, 31.064449134018133, 41.0, 63.8200595424354, 30.59411708155671, 79.30952023559341, 73.08214556237385, 49.36598018878993, 0.0, 107.35455276791944], [10.198039027185569, 108.90362712049586, 95.42536350467836, 58.034472514187634, 78.49203781276162, 45.880278987817846, 38.28837943815329, 72.47068372797375, 107.35455276791944, 0.0]], "task_locations": [[77, 95], [11, 19], [78, 2], [89, 39], [43, 32], [44, 81], [58, 72], [31, 51], [37, 2], [87, 97]], "precedence_constraints": [[5, 7], [6, 1], [3, 4]]}