{"Q": [[1, 0, 1], [0, 0, 1], [1, 1, 0]], "R": [[0.0, 0.0, 0.0], [1.0, 0.0, 1.0], [0.0, 1.0, 1.0], [1.0, 1.0, 0.0], [0.0, 1.0, 0.0], [0.0, 1.0, 1.0], [1.0, 0.0, 1.0], [0.0, 1.0, 0.0], [0.0, 1.0, 1.0], [0.0, 0.0, 0.0]], "T_e": [0, 76, 79, 66, 89, 95, 92, 53, 50, 0], "T_t": [[0.0, 90.02777349240623, 83.00602387778854, 49.64876634922564, 75.43208866258443, 86.83893136145792, 8.246211251235321, 76.0, 34.132096331752024, 54.037024344425184], [90.02777349240623, 0.0, 16.278820596099706, 43.86342439892262, 21.0, 9.486832980505138, 86.6083136886985, 70.09279563550022, 75.27283706623525, 36.069377593742864], [83.00602387778854, 16.278820596099706, 0.0, 43.04648650006177, 28.844410203711913, 7.0, 80.95677859203639, 78.29431652425353, 74.54528824815154, 30.364452901377952], [49.64876634922564, 43.86342439892262, 43.04648650006177, 0.0, 26.1725046566048, 43.93176527297759, 44.598206241955516, 44.82186966202994, 31.78049716414141, 15.652475842498529], [75.43208866258443, 21.0, 28.844410203711913, 26.1725046566048, 0.0, 25.632011235952593, 70.7248188403477, 49.9799959983992, 55.90169943749474, 25.495097567963924], [86.83893136145792, 9.486832980505138, 7.0, 43.93176527297759, 25.632011235952593, 0.0, 84.21995013059554, 75.61084578286372, 75.7099729229908, 33.12099032335839], [8.246211251235321, 86.6083136886985, 80.95677859203639, 44.598206241955516, 70.7248188403477, 84.21995013059554, 0.0, 68.0294054067798, 26.019223662515376, 51.10772935672255], [76.0, 70.09279563550022, 78.29431652425353, 44.82186966202994, 49.9799959983992, 75.61084578286372, 68.0294054067798, 0.0, 42.1070065428546, 59.39696961966999], [34.132096331752024, 75.27283706623525, 74.54528824815154, 31.78049716414141, 55.90169943749474, 75.7099729229908, 26.019223662515376, 42.1070065428546, 0.0, 45.0], [54.037024344425184, 36.069377593742864, 30.364452901377952, 15.652475842498529, 25.495097567963924, 33.12099032335839, 51.10772935672255, 59.39696961966999, 45.0, 0.0]], "task_locations": [[81, 14], [13, 73], [10, 57], [53, 55], [34, 73], [10, 64], [83, 22], [81, 90], [84, 48], [39, 48]], "precedence_constraints": [[5, 3], [1, 8], [5, 1], [7, 2], [3, 7]]}