{"Q": [[0, 1, 1], [1, 1, 0], [0, 1, 0]], "R": [[0.0, 0.0, 0.0], [1.0, 0.0, 0.0], [1.0, 0.0, 0.0], [0.0, 1.0, 1.0], [0.0, 1.0, 1.0], [1.0, 1.0, 0.0], [1.0, 1.0, 0.0], [0.0, 1.0, 0.0], [1.0, 0.0, 1.0], [0.0, 0.0, 0.0]], "T_e": [0, 51, 76, 56, 88, 79, 85, 82, 87, 0], "T_t": [[0.0, 36.235341863986875, 66.2872536767062, 52.15361924162119, 81.34494452638098, 14.317821063276353, 79.64923100695951, 49.040799340956916, 85.37564055396598, 51.86520991955976], [36.235341863986875, 0.0, 58.69412236331676, 46.57252408878007, 45.60701700396552, 26.90724809414742, 44.598206241955516, 34.438350715445125, 51.088159097779204, 47.29693436154187], [66.2872536767062, 58.69412236331676, 0.0, 14.212670403551895, 69.26037828369117, 53.2634959423431, 87.28115489611719, 24.351591323771842, 63.50590523722971, 14.422205101855956], [52.15361924162119, 46.57252408878007, 14.212670403551895, 0.0, 65.36818798161687, 39.05124837953327, 80.049984384758, 14.317821063276353, 61.84658438426491, 1.4142135623730951], [81.34494452638098, 45.60701700396552, 69.26037828369117, 65.36818798161687, 0.0, 69.77105417004964, 25.238858928247925, 51.86520991955976, 11.40175425099138, 66.73080248281148], [14.317821063276353, 26.90724809414742, 53.2634959423431, 39.05124837953327, 69.77105417004964, 0.0, 71.50524456289902, 34.785054261852174, 72.73238618387272, 38.948684188300895], [79.64923100695951, 44.598206241955516, 87.28115489611719, 80.049984384758, 25.238858928247925, 71.50524456289902, 0.0, 65.73431371817918, 36.61966684720111, 81.25269226308751], [49.040799340956916, 34.438350715445125, 24.351591323771842, 14.317821063276353, 51.86520991955976, 34.785054261852174, 65.73431371817918, 0.0, 49.51767361255979, 15.524174696260024], [85.37564055396598, 51.088159097779204, 63.50590523722971, 61.84658438426491, 11.40175425099138, 72.73238618387272, 36.61966684720111, 49.51767361255979, 0.0, 63.25345840347388], [51.86520991955976, 47.29693436154187, 14.422205101855956, 1.4142135623730951, 66.73080248281148, 38.948684188300895, 81.25269226308751, 15.524174696260024, 63.25345840347388, 0.0]], "task_locations": [[60, 92], [43, 60], [97, 37], [88, 48], [31, 16], [63, 78], [10, 30], [74, 45], [40, 9], [89, 49]], "precedence_constraints": [[6, 7], [1, 8], [5, 1], [3, 5]]}