{"Q": [[1, 0, 0], [1, 1, 0], [0, 0, 1]], "R": [[0.0, 0.0, 0.0], [0.0, 1.0, 1.0], [1.0, 1.0, 0.0], [0.0, 1.0, 0.0], [0.0, 1.0, 0.0], [1.0, 0.0, 0.0], [0.0, 1.0, 1.0], [1.0, 1.0, 0.0], [0.0, 0.0, 1.0], [0.0, 0.0, 0.0]], "T_e": [0, 89, 85, 86, 55, 82, 90, 91, 83, 0], "T_t": [[0.0, 18.384776310850235, 89.88882021697692, 60.30754513325841, 60.92618484691127, 57.77542730261716, 40.0, 31.04834939252005, 71.02112361825881, 83.64807230295268], [18.384776310850235, 0.0, 78.44743462982075, 44.77722635447622, 42.5440947723653, 46.389654018972806, 22.67156809750927, 24.698178070456937, 63.198101237299845, 70.51950084905593], [89.88882021697692, 78.44743462982075, 0.0, 38.63935817272331, 64.62197768561404, 32.28002478313795, 60.0, 59.09314681077663, 24.413111231467404, 12.206555615733702], [60.30754513325841, 44.77722635447622, 38.63935817272331, 0.0, 27.80287754891569, 17.46424919657298, 23.08679276123039, 34.88552708502482, 36.124783736376884, 28.0], [60.92618484691127, 42.5440947723653, 64.62197768561404, 27.80287754891569, 0.0, 43.93176527297759, 24.0, 48.373546489791295, 63.655321851358195, 52.81098370604357], [57.77542730261716, 46.389654018972806, 32.28002478313795, 17.46424919657298, 43.93176527297759, 0.0, 30.364452901377952, 27.459060435491963, 20.248456731316587, 26.40075756488817], [40.0, 22.67156809750927, 60.0, 23.08679276123039, 24.0, 30.364452901377952, 0.0, 24.73863375370596, 50.15974481593781, 50.48762224545735], [31.04834939252005, 24.698178070456937, 59.09314681077663, 34.88552708502482, 48.373546489791295, 27.459060435491963, 24.73863375370596, 0.0, 40.19950248448356, 53.823786563191554], [71.02112361825881, 63.198101237299845, 24.413111231467404, 36.124783736376884, 63.655321851358195, 20.248456731316587, 50.15974481593781, 40.19950248448356, 0.0, 27.294688127912362], [83.64807230295268, 70.51950084905593, 12.206555615733702, 28.0, 52.81098370604357, 26.40075756488817, 50.48762224545735, 53.823786563191554, 27.294688127912362, 0.0]], "task_locations": [[9, 14], [16, 31], [93, 46], [55, 53], [33, 70], [62, 37], [33, 46], [39, 22], [79, 26], [83, 53]], "precedence_constraints": [[1, 8], [1, 5], [1, 7], [1, 6], [2, 7], [3, 1]]}