{"Q": [[1, 0, 1], [1, 1, 1], [0, 0, 1]], "R": [[0.0, 0.0, 0.0], [1.0, 1.0, 1.0], [1.0, 1.0, 1.0], [1.0, 1.0, 1.0], [0.0, 0.0, 1.0], [0.0, 0.0, 1.0], [0.0, 1.0, 0.0], [1.0, 0.0, 0.0], [1.0, 0.0, 1.0], [0.0, 0.0, 0.0]], "T_e": [0, 89, 53, 59, 58, 54, 67, 51, 84, 0], "T_t": [[0.0, 76.94153624668537, 44.204072210600685, 108.78419002777932, 38.47076812334269, 24.166091947189145, 30.01666203960727, 103.73041983911952, 53.46026561849464, 60.07495318350236], [76.94153624668537, 0.0, 41.012193308819754, 31.906112267087632, 62.03224967708329, 59.665735560705194, 81.5659242576212, 30.066592756745816, 45.5411901469428, 69.28924880528002], [44.204072210600685, 41.012193308819754, 0.0, 70.3420215802759, 21.213203435596427, 21.400934559032695, 62.16912416947821, 71.00704190430693, 49.39635614091387, 34.655446902326915], [108.78419002777932, 31.906112267087632, 70.3420215802759, 0.0, 90.2551937563706, 90.47651629014017, 112.43220179290273, 19.235384061671343, 73.23933369440222, 92.26592003551474], [38.47076812334269, 62.03224967708329, 21.213203435596427, 90.2551937563706, 0.0, 16.492422502470642, 64.6297145282261, 92.0869154657707, 65.06919393998976, 22.20360331117452], [24.166091947189145, 59.665735560705194, 21.400934559032695, 90.47651629014017, 16.492422502470642, 0.0, 48.25971404805462, 88.81441324469807, 51.86520991955976, 38.63935817272331], [30.01666203960727, 81.5659242576212, 62.16912416947821, 112.43220179290273, 64.6297145282261, 48.25971404805462, 0.0, 102.41581909060729, 42.485291572496, 86.83317338436964], [103.73041983911952, 30.066592756745816, 71.00704190430693, 19.235384061671343, 92.0869154657707, 88.81441324469807, 102.41581909060729, 0.0, 60.876925020897694, 98.49365461794989], [53.46026561849464, 45.5411901469428, 49.39635614091387, 73.23933369440222, 65.06919393998976, 51.86520991955976, 42.485291572496, 60.876925020897694, 0.0, 83.60023923410746], [60.07495318350236, 69.28924880528002, 34.655446902326915, 92.26592003551474, 22.20360331117452, 38.63935817272331, 86.83317338436964, 98.49365461794989, 83.60023923410746, 0.0]], "task_locations": [[0, 37], [68, 73], [27, 72], [95, 90], [6, 75], [10, 59], [15, 11], [98, 71], [53, 30], [3, 97]], "precedence_constraints": [[1, 6], [5, 3], [1, 7], [7, 5], [8, 7], [2, 6]]}