{"Q": [[1, 0, 0], [1, 1, 0], [0, 0, 1]], "R": [[0.0, 0.0, 0.0], [1.0, 1.0, 0.0], [1.0, 1.0, 1.0], [1.0, 1.0, 1.0], [0.0, 1.0, 1.0], [0.0, 1.0, 0.0], [1.0, 0.0, 1.0], [1.0, 1.0, 0.0], [1.0, 1.0, 1.0], [0.0, 0.0, 0.0]], "T_e": [0, 73, 72, 89, 93, 59, 85, 87, 94, 0], "T_t": [[0.0, 16.64331697709324, 68.26419266350405, 22.360679774997898, 83.57032966310472, 22.847319317591726, 61.326992425847855, 86.83317338436964, 22.02271554554524, 62.00806399170998], [16.64331697709324, 0.0, 70.00714249274856, 26.40075756488817, 81.83520025025906, 39.35733730830886, 71.80529228406496, 90.02777349240623, 8.0, 76.4198926981712], [68.26419266350405, 70.00714249274856, 0.0, 46.04345773288535, 20.8806130178211, 68.65857557508748, 38.58756276314948, 20.591260281974, 64.66065264130884, 62.64982043070834], [22.360679774997898, 26.40075756488817, 46.04345773288535, 0.0, 61.35144660071187, 31.016124838541646, 46.2709412050371, 65.11528238439882, 24.186773244895647, 55.362442142665635], [83.57032966310472, 81.83520025025906, 20.8806130178211, 61.35144660071187, 0.0, 87.46427842267951, 59.033888572581766, 26.0, 75.21303078589507, 83.38465086573187], [22.847319317591726, 39.35733730830886, 68.65857557508748, 31.016124838541646, 87.46427842267951, 0.0, 48.79549159502341, 83.773504164503, 43.60045871318328, 42.20189569201838], [61.326992425847855, 71.80529228406496, 38.58756276314948, 46.2709412050371, 59.033888572581766, 48.79549159502341, 0.0, 43.04648650006177, 70.45565981523414, 24.73863375370596], [86.83317338436964, 90.02777349240623, 20.591260281974, 65.11528238439882, 26.0, 83.773504164503, 43.04648650006177, 0.0, 85.0, 67.47592163134935], [22.02271554554524, 8.0, 64.66065264130884, 24.186773244895647, 75.21303078589507, 43.60045871318328, 70.45565981523414, 85.0, 0.0, 77.6659513557904], [62.00806399170998, 76.4198926981712, 62.64982043070834, 55.362442142665635, 83.38465086573187, 42.20189569201838, 24.73863375370596, 67.47592163134935, 77.6659513557904, 0.0]], "task_locations": [[77, 87], [91, 78], [41, 29], [67, 67], [47, 9], [56, 96], [21, 62], [23, 19], [91, 70], [15, 86]], "precedence_constraints": [[8, 1], [7, 3]]}