{"Q": [[1, 1, 1], [0, 1, 1], [1, 0, 1]], "R": [[0.0, 0.0, 0.0], [1.0, 0.0, 1.0], [0.0, 0.0, 1.0], [0.0, 1.0, 0.0], [1.0, 1.0, 1.0], [1.0, 1.0, 0.0], [1.0, 0.0, 1.0], [1.0, 1.0, 0.0], [1.0, 0.0, 0.0], [0.0, 0.0, 0.0]], "T_e": [0, 83, 55, 69, 75, 91, 96, 63, 66, 0], "T_t": [[0.0, 97.6165969494942, 68.8839603971781, 72.94518489934754, 51.78802950489621, 71.56116265125938, 49.64876634922564, 68.26419266350405, 31.906112267087632, 92.80086206496145], [97.6165969494942, 0.0, 28.844410203711913, 85.61541917201598, 94.04786015641186, 90.52071586106685, 74.43117626371358, 29.546573405388315, 65.76473218982953, 13.601470508735444], [68.8839603971781, 28.844410203711913, 0.0, 67.06713054842886, 72.53275122315436, 71.00704190430693, 50.0, 5.0, 37.16180835212409, 27.294688127912362], [72.94518489934754, 85.61541917201598, 67.06713054842886, 0.0, 112.80514172678478, 5.656854249492381, 25.495097567963924, 71.25307010929424, 63.8200595424354, 91.54780172128658], [51.78802950489621, 94.04786015641186, 72.53275122315436, 112.80514172678478, 0.0, 113.4063490286148, 87.32124598286491, 68.65857557508748, 49.51767361255979, 83.15046602394962], [71.56116265125938, 90.52071586106685, 71.00704190430693, 5.656854249492381, 113.4063490286148, 0.0, 26.419689627245813, 75.02666192761077, 65.0, 96.0260381354974], [49.64876634922564, 74.43117626371358, 50.0, 25.495097567963924, 87.32124598286491, 26.419689627245813, 0.0, 53.150729063673246, 38.58756276314948, 76.89603370785778], [68.26419266350405, 29.546573405388315, 5.0, 71.25307010929424, 68.65857557508748, 75.02666192761077, 53.150729063673246, 0.0, 36.359317925395686, 25.612496949731394], [31.906112267087632, 65.76473218982953, 37.16180835212409, 63.8200595424354, 49.51767361255979, 65.0, 38.58756276314948, 36.359317925395686, 0.0, 61.07372593840988], [92.80086206496145, 13.601470508735444, 27.294688127912362, 91.54780172128658, 83.15046602394962, 96.0260381354974, 76.89603370785778, 25.612496949731394, 61.07372593840988, 0.0]], "task_locations": [[60, 85], [12, 0], [28, 24], [95, 21], [9, 94], [99, 25], [76, 38], [24, 27], [43, 58], [4, 11]], "precedence_constraints": [[2, 4], [6, 8], [5, 4], [8, 4], [7, 1], [7, 8]]}