{"Q": [[1, 1, 0], [1, 1, 0], [1, 0, 1]], "R": [[0.0, 0.0, 0.0], [0.0, 1.0, 0.0], [1.0, 1.0, 1.0], [1.0, 1.0, 0.0], [1.0, 1.0, 1.0], [1.0, 1.0, 1.0], [1.0, 0.0, 0.0], [1.0, 1.0, 0.0], [1.0, 0.0, 1.0], [0.0, 0.0, 0.0]], "T_e": [0, 58, 94, 53, 97, 83, 91, 96, 65, 0], "T_t": [[0.0, 72.03471385380801, 51.24451190127583, 63.63961030678928, 46.51881339845203, 55.94640292279746, 62.625873247404705, 40.311288741492746, 29.832867780352597, 64.77653896280658], [72.03471385380801, 0.0, 85.9127464349732, 37.53664875824692, 28.160255680657446, 53.600373133029585, 30.4138126514911, 86.45229898620394, 47.042533945356304, 27.65863337187866], [51.24451190127583, 85.9127464349732, 0.0, 98.67117106835208, 74.09453421137081, 98.73196037757987, 94.33981132056604, 13.45362404707371, 68.46897107449476, 62.625873247404705], [63.63961030678928, 37.53664875824692, 98.67117106835208, 0.0, 25.179356624028344, 18.439088914585774, 7.211102550927978, 93.94147114027967, 34.058772731852805, 58.18934610390462], [46.51881339845203, 28.160255680657446, 74.09453421137081, 25.179356624028344, 0.0, 32.64965543462902, 20.248456731316587, 70.49113419430843, 19.026297590440446, 37.20215047547655], [55.94640292279746, 53.600373133029585, 98.73196037757987, 18.439088914585774, 32.64965543462902, 0.0, 24.166091947189145, 91.67878707749138, 30.265491900843113, 69.6419413859206], [62.625873247404705, 30.4138126514911, 94.33981132056604, 7.211102550927978, 20.248456731316587, 24.166091947189145, 0.0, 90.4267659490264, 32.802438933713454, 51.24451190127583], [40.311288741492746, 86.45229898620394, 13.45362404707371, 93.94147114027967, 70.49113419430843, 91.67878707749138, 90.4267659490264, 0.0, 61.68468205316454, 66.18912297349165], [29.832867780352597, 47.042533945356304, 68.46897107449476, 34.058772731852805, 19.026297590440446, 30.265491900843113, 32.802438933713454, 61.68468205316454, 0.0, 50.21951811795888], [64.77653896280658, 27.65863337187866, 62.625873247404705, 58.18934610390462, 37.20215047547655, 69.6419413859206, 51.24451190127583, 66.18912297349165, 50.21951811795888, 0.0]], "task_locations": [[49, 98], [32, 28], [98, 83], [4, 53], [29, 56], [0, 71], [10, 49], [89, 93], [30, 75], [59, 34]], "precedence_constraints": [[2, 5], [6, 5], [1, 3]]}