{"Q": [[1, 0, 0], [1, 1, 0], [1, 1, 1]], "R": [[0.0, 0.0, 0.0], [1.0, 0.0, 1.0], [0.0, 1.0, 0.0], [0.0, 1.0, 0.0], [1.0, 0.0, 0.0], [1.0, 1.0, 1.0], [0.0, 0.0, 1.0], [0.0, 1.0, 1.0], [0.0, 1.0, 0.0], [0.0, 0.0, 0.0]], "T_e": [0, 72, 70, 83, 80, 91, 77, 66, 81, 0], "T_t": [[0.0, 40.80441152620633, 28.160255680657446, 76.05918747922567, 32.64965543462902, 34.36568055487916, 64.07807737440318, 35.608987629529715, 35.11409973215888, 61.220911460055866], [40.80441152620633, 0.0, 14.212670403551895, 36.87817782917155, 72.00694410957877, 63.655321851358195, 49.040799340956916, 43.46262762420146, 6.0, 36.013886210738214], [28.160255680657446, 14.212670403551895, 0.0, 51.088159097779204, 58.180752831155424, 49.57822102496216, 56.08029957123981, 31.575306807693888, 10.295630140987, 46.09772228646444], [76.05918747922567, 36.87817782917155, 51.088159097779204, 0.0, 108.2266141020775, 100.41912168506553, 47.885279575251516, 78.2368199762746, 41.617304093369626, 31.38470965295043], [32.64965543462902, 72.00694410957877, 58.180752831155424, 108.2266141020775, 0.0, 23.853720883753127, 94.33981132056604, 47.51841748206689, 66.73080248281148, 93.43446901438462], [34.36568055487916, 63.655321851358195, 49.57822102496216, 100.41912168506553, 23.853720883753127, 0.0, 97.71898484941399, 27.65863337187866, 59.665735560705194, 92.59049627256569], [64.07807737440318, 49.040799340956916, 56.08029957123981, 47.885279575251516, 94.33981132056604, 97.71898484941399, 0.0, 87.05170877128145, 47.67598976424087, 17.029386365926403], [35.608987629529715, 43.46262762420146, 31.575306807693888, 78.2368199762746, 47.51841748206689, 27.65863337187866, 87.05170877128145, 0.0, 41.48493702538308, 77.6659513557904], [35.11409973215888, 6.0, 10.295630140987, 41.617304093369626, 66.73080248281148, 59.665735560705194, 47.67598976424087, 41.48493702538308, 0.0, 36.345563690772494], [61.220911460055866, 36.013886210738214, 46.09772228646444, 31.38470965295043, 93.43446901438462, 92.59049627256569, 17.029386365926403, 77.6659513557904, 36.345563690772494, 0.0]], "task_locations": [[39, 29], [51, 68], [42, 57], [75, 96], [18, 4], [5, 24], [98, 54], [11, 51], [51, 62], [87, 67]], "precedence_constraints": [[1, 2], [7, 2], [2, 8], [5, 8]]}