{"Q": [[0, 1, 1], [0, 0, 1], [1, 0, 0]], "R": [[0.0, 0.0, 0.0], [0.0, 0.0, 1.0], [0.0, 0.0, 1.0], [1.0, 0.0, 0.0], [0.0, 1.0, 1.0], [0.0, 1.0, 0.0], [1.0, 1.0, 0.0], [1.0, 1.0, 0.0], [1.0, 1.0, 0.0], [0.0, 0.0, 0.0]], "T_e": [0, 55, 52, 86, 74, 73, 84, 51, 79, 0], "T_t": [[0.0, 33.06055050963308, 67.89698078707183, 52.49761899362675, 8.94427190999916, 10.44030650891055, 63.56099432828282, 62.81719509815764, 66.70832032063167, 11.40175425099138], [33.06055050963308, 0.0, 93.53608929178085, 84.92938243034621, 41.43669871020132, 23.53720459187964, 76.21679604916491, 76.05918747922567, 93.47192091746055, 31.32091952673165], [67.89698078707183, 93.53608929178085, 0.0, 63.00793600809346, 65.43699259593154, 77.33692520394123, 38.07886552931954, 36.76955262170047, 4.47213595499958, 63.245553203367585], [52.49761899362675, 84.92938243034621, 63.00793600809346, 0.0, 43.68065933568311, 61.39218191268331, 85.90692637965812, 84.581321815162, 59.00847396772772, 59.481089431852205], [8.94427190999916, 41.43669871020132, 65.43699259593154, 43.68065933568311, 0.0, 18.027756377319946, 66.27216610312357, 65.37583651472461, 63.702433234531945, 18.601075237738275], [10.44030650891055, 23.53720459187964, 77.33692520394123, 61.39218191268331, 18.027756377319946, 0.0, 69.28924880528002, 68.70953354520753, 76.40026177965623, 15.652475842498529], [63.56099432828282, 76.21679604916491, 38.07886552931954, 85.90692637965812, 66.27216610312357, 69.28924880528002, 0.0, 1.4142135623730951, 41.593268686170845, 53.75872022286245], [62.81719509815764, 76.05918747922567, 36.76955262170047, 84.581321815162, 65.37583651472461, 68.70953354520753, 1.4142135623730951, 0.0, 40.24922359499622, 53.14132102234569], [66.70832032063167, 93.47192091746055, 4.47213595499958, 59.00847396772772, 63.702433234531945, 76.40026177965623, 41.593268686170845, 40.24922359499622, 0.0, 62.76941930590086], [11.40175425099138, 31.32091952673165, 63.245553203367585, 59.481089431852205, 18.601075237738275, 15.652475842498529, 53.75872022286245, 53.14132102234569, 62.76941930590086, 0.0]], "task_locations": [[83, 60], [81, 93], [36, 11], [99, 10], [87, 52], [86, 70], [21, 46], [22, 45], [40, 9], [72, 63]], "precedence_constraints": [[5, 1], [6, 4], [8, 1]]}