{"Q": [[1, 1, 0], [1, 0, 0], [1, 0, 1]], "R": [[0.0, 0.0, 0.0], [1.0, 1.0, 1.0], [1.0, 0.0, 1.0], [1.0, 1.0, 1.0], [1.0, 1.0, 1.0], [0.0, 0.0, 1.0], [0.0, 1.0, 0.0], [0.0, 0.0, 1.0], [0.0, 0.0, 1.0], [0.0, 0.0, 0.0]], "T_e": [0, 84, 89, 56, 79, 91, 76, 83, 86, 0], "T_t": [[0.0, 103.60019305001319, 88.81441324469807, 4.123105625617661, 100.84641788382967, 100.18482919085105, 3.605551275463989, 80.02499609497022, 123.76186811776881, 26.92582403567252], [103.60019305001319, 0.0, 32.57299494980466, 100.43903623591775, 25.079872407968907, 45.803929962395145, 107.00467279516349, 60.07495318350236, 24.73863375370596, 79.20858539325141], [88.81441324469807, 32.57299494980466, 0.0, 85.0, 52.630789467763066, 18.027756377319946, 92.41753080449618, 75.39230729988306, 39.56008088970496, 70.00714249274856], [4.123105625617661, 100.43903623591775, 85.0, 0.0, 98.43271813782245, 96.17692030835673, 7.615773105863909, 79.02531240052139, 120.28299963003916, 25.179356624028344], [100.84641788382967, 25.079872407968907, 52.630789467763066, 98.43271813782245, 0.0, 68.62215385719105, 103.87011119662864, 39.21734310225516, 47.16990566028302, 74.24957912338628], [100.18482919085105, 45.803929962395145, 18.027756377319946, 96.17692030835673, 68.62215385719105, 0.0, 103.76897416858277, 93.40770846134703, 43.104524124504614, 84.40379138403677], [3.605551275463989, 107.00467279516349, 92.41753080449618, 7.615773105863909, 103.87011119662864, 103.76897416858277, 0.0, 82.15229759416349, 127.28707711311466, 29.732137494637012], [80.02499609497022, 60.07495318350236, 75.39230729988306, 79.02531240052139, 39.21734310225516, 93.40770846134703, 82.15229759416349, 0.0, 84.48076704197234, 54.230987451824994], [123.76186811776881, 24.73863375370596, 39.56008088970496, 120.28299963003916, 47.16990566028302, 43.104524124504614, 127.28707711311466, 84.48076704197234, 0.0, 101.04454463255303], [26.92582403567252, 79.20858539325141, 70.00714249274856, 25.179356624028344, 74.24957912338628, 84.40379138403677, 29.732137494637012, 54.230987451824994, 101.04454463255303, 0.0]], "task_locations": [[95, 4], [12, 66], [43, 76], [94, 8], [2, 43], [49, 93], [97, 1], [15, 6], [6, 90], [69, 11]], "precedence_constraints": [[1, 7], [7, 3], [4, 8]]}