{"Q": [[0, 1, 0], [1, 0, 0], [0, 1, 1]], "R": [[0.0, 0.0, 0.0], [1.0, 0.0, 1.0], [1.0, 0.0, 1.0], [1.0, 0.0, 1.0], [0.0, 1.0, 0.0], [1.0, 0.0, 0.0], [1.0, 0.0, 0.0], [0.0, 1.0, 0.0], [1.0, 1.0, 1.0], [0.0, 0.0, 0.0]], "T_e": [0, 99, 92, 85, 66, 95, 56, 50, 61, 0], "T_t": [[0.0, 92.09777413162601, 61.5223536610881, 27.073972741361768, 79.12016177940993, 66.06814663663572, 16.15549442140351, 44.27188724235731, 48.83646178829912, 31.827660925679098], [92.09777413162601, 0.0, 31.064449134018133, 113.07077429645558, 89.1403387922662, 66.18912297349165, 106.77546534667971, 58.18934610390462, 73.08214556237385, 99.92497185388645], [61.5223536610881, 31.064449134018133, 0.0, 84.05950273467003, 78.39005038906404, 45.65084884205331, 76.69419795525604, 29.068883707497267, 53.23532661682466, 69.57010852370435], [27.073972741361768, 113.07077429645558, 84.05950273467003, 0.0, 76.00657866263946, 93.13431161500041, 12.649110640673518, 70.83078426785913, 53.14132102234569, 53.31041174104736], [79.12016177940993, 89.1403387922662, 78.39005038906404, 76.00657866263946, 0.0, 117.80067911519016, 81.04936767180853, 92.19544457292888, 32.202484376209235, 109.12836478203089], [66.06814663663572, 66.18912297349165, 45.65084884205331, 93.13431161500041, 117.80067911519016, 0.0, 81.49846624323675, 26.40075756488817, 87.46427842267951, 51.10772935672255], [16.15549442140351, 106.77546534667971, 76.69419795525604, 12.649110640673518, 81.04936767180853, 81.49846624323675, 0.0, 60.40695324215582, 54.3323108288245, 40.718546143004666], [44.27188724235731, 58.18934610390462, 29.068883707497267, 70.83078426785913, 92.19544457292888, 26.40075756488817, 60.40695324215582, 0.0, 61.29437168288782, 42.05948168962618], [48.83646178829912, 73.08214556237385, 53.23532661682466, 53.14132102234569, 32.202484376209235, 87.46427842267951, 54.3323108288245, 61.29437168288782, 0.0, 77.47257579298626], [31.827660925679098, 99.92497185388645, 69.57010852370435, 53.31041174104736, 109.12836478203089, 51.10772935672255, 40.718546143004666, 42.05948168962618, 77.47257579298626, 0.0]], "task_locations": [[75, 71], [6, 10], [32, 27], [77, 98], [1, 99], [72, 5], [81, 86], [61, 29], [27, 80], [98, 49]], "precedence_constraints": [[4, 6], [3, 2], [7, 8]]}