{"Q": [[0, 1, 0], [1, 1, 0], [0, 1, 1]], "R": [[0.0, 0.0, 0.0], [0.0, 1.0, 1.0], [1.0, 1.0, 0.0], [1.0, 1.0, 1.0], [0.0, 1.0, 0.0], [0.0, 0.0, 1.0], [1.0, 0.0, 0.0], [1.0, 0.0, 0.0], [1.0, 1.0, 0.0], [0.0, 0.0, 0.0]], "T_e": [0, 57, 55, 73, 86, 73, 94, 51, 54, 0], "T_t": [[0.0, 77.41446893184762, 54.08326913195984, 42.720018726587654, 50.80354318352215, 8.54400374531753, 48.010415536631214, 63.52952069707436, 44.41846462902562, 68.47627326307996], [77.41446893184762, 0.0, 36.76955262170047, 96.02083107326243, 33.28663395418648, 71.17583859709698, 71.17583859709698, 13.892443989449804, 91.00549433962765, 8.94427190999916], [54.08326913195984, 36.76955262170047, 0.0, 60.8276253029822, 7.211102550927978, 51.24451190127583, 34.438350715445125, 27.073972741361768, 84.581321815162, 30.59411708155671], [42.720018726587654, 96.02083107326243, 60.8276253029822, 0.0, 62.80127387243033, 49.8196748283246, 29.966648127543394, 83.52843827104634, 86.4060183089118, 88.20430828479978], [50.80354318352215, 33.28663395418648, 7.211102550927978, 62.80127387243033, 0.0, 47.01063709417264, 38.600518131237564, 21.840329667841555, 78.54934754662193, 26.0], [8.54400374531753, 71.17583859709698, 51.24451190127583, 49.8196748283246, 47.01063709417264, 0.0, 50.91168824543142, 57.38466694161429, 39.698866482558415, 62.24146527838174], [48.010415536631214, 71.17583859709698, 34.438350715445125, 29.966648127543394, 38.600518131237564, 50.91168824543142, 0.0, 60.440052945046304, 90.55385138137417, 64.51356446515724], [63.52952069707436, 13.892443989449804, 27.073972741361768, 83.52843827104634, 21.840329667841555, 57.38466694161429, 60.440052945046304, 0.0, 79.40403012442127, 5.0], [44.41846462902562, 91.00549433962765, 84.581321815162, 86.4060183089118, 78.54934754662193, 39.698866482558415, 90.55385138137417, 79.40403012442127, 0.0, 83.15046602394962], [68.47627326307996, 8.94427190999916, 30.59411708155671, 88.20430828479978, 26.0, 62.24146527838174, 64.51356446515724, 5.0, 83.15046602394962, 0.0]], "task_locations": [[47, 30], [84, 98], [50, 84], [6, 42], [56, 80], [55, 33], [19, 69], [77, 86], [85, 7], [80, 90]], "precedence_constraints": [[8, 3], [2, 6], [8, 4], [1, 5], [5, 2], [5, 4]]}