{"Q": [[1, 1, 0], [1, 1, 0], [1, 1, 1]], "R": [[0.0, 0.0, 0.0], [0.0, 0.0, 1.0], [0.0, 1.0, 0.0], [1.0, 0.0, 0.0], [0.0, 0.0, 1.0], [1.0, 0.0, 0.0], [1.0, 1.0, 1.0], [0.0, 1.0, 1.0], [1.0, 0.0, 1.0], [0.0, 0.0, 0.0]], "T_e": [0, 56, 79, 81, 94, 55, 60, 86, 70, 0], "T_t": [[0.0, 60.207972893961475, 72.73238618387272, 8.06225774829855, 31.827660925679098, 7.211102550927978, 34.23448553724738, 30.4138126514911, 15.0, 47.885279575251516], [60.207972893961475, 0.0, 99.86490875177326, 58.137767414994535, 49.51767361255979, 53.600373133029585, 66.73080248281148, 39.293765408777, 55.46169849544819, 38.91015291668744], [72.73238618387272, 99.86490875177326, 0.0, 65.55150646628954, 101.96568050084302, 71.17583859709698, 39.824615503479755, 64.38167441127949, 87.09190547921202, 112.6454615153225], [8.06225774829855, 58.137767414994535, 65.55150646628954, 0.0, 37.20215047547655, 6.4031242374328485, 26.476404589747453, 24.413111231467404, 21.540659228538015, 51.40038910358559], [31.827660925679098, 49.51767361255979, 101.96568050084302, 37.20215047547655, 0.0, 31.064449134018133, 62.16912416947821, 44.04543109109048, 17.204650534085253, 19.026297590440446], [7.211102550927978, 53.600373133029585, 71.17583859709698, 6.4031242374328485, 31.064449134018133, 0.0, 31.622776601683793, 23.430749027719962, 16.278820596099706, 45.0], [34.23448553724738, 66.73080248281148, 39.824615503479755, 26.476404589747453, 62.16912416947821, 31.622776601683793, 0.0, 27.730849247724095, 47.80167361086848, 73.24616030891995], [30.4138126514911, 39.293765408777, 64.38167441127949, 24.413111231467404, 44.04543109109048, 23.430749027719962, 27.730849247724095, 0.0, 36.05551275463989, 49.658836071740545], [15.0, 55.46169849544819, 87.09190547921202, 21.540659228538015, 17.204650534085253, 16.278820596099706, 47.80167361086848, 36.05551275463989, 0.0, 34.785054261852174], [47.885279575251516, 38.91015291668744, 112.6454615153225, 51.40038910358559, 19.026297590440446, 45.0, 73.24616030891995, 49.658836071740545, 34.785054261852174, 0.0]], "task_locations": [[73, 33], [61, 92], [4, 10], [65, 34], [95, 56], [69, 39], [39, 29], [51, 54], [85, 42], [96, 75]], "precedence_constraints": [[4, 8], [6, 2], [5, 2], [5, 7], [1, 7], [3, 8]]}