{"Q": [[1, 0, 1], [0, 0, 1], [1, 1, 0]], "R": [[0.0, 0.0, 0.0], [1.0, 1.0, 1.0], [0.0, 0.0, 1.0], [0.0, 1.0, 1.0], [1.0, 1.0, 0.0], [1.0, 1.0, 1.0], [1.0, 0.0, 1.0], [0.0, 0.0, 1.0], [1.0, 0.0, 0.0], [0.0, 0.0, 0.0]], "T_e": [0, 79, 72, 56, 96, 50, 65, 94, 94, 0], "T_t": [[0.0, 65.39113089708727, 59.30430001273095, 24.698178070456937, 42.485291572496, 43.840620433565945, 35.0, 59.07622195096772, 55.00909015790027, 25.942243542145693], [65.39113089708727, 0.0, 32.01562118716424, 40.718546143004666, 50.08991914547278, 63.953107821277925, 85.56284240252891, 79.71198153351854, 101.40019723846694, 87.09190547921202], [59.30430001273095, 32.01562118716424, 0.0, 39.0, 24.698178070456937, 37.53664875824692, 65.7419196555744, 50.24937810560445, 77.46612162745726, 73.00684899377592], [24.698178070456937, 40.718546143004666, 39.0, 0.0, 31.76476034853718, 40.792156108742276, 49.64876634922564, 58.855755878248644, 68.35202996254024, 47.4236228055175], [42.485291572496, 50.08991914547278, 24.698178070456937, 31.76476034853718, 0.0, 13.892443989449804, 41.23105625617661, 30.4138126514911, 53.075418038862395, 50.15974481593781], [43.840620433565945, 63.953107821277925, 37.53664875824692, 40.792156108742276, 13.892443989449804, 0.0, 31.25699921617557, 18.110770276274835, 40.0, 43.73785545725808], [35.0, 85.56284240252891, 65.7419196555744, 49.64876634922564, 41.23105625617661, 31.25699921617557, 0.0, 35.84689665786984, 20.024984394500787, 16.97056274847714], [59.07622195096772, 79.71198153351854, 50.24937810560445, 58.855755878248644, 30.4138126514911, 18.110770276274835, 35.84689665786984, 0.0, 34.52535300326414, 51.97114584074513], [55.00909015790027, 101.40019723846694, 77.46612162745726, 68.35202996254024, 53.075418038862395, 40.0, 20.024984394500787, 34.52535300326414, 0.0, 33.83784863137726], [25.942243542145693, 87.09190547921202, 73.00684899377592, 47.4236228055175, 50.15974481593781, 43.73785545725808, 16.97056274847714, 51.97114584074513, 33.83784863137726, 0.0]], "task_locations": [[68, 19], [94, 79], [62, 78], [77, 42], [49, 57], [37, 50], [33, 19], [19, 52], [13, 18], [45, 7]], "precedence_constraints": [[6, 7]]}