{"Q": [[1, 1, 1], [1, 0, 0], [1, 0, 0]], "R": [[0.0, 0.0, 0.0], [1.0, 0.0, 0.0], [1.0, 0.0, 1.0], [0.0, 0.0, 1.0], [0.0, 1.0, 1.0], [1.0, 0.0, 0.0], [1.0, 0.0, 0.0], [1.0, 1.0, 1.0], [0.0, 1.0, 0.0], [0.0, 0.0, 0.0]], "T_e": [0, 82, 93, 76, 61, 75, 66, 54, 55, 0], "T_t": [[0.0, 49.25444142409901, 37.48332962798263, 18.027756377319946, 47.20169488482379, 56.0, 18.027756377319946, 31.38470965295043, 44.77722635447622, 71.02816342831905], [49.25444142409901, 0.0, 38.01315561749642, 37.16180835212409, 47.853944456021594, 70.7248188403477, 55.036351623268054, 39.66106403010388, 43.41658669218482, 22.20360331117452], [37.48332962798263, 38.01315561749642, 0.0, 20.0, 12.041594578792296, 86.33075929238663, 29.120439557122072, 54.12947441089743, 65.19202405202648, 52.15361924162119], [18.027756377319946, 37.16180835212409, 20.0, 0.0, 30.870698080866262, 67.68308503607086, 17.88854381999832, 37.013511046643494, 49.49747468305833, 57.271284253105414], [47.20169488482379, 47.853944456021594, 12.041594578792296, 30.870698080866262, 0.0, 98.08159868191383, 35.22782990761707, 66.09841147864296, 77.23341245859851, 58.728187440104094], [56.0, 70.7248188403477, 86.33075929238663, 67.68308503607086, 98.08159868191383, 0.0, 74.00675644831355, 33.12099032335839, 27.80287754891569, 89.20201791439474], [18.027756377319946, 55.036351623268054, 29.120439557122072, 17.88854381999832, 35.22782990761707, 74.00675644831355, 0.0, 48.104053883222775, 61.465437442517235, 74.72616676907762], [31.38470965295043, 39.66106403010388, 54.12947441089743, 37.013511046643494, 66.09841147864296, 33.12099032335839, 48.104053883222775, 0.0, 13.416407864998739, 60.41522986797286], [44.77722635447622, 43.41658669218482, 65.19202405202648, 49.49747468305833, 77.23341245859851, 27.80287754891569, 61.465437442517235, 13.416407864998739, 0.0, 61.40032573203501], [71.02816342831905, 22.20360331117452, 52.15361924162119, 57.271284253105414, 58.728187440104094, 89.20201791439474, 74.72616676907762, 60.41522986797286, 61.40032573203501, 0.0]], "task_locations": [[58, 16], [53, 65], [84, 43], [68, 31], [96, 44], [2, 16], [76, 15], [31, 32], [19, 38], [56, 87]], "precedence_constraints": [[7, 4]]}