{"Q": [[1, 1, 1], [0, 1, 0], [0, 0, 1]], "R": [[0.0, 0.0, 0.0], [1.0, 1.0, 1.0], [0.0, 1.0, 1.0], [0.0, 1.0, 1.0], [1.0, 1.0, 0.0], [1.0, 0.0, 1.0], [1.0, 1.0, 0.0], [1.0, 0.0, 0.0], [0.0, 1.0, 1.0], [0.0, 0.0, 0.0]], "T_e": [0, 91, 50, 92, 82, 77, 61, 52, 68, 0], "T_t": [[0.0, 50.11985634456667, 17.08800749063506, 53.0, 22.847319317591726, 30.083217912982647, 56.22277118748239, 46.389654018972806, 40.80441152620633, 63.071388124885914], [50.11985634456667, 0.0, 50.635955604688654, 4.123105625617661, 53.08483775994799, 36.345563690772494, 21.93171219946131, 18.110770276274835, 11.0, 13.341664064126334], [17.08800749063506, 50.635955604688654, 0.0, 52.392747589718944, 5.830951894845301, 19.1049731745428, 49.64876634922564, 52.952809179494906, 39.81205847478876, 63.953107821277925], [53.0, 4.123105625617661, 52.392747589718944, 0.0, 54.45181356024793, 37.013511046643494, 18.867962264113206, 22.02271554554524, 12.649110640673518, 12.041594578792296], [22.847319317591726, 53.08483775994799, 5.830951894845301, 54.45181356024793, 0.0, 18.788294228055936, 49.64876634922564, 57.0087712549569, 42.1070065428546, 66.27216610312357], [30.083217912982647, 36.345563690772494, 19.1049731745428, 37.013511046643494, 18.788294228055936, 0.0, 30.886890422961002, 44.41846462902562, 25.495097567963924, 49.040799340956916], [56.22277118748239, 21.93171219946131, 49.64876634922564, 18.867962264113206, 49.64876634922564, 30.886890422961002, 0.0, 39.56008088970496, 20.09975124224178, 27.80287754891569], [46.389654018972806, 18.110770276274835, 52.952809179494906, 22.02271554554524, 57.0087712549569, 44.41846462902562, 39.56008088970496, 0.0, 22.20360331117452, 23.706539182259394], [40.80441152620633, 11.0, 39.81205847478876, 12.649110640673518, 42.1070065428546, 25.495097567963924, 20.09975124224178, 22.20360331117452, 0.0, 24.186773244895647], [63.071388124885914, 13.341664064126334, 63.953107821277925, 12.041594578792296, 66.27216610312357, 49.040799340956916, 27.80287754891569, 23.706539182259394, 24.186773244895647, 0.0]], "task_locations": [[83, 5], [39, 29], [89, 21], [38, 33], [92, 26], [75, 34], [48, 49], [37, 11], [50, 29], [26, 32]], "precedence_constraints": [[1, 3]]}