{"Q": [[0, 0, 1], [0, 1, 0], [1, 0, 0]], "R": [[0.0, 0.0, 0.0], [0.0, 1.0, 0.0], [0.0, 0.0, 1.0], [1.0, 0.0, 1.0], [0.0, 1.0, 1.0], [1.0, 1.0, 0.0], [1.0, 0.0, 0.0], [1.0, 1.0, 1.0], [0.0, 0.0, 1.0], [0.0, 0.0, 0.0]], "T_e": [0, 87, 75, 64, 98, 75, 52, 78, 90, 0], "T_t": [[0.0, 60.40695324215582, 61.29437168288782, 74.96665925596525, 71.58910531638176, 58.89821729050889, 53.03772242470448, 24.413111231467404, 54.00925846556311, 83.6301381082203], [60.40695324215582, 0.0, 28.460498941515414, 47.67598976424087, 40.44749683231337, 34.438350715445125, 8.602325267042627, 53.33854141237835, 77.00649323271382, 33.54101966249684], [61.29437168288782, 28.460498941515414, 0.0, 20.024984394500787, 13.341664064126334, 7.211102550927978, 32.0624390837628, 65.45991139621256, 55.71355310873648, 24.186773244895647], [74.96665925596525, 47.67598976424087, 20.024984394500787, 0.0, 7.280109889280518, 17.46424919657298, 52.009614495783374, 83.18653737234169, 53.0, 28.600699292150182], [71.58910531638176, 40.44749683231337, 13.341664064126334, 7.280109889280518, 0.0, 12.727922061357855, 45.0111097397076, 78.03204469959762, 55.44366510251645, 23.259406699226016], [58.89821729050889, 34.438350715445125, 7.211102550927978, 17.46424919657298, 12.727922061357855, 0.0, 36.87817782917155, 65.76473218982953, 48.703182647543684, 30.01666203960727], [53.03772242470448, 8.602325267042627, 32.0624390837628, 52.009614495783374, 45.0111097397076, 36.87817782917155, 0.0, 44.77722635447622, 74.96665925596525, 41.340053217188775], [24.413111231467404, 53.33854141237835, 65.45991139621256, 83.18653737234169, 78.03204469959762, 65.76473218982953, 44.77722635447622, 0.0, 75.50496672405067, 83.48652585896721], [54.00925846556311, 77.00649323271382, 55.71355310873648, 53.0, 55.44366510251645, 48.703182647543684, 74.96665925596525, 75.50496672405067, 0.0, 77.87810988975015], [83.6301381082203, 33.54101966249684, 24.186773244895647, 28.600699292150182, 23.259406699226016, 30.01666203960727, 41.340053217188775, 83.48652585896721, 77.87810988975015, 0.0]], "task_locations": [[76, 60], [16, 53], [25, 26], [24, 6], [22, 13], [31, 22], [23, 58], [62, 80], [77, 6], [1, 23]], "precedence_constraints": [[2, 5], [1, 7], [3, 4], [6, 7]]}