{"Q": [[0, 1, 1], [1, 0, 0], [0, 1, 1]], "R": [[0.0, 0.0, 0.0], [1.0, 1.0, 0.0], [0.0, 1.0, 0.0], [1.0, 0.0, 0.0], [0.0, 1.0, 1.0], [0.0, 1.0, 0.0], [1.0, 0.0, 0.0], [0.0, 1.0, 0.0], [0.0, 0.0, 1.0], [0.0, 0.0, 0.0]], "T_e": [0, 58, 79, 68, 54, 95, 63, 56, 53, 0], "T_t": [[0.0, 16.492422502470642, 29.068883707497267, 22.20360331117452, 57.201398584300364, 43.32435804486894, 69.77822009767804, 29.732137494637012, 90.13878188659973, 37.57658845611187], [16.492422502470642, 0.0, 45.39823785126467, 9.219544457292887, 53.14132102234569, 54.08326913195984, 81.27115109311545, 44.94441010848846, 102.9417310909429, 38.0], [29.068883707497267, 45.39823785126467, 0.0, 49.33558553417604, 76.84399781375251, 41.78516483155236, 61.00819617067857, 19.313207915827967, 75.96051605933177, 55.21775076911409], [22.20360331117452, 9.219544457292887, 49.33558553417604, 0.0, 61.1310068623117, 62.76941930590086, 89.88882021697692, 51.85556864985669, 111.21151019566275, 47.042533945356304], [57.201398584300364, 53.14132102234569, 76.84399781375251, 61.1310068623117, 0.0, 48.25971404805462, 66.21933252457322, 61.741396161732524, 88.86506625215557, 21.633307652783937], [43.32435804486894, 54.08326913195984, 41.78516483155236, 62.76941930590086, 48.25971404805462, 0.0, 27.202941017470888, 22.47220505424423, 49.51767361255979, 30.805843601498726], [69.77822009767804, 81.27115109311545, 61.00819617067857, 89.88882021697692, 66.21933252457322, 27.202941017470888, 0.0, 43.73785545725808, 23.323807579381203, 54.378304497290095], [29.732137494637012, 44.94441010848846, 19.313207915827967, 51.85556864985669, 61.741396161732524, 22.47220505424423, 43.73785545725808, 0.0, 61.71709649683789, 40.496913462633174], [90.13878188659973, 102.9417310909429, 75.96051605933177, 111.21151019566275, 88.86506625215557, 49.51767361255979, 23.323807579381203, 61.71709649683789, 0.0, 77.69813382572325], [37.57658845611187, 38.0, 55.21775076911409, 47.042533945356304, 21.633307652783937, 30.805843601498726, 54.378304497290095, 40.496913462633174, 77.69813382572325, 0.0]], "task_locations": [[37, 13], [21, 9], [66, 15], [19, 0], [3, 59], [51, 54], [67, 76], [59, 33], [87, 88], [21, 47]], "precedence_constraints": [[2, 3], [6, 3], [7, 8]]}