{"Q": [[1, 1, 1], [1, 0, 1], [0, 1, 1]], "R": [[0.0, 0.0, 0.0], [1.0, 0.0, 0.0], [0.0, 0.0, 1.0], [1.0, 0.0, 0.0], [1.0, 1.0, 0.0], [1.0, 0.0, 0.0], [0.0, 0.0, 1.0], [1.0, 0.0, 1.0], [1.0, 0.0, 0.0], [0.0, 0.0, 0.0]], "T_e": [0, 70, 63, 91, 63, 82, 80, 76, 64, 0], "T_t": [[0.0, 84.581321815162, 88.88756943465155, 78.77182237323191, 51.78802950489621, 25.0, 107.48023074035522, 29.427877939124322, 61.1310068623117, 66.48308055437865], [84.581321815162, 0.0, 12.041594578792296, 63.41135544995076, 69.85699678629192, 77.64663547121665, 41.012193308819754, 72.24956747275377, 85.07055894961546, 31.016124838541646], [88.88756943465155, 12.041594578792296, 0.0, 75.28612089887484, 80.00624975587844, 85.00588214941364, 50.80354318352215, 80.05623023850174, 95.63472172804185, 42.05948168962618], [78.77182237323191, 63.41135544995076, 75.28612089887484, 0.0, 29.206163733020468, 55.94640292279746, 49.040799340956916, 50.08991914547278, 33.61547262794322, 35.0], [51.78802950489621, 69.85699678629192, 80.00624975587844, 29.206163733020468, 0.0, 27.51363298439521, 71.5122367151245, 22.360679774997898, 16.401219466856727, 39.319206502675], [25.0, 77.64663547121665, 85.00588214941364, 55.94640292279746, 27.51363298439521, 0.0, 91.52595260361949, 6.4031242374328485, 36.22154055254967, 52.392747589718944], [107.48023074035522, 41.012193308819754, 50.80354318352215, 49.040799340956916, 71.5122367151245, 91.52595260361949, 0.0, 85.14693182963201, 81.39410298049853, 41.036569057366385], [29.427877939124322, 72.24956747275377, 80.05623023850174, 50.08991914547278, 22.360679774997898, 6.4031242374328485, 85.14693182963201, 0.0, 33.24154027718932, 46.238512086787566], [61.1310068623117, 85.07055894961546, 95.63472172804185, 33.61547262794322, 16.401219466856727, 36.22154055254967, 81.39410298049853, 33.24154027718932, 0.0, 54.120236510939236], [66.48308055437865, 31.016124838541646, 42.05948168962618, 35.0, 39.319206502675, 52.392747589718944, 41.036569057366385, 46.238512086787566, 54.120236510939236, 0.0]], "task_locations": [[23, 8], [58, 85], [49, 93], [97, 35], [74, 17], [48, 8], [99, 84], [52, 13], [84, 4], [69, 56]], "precedence_constraints": [[8, 2], [7, 4], [3, 1], [3, 6]]}