{"Q": [[1, 1, 0], [0, 1, 1], [0, 1, 0]], "R": [[0.0, 0.0, 0.0], [1.0, 1.0, 1.0], [1.0, 0.0, 0.0], [1.0, 0.0, 0.0], [1.0, 0.0, 0.0], [0.0, 0.0, 1.0], [0.0, 0.0, 1.0], [0.0, 1.0, 1.0], [0.0, 1.0, 0.0], [0.0, 0.0, 0.0]], "T_e": [0, 50, 80, 70, 81, 63, 55, 51, 89, 0], "T_t": [[0.0, 67.11929677819934, 57.28001396647874, 84.00595217006948, 79.05694150420949, 26.570660511172846, 63.90618123468183, 51.088159097779204, 37.33630940518894, 18.24828759089466], [67.11929677819934, 0.0, 51.10772935672255, 17.72004514666935, 13.892443989449804, 42.2965719651132, 19.313207915827967, 48.79549159502341, 31.32091952673165, 49.49747468305833], [57.28001396647874, 51.10772935672255, 0.0, 58.05170109479997, 53.03772242470448, 51.54609587543949, 64.8459713474939, 79.40403012442127, 35.22782990761707, 43.56604182158393], [84.00595217006948, 17.72004514666935, 58.05170109479997, 0.0, 5.385164807134504, 59.841457201508724, 33.24154027718932, 64.81512169239521, 47.16990566028302, 66.03029607687671], [79.05694150420949, 13.892443989449804, 53.03772242470448, 5.385164807134504, 0.0, 55.31726674375732, 31.400636936215164, 62.289646009589745, 42.04759208325728, 61.0], [26.570660511172846, 42.2965719651132, 51.54609587543949, 59.841457201508724, 55.31726674375732, 0.0, 37.33630940518894, 31.04834939252005, 18.439088914585774, 13.892443989449804], [63.90618123468183, 19.313207915827967, 64.8459713474939, 33.24154027718932, 31.400636936215164, 37.33630940518894, 0.0, 31.906112267087632, 35.4682957019364, 48.877397639399746], [51.088159097779204, 48.79549159502341, 79.40403012442127, 64.81512169239521, 62.289646009589745, 31.04834939252005, 31.906112267087632, 0.0, 44.181444068749045, 44.598206241955516], [37.33630940518894, 31.32091952673165, 35.22782990761707, 47.16990566028302, 42.04759208325728, 18.439088914585774, 35.4682957019364, 44.181444068749045, 0.0, 19.1049731745428], [18.24828759089466, 49.49747468305833, 43.56604182158393, 66.03029607687671, 61.0, 13.892443989449804, 48.877397639399746, 44.598206241955516, 19.1049731745428, 0.0]], "task_locations": [[8, 52], [75, 56], [49, 12], [92, 51], [87, 49], [33, 61], [68, 74], [41, 91], [45, 47], [26, 49]], "precedence_constraints": [[5, 8], [3, 1], [2, 1]]}