{"Q": [[1, 1, 0], [1, 0, 1], [0, 1, 0]], "R": [[0.0, 0.0, 0.0], [1.0, 0.0, 1.0], [1.0, 0.0, 0.0], [0.0, 0.0, 1.0], [1.0, 0.0, 1.0], [1.0, 1.0, 0.0], [1.0, 0.0, 0.0], [0.0, 1.0, 1.0], [1.0, 0.0, 1.0], [0.0, 0.0, 0.0]], "T_e": [0, 79, 67, 88, 97, 73, 63, 66, 52, 0], "T_t": [[0.0, 18.788294228055936, 49.040799340956916, 35.4400902933387, 35.17101079013795, 39.05124837953327, 20.615528128088304, 46.04345773288535, 54.78138369920935, 9.055385138137417], [18.788294228055936, 0.0, 32.55764119219941, 51.03920062069938, 36.76955262170047, 27.018512172212592, 27.313000567495326, 63.788713735268246, 69.6419413859206, 23.345235059857504], [49.040799340956916, 32.55764119219941, 0.0, 83.38465086573187, 66.24198064671678, 15.556349186104045, 59.481089431852205, 95.08417323613851, 87.00574693662483, 49.24428900898052], [35.4400902933387, 51.03920062069938, 83.38465086573187, 0.0, 34.655446902326915, 74.46475676452586, 27.51363298439521, 16.97056274847714, 62.5859409132754, 39.824615503479755], [35.17101079013795, 36.76955262170047, 66.24198064671678, 34.655446902326915, 0.0, 63.702433234531945, 15.033296378372908, 51.62363799656123, 85.70880934886448, 44.14748010928823], [39.05124837953327, 27.018512172212592, 15.556349186104045, 74.46475676452586, 63.702433234531945, 0.0, 53.85164807134504, 84.29116205154607, 71.61005515987263, 37.0], [20.615528128088304, 27.313000567495326, 59.481089431852205, 27.51363298439521, 15.033296378372908, 53.85164807134504, 0.0, 43.41658669218482, 71.02112361825881, 29.410882339705484], [46.04345773288535, 63.788713735268246, 95.08417323613851, 16.97056274847714, 51.62363799656123, 84.29116205154607, 43.41658669218482, 0.0, 55.47071299343465, 47.51841748206689], [54.78138369920935, 69.6419413859206, 87.00574693662483, 62.5859409132754, 85.70880934886448, 71.61005515987263, 71.02112361825881, 55.47071299343465, 0.0, 46.95742752749558], [9.055385138137417, 23.345235059857504, 49.24428900898052, 39.824615503479755, 44.14748010928823, 37.0, 29.410882339705484, 47.51841748206689, 46.95742752749558, 0.0]], "task_locations": [[65, 47], [73, 64], [67, 96], [75, 13], [99, 38], [56, 85], [84, 39], [63, 1], [14, 27], [56, 48]], "precedence_constraints": [[1, 4]]}