{"Q": [[0, 1, 0], [0, 0, 1], [1, 1, 1]], "R": [[0.0, 0.0, 0.0], [0.0, 0.0, 1.0], [0.0, 1.0, 0.0], [1.0, 0.0, 1.0], [1.0, 0.0, 1.0], [1.0, 0.0, 0.0], [1.0, 1.0, 1.0], [1.0, 1.0, 0.0], [0.0, 1.0, 0.0], [0.0, 0.0, 0.0]], "T_e": [0, 93, 65, 68, 52, 83, 97, 82, 60, 0], "T_t": [[0.0, 28.071337695236398, 43.01162633521314, 39.11521443121589, 39.11521443121589, 59.22837157984339, 28.0178514522438, 32.202484376209235, 77.78174593052023, 18.35755975068582], [28.071337695236398, 0.0, 27.892651361962706, 57.982756057296896, 31.78049716414141, 72.11102550927978, 41.72529209005013, 29.410882339705484, 63.071388124885914, 44.553338819890925], [43.01162633521314, 27.892651361962706, 0.0, 80.62257748298549, 59.665735560705194, 57.42821606144492, 36.124783736376884, 16.0312195418814, 36.05551275463989, 61.29437168288782], [39.11521443121589, 57.982756057296896, 80.62257748298549, 0.0, 42.0, 91.44397191723465, 64.19501538281614, 71.28113354878694, 116.27553482998907, 24.515301344262525], [39.11521443121589, 31.78049716414141, 59.665735560705194, 42.0, 0.0, 96.79876032264049, 64.8459713474939, 59.033888572581766, 94.33981132056604, 44.10215414239989], [59.22837157984339, 72.11102550927978, 57.42821606144492, 91.44397191723465, 96.79876032264049, 0.0, 31.953090617340916, 44.553338819890925, 67.06713054842886, 67.11929677819934], [28.0178514522438, 41.72529209005013, 36.124783736376884, 64.19501538281614, 64.8459713474939, 31.953090617340916, 0.0, 20.09975124224178, 62.16912416947821, 39.92492955535426], [32.202484376209235, 29.410882339705484, 16.0312195418814, 71.28113354878694, 59.033888572581766, 44.553338819890925, 20.09975124224178, 0.0, 46.22769732530488, 49.49747468305833], [77.78174593052023, 63.071388124885914, 36.05551275463989, 116.27553482998907, 94.33981132056604, 67.06713054842886, 62.16912416947821, 46.22769732530488, 0.0, 95.58765610684259], [18.35755975068582, 44.553338819890925, 61.29437168288782, 24.515301344262525, 44.10215414239989, 67.11929677819934, 39.92492955535426, 49.49747468305833, 95.58765610684259, 0.0]], "task_locations": [[66, 73], [68, 45], [41, 38], [99, 94], [99, 52], [8, 85], [38, 74], [40, 54], [11, 18], [75, 89]], "precedence_constraints": [[1, 2], [4, 2], [3, 7], [7, 4], [5, 8]]}