{"Q": [[0, 0, 1], [1, 0, 0], [1, 1, 0]], "R": [[0.0, 0.0, 0.0], [0.0, 1.0, 0.0], [1.0, 1.0, 0.0], [1.0, 1.0, 0.0], [1.0, 0.0, 1.0], [0.0, 1.0, 1.0], [0.0, 0.0, 1.0], [0.0, 0.0, 1.0], [0.0, 1.0, 0.0], [0.0, 0.0, 0.0]], "T_e": [0, 88, 71, 90, 74, 51, 55, 84, 78, 0], "T_t": [[0.0, 97.20082304178294, 76.57675887630658, 59.93329625508679, 93.96275858019496, 88.23831367382311, 54.230987451824994, 24.698178070456937, 30.870698080866262, 30.083217912982647], [97.20082304178294, 0.0, 28.0, 87.36131867136622, 85.84287972802403, 23.194827009486403, 58.180752831155424, 102.30347012687302, 67.26812023536856, 85.21150157109074], [76.57675887630658, 28.0, 0.0, 84.09518416651456, 93.94147114027967, 38.600518131237564, 53.150729063673246, 87.23531395025755, 50.08991914547278, 72.42237223399962], [59.93329625508679, 87.36131867136622, 84.09518416651456, 0.0, 36.013886210738214, 66.70832032063167, 31.0, 41.30375285612676, 46.87216658103186, 30.01666203960727], [93.96275858019496, 85.84287972802403, 93.94147114027967, 36.013886210738214, 0.0, 62.64982043070834, 48.16637831516918, 77.23341245859851, 73.78346698278686, 64.03124237432849], [88.23831367382311, 23.194827009486403, 38.600518131237564, 66.70832032063167, 62.64982043070834, 0.0, 40.36087214122113, 88.09086218218096, 57.38466694161429, 70.178344238091], [54.230987451824994, 58.180752831155424, 53.150729063673246, 31.0, 48.16637831516918, 40.36087214122113, 0.0, 48.54894437575342, 27.202941017470888, 30.528675044947494], [24.698178070456937, 102.30347012687302, 87.23531395025755, 41.30375285612676, 77.23341245859851, 88.09086218218096, 48.54894437575342, 0.0, 37.16180835212409, 18.027756377319946], [30.870698080866262, 67.26812023536856, 50.08991914547278, 46.87216658103186, 73.78346698278686, 57.38466694161429, 27.202941017470888, 37.16180835212409, 0.0, 24.0], [30.083217912982647, 85.21150157109074, 72.42237223399962, 30.01666203960727, 64.03124237432849, 70.178344238091, 30.528675044947494, 18.027756377319946, 24.0, 0.0]], "task_locations": [[41, 6], [99, 84], [99, 56], [15, 60], [14, 96], [76, 87], [46, 60], [20, 19], [54, 34], [30, 34]], "precedence_constraints": [[6, 1], [4, 3], [2, 8], [6, 8], [6, 7], [3, 1]]}