{"Q": [[1, 0, 0], [1, 1, 1], [0, 0, 1]], "R": [[0.0, 0.0, 0.0], [0.0, 0.0, 1.0], [1.0, 1.0, 1.0], [1.0, 0.0, 0.0], [1.0, 0.0, 0.0], [1.0, 1.0, 0.0], [1.0, 0.0, 1.0], [0.0, 1.0, 0.0], [0.0, 1.0, 1.0], [0.0, 0.0, 0.0]], "T_e": [0, 50, 92, 64, 99, 54, 75, 97, 84, 0], "T_t": [[0.0, 13.038404810405298, 20.591260281974, 54.00925846556311, 77.07788269017254, 48.41487374764082, 70.3846574190711, 43.18564576337837, 29.410882339705484, 55.10898293381942], [13.038404810405298, 0.0, 10.295630140987, 67.02984409947557, 87.32124598286491, 59.682493245507096, 82.87339742040264, 47.16990566028302, 21.095023109728988, 68.06614430096654], [20.591260281974, 10.295630140987, 0.0, 72.83543093852057, 97.0, 68.81860213634101, 90.87353850269065, 57.38466694161429, 27.65863337187866, 75.0], [54.00925846556311, 67.02984409947557, 72.83543093852057, 0.0, 54.0, 33.12099032335839, 28.231188426986208, 65.29931086925804, 79.62411694957753, 10.0], [77.07788269017254, 87.32124598286491, 97.0, 54.0, 0.0, 29.68164415931166, 30.083217912982647, 51.419840528729765, 86.76404785393545, 44.0], [48.41487374764082, 59.682493245507096, 68.81860213634101, 33.12099032335839, 29.68164415931166, 0.0, 27.16615541441225, 36.40054944640259, 63.34824385884742, 24.839484696748443], [70.3846574190711, 82.87339742040264, 90.87353850269065, 28.231188426986208, 30.083217912982647, 27.16615541441225, 0.0, 63.06346010171025, 89.56003573022959, 19.4164878389476], [43.18564576337837, 47.16990566028302, 57.38466694161429, 65.29931086925804, 51.419840528729765, 36.40054944640259, 63.06346010171025, 0.0, 38.2099463490856, 59.36328831862332], [29.410882339705484, 21.095023109728988, 27.65863337187866, 79.62411694957753, 86.76404785393545, 63.34824385884742, 89.56003573022959, 38.2099463490856, 0.0, 78.23042886243178], [55.10898293381942, 68.06614430096654, 75.0, 10.0, 44.0, 24.839484696748443, 19.4164878389476, 59.36328831862332, 78.23042886243178, 0.0]], "task_locations": [[81, 33], [82, 20], [91, 15], [80, 87], [26, 87], [51, 71], [54, 98], [38, 37], [64, 9], [70, 87]], "precedence_constraints": [[7, 5], [6, 3], [5, 2], [7, 8]]}