{"Q": [[0, 0, 1], [1, 1, 1], [0, 0, 1]], "R": [[0.0, 0.0, 0.0], [1.0, 0.0, 0.0], [0.0, 0.0, 1.0], [1.0, 0.0, 1.0], [1.0, 0.0, 0.0], [0.0, 1.0, 1.0], [1.0, 1.0, 1.0], [0.0, 1.0, 0.0], [0.0, 0.0, 1.0], [0.0, 0.0, 0.0]], "T_e": [0, 81, 57, 72, 75, 50, 78, 70, 58, 0], "T_t": [[0.0, 38.27531841800928, 74.65252842335616, 93.47192091746055, 24.186773244895647, 97.16995420396162, 87.47571091451616, 84.17244204607586, 100.62305898749054, 80.65358020571685], [38.27531841800928, 0.0, 36.76955262170047, 55.71355310873648, 19.697715603592208, 59.77457653551382, 66.94027188471824, 50.039984012787215, 79.2464510246358, 55.226805085936306], [74.65252842335616, 36.76955262170047, 0.0, 26.68332812825267, 55.60575509783138, 32.01562118716424, 57.3149195236284, 36.87817782917155, 65.60487786742691, 42.44997055358225], [93.47192091746055, 55.71355310873648, 26.68332812825267, 0.0, 71.02112361825881, 5.385164807134504, 81.54140052758476, 22.090722034374522, 87.86353054595519, 66.88796603276258], [24.186773244895647, 19.697715603592208, 55.60575509783138, 71.02112361825881, 0.0, 74.30343195303969, 83.38465086573187, 60.166435825965294, 96.18731725128839, 73.06161783043132], [97.16995420396162, 59.77457653551382, 32.01562118716424, 5.385164807134504, 74.30343195303969, 0.0, 86.82165628459296, 21.18962010041709, 92.9569792968769, 72.20110802473879], [87.47571091451616, 66.94027188471824, 57.3149195236284, 81.54140052758476, 83.38465086573187, 86.82165628459296, 0.0, 94.04786015641186, 13.152946437965905, 14.866068747318506], [84.17244204607586, 50.039984012787215, 36.87817782917155, 22.090722034374522, 60.166435825965294, 21.18962010041709, 94.04786015641186, 0.0, 102.44998779892558, 79.20858539325141], [100.62305898749054, 79.2464510246358, 65.60487786742691, 87.86353054595519, 96.18731725128839, 92.9569792968769, 13.152946437965905, 102.44998779892558, 0.0, 24.698178070456937], [80.65358020571685, 55.226805085936306, 42.44997055358225, 66.88796603276258, 73.06161783043132, 72.20110802473879, 14.866068747318506, 79.20858539325141, 24.698178070456937, 0.0]], "task_locations": [[0, 0], [21, 32], [47, 58], [41, 84], [3, 24], [39, 89], [86, 16], [19, 82], [99, 18], [76, 27]], "precedence_constraints": [[1, 7], [8, 6]]}