{"Q": [[1, 0, 1], [1, 1, 1], [1, 0, 1]], "R": [[0.0, 0.0, 0.0], [1.0, 1.0, 1.0], [0.0, 0.0, 1.0], [1.0, 0.0, 1.0], [0.0, 1.0, 0.0], [0.0, 0.0, 1.0], [0.0, 1.0, 0.0], [1.0, 0.0, 1.0], [0.0, 1.0, 0.0], [0.0, 0.0, 0.0]], "T_e": [0, 98, 89, 59, 53, 73, 83, 52, 74, 0], "T_t": [[0.0, 73.06161783043132, 29.068883707497267, 51.19570294468082, 23.769728648009426, 52.49761899362675, 94.51454914456292, 48.33218389437829, 28.442925306655784, 36.22154055254967], [73.06161783043132, 0.0, 48.79549159502341, 101.35580891098448, 91.43850392476902, 74.63243262818116, 86.12200647918046, 60.08327554319921, 94.06912352095134, 42.638011210655684], [29.068883707497267, 48.79549159502341, 0.0, 55.02726596879042, 43.01162633521314, 37.64306044943742, 72.18032973047436, 26.627053911388696, 45.34313619501854, 7.280109889280518], [51.19570294468082, 101.35580891098448, 55.02726596879042, 0.0, 31.906112267087632, 33.12099032335839, 71.06335201775947, 44.598206241955516, 27.202941017470888, 59.50630218724736], [23.769728648009426, 91.43850392476902, 43.01162633521314, 31.906112267087632, 0.0, 47.29693436154187, 91.21403400793103, 50.08991914547278, 5.0990195135927845, 49.92995093127971], [52.49761899362675, 74.63243262818116, 37.64306044943742, 33.12099032335839, 47.29693436154187, 0.0, 43.965895873961216, 14.560219778561036, 45.39823785126467, 38.2099463490856], [94.51454914456292, 86.12200647918046, 72.18032973047436, 71.06335201775947, 91.21403400793103, 43.965895873961216, 0.0, 46.61544808322666, 89.05054744357274, 68.6804193347711], [48.33218389437829, 60.08327554319921, 26.627053911388696, 44.598206241955516, 50.08991914547278, 14.560219778561036, 46.61544808322666, 0.0, 49.64876634922564, 25.298221281347036], [28.442925306655784, 94.06912352095134, 45.34313619501854, 27.202941017470888, 5.0990195135927845, 45.39823785126467, 89.05054744357274, 49.64876634922564, 0.0, 52.009614495783374], [36.22154055254967, 42.638011210655684, 7.280109889280518, 59.50630218724736, 49.92995093127971, 38.2099463490856, 68.6804193347711, 25.298221281347036, 52.009614495783374, 0.0]], "task_locations": [[88, 38], [25, 1], [59, 36], [77, 88], [94, 61], [48, 72], [6, 85], [44, 58], [93, 66], [52, 34]], "precedence_constraints": [[7, 8], [8, 5], [4, 1], [2, 5], [2, 1], [7, 1]]}