{"Q": [[0, 1, 0], [1, 1, 0], [0, 0, 1]], "R": [[0.0, 0.0, 0.0], [1.0, 1.0, 1.0], [1.0, 0.0, 0.0], [1.0, 0.0, 1.0], [0.0, 1.0, 0.0], [1.0, 0.0, 0.0], [1.0, 1.0, 1.0], [0.0, 0.0, 1.0], [0.0, 1.0, 1.0], [0.0, 0.0, 0.0]], "T_e": [0, 63, 54, 81, 95, 97, 73, 54, 83, 0], "T_t": [[0.0, 40.311288741492746, 79.20858539325141, 44.9221548904324, 45.31004303683677, 53.225933528685054, 54.57105459856901, 50.0, 24.839484696748443, 32.802438933713454], [40.311288741492746, 0.0, 108.30050784737807, 83.38465086573187, 82.87339742040264, 76.27581530209953, 94.72592042308166, 60.207972893961475, 60.92618484691127, 29.0], [79.20858539325141, 108.30050784737807, 0.0, 45.60701700396552, 42.05948168962618, 33.24154027718932, 70.02856560004639, 55.44366510251645, 85.42247947700886, 81.15417426109393], [44.9221548904324, 83.38465086573187, 45.60701700396552, 0.0, 4.123105625617661, 40.311288741492746, 27.85677655436824, 56.72741841473134, 41.86884283091664, 64.32728814430156], [45.31004303683677, 82.87339742040264, 42.05948168962618, 4.123105625617661, 0.0, 36.359317925395686, 31.953090617340916, 53.41348144429457, 44.40720662234904, 62.64982043070834], [53.225933528685054, 76.27581530209953, 33.24154027718932, 40.311288741492746, 36.359317925395686, 0.0, 67.97793759742936, 23.08679276123039, 67.36467917239716, 48.30113870293329], [54.57105459856901, 94.72592042308166, 70.02856560004639, 27.85677655436824, 31.953090617340916, 67.97793759742936, 0.0, 82.3286098510111, 37.48332962798263, 82.76472678623425], [50.0, 60.207972893961475, 55.44366510251645, 56.72741841473134, 53.41348144429457, 23.08679276123039, 82.3286098510111, 0.0, 70.83078426785913, 31.240998703626616], [24.839484696748443, 60.92618484691127, 85.42247947700886, 41.86884283091664, 44.40720662234904, 67.36467917239716, 37.48332962798263, 70.83078426785913, 0.0, 57.62811813689564], [32.802438933713454, 29.0, 81.15417426109393, 64.32728814430156, 62.64982043070834, 48.30113870293329, 82.76472678623425, 31.240998703626616, 57.62811813689564, 0.0]], "task_locations": [[57, 62], [97, 57], [2, 5], [14, 49], [15, 45], [34, 14], [4, 75], [57, 12], [41, 81], [77, 36]], "precedence_constraints": [[5, 2], [1, 2], [4, 7], [6, 3]]}