{"Q": [[0, 1, 0], [1, 1, 1], [1, 0, 0]], "R": [[0.0, 0.0, 0.0], [0.0, 0.0, 1.0], [1.0, 1.0, 1.0], [0.0, 1.0, 0.0], [0.0, 1.0, 0.0], [1.0, 0.0, 0.0], [0.0, 1.0, 0.0], [0.0, 0.0, 1.0], [0.0, 1.0, 1.0], [0.0, 0.0, 0.0]], "T_e": [0, 51, 62, 62, 82, 88, 71, 67, 56, 0], "T_t": [[0.0, 43.18564576337837, 31.400636936215164, 54.644304369257, 33.60059523282288, 56.71860364994893, 46.61544808322666, 66.85057965343307, 24.698178070456937, 80.89499366462674], [43.18564576337837, 0.0, 27.073972741361768, 77.02596964660685, 10.295630140987, 35.4682957019364, 51.92301994298868, 87.46427842267951, 21.93171219946131, 67.35725647619564], [31.400636936215164, 27.073972741361768, 0.0, 50.0, 24.596747752497688, 25.317977802344327, 25.942243542145693, 60.40695324215582, 28.42534080710379, 51.86520991955976], [54.644304369257, 77.02596964660685, 50.0, 0.0, 72.83543093852057, 59.50630218724736, 29.546573405388315, 12.206555615733702, 71.47027354082255, 59.07622195096772], [33.60059523282288, 10.295630140987, 24.596747752497688, 72.83543093852057, 0.0, 40.24922359499622, 50.53711507397311, 83.95236744726142, 11.704699910719626, 71.56116265125938], [56.71860364994893, 35.4682957019364, 25.317977802344327, 59.50630218724736, 40.24922359499622, 0.0, 29.966648127543394, 66.48308055437865, 49.040799340956916, 31.89043743820395], [46.61544808322666, 51.92301994298868, 25.942243542145693, 29.546573405388315, 50.53711507397311, 29.966648127543394, 0.0, 37.33630940518894, 53.2634959423431, 37.48332962798263], [66.85057965343307, 87.46427842267951, 60.40695324215582, 12.206555615733702, 83.95236744726142, 66.48308055437865, 37.33630940518894, 0.0, 83.21658488546619, 60.108235708594876], [24.698178070456937, 21.93171219946131, 28.42534080710379, 71.47027354082255, 11.704699910719626, 49.040799340956916, 53.2634959423431, 83.21658488546619, 0.0, 79.1580697086532], [80.89499366462674, 67.35725647619564, 51.86520991955976, 59.07622195096772, 71.56116265125938, 31.89043743820395, 37.48332962798263, 60.108235708594876, 79.1580697086532, 0.0]], "task_locations": [[14, 60], [43, 92], [45, 65], [45, 15], [34, 87], [70, 69], [57, 42], [52, 5], [23, 83], [94, 48]], "precedence_constraints": [[5, 8], [4, 5], [3, 8], [6, 8]]}