{"Q": [[0, 1, 0], [1, 1, 0], [1, 0, 1]], "R": [[0.0, 0.0, 0.0], [1.0, 0.0, 0.0], [1.0, 1.0, 1.0], [0.0, 1.0, 1.0], [1.0, 0.0, 1.0], [0.0, 1.0, 0.0], [0.0, 1.0, 1.0], [0.0, 0.0, 1.0], [0.0, 1.0, 0.0], [0.0, 0.0, 0.0]], "T_e": [0, 67, 65, 82, 50, 55, 57, 89, 53, 0], "T_t": [[0.0, 31.144823004794873, 68.60029154456998, 30.4138126514911, 42.37924020083418, 77.38862965578342, 68.3593446428504, 31.064449134018133, 58.7962583843564, 56.568542494923804], [31.144823004794873, 0.0, 99.29753269845128, 48.83646178829912, 61.66036003787198, 91.54780172128658, 93.92017887546851, 57.245087125446844, 89.9388681271896, 84.15461959987698], [68.60029154456998, 99.29753269845128, 0.0, 73.43704787094863, 73.17103251970687, 98.43271813782245, 61.587336360651285, 46.400431032480725, 15.524174696260024, 27.16615541441225], [30.4138126514911, 48.83646178829912, 73.43704787094863, 0.0, 13.0, 47.01063709417264, 46.06517122512408, 53.53503525729669, 59.22837157984339, 72.53275122315436], [42.37924020083418, 61.66036003787198, 73.17103251970687, 13.0, 0.0, 35.510561809129406, 35.0, 61.554853586049575, 58.008620049092706, 76.96752561957543], [77.38862965578342, 91.54780172128658, 98.43271813782245, 47.01063709417264, 35.510561809129406, 0.0, 40.049968789001575, 96.33275663033837, 83.00602387778854, 108.4665847162157], [68.3593446428504, 93.92017887546851, 61.587336360651285, 46.06517122512408, 35.0, 40.049968789001575, 0.0, 74.0, 47.01063709417264, 77.46612162745726], [31.064449134018133, 57.245087125446844, 46.400431032480725, 53.53503525729669, 61.554853586049575, 96.33275663033837, 74.0, 0.0, 43.01162633521314, 26.92582403567252], [58.7962583843564, 89.9388681271896, 15.524174696260024, 59.22837157984339, 58.008620049092706, 83.00602387778854, 47.01063709417264, 43.01162633521314, 0.0, 33.24154027718932], [56.568542494923804, 84.15461959987698, 27.16615541441225, 72.53275122315436, 76.96752561957543, 108.4665847162157, 77.46612162745726, 26.92582403567252, 33.24154027718932, 0.0]], "task_locations": [[39, 21], [16, 0], [98, 56], [25, 48], [25, 61], [6, 91], [46, 89], [70, 19], [83, 60], [95, 29]], "precedence_constraints": [[8, 4]]}