{"Q": [[0, 1, 1], [1, 1, 0], [1, 1, 0]], "R": [[0.0, 0.0, 0.0], [0.0, 0.0, 1.0], [1.0, 0.0, 1.0], [1.0, 0.0, 0.0], [1.0, 0.0, 1.0], [1.0, 1.0, 1.0], [1.0, 1.0, 0.0], [1.0, 0.0, 0.0], [0.0, 1.0, 1.0], [0.0, 0.0, 0.0]], "T_e": [0, 81, 75, 74, 88, 55, 57, 76, 63, 0], "T_t": [[0.0, 53.600373133029585, 31.32091952673165, 51.19570294468082, 13.45362404707371, 73.824115301167, 42.1070065428546, 57.14017850864661, 54.12947441089743, 78.71467461661771], [53.600373133029585, 0.0, 52.03844732503075, 36.71511950137164, 57.77542730261716, 33.95585369269929, 35.014282800023196, 20.0, 38.27531841800928, 87.66413177577246], [31.32091952673165, 52.03844732503075, 0.0, 28.284271247461902, 21.02379604162864, 56.22277118748239, 60.74537019394976, 43.86342439892262, 30.479501308256342, 48.25971404805462], [51.19570294468082, 36.71511950137164, 28.284271247461902, 0.0, 46.06517122512408, 28.30194339616981, 61.40032573203501, 20.09975124224178, 3.0, 51.07837115648854], [13.45362404707371, 57.77542730261716, 21.02379604162864, 46.06517122512408, 0.0, 71.84010022264724, 53.36665625650534, 56.586217403180434, 48.75448697299562, 66.30987860040162], [73.824115301167, 33.95585369269929, 56.22277118748239, 28.30194339616981, 71.84010022264724, 0.0, 68.3593446428504, 17.46424919657298, 26.832815729997478, 71.17583859709698], [42.1070065428546, 35.014282800023196, 60.74537019394976, 61.40032573203501, 53.36665625650534, 68.3593446428504, 0.0, 52.172789842982326, 64.00781202322104, 106.83164325236227], [57.14017850864661, 20.0, 43.86342439892262, 20.09975124224178, 56.586217403180434, 17.46424919657298, 52.172789842982326, 0.0, 20.615528128088304, 70.51950084905593], [54.12947441089743, 38.27531841800928, 30.479501308256342, 3.0, 48.75448697299562, 26.832815729997478, 64.00781202322104, 20.615528128088304, 0.0, 49.9799959983992], [78.71467461661771, 87.66413177577246, 48.25971404805462, 51.07837115648854, 66.30987860040162, 71.17583859709698, 106.83164325236227, 70.51950084905593, 49.9799959983992, 0.0]], "task_locations": [[73, 38], [41, 81], [43, 29], [23, 49], [64, 28], [8, 73], [76, 80], [25, 69], [20, 49], [3, 2]], "precedence_constraints": [[5, 4], [6, 8]]}