{"Q": [[1, 1, 1], [1, 1, 0], [0, 0, 1]], "R": [[0.0, 0.0, 0.0], [1.0, 0.0, 1.0], [1.0, 0.0, 0.0], [1.0, 1.0, 0.0], [1.0, 0.0, 1.0], [0.0, 0.0, 1.0], [1.0, 1.0, 1.0], [0.0, 1.0, 0.0], [0.0, 1.0, 0.0], [0.0, 0.0, 0.0]], "T_e": [0, 55, 56, 55, 99, 90, 78, 51, 91, 0], "T_t": [[0.0, 72.56031973468694, 46.389654018972806, 63.28506932918696, 87.13208364316786, 36.40054944640259, 83.00602387778854, 36.05551275463989, 21.840329667841555, 45.27692569068709], [72.56031973468694, 0.0, 99.86490875177326, 69.58448102845921, 55.036351623268054, 76.8505042273634, 40.311288741492746, 56.08029957123981, 59.39696961966999, 99.62429422585637], [46.389654018972806, 99.86490875177326, 0.0, 49.72926703662542, 86.16263691415206, 23.345235059857504, 90.21086409075129, 44.04543109109048, 42.720018726587654, 1.4142135623730951], [63.28506932918696, 69.58448102845921, 49.72926703662542, 0.0, 37.21558813185679, 32.2490309931942, 44.68780594300866, 29.0, 42.638011210655684, 50.44799302251776], [87.13208364316786, 55.036351623268054, 86.16263691415206, 37.21558813185679, 0.0, 65.73431371817918, 15.297058540778355, 52.03844732503075, 65.49045732013177, 86.7294644281861], [36.40054944640259, 76.8505042273634, 23.345235059857504, 32.2490309931942, 65.73431371817918, 0.0, 67.97793759742936, 20.808652046684813, 23.021728866442675, 23.345235059857504], [83.00602387778854, 40.311288741492746, 90.21086409075129, 44.68780594300866, 15.297058540778355, 67.97793759742936, 0.0, 50.695167422546305, 62.39390995922599, 90.55385138137417], [36.05551275463989, 56.08029957123981, 44.04543109109048, 29.0, 52.03844732503075, 20.808652046684813, 50.695167422546305, 0.0, 14.317821063276353, 43.93176527297759], [21.840329667841555, 59.39696961966999, 42.720018726587654, 42.638011210655684, 65.49045732013177, 23.021728866442675, 62.39390995922599, 14.317821063276353, 0.0, 42.15447781671598], [45.27692569068709, 99.62429422585637, 1.4142135623730951, 50.44799302251776, 86.7294644281861, 23.345235059857504, 90.55385138137417, 43.93176527297759, 42.15447781671598, 0.0]], "task_locations": [[87, 44], [24, 8], [81, 90], [33, 77], [1, 58], [65, 73], [4, 43], [53, 56], [66, 50], [82, 89]], "precedence_constraints": [[4, 2], [1, 6], [1, 7], [1, 8], [6, 5]]}