{"Q": [[0, 1, 0], [1, 1, 0], [1, 1, 1]], "R": [[0.0, 0.0, 0.0], [1.0, 0.0, 0.0], [1.0, 1.0, 0.0], [1.0, 0.0, 0.0], [0.0, 1.0, 1.0], [1.0, 1.0, 0.0], [1.0, 0.0, 0.0], [1.0, 0.0, 0.0], [1.0, 1.0, 1.0], [0.0, 0.0, 0.0]], "T_e": [0, 97, 58, 62, 84, 99, 58, 73, 61, 0], "T_t": [[0.0, 49.040799340956916, 14.142135623730951, 78.24321056807422, 29.068883707497267, 58.69412236331676, 49.20365840057018, 25.317977802344327, 35.0, 44.27188724235731], [49.040799340956916, 0.0, 35.0, 48.507731342539614, 57.706152185014034, 17.88854381999832, 29.732137494637012, 57.77542730261716, 74.67261881037788, 74.62573282722254], [14.142135623730951, 35.0, 0.0, 66.46803743153546, 31.38470965295043, 45.880278987817846, 37.53664875824692, 29.206163733020468, 43.60045871318328, 48.82622246293481], [78.24321056807422, 48.507731342539614, 66.46803743153546, 0.0, 66.09841147864296, 63.12685640834652, 29.068883707497267, 69.28924880528002, 84.64632301523794, 75.32595834106593], [29.068883707497267, 57.706152185014034, 31.38470965295043, 66.09841147864296, 0.0, 73.00684899377592, 41.012193308819754, 4.47213595499958, 19.026297590440446, 17.69180601295413], [58.69412236331676, 17.88854381999832, 45.880278987817846, 63.12685640834652, 73.00684899377592, 0.0, 47.53945729601885, 72.40165743959182, 88.58893836140041, 90.4267659490264], [49.20365840057018, 29.732137494637012, 37.53664875824692, 29.068883707497267, 41.012193308819754, 47.53945729601885, 0.0, 43.289721643826724, 60.03332407921454, 54.3415126767741], [25.317977802344327, 57.77542730261716, 29.206163733020468, 69.28924880528002, 4.47213595499958, 72.40165743959182, 43.289721643826724, 0.0, 17.26267650163207, 19.72308292331602], [35.0, 74.67261881037788, 43.60045871318328, 84.64632301523794, 19.026297590440446, 88.58893836140041, 60.03332407921454, 17.26267650163207, 0.0, 15.652475842498529], [44.27188724235731, 74.62573282722254, 48.82622246293481, 75.32595834106593, 17.69180601295413, 90.4267659490264, 54.3415126767741, 19.72308292331602, 15.652475842498529, 0.0]], "task_locations": [[55, 66], [53, 17], [53, 52], [6, 5], [26, 68], [69, 9], [25, 27], [30, 70], [27, 87], [13, 80]], "precedence_constraints": [[4, 7]]}