{"Q": [[0, 1, 0], [1, 0, 0], [1, 0, 1]], "R": [[0.0, 0.0, 0.0], [0.0, 1.0, 0.0], [1.0, 0.0, 1.0], [1.0, 0.0, 0.0], [0.0, 1.0, 0.0], [1.0, 1.0, 0.0], [1.0, 1.0, 0.0], [1.0, 1.0, 0.0], [0.0, 1.0, 0.0], [0.0, 0.0, 0.0]], "T_e": [0, 81, 75, 68, 92, 71, 88, 96, 98, 0], "T_t": [[0.0, 54.62600113499065, 18.439088914585774, 52.839379254491625, 21.0, 4.242640687119285, 58.240879114244144, 81.02468759581859, 46.17358552246078, 41.10960958218893], [54.62600113499065, 0.0, 64.77653896280658, 33.94112549695428, 65.94694837519019, 50.695167422546305, 48.08326112068523, 44.10215414239989, 51.884487084291386, 26.570660511172846], [18.439088914585774, 64.77653896280658, 0.0, 52.49761899362675, 35.84689665786984, 19.235384061671343, 53.25410782277739, 81.46778504415104, 38.47076812334269, 57.0087712549569], [52.839379254491625, 33.94112549695428, 52.49761899362675, 0.0, 71.8679344353238, 48.76474136094644, 14.142135623730951, 29.0, 22.0, 51.24451190127583], [21.0, 65.94694837519019, 35.84689665786984, 71.8679344353238, 0.0, 24.186773244895647, 78.64477096412705, 98.88377015466189, 67.11929677819934, 44.77722635447622], [4.242640687119285, 50.695167422546305, 19.235384061671343, 48.76474136094644, 24.186773244895647, 0.0, 54.57105459856901, 76.84399781375251, 43.01162633521314, 38.47076812334269], [58.240879114244144, 48.08326112068523, 53.25410782277739, 14.142135623730951, 78.64477096412705, 54.57105459856901, 0.0, 32.57299494980466, 15.620499351813308, 64.07807737440318], [81.02468759581859, 44.10215414239989, 81.46778504415104, 29.0, 98.88377015466189, 76.84399781375251, 32.57299494980466, 0.0, 47.4236228055175, 69.26037828369117], [46.17358552246078, 51.884487084291386, 38.47076812334269, 22.0, 67.11929677819934, 43.01162633521314, 15.620499351813308, 47.4236228055175, 0.0, 61.40032573203501], [41.10960958218893, 26.570660511172846, 57.0087712549569, 51.24451190127583, 44.77722635447622, 38.47076812334269, 64.07807737440318, 69.26037828369117, 61.40032573203501, 0.0]], "task_locations": [[33, 85], [55, 35], [45, 99], [79, 59], [12, 85], [36, 82], [89, 69], [99, 38], [79, 81], [30, 44]], "precedence_constraints": [[5, 2], [5, 1], [6, 8], [4, 7], [3, 8], [5, 7]]}