{"Q": [[0, 0, 1], [1, 0, 0], [1, 1, 1]], "R": [[0.0, 0.0, 0.0], [0.0, 1.0, 1.0], [0.0, 1.0, 0.0], [1.0, 1.0, 1.0], [1.0, 0.0, 1.0], [1.0, 0.0, 1.0], [1.0, 0.0, 0.0], [1.0, 0.0, 0.0], [1.0, 1.0, 0.0], [0.0, 0.0, 0.0]], "T_e": [0, 95, 77, 81, 54, 91, 71, 60, 67, 0], "T_t": [[0.0, 14.7648230602334, 39.96248240537617, 44.721359549995796, 42.5440947723653, 36.05551275463989, 59.54829972383762, 43.41658669218482, 13.416407864998739, 42.95346318982906], [14.7648230602334, 0.0, 28.160255680657446, 51.24451190127583, 51.92301994298868, 27.018512172212592, 58.137767414994535, 36.6742416417845, 13.038404810405298, 41.340053217188775], [39.96248240537617, 28.160255680657446, 0.0, 79.07591289387686, 59.43904440685432, 9.0, 81.02468759581859, 17.4928556845359, 41.0, 31.04834939252005], [44.721359549995796, 51.24451190127583, 79.07591289387686, 0.0, 79.05694150420949, 78.10249675906654, 31.016124838541646, 87.02298546935747, 38.2099463490856, 87.66413177577246], [42.5440947723653, 51.92301994298868, 59.43904440685432, 79.05694150420949, 0.0, 50.695167422546305, 100.65783625729296, 48.30113870293329, 55.94640292279746, 35.0], [36.05551275463989, 27.018512172212592, 9.0, 78.10249675906654, 50.695167422546305, 0.0, 83.48652585896721, 10.816653826391969, 40.0, 22.47220505424423], [59.54829972383762, 58.137767414994535, 81.02468759581859, 31.016124838541646, 100.65783625729296, 83.48652585896721, 0.0, 93.98404119849285, 47.43416490252569, 99.36297097007517], [43.41658669218482, 36.6742416417845, 17.4928556845359, 87.02298546935747, 48.30113870293329, 10.816653826391969, 93.98404119849285, 0.0, 49.36598018878993, 15.033296378372908], [13.416407864998739, 13.038404810405298, 41.0, 38.2099463490856, 55.94640292279746, 40.0, 47.43416490252569, 49.36598018878993, 0.0, 52.392747589718944], [42.95346318982906, 41.340053217188775, 31.04834939252005, 87.66413177577246, 35.0, 22.47220505424423, 99.36297097007517, 15.033296378372908, 52.392747589718944, 0.0]], "task_locations": [[43, 46], [30, 39], [22, 12], [35, 90], [80, 25], [31, 12], [4, 91], [37, 3], [31, 52], [52, 4]], "precedence_constraints": [[4, 2], [4, 8], [4, 1]]}