{"Q": [[1, 1, 1], [1, 1, 0], [1, 0, 0]], "R": [[0.0, 0.0, 0.0], [0.0, 1.0, 0.0], [1.0, 1.0, 1.0], [0.0, 0.0, 1.0], [0.0, 0.0, 1.0], [1.0, 1.0, 0.0], [1.0, 0.0, 0.0], [0.0, 0.0, 1.0], [1.0, 1.0, 1.0], [0.0, 0.0, 0.0]], "T_e": [0, 83, 93, 85, 51, 51, 94, 99, 82, 0], "T_t": [[0.0, 73.824115301167, 12.0, 81.2219182240853, 20.518284528683193, 53.85164807134504, 71.11258679024411, 73.17103251970687, 48.104053883222775, 85.70297544426332], [73.824115301167, 0.0, 80.2122185206219, 44.01136216933077, 54.78138369920935, 38.600518131237564, 39.45883931389772, 71.02112361825881, 26.90724809414742, 26.1725046566048], [12.0, 80.2122185206219, 0.0, 81.2219182240853, 30.4138126514911, 64.40496875241847, 71.449282711585, 85.14693182963201, 53.53503525729669, 88.86506625215557], [81.2219182240853, 44.01136216933077, 81.2219182240853, 0.0, 70.21395872616783, 74.24957912338628, 10.198039027185569, 109.62207806824317, 42.720018726587654, 23.194827009486403], [20.518284528683193, 54.78138369920935, 30.4138126514911, 70.21395872616783, 0.0, 34.0147027033899, 60.08327554319921, 58.69412236331676, 31.064449134018133, 70.02856560004639], [53.85164807134504, 38.600518131237564, 64.40496875241847, 74.24957912338628, 34.0147027033899, 0.0, 65.94694837519019, 35.4682957019364, 33.61547262794322, 63.06346010171025], [71.11258679024411, 39.45883931389772, 71.449282711585, 10.198039027185569, 60.08327554319921, 65.94694837519019, 0.0, 101.41498903022176, 33.421549934136806, 24.698178070456937], [73.17103251970687, 71.02112361825881, 85.14693182963201, 109.62207806824317, 58.69412236331676, 35.4682957019364, 101.41498903022176, 0.0, 68.81860213634101, 96.83491106000976], [48.104053883222775, 26.90724809414742, 53.53503525729669, 42.720018726587654, 31.064449134018133, 33.61547262794322, 33.421549934136806, 68.81860213634101, 0.0, 39.0], [85.70297544426332, 26.1725046566048, 88.86506625215557, 23.194827009486403, 70.02856560004639, 63.06346010171025, 24.698178070456937, 96.83491106000976, 39.0, 0.0]], "task_locations": [[9, 26], [74, 61], [9, 14], [90, 20], [23, 41], [37, 72], [80, 22], [14, 99], [54, 43], [93, 43]], "precedence_constraints": [[7, 2], [5, 8], [4, 7]]}