{"Q": [[0, 0, 1], [1, 1, 0], [1, 0, 1]], "R": [[0.0, 0.0, 0.0], [1.0, 1.0, 1.0], [1.0, 0.0, 1.0], [1.0, 1.0, 1.0], [1.0, 1.0, 1.0], [1.0, 0.0, 1.0], [1.0, 1.0, 0.0], [0.0, 1.0, 0.0], [1.0, 0.0, 0.0], [0.0, 0.0, 0.0]], "T_e": [0, 95, 50, 83, 99, 53, 97, 85, 64, 0], "T_t": [[0.0, 54.405882034941776, 59.0592922409336, 36.76955262170047, 36.71511950137164, 20.615528128088304, 16.1245154965971, 55.44366510251645, 48.703182647543684, 64.88451279003334], [54.405882034941776, 0.0, 43.266615305567875, 62.80127387243033, 84.87638069569178, 50.44799302251776, 60.03332407921454, 31.906112267087632, 46.861498055439924, 43.56604182158393], [59.0592922409336, 43.266615305567875, 0.0, 87.13208364316786, 95.77055915050303, 69.63476143421474, 52.3450093132096, 11.40175425099138, 13.416407864998739, 84.86459803710851], [36.76955262170047, 62.80127387243033, 87.13208364316786, 0.0, 32.0624390837628, 18.027756377319946, 52.80151512977634, 79.81227975693966, 80.02499609497022, 45.5411901469428], [36.71511950137164, 84.87638069569178, 95.77055915050303, 32.0624390837628, 0.0, 34.88552708502482, 47.07440918375928, 91.83681179135085, 85.0881895447306, 77.1621668954417], [20.615528128088304, 50.44799302251776, 69.63476143421474, 18.027756377319946, 34.88552708502482, 0.0, 36.61966684720111, 62.96824596572466, 62.07253821135398, 47.29693436154187], [16.1245154965971, 60.03332407921454, 52.3450093132096, 52.80151512977634, 47.07440918375928, 36.61966684720111, 0.0, 51.86520991955976, 40.0, 78.54934754662193], [55.44366510251645, 31.906112267087632, 11.40175425099138, 79.81227975693966, 91.83681179135085, 62.96824596572466, 51.86520991955976, 0.0, 19.235384061671343, 74.0], [48.703182647543684, 46.861498055439924, 13.416407864998739, 80.02499609497022, 85.0881895447306, 62.07253821135398, 40.0, 19.235384061671343, 0.0, 84.72307831990054], [64.88451279003334, 43.56604182158393, 84.86459803710851, 45.5411901469428, 77.1621668954417, 47.29693436154187, 78.54934754662193, 74.0, 84.72307831990054, 0.0]], "task_locations": [[40, 36], [92, 52], [68, 88], [54, 2], [22, 4], [53, 20], [32, 50], [75, 79], [56, 82], [99, 9]], "precedence_constraints": [[8, 1], [1, 7], [1, 4], [2, 5], [7, 5]]}