{"Q": [[1, 1, 0], [1, 0, 0], [0, 0, 1]], "R": [[0.0, 0.0, 0.0], [1.0, 1.0, 0.0], [1.0, 1.0, 0.0], [0.0, 1.0, 1.0], [1.0, 0.0, 1.0], [0.0, 0.0, 1.0], [1.0, 1.0, 1.0], [0.0, 0.0, 1.0], [1.0, 1.0, 0.0], [0.0, 0.0, 0.0]], "T_e": [0, 59, 76, 65, 57, 53, 71, 82, 89, 0], "T_t": [[0.0, 57.87054518492115, 56.22277118748239, 69.42621983083913, 44.181444068749045, 59.50630218724736, 45.27692569068709, 89.19641248391103, 43.56604182158393, 67.42403132415029], [57.87054518492115, 0.0, 62.80127387243033, 35.17101079013795, 17.804493814764857, 7.0710678118654755, 16.401219466856727, 48.25971404805462, 18.681541692269406, 21.0], [56.22277118748239, 62.80127387243033, 0.0, 41.19465984809196, 65.0, 57.982756057296896, 64.81512169239521, 55.90169943749474, 45.967379738244816, 52.81098370604357], [69.42621983083913, 35.17101079013795, 41.19465984809196, 0.0, 48.041648597857254, 28.160255680657446, 47.01063709417264, 19.79898987322333, 30.364452901377952, 15.811388300841896], [44.181444068749045, 17.804493814764857, 65.0, 48.041648597857254, 0.0, 23.259406699226016, 1.4142135623730951, 64.03124237432849, 20.248456731316587, 36.68787265568828], [59.50630218724736, 7.0710678118654755, 57.982756057296896, 28.160255680657446, 23.259406699226016, 0.0, 21.93171219946131, 41.43669871020132, 17.11724276862369, 14.035668847618199], [45.27692569068709, 16.401219466856727, 64.81512169239521, 47.01063709417264, 1.4142135623730951, 21.93171219946131, 0.0, 62.81719509815764, 19.697715603592208, 35.4400902933387], [89.19641248391103, 48.25971404805462, 55.90169943749474, 19.79898987322333, 64.03124237432849, 41.43669871020132, 62.81719509815764, 0.0, 48.76474136094644, 27.459060435491963], [43.56604182158393, 18.681541692269406, 45.967379738244816, 30.364452901377952, 20.248456731316587, 17.11724276862369, 19.697715603592208, 48.76474136094644, 0.0, 24.08318915758459], [67.42403132415029, 21.0, 52.81098370604357, 15.811388300841896, 36.68787265568828, 14.035668847618199, 35.4400902933387, 27.459060435491963, 24.08318915758459, 0.0]], "task_locations": [[96, 12], [78, 67], [40, 17], [44, 58], [92, 56], [71, 66], [91, 57], [30, 72], [73, 49], [57, 67]], "precedence_constraints": [[7, 6], [5, 3], [7, 3], [6, 1], [3, 6]]}