{"Q": [[1, 1, 0], [1, 0, 0], [0, 1, 1]], "R": [[0.0, 0.0, 0.0], [1.0, 1.0, 1.0], [1.0, 0.0, 0.0], [0.0, 1.0, 0.0], [0.0, 0.0, 1.0], [0.0, 0.0, 1.0], [1.0, 0.0, 1.0], [0.0, 1.0, 1.0], [1.0, 1.0, 1.0], [0.0, 0.0, 0.0]], "T_e": [0, 78, 67, 87, 79, 74, 57, 68, 67, 0], "T_t": [[0.0, 82.09750300709517, 40.80441152620633, 72.09022125087424, 71.28113354878694, 84.11896337925236, 79.37883848986453, 32.38826948140329, 74.81310045707235, 33.301651610693426], [82.09750300709517, 0.0, 56.43580423808985, 36.6742416417845, 49.64876634922564, 22.090722034374522, 30.805843601498726, 91.39474820797966, 10.63014581273465, 66.64082832618455], [40.80441152620633, 56.43580423808985, 0.0, 33.37663853655727, 30.528675044947494, 68.62215385719105, 42.04759208325728, 67.67569726275453, 53.907327887774215, 11.045361017187261], [72.09022125087424, 36.6742416417845, 33.37663853655727, 0.0, 13.038404810405298, 56.753854494650845, 9.486832980505138, 93.60555539069249, 40.792156108742276, 44.181444068749045], [71.28113354878694, 49.64876634922564, 30.528675044947494, 13.038404810405298, 0.0, 69.26037828369117, 21.2602916254693, 96.33275663033837, 53.16013544000805, 39.92492955535426], [84.11896337925236, 22.090722034374522, 68.62215385719105, 56.753854494650845, 69.26037828369117, 0.0, 52.23983154643591, 85.21150157109074, 16.15549442140351, 77.23341245859851], [79.37883848986453, 30.805843601498726, 42.04759208325728, 9.486832980505138, 21.2602916254693, 52.23983154643591, 0.0, 98.812954616285, 37.013511046643494, 53.009433122794285], [32.38826948140329, 91.39474820797966, 67.67569726275453, 93.60555539069249, 96.33275663033837, 85.21150157109074, 98.812954616285, 0.0, 81.74350127074322, 63.071388124885914], [74.81310045707235, 10.63014581273465, 53.907327887774215, 40.792156108742276, 53.16013544000805, 16.15549442140351, 37.013511046643494, 81.74350127074322, 0.0, 63.245553203367585], [33.301651610693426, 66.64082832618455, 11.045361017187261, 44.181444068749045, 39.92492955535426, 77.23341245859851, 53.009433122794285, 63.071388124885914, 63.245553203367585, 0.0]], "task_locations": [[17, 49], [99, 53], [50, 25], [83, 20], [76, 9], [97, 75], [92, 23], [12, 81], [91, 60], [39, 24]], "precedence_constraints": [[8, 3], [3, 5], [1, 4], [2, 5]]}