{"Q": [[1, 1, 1], [1, 0, 0], [1, 1, 0]], "R": [[0.0, 0.0, 0.0], [0.0, 1.0, 0.0], [0.0, 1.0, 0.0], [1.0, 1.0, 0.0], [1.0, 1.0, 0.0], [1.0, 0.0, 0.0], [1.0, 1.0, 0.0], [0.0, 1.0, 0.0], [1.0, 0.0, 1.0], [0.0, 0.0, 0.0]], "T_e": [0, 84, 56, 78, 75, 78, 57, 63, 77, 0], "T_t": [[0.0, 63.90618123468183, 24.08318915758459, 48.104053883222775, 33.13608305156178, 61.741396161732524, 41.10960958218893, 65.76473218982953, 31.25699921617557, 56.22277118748239], [63.90618123468183, 0.0, 58.034472514187634, 48.76474136094644, 58.05170109479997, 5.656854249492381, 49.9799959983992, 65.94694837519019, 64.6297145282261, 73.35529974037323], [24.08318915758459, 58.034472514187634, 0.0, 25.80697580112788, 9.055385138137417, 54.037024344425184, 18.601075237738275, 41.773197148410844, 9.219544457292887, 32.7566787083184], [48.104053883222775, 48.76474136094644, 25.80697580112788, 0.0, 18.439088914585774, 43.382023926967726, 7.211102550927978, 21.18962010041709, 25.238858928247925, 24.596747752497688], [33.13608305156178, 58.05170109479997, 9.055385138137417, 18.439088914585774, 0.0, 53.46026561849464, 11.661903789690601, 32.7566787083184, 7.280109889280518, 24.351591323771842], [61.741396161732524, 5.656854249492381, 54.037024344425184, 43.382023926967726, 53.46026561849464, 0.0, 44.9221548904324, 60.30754513325841, 60.207972893961475, 67.97793759742936], [41.10960958218893, 49.9799959983992, 18.601075237738275, 7.211102550927978, 11.661903789690601, 44.9221548904324, 0.0, 26.1725046566048, 18.788294228055936, 24.758836806279895], [65.76473218982953, 65.94694837519019, 41.773197148410844, 21.18962010041709, 32.7566787083184, 60.30754513325841, 26.1725046566048, 0.0, 36.76955262170047, 17.4928556845359], [31.25699921617557, 64.6297145282261, 9.219544457292887, 25.238858928247925, 7.280109889280518, 60.207972893961475, 18.788294228055936, 36.76955262170047, 0.0, 25.019992006393608], [56.22277118748239, 73.35529974037323, 32.7566787083184, 24.596747752497688, 24.351591323771842, 67.97793759742936, 24.758836806279895, 17.4928556845359, 25.019992006393608, 0.0]], "task_locations": [[32, 39], [54, 99], [56, 41], [77, 56], [65, 42], [58, 95], [71, 52], [97, 49], [63, 35], [88, 34]], "precedence_constraints": [[6, 7], [3, 4], [3, 2], [3, 1]]}