{"Q": [[1, 0, 1], [0, 1, 0], [1, 0, 1]], "R": [[0.0, 0.0, 0.0], [0.0, 1.0, 1.0], [1.0, 1.0, 1.0], [0.0, 1.0, 0.0], [0.0, 0.0, 1.0], [0.0, 1.0, 0.0], [1.0, 0.0, 1.0], [0.0, 1.0, 0.0], [1.0, 0.0, 1.0], [0.0, 0.0, 0.0]], "T_e": [0, 52, 80, 67, 50, 78, 59, 96, 63, 0], "T_t": [[0.0, 13.92838827718412, 95.4829827770373, 78.10249675906654, 60.03332407921454, 73.0, 61.71709649683789, 88.32326986700618, 56.04462507680822, 41.72529209005013], [13.92838827718412, 0.0, 102.20078277586722, 91.00549433962765, 56.089214649520635, 80.45495634204272, 67.62396025078685, 97.57561170702442, 56.43580423808985, 48.877397639399746], [95.4829827770373, 102.20078277586722, 0.0, 62.64982043070834, 71.25307010929424, 22.80350850198276, 34.66987164671943, 22.135943621178654, 55.31726674375732, 53.81449618829484], [78.10249675906654, 91.00549433962765, 62.64982043070834, 0.0, 97.65244492586962, 49.64876634922564, 57.38466694161429, 41.048751503547585, 80.43009387039157, 55.47071299343465], [60.03332407921454, 56.089214649520635, 71.25307010929424, 97.65244492586962, 0.0, 58.249463516842795, 43.965895873961216, 79.42921376924235, 18.027756377319946, 43.139309220245984], [73.0, 80.45495634204272, 22.80350850198276, 49.64876634922564, 58.249463516842795, 0.0, 15.033296378372908, 21.213203435596427, 40.44749683231337, 31.622776601683793], [61.71709649683789, 67.62396025078685, 34.66987164671943, 57.38466694161429, 43.965895873961216, 15.033296378372908, 0.0, 36.05551275463989, 25.96150997149434, 20.248456731316587], [88.32326986700618, 97.57561170702442, 22.135943621178654, 41.048751503547585, 79.42921376924235, 21.213203435596427, 36.05551275463989, 0.0, 61.66036003787198, 49.33558553417604], [56.04462507680822, 56.43580423808985, 55.31726674375732, 80.43009387039157, 18.027756377319946, 40.44749683231337, 25.96150997149434, 61.66036003787198, 0.0, 27.784887978899608], [41.72529209005013, 48.877397639399746, 53.81449618829484, 55.47071299343465, 43.139309220245984, 31.622776601683793, 20.248456731316587, 49.33558553417604, 27.784887978899608, 0.0]], "task_locations": [[85, 87], [98, 82], [16, 21], [7, 83], [87, 27], [30, 39], [45, 40], [9, 42], [70, 33], [56, 57]], "precedence_constraints": [[3, 8], [6, 8], [3, 7]]}