{"Q": [[1, 1, 0], [1, 0, 1], [1, 0, 0]], "R": [[0.0, 0.0, 0.0], [0.0, 1.0, 0.0], [1.0, 1.0, 1.0], [0.0, 1.0, 0.0], [1.0, 1.0, 0.0], [1.0, 0.0, 1.0], [1.0, 1.0, 0.0], [1.0, 1.0, 0.0], [1.0, 0.0, 1.0], [0.0, 0.0, 0.0]], "T_e": [0, 79, 99, 83, 95, 72, 62, 57, 57, 0], "T_t": [[0.0, 51.86520991955976, 76.15773105863909, 29.0, 42.37924020083418, 77.93587107359485, 39.01281840626232, 40.311288741492746, 73.00684899377592, 77.10382610480494], [51.86520991955976, 0.0, 27.018512172212592, 23.769728648009426, 43.104524124504614, 36.0, 30.265491900843113, 15.0, 21.2602916254693, 35.0], [76.15773105863909, 27.018512172212592, 0.0, 50.00999900019995, 53.25410782277739, 44.204072210600685, 43.840620433565945, 42.01190307520001, 17.029386365926403, 43.41658669218482], [29.0, 23.769728648009426, 50.00999900019995, 0.0, 38.948684188300895, 50.08991914547278, 27.65863337187866, 11.40175425099138, 44.41846462902562, 49.193495504995376], [42.37924020083418, 43.104524124504614, 53.25410782277739, 38.948684188300895, 0.0, 79.05694150420949, 13.038404810405298, 44.64302857109943, 60.08327554319921, 78.05767098754612], [77.93587107359485, 36.0, 44.204072210600685, 50.08991914547278, 79.05694150420949, 0.0, 66.12110101926616, 39.0, 27.202941017470888, 1.0], [39.01281840626232, 30.265491900843113, 43.840620433565945, 27.65863337187866, 13.038404810405298, 66.12110101926616, 0.0, 31.953090617340916, 48.33218389437829, 65.12296062065974], [40.311288741492746, 15.0, 42.01190307520001, 11.40175425099138, 44.64302857109943, 39.0, 31.953090617340916, 0.0, 34.0147027033899, 38.07886552931954], [73.00684899377592, 21.2602916254693, 17.029386365926403, 44.41846462902562, 60.08327554319921, 27.202941017470888, 48.33218389437829, 34.0147027033899, 0.0, 26.40075756488817], [77.10382610480494, 35.0, 43.41658669218482, 49.193495504995376, 78.05767098754612, 1.0, 65.12296062065974, 38.07886552931954, 26.40075756488817, 0.0]], "task_locations": [[97, 19], [54, 48], [27, 49], [76, 39], [57, 5], [54, 84], [58, 18], [69, 48], [38, 62], [54, 83]], "precedence_constraints": [[1, 6], [1, 4], [2, 6]]}