{"Q": [[1, 0, 1], [1, 0, 0], [1, 1, 1]], "R": [[0.0, 0.0, 0.0], [1.0, 1.0, 0.0], [0.0, 1.0, 1.0], [1.0, 0.0, 1.0], [0.0, 1.0, 0.0], [0.0, 1.0, 1.0], [1.0, 0.0, 1.0], [0.0, 1.0, 1.0], [0.0, 1.0, 1.0], [0.0, 0.0, 0.0]], "T_e": [0, 97, 87, 75, 54, 82, 64, 77, 58, 0], "T_t": [[0.0, 66.21933252457322, 103.24727599312246, 38.27531841800928, 15.811388300841896, 43.278170016764804, 95.0, 25.179356624028344, 44.04543109109048, 17.029386365926403], [66.21933252457322, 0.0, 38.58756276314948, 32.2490309931942, 59.033888572581766, 23.021728866442675, 35.35533905932738, 46.61544808322666, 43.73785545725808, 53.150729063673246], [103.24727599312246, 38.58756276314948, 0.0, 70.83078426785913, 97.41663102366043, 60.30754513325841, 15.132745950421556, 85.14693182963201, 80.99382692526635, 91.40021881811882], [38.27531841800928, 32.2490309931942, 70.83078426785913, 0.0, 27.65863337187866, 15.297058540778355, 66.40783086353596, 14.866068747318506, 17.0, 22.47220505424423], [15.811388300841896, 59.033888572581766, 97.41663102366043, 27.65863337187866, 0.0, 37.589892258425, 91.2414379544733, 12.806248474865697, 29.154759474226502, 6.324555320336759], [43.278170016764804, 23.021728866442675, 60.30754513325841, 15.297058540778355, 37.589892258425, 0.0, 53.665631459994955, 26.248809496813376, 31.953090617340916, 31.38470965295043], [95.0, 35.35533905932738, 15.132745950421556, 66.40783086353596, 91.2414379544733, 53.665631459994955, 0.0, 79.7057087039567, 79.07591289387686, 85.0], [25.179356624028344, 46.61544808322666, 85.14693182963201, 14.866068747318506, 12.806248474865697, 26.248809496813376, 79.7057087039567, 0.0, 19.6468827043885, 8.246211251235321], [44.04543109109048, 43.73785545725808, 80.99382692526635, 17.0, 29.154759474226502, 31.953090617340916, 79.07591289387686, 19.6468827043885, 0.0, 27.16615541441225], [17.029386365926403, 53.150729063673246, 91.40021881811882, 22.47220505424423, 6.324555320336759, 31.38470965295043, 85.0, 8.246211251235321, 27.16615541441225, 0.0]], "task_locations": [[5, 92], [57, 51], [77, 18], [41, 79], [20, 97], [38, 64], [62, 16], [30, 89], [49, 94], [22, 91]], "precedence_constraints": [[2, 3], [1, 6]]}