{"Q": [[1, 1, 0], [0, 0, 1], [1, 0, 0]], "R": [[0.0, 0.0, 0.0], [0.0, 1.0, 1.0], [0.0, 1.0, 0.0], [0.0, 1.0, 0.0], [0.0, 1.0, 1.0], [0.0, 1.0, 1.0], [1.0, 0.0, 1.0], [0.0, 1.0, 1.0], [0.0, 0.0, 1.0], [0.0, 0.0, 0.0]], "T_e": [0, 66, 67, 78, 72, 63, 59, 60, 62, 0], "T_t": [[0.0, 68.35202996254024, 10.0, 103.23274674249446, 63.071388124885914, 71.58910531638176, 71.56116265125938, 15.033296378372908, 56.08029957123981, 37.013511046643494], [68.35202996254024, 0.0, 58.82176467941097, 57.0, 77.52418977325722, 25.079872407968907, 43.829214001622255, 54.12947441089743, 51.31276644267, 66.2872536767062], [10.0, 58.82176467941097, 0.0, 93.60021367496978, 58.05170109479997, 61.61980201201558, 62.26556030423239, 8.602325267042627, 47.80167361086848, 32.28002478313795], [103.23274674249446, 57.0, 93.60021367496978, 0.0, 69.3757882838098, 35.4400902933387, 32.64965543462902, 93.81364506296512, 51.86520991955976, 78.49203781276162], [63.071388124885914, 77.52418977325722, 58.05170109479997, 69.3757882838098, 0.0, 59.20304046246274, 42.1070065428546, 64.5600495662759, 26.40075756488817, 26.076809620810597], [71.58910531638176, 25.079872407968907, 61.61980201201558, 35.4400902933387, 59.20304046246274, 0.0, 19.849433241279208, 60.30754513325841, 33.37663853655727, 55.90169943749474], [71.56116265125938, 43.829214001622255, 62.26556030423239, 32.64965543462902, 42.1070065428546, 19.849433241279208, 0.0, 63.694583757176716, 19.697715603592208, 46.14108798023731], [15.033296378372908, 54.12947441089743, 8.602325267042627, 93.81364506296512, 64.5600495662759, 60.30754513325841, 63.694583757176716, 0.0, 51.35172830587107, 39.395431207184416], [56.08029957123981, 51.31276644267, 47.80167361086848, 51.86520991955976, 26.40075756488817, 33.37663853655727, 19.697715603592208, 51.35172830587107, 0.0, 26.627053911388696], [37.013511046643494, 66.2872536767062, 32.28002478313795, 78.49203781276162, 26.076809620810597, 55.90169943749474, 46.14108798023731, 39.395431207184416, 26.627053911388696, 0.0]], "task_locations": [[12, 99], [76, 75], [20, 93], [76, 18], [9, 36], [66, 52], [51, 39], [27, 98], [33, 47], [11, 62]], "precedence_constraints": [[6, 8], [6, 5], [3, 1], [5, 8], [7, 5], [4, 3]]}