{"Q": [[1, 1, 1], [1, 0, 1], [1, 0, 1]], "R": [[0.0, 0.0, 0.0], [1.0, 0.0, 1.0], [0.0, 0.0, 1.0], [0.0, 1.0, 0.0], [1.0, 0.0, 0.0], [1.0, 1.0, 0.0], [0.0, 1.0, 1.0], [0.0, 1.0, 1.0], [1.0, 0.0, 0.0], [0.0, 0.0, 0.0]], "T_e": [0, 99, 71, 95, 77, 66, 76, 85, 52, 0], "T_t": [[0.0, 75.0, 54.45181356024793, 26.40075756488817, 27.586228448267445, 20.024984394500787, 55.86591089385369, 55.31726674375732, 43.266615305567875, 48.010415536631214], [75.0, 0.0, 52.3450093132096, 101.40019723846694, 76.8505042273634, 92.28217596047462, 20.8806130178211, 82.97590011563598, 88.63972021616495, 88.20430828479978], [54.45181356024793, 52.3450093132096, 0.0, 75.53806987208503, 37.33630940518894, 74.24284477308234, 48.08326112068523, 31.38470965295043, 41.72529209005013, 94.02127418834527], [26.40075756488817, 101.40019723846694, 75.53806987208503, 0.0, 40.19950248448356, 15.033296378372908, 82.13403679352427, 66.09841147864296, 49.24428900898052, 55.44366510251645], [27.586228448267445, 76.8505042273634, 37.33630940518894, 40.19950248448356, 0.0, 43.382023926967726, 62.625873247404705, 28.0178514522438, 16.76305461424021, 75.43208866258443], [20.024984394500787, 92.28217596047462, 74.24284477308234, 15.033296378372908, 43.382023926967726, 0.0, 72.11102550927978, 71.19691004531025, 56.22277118748239, 40.792156108742276], [55.86591089385369, 20.8806130178211, 48.08326112068523, 82.13403679352427, 62.625873247404705, 72.11102550927978, 0.0, 75.02666192761077, 76.68767828015137, 68.0], [55.31726674375732, 82.97590011563598, 31.38470965295043, 66.09841147864296, 28.0178514522438, 71.19691004531025, 75.02666192761077, 0.0, 18.0, 102.59142264341595], [43.266615305567875, 88.63972021616495, 41.72529209005013, 49.24428900898052, 16.76305461424021, 56.22277118748239, 76.68767828015137, 18.0, 0.0, 91.2633551870629], [48.010415536631214, 88.20430828479978, 94.02127418834527, 55.44366510251645, 75.43208866258443, 40.792156108742276, 68.0, 102.59142264341595, 91.2633551870629, 0.0]], "task_locations": [[34, 59], [94, 14], [88, 66], [13, 75], [53, 79], [14, 60], [74, 20], [76, 95], [58, 95], [6, 20]], "precedence_constraints": [[8, 7], [4, 1], [1, 5], [2, 4]]}