{"Q": [[1, 1, 0], [0, 1, 1], [1, 0, 0]], "R": [[0.0, 0.0, 0.0], [1.0, 0.0, 1.0], [0.0, 0.0, 1.0], [1.0, 1.0, 1.0], [0.0, 1.0, 0.0], [1.0, 0.0, 0.0], [0.0, 1.0, 1.0], [1.0, 0.0, 0.0], [1.0, 0.0, 0.0], [0.0, 0.0, 0.0]], "T_e": [0, 51, 56, 90, 80, 63, 56, 67, 91, 0], "T_t": [[0.0, 71.78439941937245, 85.7962703152066, 44.553338819890925, 36.76955262170047, 92.0869154657707, 62.369864518050704, 42.190046219457976, 73.00684899377592, 39.35733730830886], [71.78439941937245, 0.0, 55.31726674375732, 36.87817782917155, 78.5175139698144, 30.083217912982647, 67.35725647619564, 47.80167361086848, 24.515301344262525, 51.419840528729765], [85.7962703152066, 55.31726674375732, 0.0, 78.40918313565064, 66.06814663663572, 83.09632964216891, 34.48187929913333, 88.61715409558128, 30.805843601498726, 90.55385138137417], [44.553338819890925, 36.87817782917155, 78.40918313565064, 0.0, 67.446274915669, 48.75448697299562, 73.54590403278758, 11.180339887498949, 52.009614495783374, 14.560219778561036], [36.76955262170047, 78.5175139698144, 66.06814663663572, 67.446274915669, 0.0, 106.01886624558857, 33.734255586866, 70.45565981523414, 67.60177512462228, 69.1158447825099], [92.0869154657707, 30.083217912982647, 83.09632964216891, 48.75448697299562, 106.01886624558857, 0.0, 97.41663102366043, 56.32051136131489, 53.08483775994799, 60.440052945046304], [62.369864518050704, 67.35725647619564, 34.48187929913333, 73.54590403278758, 33.734255586866, 97.41663102366043, 0.0, 80.95677859203639, 47.70744176750625, 81.34494452638098], [42.190046219457976, 47.80167361086848, 88.61715409558128, 11.180339887498949, 70.45565981523414, 56.32051136131489, 80.95677859203639, 0.0, 63.00793600809346, 4.123105625617661], [73.00684899377592, 24.515301344262525, 30.805843601498726, 52.009614495783374, 67.60177512462228, 53.08483775994799, 47.70744176750625, 63.00793600809346, 0.0, 65.73431371817918], [39.35733730830886, 51.419840528729765, 90.55385138137417, 14.560219778561036, 69.1158447825099, 60.440052945046304, 81.34494452638098, 4.123105625617661, 65.73431371817918, 0.0]], "task_locations": [[97, 55], [29, 32], [17, 86], [65, 24], [83, 89], [21, 3], [50, 96], [75, 19], [24, 56], [79, 20]], "precedence_constraints": [[3, 1], [6, 5], [6, 8], [4, 1], [4, 8]]}