{"Q": [[1, 1, 1], [0, 1, 0], [0, 1, 1]], "R": [[0.0, 0.0, 0.0], [0.0, 0.0, 1.0], [0.0, 1.0, 0.0], [0.0, 1.0, 1.0], [1.0, 0.0, 0.0], [1.0, 1.0, 1.0], [1.0, 1.0, 1.0], [1.0, 0.0, 0.0], [0.0, 1.0, 0.0], [0.0, 0.0, 0.0]], "T_e": [0, 53, 51, 75, 80, 75, 77, 72, 93, 0], "T_t": [[0.0, 68.4470598345904, 45.35416188179427, 24.698178070456937, 49.64876634922564, 15.811388300841896, 18.35755975068582, 58.05170109479997, 7.0710678118654755, 62.39390995922599], [68.4470598345904, 0.0, 63.52952069707436, 68.79680225126747, 47.43416490252569, 76.00657866263946, 86.1278120005379, 40.311288741492746, 61.39218191268331, 100.17983829094555], [45.35416188179427, 63.52952069707436, 0.0, 67.02984409947557, 17.26267650163207, 36.89173349139343, 59.481089431852205, 28.0178514522438, 43.18564576337837, 36.76955262170047], [24.698178070456937, 68.79680225126747, 67.02984409947557, 0.0, 66.76076692189807, 40.24922359499622, 28.653097563788805, 72.49827584156743, 24.08318915758459, 87.09190547921202], [49.64876634922564, 47.43416490252569, 17.26267650163207, 66.76076692189807, 0.0, 46.400431032480725, 66.60330322138685, 11.180339887498949, 45.17742799230607, 53.75872022286245], [15.811388300841896, 76.00657866263946, 36.89173349139343, 40.24922359499622, 46.400431032480725, 0.0, 23.08679276123039, 56.60388679233962, 20.0, 47.12748667179272], [18.35755975068582, 86.1278120005379, 59.481089431852205, 28.653097563788805, 66.60330322138685, 23.08679276123039, 0.0, 75.69015788066504, 25.079872407968907, 67.36467917239716], [58.05170109479997, 40.311288741492746, 28.0178514522438, 72.49827584156743, 11.180339887498949, 56.60388679233962, 75.69015788066504, 0.0, 52.80151512977634, 63.788713735268246], [7.0710678118654755, 61.39218191268331, 43.18564576337837, 24.08318915758459, 45.17742799230607, 20.0, 25.079872407968907, 52.80151512977634, 0.0, 64.41273166075166], [62.39390995922599, 100.17983829094555, 36.76955262170047, 87.09190547921202, 53.75872022286245, 47.12748667179272, 67.36467917239716, 63.788713735268246, 64.41273166075166, 0.0]], "task_locations": [[29, 69], [96, 55], [40, 25], [38, 92], [57, 28], [20, 56], [13, 78], [68, 26], [36, 68], [6, 11]], "precedence_constraints": [[3, 7], [3, 5], [2, 4], [3, 1]]}