{"Q": [[1, 1, 1], [0, 1, 0], [0, 0, 1]], "R": [[0.0, 0.0, 0.0], [0.0, 1.0, 1.0], [0.0, 1.0, 0.0], [0.0, 1.0, 1.0], [0.0, 0.0, 1.0], [0.0, 1.0, 0.0], [0.0, 1.0, 0.0], [0.0, 0.0, 1.0], [1.0, 0.0, 1.0], [0.0, 0.0, 0.0]], "T_e": [0, 80, 62, 93, 72, 86, 71, 99, 73, 0], "T_t": [[0.0, 79.19595949289332, 86.37129152675674, 39.824615503479755, 54.147945482723536, 43.01162633521314, 53.75872022286245, 105.58882516630251, 59.30430001273095, 85.0235261559999], [79.19595949289332, 0.0, 8.246211251235321, 42.5440947723653, 52.03844732503075, 58.463663928973865, 47.095647357266465, 37.48332962798263, 50.08991914547278, 64.8459713474939], [86.37129152675674, 8.246211251235321, 0.0, 48.60041152089147, 54.91812087098393, 66.70832032063167, 50.21951811795888, 37.69615364994153, 58.008620049092706, 71.30918594402827], [39.824615503479755, 42.5440947723653, 48.60041152089147, 0.0, 24.20743687382041, 43.266615305567875, 20.591260281974, 75.50496672405067, 49.4064773081425, 75.66372975210778], [54.147945482723536, 52.03844732503075, 54.91812087098393, 24.20743687382041, 0.0, 67.42403132415029, 5.0990195135927845, 89.08984229416954, 73.0, 98.4733466477097], [43.01162633521314, 58.463663928973865, 66.70832032063167, 43.266615305567875, 67.42403132415029, 0.0, 63.812224534175265, 71.42128534267638, 17.46424919657298, 42.01190307520001], [53.75872022286245, 47.095647357266465, 50.21951811795888, 20.591260281974, 5.0990195135927845, 63.812224534175265, 0.0, 84.0535543567314, 68.62215385719105, 93.81364506296512], [105.58882516630251, 37.48332962798263, 37.69615364994153, 75.50496672405067, 89.08984229416954, 71.42128534267638, 84.0535543567314, 0.0, 55.60575509783138, 52.61178575186362], [59.30430001273095, 50.08991914547278, 58.008620049092706, 49.4064773081425, 73.0, 17.46424919657298, 68.62215385719105, 55.60575509783138, 0.0, 27.202941017470888], [85.0235261559999, 64.8459713474939, 71.30918594402827, 75.66372975210778, 98.4733466477097, 42.01190307520001, 93.81364506296512, 52.61178575186362, 27.202941017470888, 0.0]], "task_locations": [[95, 17], [39, 73], [37, 81], [76, 52], [91, 71], [52, 16], [86, 70], [2, 67], [36, 23], [10, 15]], "precedence_constraints": [[8, 2], [1, 2], [4, 6], [6, 2], [1, 6]]}