{"Q": [[1, 1, 0], [0, 0, 1], [0, 1, 0]], "R": [[0.0, 0.0, 0.0], [1.0, 1.0, 1.0], [1.0, 1.0, 1.0], [0.0, 1.0, 1.0], [1.0, 1.0, 1.0], [0.0, 1.0, 0.0], [0.0, 0.0, 1.0], [0.0, 1.0, 0.0], [0.0, 0.0, 1.0], [0.0, 0.0, 0.0]], "T_e": [0, 72, 69, 81, 83, 55, 51, 94, 79, 0], "T_t": [[0.0, 30.083217912982647, 18.384776310850235, 91.39474820797966, 53.16013544000805, 65.03076195155643, 29.832867780352597, 69.06518659932803, 81.39410298049853, 76.47875521999558], [30.083217912982647, 0.0, 21.095023109728988, 76.0, 58.728187440104094, 59.93329625508679, 27.65863337187866, 40.311288741492746, 62.51399843235114, 57.42821606144492], [18.384776310850235, 21.095023109728988, 0.0, 94.64142856064674, 66.24198064671678, 73.54590403278758, 37.36308338453881, 60.959002616512684, 82.22530024268686, 77.12976079309465], [91.39474820797966, 76.0, 94.64142856064674, 0.0, 56.08029957123981, 34.058772731852805, 61.68468205316454, 56.08029957123981, 16.1245154965971, 20.248456731316587], [53.16013544000805, 58.728187440104094, 66.24198064671678, 56.08029957123981, 0.0, 22.02271554554524, 31.11269837220809, 72.99315036357864, 55.54277630799526, 52.81098370604357], [65.03076195155643, 59.93329625508679, 73.54590403278758, 34.058772731852805, 22.02271554554524, 0.0, 36.345563690772494, 60.83584469702052, 34.92849839314596, 33.13608305156178], [29.832867780352597, 27.65863337187866, 37.36308338453881, 61.68468205316454, 31.11269837220809, 36.345563690772494, 0.0, 50.99019513592785, 52.69724850502159, 48.010415536631214], [69.06518659932803, 40.311288741492746, 60.959002616512684, 56.08029957123981, 72.99315036357864, 60.83584469702052, 50.99019513592785, 0.0, 39.96248240537617, 36.40054944640259], [81.39410298049853, 62.51399843235114, 82.22530024268686, 16.1245154965971, 55.54277630799526, 34.92849839314596, 52.69724850502159, 39.96248240537617, 0.0, 5.0990195135927845], [76.47875521999558, 57.42821606144492, 77.12976079309465, 20.248456731316587, 52.81098370604357, 33.13608305156178, 48.010415536631214, 36.40054944640259, 5.0990195135927845, 0.0]], "task_locations": [[24, 7], [52, 18], [41, 0], [52, 94], [9, 58], [26, 72], [31, 36], [81, 46], [60, 80], [59, 75]], "precedence_constraints": [[1, 2], [7, 8]]}