{"Q": [[0, 0, 1], [1, 0, 0], [1, 1, 1]], "R": [[0.0, 0.0, 0.0], [1.0, 0.0, 0.0], [1.0, 1.0, 1.0], [1.0, 0.0, 0.0], [1.0, 0.0, 1.0], [0.0, 0.0, 1.0], [0.0, 1.0, 1.0], [1.0, 1.0, 1.0], [0.0, 1.0, 0.0], [0.0, 0.0, 0.0]], "T_e": [0, 73, 83, 61, 60, 64, 89, 99, 79, 0], "T_t": [[0.0, 24.041630560342615, 51.0098029794274, 5.0, 22.47220505424423, 29.546573405388315, 77.62087348130012, 62.289646009589745, 6.4031242374328485, 18.973665961010276], [24.041630560342615, 0.0, 70.3420215802759, 23.853720883753127, 25.317977802344327, 30.675723300355934, 92.04890004774636, 86.31338250816034, 30.4138126514911, 23.021728866442675], [51.0098029794274, 70.3420215802759, 0.0, 55.036351623268054, 72.3394774656273, 78.77182237323191, 102.55242561733974, 41.30375285612676, 46.09772228646444, 48.84669896727925], [5.0, 23.853720883753127, 55.036351623268054, 0.0, 17.72004514666935, 24.698178070456937, 73.7563556583431, 63.41135544995076, 9.055385138137417, 23.259406699226016], [22.47220505424423, 25.317977802344327, 72.3394774656273, 17.72004514666935, 0.0, 7.211102550927978, 67.00746227100382, 75.13321502504735, 26.30589287593181, 37.48332962798263], [29.546573405388315, 30.675723300355934, 78.77182237323191, 24.698178070456937, 7.211102550927978, 0.0, 63.387695966961914, 78.92401408950256, 32.984845004941285, 44.598206241955516], [77.62087348130012, 92.04890004774636, 102.55242561733974, 73.7563556583431, 67.00746227100382, 63.387695966961914, 0.0, 73.79024325749306, 75.27283706623525, 96.56603957913983], [62.289646009589745, 86.31338250816034, 41.30375285612676, 63.41135544995076, 75.13321502504735, 78.92401408950256, 73.79024325749306, 0.0, 55.90169943749474, 72.11102550927978], [6.4031242374328485, 30.4138126514911, 46.09772228646444, 9.055385138137417, 26.30589287593181, 32.984845004941285, 75.27283706623525, 55.90169943749474, 0.0, 22.02271554554524], [18.973665961010276, 23.021728866442675, 48.84669896727925, 23.259406699226016, 37.48332962798263, 44.598206241955516, 96.56603957913983, 72.11102550927978, 22.02271554554524, 0.0]], "task_locations": [[42, 24], [25, 7], [93, 25], [38, 27], [21, 32], [15, 36], [22, 99], [88, 66], [47, 28], [48, 6]], "precedence_constraints": [[6, 2], [1, 3], [5, 2], [7, 5], [1, 2], [8, 3]]}