{"Q": [[1, 1, 0], [0, 0, 1], [0, 1, 0]], "R": [[0.0, 0.0, 0.0], [1.0, 1.0, 0.0], [0.0, 1.0, 1.0], [0.0, 0.0, 1.0], [0.0, 1.0, 1.0], [0.0, 0.0, 1.0], [1.0, 1.0, 1.0], [0.0, 1.0, 0.0], [1.0, 0.0, 0.0], [0.0, 0.0, 0.0]], "T_e": [0, 65, 82, 70, 74, 88, 90, 80, 90, 0], "T_t": [[0.0, 31.78049716414141, 73.348483283569, 65.79513659838392, 96.02083107326243, 48.79549159502341, 91.52595260361949, 77.79460135510689, 19.79898987322333, 67.00746227100382], [31.78049716414141, 0.0, 43.01162633521314, 41.6293165929973, 93.60555539069249, 27.294688127912362, 62.93647591023825, 46.238512086787566, 18.384776310850235, 40.496913462633174], [73.348483283569, 43.01162633521314, 0.0, 22.20360331117452, 90.50966799187809, 31.064449134018133, 21.470910553583888, 11.313708498984761, 55.02726596879042, 15.811388300841896], [65.79513659838392, 41.6293165929973, 22.20360331117452, 0.0, 68.6804193347711, 17.029386365926403, 28.635642126552707, 33.421549934136806, 46.010868281309364, 6.4031242374328485], [96.02083107326243, 93.60555539069249, 90.50966799187809, 68.6804193347711, 0.0, 70.2353187506115, 86.6083136886985, 101.82337649086284, 82.87339742040264, 75.0066663703967], [48.79549159502341, 27.294688127912362, 31.064449134018133, 17.029386365926403, 70.2353187506115, 0.0, 44.384682042344295, 40.26164427839479, 29.0, 19.313207915827967], [91.52595260361949, 62.93647591023825, 21.470910553583888, 28.635642126552707, 86.6083136886985, 44.384682042344295, 0.0, 27.073972741361768, 72.20110802473879, 25.079872407968907], [77.79460135510689, 46.238512086787566, 11.313708498984761, 33.421549934136806, 101.82337649086284, 40.26164427839479, 27.073972741361768, 0.0, 60.8276253029822, 27.018512172212592], [19.79898987322333, 18.384776310850235, 55.02726596879042, 46.010868281309364, 82.87339742040264, 29.0, 72.20110802473879, 60.8276253029822, 0.0, 47.43416490252569], [67.00746227100382, 40.496913462633174, 15.811388300841896, 6.4031242374328485, 75.0066663703967, 19.313207915827967, 25.079872407968907, 27.018512172212592, 47.43416490252569, 0.0]], "task_locations": [[90, 99], [59, 92], [24, 67], [42, 54], [88, 3], [55, 65], [14, 48], [16, 75], [76, 85], [37, 58]], "precedence_constraints": [[3, 5], [4, 7]]}