{"Q": [[1, 0, 0], [0, 1, 1], [0, 0, 1]], "R": [[0.0, 0.0, 0.0], [0.0, 0.0, 1.0], [0.0, 1.0, 1.0], [0.0, 1.0, 1.0], [1.0, 0.0, 0.0], [1.0, 1.0, 0.0], [1.0, 0.0, 1.0], [1.0, 0.0, 0.0], [0.0, 0.0, 1.0], [0.0, 0.0, 0.0]], "T_e": [0, 59, 72, 55, 81, 84, 87, 96, 52, 0], "T_t": [[0.0, 67.77905281132217, 72.13875518748573, 51.884487084291386, 53.823786563191554, 27.80287754891569, 47.4236228055175, 77.3692445355388, 36.61966684720111, 60.959002616512684], [67.77905281132217, 0.0, 29.966648127543394, 44.294469180700204, 37.21558813185679, 41.773197148410844, 84.92938243034621, 45.60701700396552, 42.2965719651132, 31.144823004794873], [72.13875518748573, 29.966648127543394, 0.0, 26.68332812825267, 20.615528128088304, 44.82186966202994, 70.57619995437555, 75.27283706623525, 36.40054944640259, 11.661903789690601], [51.884487084291386, 44.294469180700204, 26.68332812825267, 0.0, 7.280109889280518, 29.068883707497267, 44.10215414239989, 82.61961026293939, 16.278820596099706, 16.0], [53.823786563191554, 37.21558813185679, 20.615528128088304, 7.280109889280518, 0.0, 28.460498941515414, 51.0098029794274, 76.84399781375251, 17.204650534085253, 9.219544457292887], [27.80287754891569, 41.773197148410844, 44.82186966202994, 29.068883707497267, 28.460498941515414, 0.0, 49.39635614091387, 64.07027391856539, 13.038404810405298, 34.132096331752024], [47.4236228055175, 84.92938243034621, 70.57619995437555, 44.10215414239989, 51.0098029794274, 49.39635614091387, 0.0, 113.44161493913951, 43.01162633521314, 60.07495318350236], [77.3692445355388, 45.60701700396552, 75.27283706623525, 82.61961026293939, 76.84399781375251, 64.07027391856539, 113.44161493913951, 0.0, 72.91776189653656, 73.824115301167], [36.61966684720111, 42.2965719651132, 36.40054944640259, 16.278820596099706, 17.204650534085253, 13.038404810405298, 43.01162633521314, 72.91776189653656, 0.0, 24.839484696748443], [60.959002616512684, 31.144823004794873, 11.661903789690601, 16.0, 9.219544457292887, 34.132096331752024, 60.07495318350236, 73.824115301167, 24.839484696748443, 0.0]], "task_locations": [[74, 79], [49, 16], [22, 29], [28, 55], [30, 48], [57, 57], [31, 99], [93, 4], [44, 58], [28, 39]], "precedence_constraints": [[1, 5], [1, 8], [2, 6], [2, 7], [8, 7]]}