{"Q": [[1, 1, 1], [1, 0, 1], [0, 1, 1]], "R": [[0.0, 0.0, 0.0], [1.0, 0.0, 0.0], [1.0, 1.0, 0.0], [1.0, 1.0, 0.0], [0.0, 1.0, 1.0], [1.0, 0.0, 0.0], [1.0, 1.0, 1.0], [1.0, 1.0, 1.0], [1.0, 1.0, 0.0], [0.0, 0.0, 0.0]], "T_e": [0, 50, 85, 53, 83, 92, 98, 97, 97, 0], "T_t": [[0.0, 35.6931365951495, 45.48626166217664, 44.294469180700204, 50.08991914547278, 30.528675044947494, 69.6419413859206, 69.6419413859206, 60.07495318350236, 21.93171219946131], [35.6931365951495, 0.0, 32.57299494980466, 79.12016177940993, 40.162171256046406, 65.19202405202648, 88.81441324469807, 88.81441324469807, 65.21502894272147, 51.62363799656123], [45.48626166217664, 32.57299494980466, 0.0, 87.04596486914255, 7.615773105863909, 74.27651041883968, 65.45991139621256, 65.45991139621256, 35.608987629529715, 67.23094525588644], [44.294469180700204, 79.12016177940993, 87.04596486914255, 0.0, 89.87213138676528, 13.92838827718412, 80.02499609497022, 80.02499609497022, 88.63972021616495, 30.01666203960727], [50.08991914547278, 40.162171256046406, 7.615773105863909, 89.87213138676528, 0.0, 77.62087348130012, 60.63827174318213, 60.63827174318213, 29.154759474226502, 72.01388754955533], [30.528675044947494, 65.19202405202648, 74.27651041883968, 13.92838827718412, 77.62087348130012, 0.0, 75.8023746329889, 75.8023746329889, 79.40403012442127, 17.46424919657298], [69.6419413859206, 88.81441324469807, 65.45991139621256, 80.02499609497022, 60.63827174318213, 75.8023746329889, 0.0, 0.0, 34.0147027033899, 83.81527307120105], [69.6419413859206, 88.81441324469807, 65.45991139621256, 80.02499609497022, 60.63827174318213, 75.8023746329889, 0.0, 0.0, 34.0147027033899, 83.81527307120105], [60.07495318350236, 65.21502894272147, 35.608987629529715, 88.63972021616495, 29.154759474226502, 79.40403012442127, 34.0147027033899, 34.0147027033899, 0.0, 80.22468448052632], [21.93171219946131, 51.62363799656123, 67.23094525588644, 30.01666203960727, 72.01388754955533, 17.46424919657298, 83.81527307120105, 83.81527307120105, 80.22468448052632, 0.0]], "task_locations": [[39, 74], [74, 67], [64, 36], [0, 95], [61, 29], [13, 90], [2, 15], [2, 15], [36, 14], [30, 94]], "precedence_constraints": [[1, 8], [7, 1], [8, 3]]}