{"Q": [[0, 1, 1], [1, 1, 1], [1, 0, 1]], "R": [[0.0, 0.0, 0.0], [1.0, 1.0, 0.0], [1.0, 0.0, 0.0], [1.0, 0.0, 1.0], [0.0, 0.0, 1.0], [0.0, 1.0, 1.0], [0.0, 0.0, 1.0], [1.0, 0.0, 1.0], [1.0, 0.0, 1.0], [0.0, 0.0, 0.0]], "T_e": [0, 85, 68, 72, 69, 56, 68, 57, 58, 0], "T_t": [[0.0, 47.01063709417264, 68.26419266350405, 57.706152185014034, 6.4031242374328485, 35.77708763999664, 25.495097567963924, 73.40980860893181, 35.6931365951495, 48.91829923454004], [47.01063709417264, 0.0, 57.0087712549569, 10.770329614269007, 40.70626487409524, 11.40175425099138, 71.69379331573968, 27.80287754891569, 17.08800749063506, 74.33034373659252], [68.26419266350405, 57.0087712549569, 0.0, 60.876925020897694, 64.00781202322104, 58.137767414994535, 79.30952023559341, 56.859475903318, 67.54257916307313, 49.040799340956916], [57.706152185014034, 10.770329614269007, 60.876925020897694, 0.0, 51.42956348249516, 21.95449840010015, 82.46211251235322, 19.313207915827967, 25.612496949731394, 83.60023923410746], [6.4031242374328485, 40.70626487409524, 64.00781202322104, 51.42956348249516, 0.0, 29.546573405388315, 31.32091952673165, 67.00746227100382, 30.14962686336267, 49.57822102496216], [35.77708763999664, 11.40175425099138, 58.137767414994535, 21.95449840010015, 29.546573405388315, 0.0, 60.74537019394976, 38.948684188300895, 9.486832980505138, 67.35725647619564], [25.495097567963924, 71.69379331573968, 79.30952023559341, 82.46211251235322, 31.32091952673165, 60.74537019394976, 0.0, 96.89685237405806, 61.18823416311342, 42.579337712087536], [73.40980860893181, 27.80287754891569, 56.859475903318, 19.313207915827967, 67.00746227100382, 38.948684188300895, 96.89685237405806, 0.0, 44.41846462902562, 90.35485598461214], [35.6931365951495, 17.08800749063506, 67.54257916307313, 25.612496949731394, 30.14962686336267, 9.486832980505138, 61.18823416311342, 44.41846462902562, 0.0, 73.40980860893181], [48.91829923454004, 74.33034373659252, 49.040799340956916, 83.60023923410746, 49.57822102496216, 67.35725647619564, 42.579337712087536, 90.35485598461214, 73.40980860893181, 0.0]], "task_locations": [[38, 24], [79, 47], [44, 92], [89, 51], [43, 28], [70, 40], [13, 19], [96, 69], [73, 31], [6, 61]], "precedence_constraints": [[1, 6], [8, 1], [5, 6], [5, 1]]}