{"Q": [[0, 1, 0], [0, 1, 1], [1, 1, 0]], "R": [[0.0, 0.0, 0.0], [0.0, 0.0, 1.0], [0.0, 0.0, 1.0], [0.0, 1.0, 0.0], [1.0, 0.0, 0.0], [0.0, 1.0, 0.0], [1.0, 1.0, 0.0], [0.0, 0.0, 1.0], [0.0, 0.0, 1.0], [0.0, 0.0, 0.0]], "T_e": [0, 56, 79, 93, 64, 80, 51, 85, 56, 0], "T_t": [[0.0, 39.6232255123179, 49.20365840057018, 32.64965543462902, 42.42640687119285, 40.049968789001575, 17.46424919657298, 23.706539182259394, 56.639209034025185, 31.25699921617557], [39.6232255123179, 0.0, 76.05918747922567, 32.55764119219941, 48.104053883222775, 79.51100552753688, 23.0, 39.59797974644666, 91.26883367283708, 42.43819034784589], [49.20365840057018, 76.05918747922567, 0.0, 46.09772228646444, 36.124783736376884, 42.20189569201838, 56.0357029044876, 72.67048919609665, 81.39410298049853, 34.92849839314596], [32.64965543462902, 32.55764119219941, 46.09772228646444, 0.0, 15.811388300841896, 63.13477647065839, 22.02271554554524, 50.15974481593781, 88.60022573334675, 11.180339887498949], [42.42640687119285, 48.104053883222775, 36.124783736376884, 15.811388300841896, 0.0, 63.655321851358195, 36.40054944640259, 63.198101237299845, 94.82615672903758, 11.180339887498949], [40.049968789001575, 79.51100552753688, 42.20189569201838, 63.13477647065839, 63.655321851358195, 0.0, 56.71860364994893, 54.42425929675111, 40.049968789001575, 55.0], [17.46424919657298, 23.0, 56.0357029044876, 22.02271554554524, 36.40054944640259, 56.71860364994893, 0.0, 28.442925306655784, 72.91776189653656, 26.832815729997478], [23.706539182259394, 39.59797974644666, 72.67048919609665, 50.15974481593781, 63.198101237299845, 54.42425929675111, 28.442925306655784, 0.0, 53.31041174104736, 52.46903848937962], [56.639209034025185, 91.26883367283708, 81.39410298049853, 88.60022573334675, 94.82615672903758, 40.049968789001575, 72.91776189653656, 53.31041174104736, 0.0, 84.21995013059554], [31.25699921617557, 42.43819034784589, 34.92849839314596, 11.180339887498949, 11.180339887498949, 55.0, 26.832815729997478, 52.46903848937962, 84.21995013059554, 0.0]], "task_locations": [[45, 58], [52, 97], [84, 28], [74, 73], [87, 64], [43, 18], [52, 74], [24, 69], [3, 20], [76, 62]], "precedence_constraints": [[7, 4], [7, 5]]}