{"Q": [[0, 1, 0], [1, 1, 0], [0, 1, 1]], "R": [[0.0, 0.0, 0.0], [0.0, 0.0, 1.0], [1.0, 0.0, 1.0], [1.0, 0.0, 1.0], [1.0, 0.0, 0.0], [1.0, 1.0, 1.0], [0.0, 1.0, 0.0], [0.0, 1.0, 0.0], [1.0, 0.0, 0.0], [0.0, 0.0, 0.0]], "T_e": [0, 69, 81, 81, 64, 60, 51, 64, 82, 0], "T_t": [[0.0, 52.80151512977634, 64.00781202322104, 69.63476143421474, 58.18934610390462, 28.231188426986208, 45.60701700396552, 77.10382610480494, 67.4166151627327, 22.561028345356956], [52.80151512977634, 0.0, 52.009614495783374, 25.079872407968907, 32.526911934581186, 31.575306807693888, 60.29925372672534, 32.01562118716424, 15.524174696260024, 42.05948168962618], [64.00781202322104, 52.009614495783374, 0.0, 39.6232255123179, 20.12461179749811, 39.293765408777, 98.43271813782245, 42.0, 62.609903369994115, 72.12489168102785], [69.63476143421474, 25.079872407968907, 39.6232255123179, 0.0, 21.095023109728988, 42.44997055358225, 85.09406559801923, 7.615773105863909, 27.018512172212592, 64.5600495662759], [58.18934610390462, 32.526911934581186, 20.12461179749811, 21.095023109728988, 0.0, 30.083217912982647, 84.72307831990054, 25.632011235952593, 42.485291572496, 60.07495318350236], [28.231188426986208, 31.575306807693888, 39.293765408777, 42.44997055358225, 30.083217912982647, 0.0, 59.50630218724736, 49.678969393496885, 47.07440918375928, 32.89376840679705], [45.60701700396552, 60.29925372672534, 98.43271813782245, 85.09406559801923, 84.72307831990054, 59.50630218724736, 0.0, 92.26592003551474, 67.35725647619564, 26.92582403567252], [77.10382610480494, 32.01562118716424, 42.0, 7.615773105863909, 25.632011235952593, 49.678969393496885, 92.26592003551474, 0.0, 31.304951684997057, 72.12489168102785], [67.4166151627327, 15.524174696260024, 62.609903369994115, 27.018512172212592, 42.485291572496, 47.07440918375928, 67.35725647619564, 31.304951684997057, 0.0, 53.907327887774215], [22.561028345356956, 42.05948168962618, 72.12489168102785, 64.5600495662759, 60.07495318350236, 32.89376840679705, 26.92582403567252, 72.12489168102785, 53.907327887774215, 0.0]], "task_locations": [[33, 97], [65, 55], [97, 96], [90, 57], [88, 78], [59, 86], [5, 61], [97, 54], [69, 40], [28, 75]], "precedence_constraints": [[4, 8]]}