{"Q": [[0, 0, 1], [1, 1, 0], [1, 1, 0]], "R": [[0.0, 0.0, 0.0], [0.0, 1.0, 0.0], [0.0, 0.0, 1.0], [0.0, 0.0, 1.0], [1.0, 1.0, 0.0], [0.0, 1.0, 0.0], [1.0, 1.0, 0.0], [1.0, 0.0, 1.0], [1.0, 0.0, 0.0], [0.0, 0.0, 0.0]], "T_e": [0, 81, 86, 96, 64, 90, 96, 58, 66, 0], "T_t": [[0.0, 77.89736837660179, 66.49060083951716, 28.30194339616981, 14.866068747318506, 47.01063709417264, 59.135437767890075, 79.93122043357026, 29.068883707497267, 33.24154027718932], [77.89736837660179, 0.0, 38.63935817272331, 87.32124598286491, 79.20227269466452, 54.12947441089743, 39.20459156782532, 3.0, 50.44799302251776, 44.68780594300866], [66.49060083951716, 38.63935817272331, 0.0, 62.80127387243033, 60.41522986797286, 23.430749027719962, 62.289646009589745, 41.593268686170845, 39.01281840626232, 41.97618372363071], [28.30194339616981, 87.32124598286491, 62.80127387243033, 0.0, 13.92838827718412, 39.408120990476064, 80.09993757800315, 89.94442728707543, 38.600518131237564, 47.853944456021594], [14.866068747318506, 79.20227269466452, 60.41522986797286, 13.92838827718412, 0.0, 38.3275357934736, 67.60177512462228, 81.60882305241266, 28.844410203711913, 36.76955262170047], [47.01063709417264, 54.12947441089743, 23.430749027719962, 39.408120990476064, 38.3275357934736, 0.0, 63.50590523722971, 57.0701322935211, 25.238858928247925, 33.24154027718932], [59.135437767890075, 39.20459156782532, 62.289646009589745, 80.09993757800315, 67.60177512462228, 63.50590523722971, 0.0, 39.01281840626232, 43.56604182158393, 33.37663853655727], [79.93122043357026, 3.0, 41.593268686170845, 89.94442728707543, 81.60882305241266, 57.0701322935211, 39.01281840626232, 0.0, 52.80151512977634, 46.69047011971501], [29.068883707497267, 50.44799302251776, 39.01281840626232, 38.600518131237564, 28.844410203711913, 25.238858928247925, 43.56604182158393, 52.80151512977634, 0.0, 10.198039027185569], [33.24154027718932, 44.68780594300866, 41.97618372363071, 47.853944456021594, 36.76955262170047, 33.24154027718932, 33.37663853655727, 46.69047011971501, 10.198039027185569, 0.0]], "task_locations": [[78, 26], [20, 78], [13, 40], [63, 2], [68, 15], [31, 25], [59, 82], [20, 81], [52, 39], [54, 49]], "precedence_constraints": [[8, 3], [6, 2], [4, 5]]}