{"Q": [[1, 1, 0], [0, 1, 1], [1, 0, 0]], "R": [[0.0, 0.0, 0.0], [0.0, 1.0, 1.0], [0.0, 0.0, 1.0], [0.0, 1.0, 0.0], [0.0, 1.0, 0.0], [0.0, 1.0, 1.0], [1.0, 0.0, 0.0], [1.0, 0.0, 0.0], [1.0, 1.0, 1.0], [0.0, 0.0, 0.0]], "T_e": [0, 76, 61, 53, 97, 68, 71, 89, 95, 0], "T_t": [[0.0, 7.280109889280518, 10.198039027185569, 50.695167422546305, 60.01666435249463, 49.49747468305833, 89.06739021662193, 82.63776376451628, 48.05205510693585, 67.26812023536856], [7.280109889280518, 0.0, 17.46424919657298, 45.17742799230607, 63.60031446463138, 42.95346318982906, 84.05950273467003, 76.96752561957543, 49.09175083453431, 63.702433234531945], [10.198039027185569, 17.46424919657298, 0.0, 59.481089431852205, 57.0087712549569, 59.21148537234985, 97.082439194738, 91.39474820797966, 49.24428900898052, 73.81734213584231], [50.695167422546305, 45.17742799230607, 59.481089431852205, 0.0, 70.45565981523414, 12.165525060596439, 39.20459156782532, 31.953090617340916, 46.400431032480725, 26.1725046566048], [60.01666435249463, 63.60031446463138, 57.0087712549569, 70.45565981523414, 0.0, 79.39773296511683, 90.4267659490264, 92.65527507918802, 24.186773244895647, 62.5859409132754], [49.49747468305833, 42.95346318982906, 59.21148537234985, 12.165525060596439, 79.39773296511683, 0.0, 46.22769732530488, 36.235341863986875, 55.86591089385369, 38.01315561749642], [89.06739021662193, 84.05950273467003, 97.082439194738, 39.20459156782532, 90.4267659490264, 46.22769732530488, 0.0, 13.038404810405298, 68.11754546370561, 28.071337695236398], [82.63776376451628, 76.96752561957543, 91.39474820797966, 31.953090617340916, 92.65527507918802, 36.235341863986875, 13.038404810405298, 0.0, 69.12307863514182, 30.886890422961002], [48.05205510693585, 49.09175083453431, 49.24428900898052, 46.400431032480725, 24.186773244895647, 55.86591089385369, 68.11754546370561, 69.12307863514182, 0.0, 40.049968789001575], [67.26812023536856, 63.702433234531945, 73.81734213584231, 26.1725046566048, 62.5859409132754, 38.01315561749642, 28.071337695236398, 30.886890422961002, 40.049968789001575, 0.0]], "task_locations": [[18, 18], [16, 25], [20, 8], [37, 65], [77, 7], [25, 67], [61, 96], [48, 95], [65, 28], [63, 68]], "precedence_constraints": [[3, 1], [5, 6], [3, 7]]}