{"Q": [[0, 0, 1], [1, 0, 0], [1, 1, 0]], "R": [[0.0, 0.0, 0.0], [1.0, 1.0, 0.0], [1.0, 0.0, 1.0], [1.0, 1.0, 0.0], [0.0, 0.0, 1.0], [0.0, 1.0, 1.0], [0.0, 0.0, 1.0], [0.0, 1.0, 0.0], [1.0, 0.0, 0.0], [0.0, 0.0, 0.0]], "T_e": [0, 99, 71, 90, 71, 84, 58, 86, 73, 0], "T_t": [[0.0, 40.19950248448356, 50.99019513592785, 5.0990195135927845, 73.10950690573696, 25.80697580112788, 77.89736837660179, 60.03332407921454, 17.88854381999832, 67.60177512462228], [40.19950248448356, 0.0, 11.661903789690601, 45.27692569068709, 77.82673062643708, 26.870057685088806, 55.31726674375732, 20.8806130178211, 52.0, 79.81227975693966], [50.99019513592785, 11.661903789690601, 0.0, 56.089214649520635, 78.00640999302557, 38.28837943815329, 48.041648597857254, 15.620499351813308, 63.56099432828282, 82.03657720797473], [5.0990195135927845, 45.27692569068709, 56.089214649520635, 0.0, 74.54528824815154, 29.5296461204668, 82.03657720797473, 65.00769185258002, 15.297058540778355, 68.11754546370561], [73.10950690573696, 77.82673062643708, 78.00640999302557, 74.54528824815154, 0.0, 89.62700485902673, 50.28916384272063, 93.60021367496978, 89.80534505250787, 14.317821063276353], [25.80697580112788, 26.870057685088806, 38.28837943815329, 29.5296461204668, 89.62700485902673, 0.0, 79.30952023559341, 41.10960958218893, 29.017236257093817, 87.31551981177229], [77.89736837660179, 55.31726674375732, 48.041648597857254, 82.03657720797473, 50.28916384272063, 79.30952023559341, 0.0, 60.530983801686226, 95.26804291051643, 61.66036003787198], [60.03332407921454, 20.8806130178211, 15.620499351813308, 65.00769185258002, 93.60021367496978, 41.10960958218893, 60.530983801686226, 0.0, 69.42621983083913, 97.58073580374356], [17.88854381999832, 52.0, 63.56099432828282, 15.297058540778355, 89.80534505250787, 29.017236257093817, 95.26804291051643, 69.42621983083913, 0.0, 83.00602387778854], [67.60177512462228, 79.81227975693966, 82.03657720797473, 68.11754546370561, 14.317821063276353, 87.31551981177229, 61.66036003787198, 97.58073580374356, 83.00602387778854, 0.0]], "task_locations": [[84, 24], [44, 28], [34, 34], [89, 23], [80, 97], [63, 9], [32, 82], [24, 22], [92, 8], [93, 91]], "precedence_constraints": [[8, 1], [2, 5]]}