{"Q": [[1, 0, 0], [0, 1, 0], [1, 1, 1]], "R": [[0.0, 0.0, 0.0], [1.0, 0.0, 1.0], [0.0, 0.0, 1.0], [1.0, 0.0, 0.0], [1.0, 1.0, 1.0], [0.0, 1.0, 1.0], [1.0, 1.0, 1.0], [1.0, 0.0, 1.0], [1.0, 0.0, 0.0], [0.0, 0.0, 0.0]], "T_e": [0, 93, 50, 80, 95, 91, 84, 85, 93, 0], "T_t": [[0.0, 36.138621999185304, 109.12378292562992, 69.2314957226839, 104.01922899156675, 85.58621384311844, 106.07544484940895, 71.11258679024411, 41.10960958218893, 27.784887978899608], [36.138621999185304, 0.0, 93.64827814754524, 80.0812087820857, 86.82165628459296, 83.38465086573187, 93.5200513259055, 85.7962703152066, 52.80151512977634, 25.495097567963924], [109.12378292562992, 93.64827814754524, 0.0, 69.1158447825099, 8.0, 39.05124837953327, 8.94427190999916, 78.00640999302557, 76.48529270389177, 82.02438661763951], [69.2314957226839, 80.0812087820857, 69.1158447825099, 0.0, 69.1158447825099, 30.59411708155671, 61.5223536610881, 9.486832980505138, 29.0, 55.10898293381942], [104.01922899156675, 86.82165628459296, 8.0, 69.1158447825099, 0.0, 40.26164427839479, 14.422205101855956, 78.31347265956222, 73.38937252763509, 76.57675887630658], [85.58621384311844, 83.38465086573187, 39.05124837953327, 30.59411708155671, 40.26164427839479, 0.0, 31.064449134018133, 39.11521443121589, 46.09772228646444, 62.93647591023825], [106.07544484940895, 93.5200513259055, 8.94427190999916, 61.5223536610881, 14.422205101855956, 31.064449134018133, 0.0, 70.178344238091, 71.34423592694787, 79.64923100695951], [71.11258679024411, 85.7962703152066, 78.00640999302557, 9.486832980505138, 78.31347265956222, 39.11521443121589, 70.178344238091, 0.0, 33.24154027718932, 60.40695324215582], [41.10960958218893, 52.80151512977634, 76.48529270389177, 29.0, 73.38937252763509, 46.09772228646444, 71.34423592694787, 33.24154027718932, 0.0, 27.313000567495326], [27.784887978899608, 25.495097567963924, 82.02438661763951, 55.10898293381942, 76.57675887630658, 62.93647591023825, 79.64923100695951, 60.40695324215582, 27.313000567495326, 0.0]], "task_locations": [[94, 23], [59, 14], [12, 95], [81, 91], [12, 87], [51, 97], [20, 99], [90, 94], [81, 62], [70, 37]], "precedence_constraints": [[4, 5], [1, 3]]}