{"Q": [[0, 0, 1], [0, 1, 1], [1, 1, 0]], "R": [[0.0, 0.0, 0.0], [0.0, 1.0, 0.0], [1.0, 0.0, 1.0], [0.0, 0.0, 1.0], [0.0, 0.0, 1.0], [1.0, 0.0, 1.0], [0.0, 1.0, 0.0], [0.0, 1.0, 0.0], [0.0, 1.0, 0.0], [0.0, 0.0, 0.0]], "T_e": [0, 53, 74, 90, 86, 64, 90, 67, 71, 0], "T_t": [[0.0, 56.0357029044876, 55.44366510251645, 79.62411694957753, 33.24154027718932, 52.392747589718944, 66.21933252457322, 36.40054944640259, 39.21734310225516, 20.248456731316587], [56.0357029044876, 0.0, 49.658836071740545, 107.62899237658968, 75.58438992278762, 61.032778078668514, 17.0, 24.186773244895647, 21.95449840010015, 66.40783086353596], [55.44366510251645, 49.658836071740545, 0.0, 61.85466837676846, 48.507731342539614, 14.866068747318506, 66.64082832618455, 33.0, 56.0357029044876, 48.373546489791295], [79.62411694957753, 107.62899237658968, 61.85466837676846, 0.0, 47.16990566028302, 47.634021455258214, 124.19742348374221, 85.0, 105.30906893520614, 59.682493245507096], [33.24154027718932, 75.58438992278762, 48.507731342539614, 47.16990566028302, 0.0, 37.12142238654117, 89.88882021697692, 51.478150704935004, 65.85590330410783, 13.0], [52.392747589718944, 61.032778078668514, 14.866068747318506, 47.634021455258214, 37.12142238654117, 0.0, 77.93587107359485, 40.496913462633174, 63.06346010171025, 40.311288741492746], [66.21933252457322, 17.0, 66.64082832618455, 124.19742348374221, 89.88882021697692, 77.93587107359485, 0.0, 39.6232255123179, 27.294688127912362, 79.60527620704548], [36.40054944640259, 24.186773244895647, 33.0, 85.0, 51.478150704935004, 40.496913462633174, 39.6232255123179, 0.0, 23.08679276123039, 42.95346318982906], [39.21734310225516, 21.95449840010015, 56.0357029044876, 105.30906893520614, 65.85590330410783, 63.06346010171025, 27.294688127912362, 23.08679276123039, 0.0, 54.405882034941776], [20.248456731316587, 66.40783086353596, 48.373546489791295, 59.682493245507096, 13.0, 40.311288741492746, 79.60527620704548, 42.95346318982906, 54.405882034941776, 0.0]], "task_locations": [[82, 21], [84, 77], [39, 56], [4, 5], [51, 9], [34, 42], [99, 85], [72, 56], [95, 58], [63, 14]], "precedence_constraints": [[5, 2], [2, 4], [8, 4]]}