{"Q": [[1, 1, 0], [0, 0, 1], [1, 1, 0]], "R": [[0.0, 0.0, 0.0], [1.0, 0.0, 1.0], [0.0, 0.0, 1.0], [0.0, 1.0, 1.0], [0.0, 1.0, 0.0], [1.0, 1.0, 0.0], [1.0, 1.0, 0.0], [0.0, 0.0, 1.0], [1.0, 1.0, 0.0], [0.0, 0.0, 0.0]], "T_e": [0, 99, 85, 69, 70, 97, 72, 68, 67, 0], "T_t": [[0.0, 38.600518131237564, 107.70329614269008, 38.47076812334269, 84.09518416651456, 55.54277630799526, 81.2219182240853, 61.71709649683789, 26.0, 93.90420650854784], [38.600518131237564, 0.0, 83.19855767980596, 7.615773105863909, 49.33558553417604, 17.11724276862369, 82.15229759416349, 44.91102314577124, 15.556349186104045, 96.04165762834376], [107.70329614269008, 83.19855767980596, 0.0, 77.20103626247513, 100.0, 79.02531240052139, 62.96824596572466, 46.400431032480725, 96.76776322722355, 69.00724599634447], [38.47076812334269, 7.615773105863909, 77.20103626247513, 0.0, 54.62600113499065, 20.615528128088304, 74.62573282722254, 37.48332962798263, 19.697715603592208, 88.50988645343524], [84.09518416651456, 49.33558553417604, 100.0, 54.62600113499065, 0.0, 34.48187929913333, 123.79418403139947, 81.34494452638098, 58.137767414994535, 137.17871555019022], [55.54277630799526, 17.11724276862369, 79.02531240052139, 20.615528128088304, 34.48187929913333, 0.0, 90.68627239003708, 49.39635614091387, 30.870698080866262, 104.35037134576953], [81.2219182240853, 82.15229759416349, 62.96824596572466, 74.62573282722254, 123.79418403139947, 90.68627239003708, 0.0, 42.80186911806539, 87.09190547921202, 13.892443989449804], [61.71709649683789, 44.91102314577124, 46.400431032480725, 37.48332962798263, 81.34494452638098, 49.39635614091387, 42.80186911806539, 0.0, 55.036351623268054, 55.90169943749474], [26.0, 15.556349186104045, 96.76776322722355, 19.697715603592208, 58.137767414994535, 30.870698080866262, 87.09190547921202, 55.036351623268054, 0.0, 100.84641788382967], [93.90420650854784, 96.04165762834376, 69.00724599634447, 88.50988645343524, 137.17871555019022, 104.35037134576953, 13.892443989449804, 55.90169943749474, 100.84641788382967, 0.0]], "task_locations": [[84, 95], [47, 84], [28, 3], [50, 77], [0, 99], [30, 82], [90, 14], [56, 40], [58, 95], [97, 2]], "precedence_constraints": [[2, 3], [5, 7], [2, 6]]}