{"Q": [[1, 0, 1], [1, 0, 0], [1, 1, 0]], "R": [[0.0, 0.0, 0.0], [0.0, 1.0, 1.0], [0.0, 0.0, 1.0], [1.0, 1.0, 1.0], [0.0, 1.0, 1.0], [1.0, 0.0, 1.0], [1.0, 1.0, 1.0], [1.0, 0.0, 1.0], [1.0, 1.0, 0.0], [0.0, 0.0, 0.0]], "T_e": [0, 66, 64, 78, 54, 76, 95, 65, 89, 0], "T_t": [[0.0, 98.11218069128827, 73.37574531137656, 96.83491106000976, 36.069377593742864, 27.313000567495326, 53.075418038862395, 61.5223536610881, 29.698484809834994, 46.87216658103186], [98.11218069128827, 0.0, 72.56721022610694, 9.219544457292887, 63.694583757176716, 71.02112361825881, 100.72239075796404, 47.50789408087881, 94.847245611035, 94.04786015641186], [73.37574531137656, 72.56721022610694, 0.0, 78.5175139698144, 64.38167441127949, 55.80322571321482, 38.01315561749642, 31.32091952673165, 49.01020301937138, 104.23531071570709], [96.83491106000976, 9.219544457292887, 78.5175139698144, 0.0, 61.40032573203501, 70.2922470831599, 104.27847332982968, 51.264022471905186, 96.40020746865642, 88.56635930193812], [36.069377593742864, 63.694583757176716, 64.38167441127949, 61.40032573203501, 0.0, 14.035668847618199, 64.77653896280658, 38.91015291668744, 46.2709412050371, 40.8166632639171], [27.313000567495326, 71.02112361825881, 55.80322571321482, 70.2922470831599, 14.035668847618199, 0.0, 51.19570294468082, 36.124783736376884, 32.2490309931942, 48.79549159502341], [53.075418038862395, 100.72239075796404, 38.01315561749642, 104.27847332982968, 64.77653896280658, 51.19570294468082, 0.0, 53.23532661682466, 23.430749027719962, 96.17692030835673], [61.5223536610881, 47.50789408087881, 31.32091952673165, 51.264022471905186, 38.91015291668744, 36.124783736376884, 53.23532661682466, 0.0, 49.4064773081425, 79.64923100695951], [29.698484809834994, 94.847245611035, 49.01020301937138, 96.40020746865642, 46.2709412050371, 32.2490309931942, 23.430749027719962, 49.4064773081425, 0.0, 73.40980860893181], [46.87216658103186, 94.04786015641186, 104.23531071570709, 88.56635930193812, 40.8166632639171, 48.79549159502341, 96.17692030835673, 79.64923100695951, 73.40980860893181, 0.0]], "task_locations": [[40, 90], [89, 5], [18, 20], [96, 11], [65, 64], [51, 65], [1, 54], [48, 29], [19, 69], [86, 99]], "precedence_constraints": [[8, 5], [4, 1], [4, 6], [3, 6], [8, 6]]}