{"Q": [[1, 1, 0], [0, 1, 0], [0, 1, 1]], "R": [[0.0, 0.0, 0.0], [1.0, 1.0, 0.0], [1.0, 0.0, 1.0], [1.0, 0.0, 1.0], [1.0, 1.0, 0.0], [0.0, 0.0, 1.0], [1.0, 0.0, 1.0], [0.0, 1.0, 0.0], [1.0, 1.0, 1.0], [0.0, 0.0, 0.0]], "T_e": [0, 63, 71, 80, 73, 57, 73, 98, 90, 0], "T_t": [[0.0, 26.1725046566048, 57.38466694161429, 12.206555615733702, 58.66856057549052, 68.18357573492314, 42.95346318982906, 57.0087712549569, 71.34423592694787, 28.160255680657446], [26.1725046566048, 0.0, 38.91015291668744, 33.734255586866, 54.08326913195984, 42.04759208325728, 24.698178070456937, 59.033888572581766, 45.17742799230607, 5.0990195135927845], [57.38466694161429, 38.91015291668744, 0.0, 57.30619512757761, 90.09439494219383, 41.400483088968905, 56.142675390472796, 97.12363255150623, 41.773197148410844, 34.0], [12.206555615733702, 33.734255586866, 57.30619512757761, 0.0, 70.83078426785913, 75.16648189186454, 53.85164807134504, 68.62215385719105, 78.05767098754612, 34.058772731852805], [58.66856057549052, 54.08326913195984, 90.09439494219383, 70.83078426785913, 0.0, 68.24221567329127, 34.48187929913333, 14.560219778561036, 71.61005515987263, 59.033888572581766], [68.18357573492314, 42.04759208325728, 41.400483088968905, 75.16648189186454, 68.24221567329127, 0.0, 37.013511046643494, 80.05623023850174, 3.605551275463989, 41.10960958218893], [42.95346318982906, 24.698178070456937, 56.142675390472796, 53.85164807134504, 34.48187929913333, 37.013511046643494, 0.0, 44.10215414239989, 40.607881008493905, 28.635642126552707], [57.0087712549569, 59.033888572581766, 97.12363255150623, 68.62215385719105, 14.560219778561036, 80.05623023850174, 44.10215414239989, 0.0, 83.54639429682169, 64.13267497929586], [71.34423592694787, 45.17742799230607, 41.773197148410844, 78.05767098754612, 71.61005515987263, 3.605551275463989, 40.607881008493905, 83.54639429682169, 0.0, 44.01136216933077], [28.160255680657446, 5.0990195135927845, 34.0, 34.058772731852805, 59.033888572581766, 41.10960958218893, 28.635642126552707, 64.13267497929586, 44.01136216933077, 0.0]], "task_locations": [[23, 42], [49, 39], [66, 4], [16, 32], [52, 93], [91, 37], [62, 60], [38, 97], [94, 35], [50, 34]], "precedence_constraints": [[3, 2], [6, 7], [5, 4]]}