{"Q": [[0, 1, 1], [0, 1, 0], [1, 0, 1]], "R": [[0.0, 0.0, 0.0], [1.0, 1.0, 0.0], [1.0, 0.0, 0.0], [1.0, 1.0, 0.0], [0.0, 1.0, 0.0], [1.0, 1.0, 0.0], [0.0, 1.0, 0.0], [1.0, 0.0, 0.0], [1.0, 0.0, 1.0], [0.0, 0.0, 0.0]], "T_e": [0, 74, 82, 62, 67, 66, 76, 83, 71, 0], "T_t": [[0.0, 86.83317338436964, 57.0087712549569, 106.77546534667971, 76.38062581571324, 77.15568676384133, 81.25269226308751, 48.373546489791295, 61.61980201201558, 61.61168720299745], [86.83317338436964, 0.0, 45.18849411078001, 34.0147027033899, 26.419689627245813, 21.470910553583888, 61.07372593840988, 45.60701700396552, 35.22782990761707, 26.68332812825267], [57.0087712549569, 45.18849411078001, 0.0, 77.12976079309465, 54.147945482723536, 51.0, 29.732137494637012, 10.295630140987, 47.75981574503821, 35.6931365951495], [106.77546534667971, 34.0147027033899, 77.12976079309465, 0.0, 30.4138126514911, 30.0, 95.08417323613851, 75.02666192761077, 45.34313619501854, 47.16990566028302], [76.38062581571324, 26.419689627245813, 54.147945482723536, 30.4138126514911, 0.0, 5.0, 78.43468620451031, 49.25444142409901, 15.0, 19.235384061671343], [77.15568676384133, 21.470910553583888, 51.0, 30.0, 5.0, 0.0, 74.33034373659252, 46.87216658103186, 17.08800749063506, 17.46424919657298], [81.25269226308751, 61.07372593840988, 29.732137494637012, 95.08417323613851, 78.43468620451031, 74.33034373659252, 0.0, 39.824615503479755, 75.29276193632427, 62.177166226839255], [48.373546489791295, 45.60701700396552, 10.295630140987, 75.02666192761077, 49.25444142409901, 46.87216658103186, 39.824615503479755, 0.0, 40.607881008493905, 30.066592756745816], [61.61980201201558, 35.22782990761707, 47.75981574503821, 45.34313619501854, 15.0, 17.08800749063506, 75.29276193632427, 40.607881008493905, 0.0, 13.45362404707371], [61.61168720299745, 26.68332812825267, 35.6931365951495, 47.16990566028302, 19.235384061671343, 17.46424919657298, 62.177166226839255, 30.066592756745816, 13.45362404707371, 0.0]], "task_locations": [[14, 22], [90, 64], [71, 23], [89, 98], [67, 77], [71, 74], [93, 3], [62, 28], [55, 68], [64, 58]], "precedence_constraints": [[3, 6], [1, 6], [2, 8], [5, 6], [2, 5], [3, 5]]}