{"Q": [[1, 0, 1], [0, 1, 1], [1, 1, 1]], "R": [[0.0, 0.0, 0.0], [0.0, 1.0, 0.0], [0.0, 1.0, 0.0], [0.0, 0.0, 1.0], [0.0, 0.0, 1.0], [1.0, 1.0, 0.0], [0.0, 1.0, 1.0], [0.0, 1.0, 1.0], [1.0, 0.0, 1.0], [0.0, 0.0, 0.0]], "T_e": [0, 83, 52, 90, 82, 94, 82, 60, 97, 0], "T_t": [[0.0, 68.96375859826666, 8.94427190999916, 31.622776601683793, 15.297058540778355, 81.2219182240853, 72.56721022610694, 100.60318086422517, 91.0494371207203, 63.953107821277925], [68.96375859826666, 0.0, 60.03332407921454, 42.7551166528639, 79.81227975693966, 45.17742799230607, 58.25804665451803, 33.60059523282288, 25.495097567963924, 56.938563381947034], [8.94427190999916, 60.03332407921454, 0.0, 24.166091947189145, 21.95449840010015, 73.68174807915459, 67.36467917239716, 91.8313671900838, 82.3286098510111, 59.07622195096772], [31.622776601683793, 42.7551166528639, 24.166091947189145, 0.0, 46.06517122512408, 70.66116330771806, 45.09988913511872, 71.19691004531025, 61.40032573203501, 37.656340767525464], [15.297058540778355, 79.81227975693966, 21.95449840010015, 46.06517122512408, 0.0, 84.48076704197234, 87.86353054595519, 112.53888216967503, 103.24727599312246, 79.2464510246358], [81.2219182240853, 45.17742799230607, 73.68174807915459, 70.66116330771806, 84.48076704197234, 0.0, 101.41498903022176, 67.00746227100382, 63.788713735268246, 98.29038610159185], [72.56721022610694, 58.25804665451803, 67.36467917239716, 45.09988913511872, 87.86353054595519, 101.41498903022176, 0.0, 65.76473218982953, 57.723478758647246, 8.94427190999916], [100.60318086422517, 33.60059523282288, 91.8313671900838, 71.19691004531025, 112.53888216967503, 67.00746227100382, 65.76473218982953, 0.0, 9.848857801796104, 69.02897942168927], [91.0494371207203, 25.495097567963924, 82.3286098510111, 61.40032573203501, 103.24727599312246, 63.788713735268246, 57.723478758647246, 9.848857801796104, 0.0, 60.29925372672534], [63.953107821277925, 56.938563381947034, 59.07622195096772, 37.656340767525464, 79.2464510246358, 98.29038610159185, 8.94427190999916, 69.02897942168927, 60.29925372672534, 0.0]], "task_locations": [[3, 77], [63, 43], [11, 73], [21, 51], [0, 92], [84, 83], [18, 6], [83, 16], [74, 20], [14, 14]], "precedence_constraints": [[2, 7], [6, 7], [7, 1], [7, 8]]}