{"Q": [[0, 1, 1], [1, 1, 1], [0, 1, 0]], "R": [[0.0, 0.0, 0.0], [0.0, 1.0, 1.0], [0.0, 1.0, 1.0], [1.0, 1.0, 0.0], [1.0, 0.0, 0.0], [1.0, 0.0, 0.0], [0.0, 1.0, 0.0], [1.0, 0.0, 0.0], [0.0, 1.0, 0.0], [0.0, 0.0, 0.0]], "T_e": [0, 73, 99, 82, 70, 88, 63, 98, 83, 0], "T_t": [[0.0, 48.877397639399746, 34.539832078341085, 74.65252842335616, 40.607881008493905, 104.35516278555652, 90.13878188659973, 50.32891812864648, 25.079872407968907, 92.63368717696602], [48.877397639399746, 0.0, 15.620499351813308, 33.37663853655727, 18.110770276274835, 74.54528824815154, 80.2122185206219, 15.811388300841896, 28.600699292150182, 46.647615158762406], [34.539832078341085, 15.620499351813308, 0.0, 47.43416490252569, 10.0, 86.00581375697809, 85.42833253669417, 25.019992006393608, 13.038404810405298, 62.12889826803627], [74.65252842335616, 33.37663853655727, 47.43416490252569, 0.0, 51.478150704935004, 43.32435804486894, 61.05735008989499, 24.413111231467404, 60.166435825965294, 20.248456731316587], [40.607881008493905, 18.110770276274835, 10.0, 51.478150704935004, 0.0, 92.26592003551474, 94.41398201537736, 31.78049716414141, 15.811388300841896, 63.56099432828282], [104.35516278555652, 74.54528824815154, 86.00581375697809, 43.32435804486894, 92.26592003551474, 0.0, 39.05124837953327, 61.0, 97.32933781753577, 47.38143096192854], [90.13878188659973, 80.2122185206219, 85.42833253669417, 61.05735008989499, 94.41398201537736, 39.05124837953327, 0.0, 64.40496875241847, 92.97311439335567, 75.27283706623525], [50.32891812864648, 15.811388300841896, 25.019992006393608, 24.413111231467404, 31.78049716414141, 61.0, 64.40496875241847, 0.0, 36.87817782917155, 42.638011210655684], [25.079872407968907, 28.600699292150182, 13.038404810405298, 60.166435825965294, 15.811388300841896, 97.32933781753577, 92.97311439335567, 36.87817782917155, 0.0, 75.16648189186454], [92.63368717696602, 46.647615158762406, 62.12889826803627, 20.248456731316587, 63.56099432828282, 47.38143096192854, 75.27283706623525, 42.638011210655684, 75.16648189186454, 0.0]], "task_locations": [[99, 18], [74, 60], [86, 50], [41, 65], [92, 58], [0, 51], [9, 13], [61, 51], [97, 43], [34, 84]], "precedence_constraints": [[2, 4], [2, 1], [7, 6], [7, 3]]}