{"Q": [[0, 1, 1], [1, 1, 1], [0, 1, 1]], "R": [[0.0, 0.0, 0.0], [1.0, 1.0, 0.0], [0.0, 0.0, 1.0], [1.0, 0.0, 0.0], [1.0, 0.0, 0.0], [1.0, 0.0, 0.0], [0.0, 1.0, 0.0], [1.0, 0.0, 0.0], [1.0, 1.0, 1.0], [0.0, 0.0, 0.0]], "T_e": [0, 51, 82, 76, 59, 79, 91, 63, 75, 0], "T_t": [[0.0, 44.77722635447622, 52.23983154643591, 22.80350850198276, 86.97700845625813, 90.13878188659973, 72.80109889280519, 76.84399781375251, 20.0, 34.785054261852174], [44.77722635447622, 0.0, 78.71467461661771, 61.71709649683789, 62.369864518050704, 65.11528238439882, 28.160255680657446, 32.55764119219941, 25.709920264364882, 54.120236510939236], [52.23983154643591, 78.71467461661771, 0.0, 31.953090617340916, 80.36168241145776, 82.96987405076617, 100.26464980241042, 101.9803902718557, 64.93843238021688, 86.49277426467485], [22.80350850198276, 61.71709649683789, 31.953090617340916, 0.0, 88.2779700718135, 91.35097153287424, 88.20430828479978, 91.4166286842826, 40.496913462633174, 55.226805085936306], [86.97700845625813, 62.369864518050704, 80.36168241145776, 88.2779700718135, 0.0, 3.1622776601683795, 56.753854494650845, 53.75872022286245, 77.69813382572325, 111.77208953938367], [90.13878188659973, 65.11528238439882, 82.96987405076617, 91.35097153287424, 3.1622776601683795, 0.0, 58.52349955359813, 55.31726674375732, 80.77747210701756, 114.82595525402782], [72.80109889280519, 28.160255680657446, 100.26464980241042, 88.20430828479978, 56.753854494650845, 58.52349955359813, 0.0, 5.385164807134504, 53.85164807134504, 79.30952023559341], [76.84399781375251, 32.55764119219941, 101.9803902718557, 91.4166286842826, 53.75872022286245, 55.31726674375732, 5.385164807134504, 0.0, 58.249463516842795, 84.48076704197234], [20.0, 25.709920264364882, 64.93843238021688, 40.496913462633174, 77.69813382572325, 80.77747210701756, 53.85164807134504, 58.249463516842795, 0.0, 34.20526275297414], [34.785054261852174, 54.120236510939236, 86.49277426467485, 55.226805085936306, 111.77208953938367, 114.82595525402782, 79.30952023559341, 84.48076704197234, 34.20526275297414, 0.0]], "task_locations": [[63, 12], [81, 53], [11, 17], [41, 6], [34, 94], [33, 97], [89, 80], [87, 85], [75, 28], [96, 1]], "precedence_constraints": [[4, 8], [8, 3], [1, 2], [4, 2]]}