{"Q": [[1, 0, 1], [0, 1, 0], [1, 1, 0]], "R": [[0.0, 0.0, 0.0], [1.0, 1.0, 1.0], [1.0, 1.0, 1.0], [0.0, 1.0, 0.0], [1.0, 0.0, 1.0], [1.0, 0.0, 0.0], [0.0, 0.0, 1.0], [1.0, 0.0, 0.0], [1.0, 1.0, 0.0], [0.0, 0.0, 0.0]], "T_e": [0, 70, 64, 60, 70, 90, 53, 72, 54, 0], "T_t": [[0.0, 21.93171219946131, 58.69412236331676, 26.248809496813376, 53.23532661682466, 79.37883848986453, 18.867962264113206, 27.459060435491963, 33.24154027718932, 20.248456731316587], [21.93171219946131, 0.0, 66.27216610312357, 11.40175425099138, 66.85057965343307, 57.56735185849702, 30.805843601498726, 23.430749027719962, 50.21951811795888, 20.223748416156685], [58.69412236331676, 66.27216610312357, 0.0, 77.05841939723393, 19.4164878389476, 103.00485425454472, 76.84399781375251, 84.48076704197234, 33.97057550292606, 46.09772228646444], [26.248809496813376, 11.40175425099138, 77.05841939723393, 0.0, 76.24303246854758, 58.309518948453004, 27.294688127912362, 13.892443989449804, 58.137767414994535, 31.0], [53.23532661682466, 66.85057965343307, 19.4164878389476, 76.24303246854758, 0.0, 112.43220179290273, 69.18092222571191, 80.62257748298549, 21.37755832643195, 47.41307836451879], [79.37883848986453, 57.56735185849702, 103.00485425454472, 58.309518948453004, 112.43220179290273, 0.0, 85.58621384311844, 70.00714249274856, 102.07840124139877, 68.79680225126747], [18.867962264113206, 30.805843601498726, 76.84399781375251, 27.294688127912362, 69.18092222571191, 85.58621384311844, 0.0, 18.601075237738275, 48.010415536631214, 38.18376618407357], [27.459060435491963, 23.430749027719962, 84.48076704197234, 13.892443989449804, 80.62257748298549, 70.00714249274856, 18.601075237738275, 0.0, 60.63827174318213, 39.84971769034255], [33.24154027718932, 50.21951811795888, 33.97057550292606, 58.137767414994535, 21.37755832643195, 102.07840124139877, 48.010415536631214, 60.63827174318213, 0.0, 33.421549934136806], [20.248456731316587, 20.223748416156685, 46.09772228646444, 31.0, 47.41307836451879, 68.79680225126747, 38.18376618407357, 39.84971769034255, 33.421549934136806, 0.0]], "task_locations": [[27, 86], [18, 66], [84, 72], [7, 69], [80, 91], [1, 11], [11, 96], [0, 81], [59, 95], [38, 69]], "precedence_constraints": [[8, 6], [3, 7]]}