{"Q": [[1, 1, 1], [1, 1, 0], [1, 1, 0]], "R": [[0.0, 0.0, 0.0], [0.0, 1.0, 1.0], [1.0, 1.0, 1.0], [0.0, 1.0, 0.0], [0.0, 0.0, 1.0], [1.0, 0.0, 1.0], [1.0, 0.0, 1.0], [1.0, 1.0, 1.0], [0.0, 1.0, 1.0], [0.0, 0.0, 0.0]], "T_e": [0, 76, 51, 69, 74, 58, 76, 72, 78, 0], "T_t": [[0.0, 59.0592922409336, 53.009433122794285, 54.45181356024793, 13.038404810405298, 23.345235059857504, 81.2219182240853, 33.13608305156178, 25.0, 23.706539182259394], [59.0592922409336, 0.0, 74.04052944165107, 68.4470598345904, 48.104053883222775, 48.25971404805462, 36.40054944640259, 36.359317925395686, 82.41965784932621, 79.81227975693966], [53.009433122794285, 74.04052944165107, 0.0, 8.06225774829855, 59.09314681077663, 71.30918594402827, 70.00714249274856, 40.049968789001575, 51.42956348249516, 47.41307836451879], [54.45181356024793, 68.4470598345904, 8.06225774829855, 0.0, 58.83026432033091, 70.71067811865476, 62.24146527838174, 36.345563690772494, 56.302753041036986, 52.20153254455275], [13.038404810405298, 48.104053883222775, 59.09314681077663, 58.83026432033091, 0.0, 12.36931687685298, 74.16872656315464, 29.5296461204668, 38.01315561749642, 36.71511950137164], [23.345235059857504, 48.25971404805462, 71.30918594402827, 70.71067811865476, 12.36931687685298, 0.0, 78.85429601486528, 38.948684188300895, 47.01063709417264, 46.486557196677836], [81.2219182240853, 36.40054944640259, 70.00714249274856, 62.24146527838174, 74.16872656315464, 78.85429601486528, 0.0, 48.83646178829912, 99.45853407325085, 95.88013350011565], [33.13608305156178, 36.359317925395686, 40.049968789001575, 36.345563690772494, 29.5296461204668, 38.948684188300895, 48.83646178829912, 0.0, 50.92150822589606, 47.53945729601885], [25.0, 82.41965784932621, 51.42956348249516, 56.302753041036986, 38.01315561749642, 47.01063709417264, 99.45853407325085, 50.92150822589606, 0.0, 4.123105625617661], [23.706539182259394, 79.81227975693966, 47.41307836451879, 52.20153254455275, 36.71511950137164, 46.486557196677836, 95.88013350011565, 47.53945729601885, 4.123105625617661, 0.0]], "task_locations": [[50, 17], [78, 69], [7, 48], [11, 55], [61, 24], [73, 21], [56, 98], [47, 50], [30, 2], [29, 6]], "precedence_constraints": [[7, 4], [7, 6], [7, 8], [7, 2], [6, 2], [4, 6]]}