{"Q": [[0, 1, 1], [1, 1, 0], [0, 1, 0]], "R": [[0.0, 0.0, 0.0], [0.0, 0.0, 1.0], [0.0, 1.0, 0.0], [1.0, 1.0, 0.0], [1.0, 0.0, 1.0], [1.0, 0.0, 0.0], [1.0, 1.0, 1.0], [1.0, 1.0, 0.0], [1.0, 1.0, 1.0], [0.0, 0.0, 0.0]], "T_e": [0, 92, 75, 89, 75, 50, 90, 52, 86, 0], "T_t": [[0.0, 65.86349520030045, 66.12866246946176, 55.60575509783138, 82.56512580987206, 81.32035415564789, 94.36630754670864, 43.139309220245984, 80.0, 80.65358020571685], [65.86349520030045, 0.0, 44.68780594300866, 25.495097567963924, 63.12685640834652, 24.020824298928627, 69.1158447825099, 26.1725046566048, 32.28002478313795, 55.0], [66.12866246946176, 44.68780594300866, 0.0, 21.095023109728988, 20.248456731316587, 35.35533905932738, 30.066592756745816, 32.984845004941285, 25.079872407968907, 15.033296378372908], [55.60575509783138, 25.495097567963924, 21.095023109728988, 0.0, 41.14608122288197, 27.294688127912362, 49.72926703662542, 14.317821063276353, 24.413111231467404, 34.48187929913333], [82.56512580987206, 63.12685640834652, 20.248456731316587, 41.14608122288197, 0.0, 48.373546489791295, 12.083045973594572, 53.16013544000805, 36.235341863986875, 8.94427190999916], [81.32035415564789, 24.020824298928627, 35.35533905932738, 27.294688127912362, 48.373546489791295, 0.0, 50.93132631298737, 38.18376618407357, 12.206555615733702, 39.44616584663204], [94.36630754670864, 69.1158447825099, 30.066592756745816, 49.72926703662542, 12.083045973594572, 50.93132631298737, 0.0, 62.80127387243033, 38.897300677553446, 15.297058540778355], [43.139309220245984, 26.1725046566048, 32.984845004941285, 14.317821063276353, 53.16013544000805, 38.18376618407357, 62.80127387243033, 0.0, 38.01315561749642, 47.51841748206689], [80.0, 32.28002478313795, 25.079872407968907, 24.413111231467404, 36.235341863986875, 12.206555615733702, 38.897300677553446, 38.01315561749642, 0.0, 27.294688127912362], [80.65358020571685, 55.0, 15.033296378372908, 34.48187929913333, 8.94427190999916, 39.44616584663204, 15.297058540778355, 47.51841748206689, 27.294688127912362, 0.0]], "task_locations": [[92, 4], [59, 61], [30, 27], [48, 38], [11, 20], [35, 62], [0, 25], [62, 35], [28, 52], [15, 28]], "precedence_constraints": [[4, 8], [7, 2]]}