{"Q": [[0, 1, 1], [1, 1, 1], [1, 0, 1]], "R": [[0.0, 0.0, 0.0], [1.0, 1.0, 0.0], [0.0, 1.0, 1.0], [0.0, 1.0, 1.0], [0.0, 1.0, 0.0], [1.0, 0.0, 0.0], [1.0, 1.0, 1.0], [1.0, 0.0, 1.0], [1.0, 0.0, 0.0], [0.0, 0.0, 0.0]], "T_e": [0, 85, 86, 69, 70, 51, 59, 76, 85, 0], "T_t": [[0.0, 48.703182647543684, 54.817880294662984, 56.293871780150276, 32.984845004941285, 55.08175741568164, 65.37583651472461, 23.194827009486403, 67.47592163134935, 55.08175741568164], [48.703182647543684, 0.0, 48.91829923454004, 29.410882339705484, 27.784887978899608, 58.05170109479997, 21.02379604162864, 26.419689627245813, 27.65863337187866, 62.625873247404705], [54.817880294662984, 48.91829923454004, 0.0, 76.8505042273634, 63.60031446463138, 11.180339887498949, 68.6804193347711, 50.80354318352215, 39.293765408777, 17.11724276862369], [56.293871780150276, 29.410882339705484, 76.8505042273634, 0.0, 23.345235059857504, 84.81155581640984, 21.470910553583888, 35.34119409414458, 55.08175741568164, 88.61715409558128], [32.984845004941285, 27.784887978899608, 63.60031446463138, 23.345235059857504, 0.0, 69.35416353759881, 36.24913792078372, 14.212670403551895, 54.78138369920935, 72.069410986909], [55.08175741568164, 58.05170109479997, 11.180339887498949, 84.81155581640984, 69.35416353759881, 0.0, 78.40918313565064, 55.71355310873648, 50.44799302251776, 6.0], [65.37583651472461, 21.02379604162864, 68.6804193347711, 21.470910553583888, 36.24913792078372, 78.40918313565064, 0.0, 42.190046219457976, 38.27531841800928, 83.23460818673925], [23.194827009486403, 26.419689627245813, 50.80354318352215, 35.34119409414458, 14.212670403551895, 55.71355310873648, 42.190046219457976, 0.0, 49.4064773081425, 58.137767414994535], [67.47592163134935, 27.65863337187866, 39.293765408777, 55.08175741568164, 54.78138369920935, 50.44799302251776, 38.27531841800928, 49.4064773081425, 0.0, 56.293871780150276], [55.08175741568164, 62.625873247404705, 17.11724276862369, 88.61715409558128, 72.069410986909, 6.0, 83.23460818673925, 58.137767414994535, 56.293871780150276, 0.0]], "task_locations": [[71, 75], [25, 59], [57, 22], [16, 87], [39, 83], [68, 20], [6, 68], [48, 72], [19, 32], [74, 20]], "precedence_constraints": [[5, 1], [2, 6], [1, 7], [1, 8], [5, 7], [2, 3]]}