{"Q": [[1, 1, 0], [0, 1, 1], [0, 1, 0]], "R": [[0.0, 0.0, 0.0], [1.0, 0.0, 0.0], [0.0, 1.0, 1.0], [1.0, 0.0, 0.0], [1.0, 1.0, 1.0], [1.0, 1.0, 1.0], [1.0, 0.0, 0.0], [1.0, 0.0, 0.0], [1.0, 1.0, 1.0], [0.0, 0.0, 0.0]], "T_e": [0, 70, 82, 62, 82, 93, 91, 81, 93, 0], "T_t": [[0.0, 35.90264614203248, 56.568542494923804, 40.496913462633174, 24.0, 73.33484846919642, 21.840329667841555, 81.34494452638098, 47.01063709417264, 31.78049716414141], [35.90264614203248, 0.0, 26.40075756488817, 6.708203932499369, 38.48376280978771, 38.01315561749642, 50.21951811795888, 70.21395872616783, 64.66065264130884, 43.04648650006177], [56.568542494923804, 26.40075756488817, 0.0, 28.42534080710379, 64.4980619863884, 22.67156809750927, 63.34824385884742, 51.0, 67.42403132415029, 47.853944456021594], [40.496913462633174, 6.708203932499369, 28.42534080710379, 0.0, 39.293765408777, 35.6931365951495, 56.22277118748239, 75.18643494673756, 71.34423592694787, 49.73932046178355], [24.0, 38.48376280978771, 64.4980619863884, 39.293765408777, 0.0, 74.95331880577403, 45.39823785126467, 100.12492197250393, 71.00704190430693, 54.57105459856901], [73.33484846919642, 38.01315561749642, 22.67156809750927, 35.6931365951495, 74.95331880577403, 0.0, 83.81527307120105, 68.15423684555495, 90.0, 69.9714227381436], [21.840329667841555, 50.21951811795888, 63.34824385884742, 56.22277118748239, 45.39823785126467, 83.81527307120105, 0.0, 72.71863585079137, 26.92582403567252, 20.615528128088304], [81.34494452638098, 70.21395872616783, 51.0, 75.18643494673756, 100.12492197250393, 68.15423684555495, 72.71863585079137, 0.0, 56.293871780150276, 52.43090691567332], [47.01063709417264, 64.66065264130884, 67.42403132415029, 71.34423592694787, 71.00704190430693, 90.0, 26.92582403567252, 56.293871780150276, 0.0, 21.633307652783937], [31.78049716414141, 43.04648650006177, 47.853944456021594, 49.73932046178355, 54.57105459856901, 69.9714227381436, 20.615528128088304, 52.43090691567332, 21.633307652783937, 0.0]], "task_locations": [[19, 34], [54, 26], [75, 42], [57, 20], [19, 10], [92, 27], [13, 55], [75, 93], [20, 81], [32, 63]], "precedence_constraints": [[4, 3], [5, 2]]}