{"Q": [[0, 1, 0], [0, 1, 1], [1, 1, 0]], "R": [[0.0, 0.0, 0.0], [0.0, 0.0, 1.0], [0.0, 0.0, 1.0], [1.0, 0.0, 1.0], [0.0, 0.0, 1.0], [1.0, 1.0, 1.0], [1.0, 0.0, 0.0], [1.0, 0.0, 1.0], [1.0, 0.0, 0.0], [0.0, 0.0, 0.0]], "T_e": [0, 79, 82, 89, 59, 62, 80, 53, 53, 0], "T_t": [[0.0, 75.8946638440411, 69.31810730249349, 36.138621999185304, 46.17358552246078, 22.627416997969522, 70.32780389006896, 43.01162633521314, 75.13321502504735, 76.02631123499285], [75.8946638440411, 0.0, 12.206555615733702, 39.92492955535426, 89.37561188601732, 96.66436778875658, 15.556349186104045, 75.43208866258443, 58.215118311311535, 90.44335243676011], [69.31810730249349, 12.206555615733702, 0.0, 34.828149534535996, 89.04493247793498, 91.0659101969557, 4.123105625617661, 75.66372975210778, 65.19202405202648, 94.72592042308166], [36.138621999185304, 39.92492955535426, 34.828149534535996, 0.0, 57.0087712549569, 56.79788728465171, 36.76955262170047, 45.12205669071391, 53.600373133029585, 71.56814934033156], [46.17358552246078, 89.37561188601732, 89.04493247793498, 57.0087712549569, 0.0, 41.036569057366385, 91.92388155425118, 14.212670403551895, 53.9351462406472, 34.9857113690718], [22.627416997969522, 96.66436778875658, 91.0659101969557, 56.79788728465171, 41.036569057366385, 0.0, 92.35799911215054, 45.18849411078001, 84.92938243034621, 75.6042326857432], [70.32780389006896, 15.556349186104045, 4.123105625617661, 36.76955262170047, 91.92388155425118, 92.35799911215054, 0.0, 78.71467461661771, 69.26037828369117, 98.47842403288143], [43.01162633521314, 75.43208866258443, 75.66372975210778, 45.12205669071391, 14.212670403551895, 45.18849411078001, 78.71467461661771, 0.0, 42.01190307520001, 33.015148038438355], [75.13321502504735, 58.215118311311535, 65.19202405202648, 53.600373133029585, 53.9351462406472, 84.92938243034621, 69.26037828369117, 42.01190307520001, 0.0, 36.235341863986875], [76.02631123499285, 90.44335243676011, 94.72592042308166, 71.56814934033156, 34.9857113690718, 75.6042326857432, 98.47842403288143, 33.015148038438355, 36.235341863986875, 0.0]], "task_locations": [[37, 19], [13, 91], [6, 81], [28, 54], [81, 33], [53, 3], [2, 80], [72, 44], [71, 86], [99, 63]], "precedence_constraints": [[5, 1], [8, 4], [2, 3], [5, 8]]}