{"Q": [[0, 1, 1], [1, 1, 0], [0, 1, 0]], "R": [[0.0, 0.0, 0.0], [0.0, 0.0, 1.0], [1.0, 0.0, 0.0], [1.0, 1.0, 1.0], [1.0, 0.0, 1.0], [1.0, 1.0, 0.0], [0.0, 1.0, 0.0], [1.0, 0.0, 0.0], [0.0, 1.0, 1.0], [0.0, 0.0, 0.0]], "T_e": [0, 50, 54, 75, 57, 70, 54, 84, 93, 0], "T_t": [[0.0, 82.49242389456137, 56.08029957123981, 43.86342439892262, 73.49829930005184, 80.2807573457052, 29.154759474226502, 72.56031973468694, 64.19501538281614, 103.58571330062848], [82.49242389456137, 0.0, 50.99019513592785, 39.20459156782532, 59.53990258641679, 24.041630560342615, 58.52349955359813, 10.0, 24.166091947189145, 21.095023109728988], [56.08029957123981, 50.99019513592785, 0.0, 38.948684188300895, 19.1049731745428, 65.86349520030045, 27.65863337187866, 44.94441010848846, 51.22499389946279, 68.00735254367721], [43.86342439892262, 39.20459156782532, 38.948684188300895, 0.0, 57.0087712549569, 38.01315561749642, 25.96150997149434, 29.206163733020468, 21.095023109728988, 60.21627686929839], [73.49829930005184, 59.53990258641679, 19.1049731745428, 57.0087712549569, 0.0, 78.64477096412705, 46.17358552246078, 56.22277118748239, 66.06814663663572, 72.27724399837061], [80.2807573457052, 24.041630560342615, 65.86349520030045, 38.01315561749642, 78.64477096412705, 0.0, 63.28506932918696, 22.67156809750927, 17.029386365926403, 35.73513677041127], [29.154759474226502, 58.52349955359813, 27.65863337187866, 25.96150997149434, 46.17358552246078, 63.28506932918696, 0.0, 49.24428900898052, 46.2709412050371, 79.12016177940993], [72.56031973468694, 10.0, 44.94441010848846, 29.206163733020468, 56.22277118748239, 22.67156809750927, 49.24428900898052, 0.0, 16.1245154965971, 31.064449134018133], [64.19501538281614, 24.166091947189145, 51.22499389946279, 21.095023109728988, 66.06814663663572, 17.029386365926403, 46.2709412050371, 16.1245154965971, 0.0, 43.278170016764804], [103.58571330062848, 21.095023109728988, 68.00735254367721, 60.21627686929839, 72.27724399837061, 35.73513677041127, 79.12016177940993, 31.064449134018133, 43.278170016764804, 0.0]], "task_locations": [[2, 86], [73, 44], [23, 34], [42, 68], [21, 15], [80, 67], [17, 61], [65, 50], [63, 66], [91, 33]], "precedence_constraints": [[2, 5], [7, 4], [8, 1]]}