{"Q": [[1, 1, 1], [1, 0, 1], [0, 0, 1]], "R": [[0.0, 0.0, 0.0], [1.0, 1.0, 0.0], [1.0, 0.0, 0.0], [1.0, 1.0, 1.0], [0.0, 1.0, 0.0], [0.0, 1.0, 0.0], [1.0, 0.0, 1.0], [1.0, 1.0, 0.0], [0.0, 1.0, 1.0], [0.0, 0.0, 0.0]], "T_e": [0, 79, 91, 71, 53, 58, 92, 69, 51, 0], "T_t": [[0.0, 81.41252974819048, 58.82176467941097, 92.0869154657707, 6.082762530298219, 41.30375285612676, 13.0, 81.83520025025906, 10.816653826391969, 71.17583859709698], [81.41252974819048, 0.0, 91.78235124467012, 42.941821107167776, 85.23496934944014, 45.27692569068709, 91.80958555619343, 41.773197148410844, 83.21658488546619, 11.40175425099138], [58.82176467941097, 91.78235124467012, 0.0, 72.80109889280519, 64.28841264178172, 77.98717843338096, 69.2314957226839, 63.34824385884742, 48.507731342539614, 87.28115489611719], [92.0869154657707, 42.941821107167776, 72.80109889280519, 0.0, 97.63708311906906, 71.84705978674423, 104.84750831564858, 10.63014581273465, 88.61715409558128, 48.76474136094644], [6.082762530298219, 85.23496934944014, 64.28841264178172, 97.63708311906906, 0.0, 43.41658669218482, 7.211102550927978, 87.46427842267951, 15.811388300841896, 74.70609078247904], [41.30375285612676, 45.27692569068709, 77.98717843338096, 71.84705978674423, 43.41658669218482, 0.0, 49.040799340956916, 64.07027391856539, 47.16990566028302, 33.94112549695428], [13.0, 91.80958555619343, 69.2314957226839, 104.84750831564858, 7.211102550927978, 49.040799340956916, 0.0, 94.66784036831093, 21.02379604162864, 81.12336284942828], [81.83520025025906, 41.773197148410844, 63.34824385884742, 10.63014581273465, 87.46427842267951, 64.07027391856539, 94.66784036831093, 0.0, 78.10249675906654, 45.17742799230607], [10.816653826391969, 83.21658488546619, 48.507731342539614, 88.61715409558128, 15.811388300841896, 47.16990566028302, 21.02379604162864, 78.10249675906654, 0.0, 73.76313442364011], [71.17583859709698, 11.40175425099138, 87.28115489611719, 48.76474136094644, 74.70609078247904, 33.94112549695428, 81.12336284942828, 45.17742799230607, 73.76313442364011, 0.0]], "task_locations": [[25, 15], [97, 53], [7, 71], [77, 91], [24, 9], [66, 20], [20, 3], [69, 84], [19, 24], [90, 44]], "precedence_constraints": [[8, 3], [1, 5]]}