{"Q": [[0, 1, 0], [1, 1, 1], [0, 1, 0]], "R": [[0.0, 0.0, 0.0], [0.0, 0.0, 1.0], [1.0, 1.0, 0.0], [1.0, 0.0, 0.0], [1.0, 0.0, 0.0], [0.0, 0.0, 1.0], [0.0, 0.0, 1.0], [1.0, 0.0, 0.0], [0.0, 1.0, 1.0], [0.0, 0.0, 0.0]], "T_e": [0, 88, 87, 79, 75, 54, 65, 67, 84, 0], "T_t": [[0.0, 52.49761899362675, 23.021728866442675, 37.16180835212409, 28.071337695236398, 54.3323108288245, 44.28317965096906, 15.652475842498529, 70.8801805866774, 59.30430001273095], [52.49761899362675, 0.0, 42.44997055358225, 19.924858845171276, 74.88658090739622, 39.44616584663204, 53.0, 37.48332962798263, 60.8276253029822, 42.20189569201838], [23.021728866442675, 42.44997055358225, 0.0, 35.90264614203248, 51.0098029794274, 31.78049716414141, 58.69412236331676, 21.93171219946131, 81.30190649671138, 36.6742416417845], [37.16180835212409, 19.924858845171276, 35.90264614203248, 0.0, 56.08029957123981, 48.010415536631214, 34.52535300326414, 21.540659228538015, 48.79549159502341, 52.15361924162119], [28.071337695236398, 74.88658090739622, 51.0098029794274, 56.08029957123981, 0.0, 82.38931969618392, 42.95346318982906, 38.48376280978771, 70.45565981523414, 87.36704184073076], [54.3323108288245, 39.44616584663204, 31.78049716414141, 48.010415536631214, 82.38931969618392, 0.0, 80.52949770115296, 47.67598976424087, 96.54014708917737, 5.0], [44.28317965096906, 53.0, 58.69412236331676, 34.52535300326414, 42.95346318982906, 80.52949770115296, 0.0, 36.76955262170047, 28.0178514522438, 85.0881895447306], [15.652475842498529, 37.48332962798263, 21.93171219946131, 21.540659228538015, 38.48376280978771, 47.67598976424087, 36.76955262170047, 0.0, 60.37383539249432, 52.61178575186362], [70.8801805866774, 60.8276253029822, 81.30190649671138, 48.79549159502341, 70.45565981523414, 96.54014708917737, 28.0178514522438, 60.37383539249432, 0.0, 100.42410069301094], [59.30430001273095, 42.20189569201838, 36.6742416417845, 52.15361924162119, 87.36704184073076, 5.0, 85.0881895447306, 52.61178575186362, 100.42410069301094, 0.0]], "task_locations": [[81, 70], [41, 36], [82, 47], [47, 55], [83, 98], [75, 16], [41, 89], [67, 63], [13, 90], [75, 11]], "precedence_constraints": [[3, 1]]}