{"Q": [[1, 0, 1], [1, 0, 0], [1, 1, 0]], "R": [[0.0, 0.0, 0.0], [1.0, 0.0, 1.0], [1.0, 0.0, 0.0], [0.0, 1.0, 1.0], [1.0, 1.0, 0.0], [1.0, 1.0, 0.0], [0.0, 1.0, 1.0], [1.0, 1.0, 1.0], [1.0, 1.0, 1.0], [0.0, 0.0, 0.0]], "T_e": [0, 58, 88, 78, 70, 94, 63, 84, 99, 0], "T_t": [[0.0, 45.0111097397076, 14.142135623730951, 21.02379604162864, 47.75981574503821, 76.48529270389177, 29.966648127543394, 18.0, 66.27216610312357, 41.036569057366385], [45.0111097397076, 0.0, 49.33558553417604, 64.4980619863884, 76.40026177965623, 104.80458005259122, 73.348483283569, 48.84669896727925, 84.20213774008353, 80.4114419718985], [14.142135623730951, 49.33558553417604, 0.0, 28.600699292150182, 34.0147027033899, 63.13477647065839, 25.019992006393608, 4.47213595499958, 52.15361924162119, 31.304951684997057], [21.02379604162864, 64.4980619863884, 28.600699292150182, 0.0, 54.08326913195984, 79.2464510246358, 23.40939982143925, 33.015148038438355, 76.11832893594026, 38.600518131237564], [47.75981574503821, 76.40026177965623, 34.0147027033899, 54.08326913195984, 0.0, 29.410882339705484, 33.83784863137726, 31.38470965295043, 23.259406699226016, 22.02271554554524], [76.48529270389177, 104.80458005259122, 63.13477647065839, 79.2464510246358, 29.410882339705484, 0.0, 56.32051136131489, 60.74537019394976, 27.16615541441225, 41.10960958218893], [29.966648127543394, 73.348483283569, 25.019992006393608, 23.40939982143925, 33.83784863137726, 56.32051136131489, 0.0, 27.459060435491963, 57.0087712549569, 15.297058540778355], [18.0, 48.84669896727925, 4.47213595499958, 33.015148038438355, 31.38470965295043, 60.74537019394976, 27.459060435491963, 0.0, 48.373546489791295, 31.622776601683793], [66.27216610312357, 84.20213774008353, 52.15361924162119, 76.11832893594026, 23.259406699226016, 27.16615541441225, 57.0087712549569, 48.373546489791295, 0.0, 44.94441010848846], [41.036569057366385, 80.4114419718985, 31.304951684997057, 38.600518131237564, 22.02271554554524, 41.10960958218893, 15.297058540778355, 31.622776601683793, 44.94441010848846, 0.0]], "task_locations": [[66, 87], [21, 88], [68, 73], [85, 96], [82, 42], [99, 18], [93, 74], [66, 69], [72, 21], [96, 59]], "precedence_constraints": [[5, 1], [6, 3], [5, 2], [3, 8], [6, 4]]}