{"Q": [[0, 1, 1], [1, 0, 1], [0, 1, 1]], "R": [[0.0, 0.0, 0.0], [0.0, 1.0, 1.0], [1.0, 0.0, 0.0], [0.0, 1.0, 0.0], [1.0, 1.0, 1.0], [1.0, 1.0, 0.0], [1.0, 0.0, 1.0], [0.0, 0.0, 1.0], [1.0, 0.0, 1.0], [0.0, 0.0, 0.0]], "T_e": [0, 50, 55, 59, 74, 70, 71, 77, 76, 0], "T_t": [[0.0, 86.58521813797087, 70.21395872616783, 20.0, 38.47076812334269, 55.226805085936306, 115.37764081484765, 46.400431032480725, 75.7099729229908, 72.27724399837061], [86.58521813797087, 0.0, 67.62396025078685, 67.35725647619564, 85.9127464349732, 62.20128616033595, 85.84287972802403, 67.89698078707183, 38.3275357934736, 41.43669871020132], [70.21395872616783, 67.62396025078685, 0.0, 55.226805085936306, 39.6232255123179, 15.620499351813308, 45.27692569068709, 23.853720883753127, 30.23243291566195, 26.419689627245813], [20.0, 67.35725647619564, 55.226805085936306, 0.0, 34.058772731852805, 39.6232255123179, 99.35793878699377, 32.7566787083184, 56.32051136131489, 53.14132102234569], [38.47076812334269, 85.9127464349732, 39.6232255123179, 34.058772731852805, 0.0, 29.427877939124322, 83.57032966310472, 19.924858845171276, 58.82176467941097, 54.405882034941776], [55.226805085936306, 62.20128616033595, 15.620499351813308, 39.6232255123179, 29.427877939124322, 0.0, 60.21627686929839, 10.04987562112089, 29.966648127543394, 25.495097567963924], [115.37764081484765, 85.84287972802403, 45.27692569068709, 99.35793878699377, 83.57032966310472, 60.21627686929839, 0.0, 69.1158447825099, 52.80151512977634, 52.839379254491625], [46.400431032480725, 67.89698078707183, 23.853720883753127, 32.7566787083184, 19.924858845171276, 10.04987562112089, 69.1158447825099, 0.0, 38.897300677553446, 34.48187929913333], [75.7099729229908, 38.3275357934736, 30.23243291566195, 56.32051136131489, 58.82176467941097, 29.966648127543394, 52.80151512977634, 38.897300677553446, 0.0, 4.47213595499958], [72.27724399837061, 41.43669871020132, 26.419689627245813, 53.14132102234569, 54.405882034941776, 25.495097567963924, 52.839379254491625, 34.48187929913333, 4.47213595499958, 0.0]], "task_locations": [[99, 35], [15, 14], [42, 76], [79, 35], [81, 69], [52, 64], [3, 99], [62, 63], [25, 51], [29, 53]], "precedence_constraints": [[1, 4], [6, 2], [4, 3], [5, 4], [8, 7]]}