{"Q": [[1, 0, 0], [0, 1, 1], [1, 0, 0]], "R": [[0.0, 0.0, 0.0], [0.0, 0.0, 1.0], [0.0, 1.0, 0.0], [1.0, 1.0, 1.0], [1.0, 0.0, 0.0], [0.0, 1.0, 0.0], [1.0, 0.0, 0.0], [1.0, 0.0, 0.0], [0.0, 1.0, 0.0], [0.0, 0.0, 0.0]], "T_e": [0, 91, 74, 68, 63, 82, 94, 63, 63, 0], "T_t": [[0.0, 61.61168720299745, 68.18357573492314, 65.14598989960932, 44.721359549995796, 57.42821606144492, 37.16180835212409, 55.569775957799216, 64.1248781675256, 70.45565981523414], [61.61168720299745, 0.0, 35.84689665786984, 20.0, 81.70679286326198, 29.832867780352597, 26.40075756488817, 8.246211251235321, 34.92849839314596, 76.4198926981712], [68.18357573492314, 35.84689665786984, 0.0, 16.15549442140351, 65.79513659838392, 11.180339887498949, 35.4400902933387, 30.479501308256342, 4.123105625617661, 46.09772228646444], [65.14598989960932, 20.0, 16.15549442140351, 0.0, 73.23933369440222, 13.92838827718412, 28.442925306655784, 16.1245154965971, 16.1245154965971, 60.13318551349163], [44.721359549995796, 81.70679286326198, 65.79513659838392, 73.23933369440222, 0.0, 59.81638571495272, 56.753854494650845, 73.53910524340094, 62.22539674441618, 38.0], [57.42821606144492, 29.832867780352597, 11.180339887498949, 13.92838827718412, 59.81638571495272, 0.0, 24.351591323771842, 22.847319317591726, 7.615773105863909, 47.01063709417264], [37.16180835212409, 26.40075756488817, 35.4400902933387, 28.442925306655784, 56.753854494650845, 24.351591323771842, 0.0, 19.1049731745428, 31.953090617340916, 60.00833275470999], [55.569775957799216, 8.246211251235321, 30.479501308256342, 16.1245154965971, 73.53910524340094, 22.847319317591726, 19.1049731745428, 0.0, 28.844410203711913, 68.73136110975832], [64.1248781675256, 34.92849839314596, 4.123105625617661, 16.1245154965971, 62.22539674441618, 7.615773105863909, 31.953090617340916, 28.844410203711913, 0.0, 44.40720662234904], [70.45565981523414, 76.4198926981712, 46.09772228646444, 60.13318551349163, 38.0, 47.01063709417264, 60.00833275470999, 68.73136110975832, 44.40720662234904, 0.0]], "task_locations": [[48, 92], [12, 42], [43, 24], [28, 30], [88, 72], [41, 35], [33, 58], [20, 44], [44, 28], [88, 34]], "precedence_constraints": [[8, 3], [2, 7], [6, 8]]}