{"Q": [[1, 1, 1], [0, 1, 0], [0, 1, 0]], "R": [[0.0, 0.0, 0.0], [1.0, 1.0, 1.0], [1.0, 0.0, 0.0], [1.0, 0.0, 0.0], [1.0, 1.0, 0.0], [1.0, 0.0, 1.0], [1.0, 1.0, 0.0], [0.0, 1.0, 1.0], [0.0, 1.0, 0.0], [0.0, 0.0, 0.0]], "T_e": [0, 72, 66, 51, 84, 77, 94, 68, 75, 0], "T_t": [[0.0, 37.12142238654117, 31.400636936215164, 61.68468205316454, 36.124783736376884, 24.698178070456937, 56.293871780150276, 62.80127387243033, 37.33630940518894, 38.8329756778952], [37.12142238654117, 0.0, 50.47771785649585, 84.17244204607586, 28.792360097775937, 58.855755878248644, 63.15853069855251, 91.83681179135085, 59.36328831862332, 73.38937252763509], [31.400636936215164, 50.47771785649585, 0.0, 90.4267659490264, 63.631753079732135, 24.08318915758459, 87.66413177577246, 87.46427842267951, 8.94427190999916, 59.481089431852205], [61.68468205316454, 84.17244204607586, 90.4267659490264, 0.0, 58.82176467941097, 71.0, 33.13608305156178, 18.788294228055936, 93.34345183246653, 37.64306044943742], [36.124783736376884, 28.792360097775937, 63.631753079732135, 58.82176467941097, 0.0, 60.60528029800704, 34.438350715445125, 70.00714249274856, 71.28113354878694, 59.033888572581766], [24.698178070456937, 58.855755878248644, 24.08318915758459, 71.0, 60.60528029800704, 0.0, 75.58438992278762, 65.25335240430181, 23.40939982143925, 36.68787265568828], [56.293871780150276, 63.15853069855251, 87.66413177577246, 33.13608305156178, 34.438350715445125, 75.58438992278762, 0.0, 50.24937810560445, 93.40770846134703, 55.0], [62.80127387243033, 91.83681179135085, 87.46427842267951, 18.788294228055936, 70.00714249274856, 65.25335240430181, 50.24937810560445, 0.0, 88.60022573334675, 28.635642126552707], [37.33630940518894, 59.36328831862332, 8.94427190999916, 93.34345183246653, 71.28113354878694, 23.40939982143925, 93.40770846134703, 88.60022573334675, 0.0, 60.08327554319921], [38.8329756778952, 73.38937252763509, 59.481089431852205, 37.64306044943742, 59.033888572581766, 36.68787265568828, 55.0, 28.635642126552707, 60.08327554319921, 0.0]], "task_locations": [[61, 47], [64, 10], [92, 52], [3, 68], [37, 20], [74, 68], [6, 35], [11, 85], [96, 60], [39, 79]], "precedence_constraints": [[2, 4]]}