{"Q": [[1, 0, 1], [0, 0, 1], [0, 1, 1]], "R": [[0.0, 0.0, 0.0], [0.0, 1.0, 1.0], [1.0, 0.0, 0.0], [0.0, 0.0, 1.0], [1.0, 1.0, 1.0], [0.0, 0.0, 1.0], [1.0, 1.0, 1.0], [1.0, 0.0, 0.0], [0.0, 0.0, 1.0], [0.0, 0.0, 0.0]], "T_e": [0, 67, 75, 62, 59, 88, 94, 59, 79, 0], "T_t": [[0.0, 71.02112361825881, 54.78138369920935, 70.71067811865476, 68.26419266350405, 80.72174428244226, 65.29931086925804, 113.22543883774529, 30.01666203960727, 108.37435120913067], [71.02112361825881, 0.0, 20.615528128088304, 23.40939982143925, 85.0411665018772, 43.174066289845804, 36.05551275463989, 80.09993757800315, 71.30918594402827, 61.0], [54.78138369920935, 20.615528128088304, 0.0, 17.804493814764857, 65.79513659838392, 35.17101079013795, 22.02271554554524, 73.54590403278758, 50.99019513592785, 60.03332407921454], [70.71067811865476, 23.40939982143925, 17.804493814764857, 0.0, 65.5133574166368, 20.09975124224178, 14.422205101855956, 58.137767414994535, 61.1310068623117, 42.485291572496], [68.26419266350405, 85.0411665018772, 65.79513659838392, 65.5133574166368, 0.0, 55.78530272392541, 51.10772935672255, 64.62197768561404, 38.3275357934736, 75.1065909225016], [80.72174428244226, 43.174066289845804, 35.17101079013795, 20.09975124224178, 55.78530272392541, 0.0, 15.620499351813308, 38.47076812334269, 63.694583757176716, 27.65863337187866], [65.29931086925804, 36.05551275463989, 22.02271554554524, 14.422205101855956, 51.10772935672255, 15.620499351813308, 0.0, 52.49761899362675, 50.44799302251776, 43.139309220245984], [113.22543883774529, 80.09993757800315, 73.54590403278758, 58.137767414994535, 64.62197768561404, 38.47076812334269, 52.49761899362675, 0.0, 89.8276126811795, 25.0], [30.01666203960727, 71.30918594402827, 50.99019513592785, 61.1310068623117, 38.3275357934736, 63.694583757176716, 50.44799302251776, 89.8276126811795, 0.0, 90.35485598461214], [108.37435120913067, 61.0, 60.03332407921454, 42.485291572496, 75.1065909225016, 27.65863337187866, 43.139309220245984, 25.0, 90.35485598461214, 0.0]], "task_locations": [[96, 3], [84, 73], [76, 54], [62, 65], [28, 9], [42, 63], [54, 53], [4, 69], [66, 4], [24, 84]], "precedence_constraints": [[6, 3], [5, 6], [1, 2], [4, 7], [8, 3]]}