{"Q": [[1, 0, 0], [1, 1, 0], [1, 0, 1]], "R": [[0.0, 0.0, 0.0], [1.0, 1.0, 0.0], [1.0, 1.0, 1.0], [1.0, 1.0, 1.0], [0.0, 0.0, 1.0], [0.0, 1.0, 1.0], [0.0, 0.0, 1.0], [1.0, 1.0, 0.0], [0.0, 0.0, 1.0], [0.0, 0.0, 0.0]], "T_e": [0, 58, 69, 73, 94, 64, 54, 79, 77, 0], "T_t": [[0.0, 87.70974860299168, 18.601075237738275, 16.64331697709324, 74.2024258363566, 51.478150704935004, 30.01666203960727, 48.0, 87.65842800324451, 82.22530024268686], [87.70974860299168, 0.0, 97.082439194738, 104.31682510506155, 36.235341863986875, 36.235341863986875, 93.38094023943002, 77.23341245859851, 51.62363799656123, 23.194827009486403], [18.601075237738275, 97.082439194738, 0.0, 20.024984394500787, 76.83749084919418, 61.61168720299745, 15.0, 39.92492955535426, 86.68333173107735, 95.33624704172071], [16.64331697709324, 104.31682510506155, 20.024984394500787, 0.0, 90.02777349240623, 68.09552114493287, 35.014282800023196, 58.69412236331676, 102.39628899525607, 98.08159868191383], [74.2024258363566, 36.235341863986875, 76.83749084919418, 90.02777349240623, 0.0, 34.0, 68.47627326307996, 46.32493928760188, 19.6468827043885, 53.150729063673246], [51.478150704935004, 36.235341863986875, 61.61168720299745, 68.09552114493287, 34.0, 0.0, 60.00833275470999, 50.53711507397311, 53.23532661682466, 35.510561809129406], [30.01666203960727, 93.38094023943002, 15.0, 35.014282800023196, 68.47627326307996, 60.00833275470999, 0.0, 26.627053911388696, 75.69015788066504, 95.25754563287887], [48.0, 77.23341245859851, 39.92492955535426, 58.69412236331676, 46.32493928760188, 50.53711507397311, 26.627053911388696, 0.0, 50.0, 85.09406559801923], [87.65842800324451, 51.62363799656123, 86.68333173107735, 102.39628899525607, 19.6468827043885, 53.23532661682466, 75.69015788066504, 50.0, 0.0, 71.28113354878694], [82.22530024268686, 23.194827009486403, 95.33624704172071, 98.08159868191383, 53.150729063673246, 35.510561809129406, 95.25754563287887, 85.09406559801923, 71.28113354878694, 0.0]], "task_locations": [[80, 80], [3, 38], [95, 69], [94, 89], [35, 21], [35, 55], [95, 54], [80, 32], [40, 2], [0, 61]], "precedence_constraints": [[6, 2], [8, 3], [3, 2], [2, 1], [4, 1]]}