{"Q": [[0, 1, 1], [1, 1, 1], [0, 0, 1]], "R": [[0.0, 0.0, 0.0], [1.0, 1.0, 1.0], [0.0, 0.0, 1.0], [1.0, 1.0, 1.0], [0.0, 1.0, 0.0], [0.0, 1.0, 0.0], [0.0, 1.0, 0.0], [0.0, 1.0, 1.0], [1.0, 1.0, 1.0], [0.0, 0.0, 0.0]], "T_e": [0, 56, 74, 66, 61, 59, 56, 57, 82, 0], "T_t": [[0.0, 78.49203781276162, 36.68787265568828, 34.20526275297414, 83.2586331859946, 5.830951894845301, 81.2219182240853, 19.849433241279208, 29.5296461204668, 68.26419266350405], [78.49203781276162, 0.0, 69.92138442565336, 68.62215385719105, 30.4138126514911, 72.86288492778748, 56.356011214421486, 82.15229759416349, 91.67878707749138, 20.223748416156685], [36.68787265568828, 69.92138442565336, 0.0, 2.8284271247461903, 60.876925020897694, 33.1058907144937, 49.040799340956916, 55.46169849544819, 25.80697580112788, 52.32590180780452], [34.20526275297414, 68.62215385719105, 2.8284271247461903, 0.0, 60.81118318204309, 30.463092423455635, 50.28916384272063, 52.80151512977634, 25.495097567963924, 51.478150704935004], [83.2586331859946, 30.4138126514911, 60.876925020897694, 60.81118318204309, 0.0, 77.47257579298626, 28.442925306655784, 93.39164844888434, 86.27861844049197, 18.110770276274835], [5.830951894845301, 72.86288492778748, 33.1058907144937, 30.463092423455635, 77.47257579298626, 0.0, 76.05918747922567, 22.360679774997898, 30.364452901377952, 62.433965115151864], [81.2219182240853, 56.356011214421486, 49.040799340956916, 50.28916384272063, 28.442925306655784, 76.05918747922567, 0.0, 96.25487000666512, 74.24957912338628, 37.8021163428716], [19.849433241279208, 82.15229759416349, 55.46169849544819, 52.80151512977634, 93.39164844888434, 22.360679774997898, 96.25487000666512, 0.0, 48.60041152089147, 76.53757247260981], [29.5296461204668, 91.67878707749138, 25.80697580112788, 25.495097567963924, 86.27861844049197, 30.364452901377952, 74.24957912338628, 48.60041152089147, 0.0, 76.02631123499285], [68.26419266350405, 20.223748416156685, 52.32590180780452, 51.478150704935004, 18.110770276274835, 62.433965115151864, 37.8021163428716, 76.53757247260981, 76.02631123499285, 0.0]], "task_locations": [[15, 72], [70, 16], [50, 83], [48, 81], [91, 38], [20, 69], [96, 66], [0, 59], [29, 98], [73, 36]], "precedence_constraints": [[7, 4], [4, 2], [6, 8]]}