{"Q": [[1, 0, 1], [0, 1, 0], [1, 0, 0]], "R": [[0.0, 0.0, 0.0], [0.0, 1.0, 1.0], [0.0, 0.0, 1.0], [0.0, 1.0, 1.0], [1.0, 1.0, 0.0], [1.0, 0.0, 0.0], [0.0, 1.0, 0.0], [0.0, 1.0, 0.0], [0.0, 0.0, 1.0], [0.0, 0.0, 0.0]], "T_e": [0, 87, 77, 70, 76, 54, 76, 57, 95, 0], "T_t": [[0.0, 72.11102550927978, 86.68333173107735, 90.82400563727631, 97.082439194738, 34.36568055487916, 71.06335201775947, 55.44366510251645, 67.26812023536856, 81.04936767180853], [72.11102550927978, 0.0, 89.1852005660132, 43.46262762420146, 51.62363799656123, 55.326304774492215, 82.28000972289685, 25.179356624028344, 27.65863337187866, 61.71709649683789], [86.68333173107735, 89.1852005660132, 0.0, 60.207972893961475, 58.077534382926416, 55.54277630799526, 16.0, 66.84309986827361, 109.87720418721983, 30.4138126514911], [90.82400563727631, 43.46262762420146, 60.207972893961475, 0.0, 8.246211251235321, 59.665735560705194, 61.0, 37.8549864614954, 70.83784299369935, 30.0], [97.082439194738, 51.62363799656123, 58.077534382926416, 8.246211251235321, 0.0, 64.89992295835181, 61.032778078668514, 45.39823785126467, 79.05694150420949, 29.120439557122072], [34.36568055487916, 55.326304774492215, 55.54277630799526, 59.665735560705194, 64.89992295835181, 0.0, 41.340053217188775, 31.32091952673165, 64.51356446515724, 46.69047011971501], [71.06335201775947, 82.28000972289685, 16.0, 61.0, 61.032778078668514, 41.340053217188775, 0.0, 58.137767414994535, 100.12492197250393, 31.953090617340916], [55.44366510251645, 25.179356624028344, 66.84309986827361, 37.8549864614954, 45.39823785126467, 31.32091952673165, 58.137767414994535, 0.0, 43.139309220245984, 43.04648650006177], [67.26812023536856, 27.65863337187866, 109.87720418721983, 70.83784299369935, 79.05694150420949, 64.51356446515724, 100.12492197250393, 43.139309220245984, 0.0, 85.42833253669417], [81.04936767180853, 61.71709649683789, 30.4138126514911, 30.0, 29.120439557122072, 46.69047011971501, 31.953090617340916, 43.04648650006177, 85.42833253669417, 0.0]], "task_locations": [[0, 18], [40, 78], [85, 1], [80, 61], [88, 59], [34, 23], [69, 1], [43, 53], [13, 84], [80, 31]], "precedence_constraints": [[1, 7], [7, 5], [6, 3], [1, 8], [6, 7]]}