{"Q": [[0, 0, 1], [1, 0, 0], [1, 1, 0]], "R": [[0.0, 0.0, 0.0], [1.0, 0.0, 1.0], [1.0, 0.0, 0.0], [1.0, 0.0, 1.0], [0.0, 1.0, 0.0], [0.0, 0.0, 1.0], [1.0, 1.0, 0.0], [0.0, 0.0, 1.0], [1.0, 0.0, 0.0], [0.0, 0.0, 0.0]], "T_e": [0, 52, 88, 97, 72, 89, 68, 67, 52, 0], "T_t": [[0.0, 93.43446901438462, 83.19855767980596, 64.6297145282261, 47.38143096192854, 21.37755832643195, 78.77182237323191, 75.0, 66.70832032063167, 22.090722034374522], [93.43446901438462, 0.0, 30.463092423455635, 34.132096331752024, 94.93682109698007, 89.80534505250787, 75.82216034906945, 20.12461179749811, 28.635642126552707, 91.92388155425118], [83.19855767980596, 30.463092423455635, 0.0, 19.72308292331602, 99.90495483208028, 86.76981041814025, 93.1074647920348, 19.924858845171276, 37.57658845611187, 89.00561780022652], [64.6297145282261, 34.132096331752024, 19.72308292331602, 0.0, 80.62257748298549, 67.08203932499369, 77.88452991448301, 14.212670403551895, 24.020824298928627, 69.31810730249349], [47.38143096192854, 94.93682109698007, 99.90495483208028, 80.62257748298549, 0.0, 26.076809620810597, 41.593268686170845, 83.48652585896721, 67.11929677819934, 25.317977802344327], [21.37755832643195, 89.80534505250787, 86.76981041814025, 67.08203932499369, 26.076809620810597, 0.0, 59.54829972383762, 74.04052944165107, 61.29437168288782, 2.23606797749979], [78.77182237323191, 75.82216034906945, 93.1074647920348, 77.88452991448301, 41.593268686170845, 59.54829972383762, 0.0, 73.348483283569, 55.54277630799526, 60.14149981501958], [75.0, 20.12461179749811, 19.924858845171276, 14.212670403551895, 83.48652585896721, 74.04052944165107, 73.348483283569, 0.0, 18.027756377319946, 76.24303246854758], [66.70832032063167, 28.635642126552707, 37.57658845611187, 24.020824298928627, 67.11929677819934, 61.29437168288782, 55.54277630799526, 18.027756377319946, 0.0, 63.387695966961914], [22.090722034374522, 91.92388155425118, 89.00561780022652, 69.31810730249349, 25.317977802344327, 2.23606797749979, 60.14149981501958, 76.24303246854758, 63.387695966961914, 0.0]], "task_locations": [[97, 72], [4, 63], [16, 91], [33, 81], [91, 25], [93, 51], [54, 6], [22, 72], [32, 57], [95, 50]], "precedence_constraints": [[4, 5]]}