{"Q": [[0, 1, 0], [1, 0, 1], [1, 1, 0]], "R": [[0.0, 0.0, 0.0], [0.0, 0.0, 1.0], [0.0, 1.0, 0.0], [0.0, 1.0, 1.0], [1.0, 0.0, 0.0], [1.0, 1.0, 0.0], [0.0, 1.0, 0.0], [0.0, 1.0, 1.0], [1.0, 1.0, 1.0], [0.0, 0.0, 0.0]], "T_e": [0, 67, 50, 58, 73, 55, 82, 86, 98, 0], "T_t": [[0.0, 48.507731342539614, 33.015148038438355, 80.72174428244226, 50.0, 40.311288741492746, 42.5440947723653, 70.21395872616783, 35.4682957019364, 49.25444142409901], [48.507731342539614, 0.0, 36.89173349139343, 48.507731342539614, 42.579337712087536, 29.732137494637012, 59.16924876994806, 38.58756276314948, 56.4003546088143, 63.8200595424354], [33.015148038438355, 36.89173349139343, 0.0, 83.48652585896721, 17.029386365926403, 10.44030650891055, 22.360679774997898, 40.049968789001575, 19.79898987322333, 75.15317691222374], [80.72174428244226, 48.507731342539614, 83.48652585896721, 0.0, 91.0823802938856, 77.87810988975015, 105.6882207249228, 82.03657720797473, 101.6366075781753, 60.01666435249463], [50.0, 42.579337712087536, 17.029386365926403, 91.0823802938856, 0.0, 14.317821063276353, 24.698178070456937, 28.460498941515414, 27.16615541441225, 90.91754506144565], [40.311288741492746, 29.732137494637012, 10.44030650891055, 77.87810988975015, 14.317821063276353, 0.0, 30.479501308256342, 30.4138126514911, 29.410882339705484, 77.38862965578342], [42.5440947723653, 59.16924876994806, 22.360679774997898, 105.6882207249228, 24.698178070456937, 30.479501308256342, 0.0, 53.14132102234569, 7.211102550927978, 90.70832376358854], [70.21395872616783, 38.58756276314948, 40.049968789001575, 82.03657720797473, 28.460498941515414, 30.4138126514911, 53.14132102234569, 0.0, 55.31726674375732, 100.41912168506553], [35.4682957019364, 56.4003546088143, 19.79898987322333, 101.6366075781753, 27.16615541441225, 29.410882339705484, 7.211102550927978, 55.31726674375732, 0.0, 83.95236744726142], [49.25444142409901, 63.8200595424354, 75.15317691222374, 60.01666435249463, 90.91754506144565, 77.38862965578342, 90.70832376358854, 100.41912168506553, 83.95236744726142, 0.0]], "task_locations": [[39, 74], [51, 27], [20, 47], [99, 20], [9, 34], [23, 37], [0, 57], [18, 7], [6, 61], [88, 79]], "precedence_constraints": [[3, 4], [8, 5], [2, 6]]}