{"Q": [[1, 1, 0], [0, 1, 0], [0, 0, 1]], "R": [[0.0, 0.0, 0.0], [1.0, 1.0, 1.0], [0.0, 1.0, 0.0], [1.0, 1.0, 1.0], [0.0, 1.0, 0.0], [0.0, 1.0, 0.0], [1.0, 0.0, 0.0], [0.0, 1.0, 1.0], [0.0, 1.0, 1.0], [0.0, 0.0, 0.0]], "T_e": [0, 73, 97, 67, 80, 81, 67, 60, 56, 0], "T_t": [[0.0, 80.06247560499239, 36.40054944640259, 50.15974481593781, 25.059928172283335, 48.05205510693585, 32.7566787083184, 73.66138744281159, 63.52952069707436, 44.553338819890925], [80.06247560499239, 0.0, 58.077534382926416, 91.44397191723465, 105.11898020814318, 36.124783736376884, 54.74486277268398, 87.47571091451616, 68.65857557508748, 103.23274674249446], [36.40054944640259, 58.077534382926416, 0.0, 35.11409973215888, 57.8013840664737, 41.617304093369626, 7.211102550927978, 93.02150289046077, 77.10382610480494, 78.23042886243178], [50.15974481593781, 91.44397191723465, 35.11409973215888, 0.0, 58.034472514187634, 76.05918747922567, 41.14608122288197, 121.03718436910205, 107.48023074035522, 93.96275858019496], [25.059928172283335, 105.11898020814318, 57.8013840664737, 58.034472514187634, 0.0, 72.42237223399962, 55.86591089385369, 85.42833253669417, 80.049984384758, 43.18564576337837], [48.05205510693585, 36.124783736376884, 41.617304093369626, 76.05918747922567, 72.42237223399962, 0.0, 34.9857113690718, 59.53990258641679, 41.0, 67.20119046564577], [32.7566787083184, 54.74486277268398, 7.211102550927978, 41.14608122288197, 55.86591089385369, 34.9857113690718, 0.0, 85.86617494683223, 69.8927750200262, 72.69112738154499], [73.66138744281159, 87.47571091451616, 93.02150289046077, 121.03718436910205, 85.42833253669417, 59.53990258641679, 85.86617494683223, 0.0, 19.026297590440446, 48.25971404805462], [63.52952069707436, 68.65857557508748, 77.10382610480494, 107.48023074035522, 80.049984384758, 41.0, 69.8927750200262, 19.026297590440446, 0.0, 50.96076922496363], [44.553338819890925, 103.23274674249446, 78.23042886243178, 93.96275858019496, 43.18564576337837, 67.20119046564577, 72.69112738154499, 48.25971404805462, 50.96076922496363, 0.0]], "task_locations": [[48, 73], [11, 2], [14, 60], [2, 93], [60, 95], [38, 26], [20, 56], [97, 18], [78, 17], [92, 66]], "precedence_constraints": [[5, 3], [3, 8], [6, 1]]}