{"Q": [[0, 1, 0], [1, 1, 1], [1, 0, 0]], "R": [[0.0, 0.0, 0.0], [0.0, 1.0, 1.0], [1.0, 1.0, 1.0], [1.0, 1.0, 0.0], [0.0, 1.0, 1.0], [0.0, 0.0, 1.0], [0.0, 0.0, 1.0], [0.0, 0.0, 1.0], [1.0, 0.0, 1.0], [0.0, 0.0, 0.0]], "T_e": [0, 62, 55, 98, 59, 75, 69, 52, 74, 0], "T_t": [[0.0, 96.82974749528164, 36.796738985948195, 55.47071299343465, 3.0, 50.11985634456667, 48.79549159502341, 72.44998274671983, 91.2414379544733, 59.50630218724736], [96.82974749528164, 0.0, 60.21627686929839, 51.19570294468082, 95.0, 48.16637831516918, 48.54894437575342, 30.083217912982647, 67.97793759742936, 51.35172830587107], [36.796738985948195, 60.21627686929839, 0.0, 24.020824298928627, 34.828149534535996, 17.029386365926403, 12.041594578792296, 38.63935817272331, 66.09841147864296, 29.068883707497267], [55.47071299343465, 51.19570294468082, 24.020824298928627, 0.0, 52.839379254491625, 30.805843601498726, 17.4928556845359, 42.5440947723653, 42.44997055358225, 5.0990195135927845], [3.0, 95.0, 34.828149534535996, 52.839379254491625, 0.0, 48.75448697299562, 46.75467891024384, 71.17583859709698, 88.28363381737297, 56.79788728465171], [50.11985634456667, 48.16637831516918, 17.029386365926403, 30.805843601498726, 48.75448697299562, 0.0, 13.45362404707371, 22.47220505424423, 72.09022125087424, 35.510561809129406], [48.79549159502341, 48.54894437575342, 12.041594578792296, 17.4928556845359, 46.75467891024384, 13.45362404707371, 0.0, 30.066592756745816, 59.464274989274024, 22.360679774997898], [72.44998274671983, 30.083217912982647, 38.63935817272331, 42.5440947723653, 71.17583859709698, 22.47220505424423, 30.066592756745816, 0.0, 76.57675887630658, 45.65084884205331], [91.2414379544733, 67.97793759742936, 66.09841147864296, 42.44997055358225, 88.28363381737297, 72.09022125087424, 59.464274989274024, 76.57675887630658, 0.0, 37.36308338453881], [59.50630218724736, 51.35172830587107, 29.068883707497267, 5.0990195135927845, 56.79788728465171, 35.510561809129406, 22.360679774997898, 45.65084884205331, 37.36308338453881, 0.0]], "task_locations": [[8, 10], [68, 86], [33, 37], [57, 36], [11, 10], [32, 54], [42, 45], [40, 75], [98, 25], [62, 35]], "precedence_constraints": [[1, 2], [8, 7], [1, 4], [3, 5], [6, 8], [4, 7]]}