{"Q": [[1, 1, 1], [0, 1, 1], [1, 0, 0]], "R": [[0.0, 0.0, 0.0], [1.0, 1.0, 0.0], [0.0, 0.0, 1.0], [0.0, 1.0, 1.0], [0.0, 1.0, 1.0], [1.0, 0.0, 1.0], [1.0, 0.0, 0.0], [0.0, 1.0, 1.0], [0.0, 1.0, 0.0], [0.0, 0.0, 0.0]], "T_e": [0, 85, 68, 55, 58, 51, 91, 75, 99, 0], "T_t": [[0.0, 33.734255586866, 73.7563556583431, 28.792360097775937, 70.06425622241343, 84.62860036654276, 40.496913462633174, 57.55866572463264, 18.439088914585774, 86.31338250816034], [33.734255586866, 0.0, 92.9623579735368, 6.708203932499369, 37.21558813185679, 77.6659513557904, 8.602325267042627, 24.020824298928627, 47.265209192385896, 84.2140130857092], [73.7563556583431, 92.9623579735368, 0.0, 92.59049627256569, 114.10959644131601, 65.06919393998976, 101.54801819828883, 108.30050784737807, 84.02380615040002, 55.226805085936306], [28.792360097775937, 6.708203932499369, 92.59049627256569, 0.0, 43.56604182158393, 82.00609733428362, 11.704699910719626, 30.066592756745816, 41.048751503547585, 87.82368700982668], [70.06425622241343, 37.21558813185679, 114.10959644131601, 43.56604182158393, 0.0, 75.0, 33.83784863137726, 13.92838827718412, 84.48076704197234, 85.7962703152066], [84.62860036654276, 77.6659513557904, 65.06919393998976, 82.00609733428362, 75.0, 0.0, 83.72574275573791, 77.41446893184762, 102.61578825892242, 12.806248474865697], [40.496913462633174, 8.602325267042627, 101.54801819828883, 11.704699910719626, 33.83784863137726, 83.72574275573791, 0.0, 19.924858845171276, 52.03844732503075, 91.00549433962765], [57.55866572463264, 24.020824298928627, 108.30050784737807, 30.066592756745816, 13.92838827718412, 77.41446893184762, 19.924858845171276, 0.0, 71.11258679024411, 86.88498144098322], [18.439088914585774, 47.265209192385896, 84.02380615040002, 41.048751503547585, 84.48076704197234, 102.61578825892242, 52.03844732503075, 71.11258679024411, 0.0, 103.58571330062848], [86.31338250816034, 84.2140130857092, 55.226805085936306, 87.82368700982668, 85.7962703152066, 12.806248474865697, 91.00549433962765, 86.88498144098322, 103.58571330062848, 0.0]], "task_locations": [[18, 81], [11, 48], [90, 97], [8, 54], [15, 11], [87, 32], [4, 43], [10, 24], [6, 95], [95, 42]], "precedence_constraints": [[5, 3], [5, 6], [8, 2], [5, 4], [2, 4], [5, 1]]}