{"Q": [[0, 0, 1], [0, 1, 1], [1, 0, 0]], "R": [[0.0, 0.0, 0.0], [0.0, 1.0, 1.0], [1.0, 0.0, 0.0], [0.0, 1.0, 1.0], [1.0, 0.0, 0.0], [0.0, 1.0, 1.0], [0.0, 0.0, 1.0], [1.0, 1.0, 0.0], [0.0, 0.0, 1.0], [0.0, 0.0, 0.0]], "T_e": [0, 55, 74, 97, 71, 61, 57, 57, 99, 0], "T_t": [[0.0, 89.26925562588724, 38.01315561749642, 21.587033144922902, 84.05950273467003, 29.614185789921695, 37.21558813185679, 53.14132102234569, 12.165525060596439, 60.30754513325841], [89.26925562588724, 0.0, 51.92301994298868, 99.72462083156798, 34.48187929913333, 59.682493245507096, 56.142675390472796, 78.26237921249263, 77.10382610480494, 68.41052550594829], [38.01315561749642, 51.92301994298868, 0.0, 48.30113870293329, 55.0, 10.295630140987, 18.973665961010276, 52.92447448959697, 26.019223662515376, 40.792156108742276], [21.587033144922902, 99.72462083156798, 48.30113870293329, 0.0, 100.65783625729296, 43.41658669218482, 54.48853090330111, 74.63243262818116, 28.600699292150182, 54.08326913195984], [84.05950273467003, 34.48187929913333, 55.0, 100.65783625729296, 0.0, 57.3149195236284, 46.87216658103186, 53.23532661682466, 73.00684899377592, 87.64131445842195], [29.614185789921695, 59.682493245507096, 10.295630140987, 43.41658669218482, 57.3149195236284, 0.0, 13.341664064126334, 45.35416188179427, 17.46424919657298, 48.104053883222775], [37.21558813185679, 56.142675390472796, 18.973665961010276, 54.48853090330111, 46.87216658103186, 13.341664064126334, 0.0, 34.0147027033899, 26.248809496813376, 59.665735560705194], [53.14132102234569, 78.26237921249263, 52.92447448959697, 74.63243262818116, 53.23532661682466, 45.35416188179427, 34.0147027033899, 0.0, 48.373546489791295, 93.30058949438637], [12.165525060596439, 77.10382610480494, 26.019223662515376, 28.600699292150182, 73.00684899377592, 17.46424919657298, 26.248809496813376, 48.373546489791295, 0.0, 53.2634959423431], [60.30754513325841, 68.41052550594829, 40.792156108742276, 54.08326913195984, 87.64131445842195, 48.104053883222775, 59.665735560705194, 93.30058949438637, 53.2634959423431, 0.0]], "task_locations": [[53, 10], [38, 98], [52, 48], [74, 5], [8, 81], [47, 39], [34, 42], [3, 28], [51, 22], [92, 56]], "precedence_constraints": [[2, 4], [6, 7], [3, 1], [1, 4], [7, 4], [2, 8]]}