{"Q": [[1, 1, 1], [1, 0, 0], [0, 1, 0]], "R": [[0.0, 0.0, 0.0], [0.0, 0.0, 1.0], [1.0, 0.0, 0.0], [0.0, 1.0, 0.0], [1.0, 1.0, 1.0], [0.0, 1.0, 1.0], [0.0, 0.0, 1.0], [1.0, 0.0, 0.0], [1.0, 1.0, 1.0], [0.0, 0.0, 0.0]], "T_e": [0, 80, 84, 83, 51, 85, 83, 82, 85, 0], "T_t": [[0.0, 75.4254598925323, 106.96261028976434, 57.245087125446844, 26.1725046566048, 39.395431207184416, 42.01190307520001, 98.18350166906862, 71.17583859709698, 64.8459713474939], [75.4254598925323, 0.0, 88.09086218218096, 112.60550608207397, 61.741396161732524, 101.07917688624102, 63.89053137985315, 92.41753080449618, 5.0, 87.00574693662483], [106.96261028976434, 88.09086218218096, 0.0, 93.68030742904295, 80.91971329657564, 97.49358953285082, 65.06919393998976, 17.11724276862369, 85.0, 52.55473337388365], [57.245087125446844, 112.60550608207397, 93.68030742904295, 0.0, 52.3450093132096, 18.24828759089466, 49.658836071740545, 78.18567643756751, 107.61505470890214, 41.593268686170845], [26.1725046566048, 61.741396161732524, 80.91971329657564, 52.3450093132096, 0.0, 39.35733730830886, 16.55294535724685, 72.94518489934754, 56.859475903318, 43.104524124504614], [39.395431207184416, 101.07917688624102, 97.49358953285082, 18.24828759089466, 39.35733730830886, 0.0, 42.1070065428546, 83.7615663654877, 96.17692030835673, 45.48626166217664], [42.01190307520001, 63.89053137985315, 65.06919393998976, 49.658836071740545, 16.55294535724685, 42.1070065428546, 0.0, 56.43580423808985, 58.89821729050889, 28.284271247461902], [98.18350166906862, 92.41753080449618, 17.11724276862369, 78.18567643756751, 72.94518489934754, 83.7615663654877, 56.43580423808985, 0.0, 88.64536084872124, 38.27531841800928], [71.17583859709698, 5.0, 85.0, 107.61505470890214, 56.859475903318, 96.17692030835673, 58.89821729050889, 88.64536084872124, 0.0, 82.20097323024831], [64.8459713474939, 87.00574693662483, 52.55473337388365, 41.593268686170845, 43.104524124504614, 45.48626166217664, 28.284271247461902, 38.27531841800928, 82.20097323024831, 0.0]], "task_locations": [[22, 85], [97, 93], [93, 5], [3, 31], [41, 67], [6, 49], [48, 52], [76, 3], [93, 90], [44, 24]], "precedence_constraints": [[1, 3]]}