{"Q": [[1, 1, 1], [1, 1, 0], [1, 0, 1]], "R": [[0.0, 0.0, 0.0], [0.0, 1.0, 0.0], [1.0, 1.0, 1.0], [0.0, 0.0, 1.0], [0.0, 0.0, 1.0], [1.0, 1.0, 0.0], [0.0, 1.0, 1.0], [1.0, 0.0, 1.0], [1.0, 0.0, 1.0], [0.0, 0.0, 0.0]], "T_e": [0, 87, 53, 93, 91, 59, 94, 98, 56, 0], "T_t": [[0.0, 27.459060435491963, 73.68174807915459, 38.62641583165593, 21.470910553583888, 8.94427190999916, 41.0, 65.19202405202648, 13.341664064126334, 64.13267497929586], [27.459060435491963, 0.0, 71.7007670809734, 65.7419196555744, 6.4031242374328485, 24.20743687382041, 65.73431371817918, 53.14132102234569, 34.40930106817051, 59.405386961116584], [73.68174807915459, 71.7007670809734, 0.0, 85.0, 73.23933369440222, 80.23091673413684, 72.27724399837061, 28.442925306655784, 86.97700845625813, 13.038404810405298], [38.62641583165593, 65.7419196555744, 85.0, 0.0, 60.00833275470999, 45.12205669071391, 14.866068747318506, 89.00561780022652, 39.01281840626232, 80.65358020571685], [21.470910553583888, 6.4031242374328485, 73.23933369440222, 60.00833275470999, 0.0, 17.804493814764857, 60.8276253029822, 56.753854494650845, 28.0178514522438, 61.40032573203501], [8.94427190999916, 24.20743687382041, 80.23091673413684, 45.12205669071391, 17.804493814764857, 0.0, 49.16299421312742, 69.06518659932803, 10.295630140987, 69.92138442565336], [41.0, 65.73431371817918, 72.27724399837061, 14.866068747318506, 60.8276253029822, 49.16299421312742, 0.0, 79.63039620647382, 45.880278987817846, 69.35416353759881], [65.19202405202648, 53.14132102234569, 28.442925306655784, 89.00561780022652, 56.753854494650845, 69.06518659932803, 79.63039620647382, 0.0, 78.02563681252464, 17.11724276862369], [13.341664064126334, 34.40930106817051, 86.97700845625813, 39.01281840626232, 28.0178514522438, 10.295630140987, 45.880278987817846, 78.02563681252464, 0.0, 77.46612162745726], [64.13267497929586, 59.405386961116584, 13.038404810405298, 80.65358020571685, 61.40032573203501, 69.92138442565336, 69.35416353759881, 17.11724276862369, 77.46612162745726, 0.0]], "task_locations": [[83, 41], [68, 64], [13, 18], [97, 5], [73, 60], [87, 49], [83, 0], [18, 46], [96, 44], [20, 29]], "precedence_constraints": [[3, 4], [1, 6], [8, 1]]}