{"Q": [[1, 0, 0], [0, 1, 1], [0, 1, 1]], "R": [[0.0, 0.0, 0.0], [0.0, 1.0, 0.0], [1.0, 0.0, 0.0], [0.0, 1.0, 0.0], [1.0, 0.0, 1.0], [1.0, 0.0, 0.0], [1.0, 1.0, 0.0], [0.0, 1.0, 0.0], [0.0, 1.0, 1.0], [0.0, 0.0, 0.0]], "T_e": [0, 72, 79, 85, 77, 70, 89, 89, 94, 0], "T_t": [[0.0, 83.60023923410746, 43.86342439892262, 44.77722635447622, 28.635642126552707, 65.29931086925804, 6.0, 19.026297590440446, 25.0, 78.84795495128583], [83.60023923410746, 0.0, 51.31276644267, 67.54257916307313, 79.07591289387686, 61.587336360651285, 84.52810183601665, 86.97700845625813, 74.32361670424818, 31.78049716414141], [43.86342439892262, 51.31276644267, 0.0, 59.77457653551382, 57.201398584300364, 26.0, 41.7612260356422, 39.01281840626232, 25.079872407968907, 36.124783736376884], [44.77722635447622, 67.54257916307313, 59.77457653551382, 0.0, 19.4164878389476, 85.70297544426332, 50.08991914547278, 61.68468205316454, 59.413803110051795, 80.72174428244226], [28.635642126552707, 79.07591289387686, 57.201398584300364, 19.4164878389476, 0.0, 82.68010643437755, 34.52535300326414, 47.265209192385896, 48.83646178829912, 85.44588931013593], [65.29931086925804, 61.587336360651285, 26.0, 85.70297544426332, 82.68010643437755, 0.0, 61.61168720299745, 54.12947441089743, 41.340053217188775, 33.421549934136806], [6.0, 84.52810183601665, 41.7612260356422, 50.08991914547278, 34.52535300326414, 61.61168720299745, 0.0, 13.038404810405298, 20.518284528683193, 77.46612162745726], [19.026297590440446, 86.97700845625813, 39.01281840626232, 61.68468205316454, 47.265209192385896, 54.12947441089743, 13.038404810405298, 0.0, 14.035668847618199, 75.02666192761077], [25.0, 74.32361670424818, 25.079872407968907, 59.413803110051795, 48.83646178829912, 41.340053217188775, 20.518284528683193, 14.035668847618199, 0.0, 61.00819617067857], [78.84795495128583, 31.78049716414141, 36.124783736376884, 80.72174428244226, 85.44588931013593, 33.421549934136806, 77.46612162745726, 75.02666192761077, 61.00819617067857, 0.0]], "task_locations": [[10, 53], [93, 43], [50, 71], [32, 14], [16, 25], [60, 95], [10, 59], [11, 72], [25, 73], [86, 74]], "precedence_constraints": [[2, 4], [4, 3]]}