{"Q": [[1, 0, 1], [0, 1, 0], [0, 0, 1]], "R": [[0.0, 0.0, 0.0], [0.0, 0.0, 1.0], [0.0, 1.0, 0.0], [1.0, 0.0, 0.0], [1.0, 1.0, 0.0], [1.0, 0.0, 0.0], [1.0, 1.0, 1.0], [0.0, 0.0, 1.0], [1.0, 1.0, 1.0], [0.0, 0.0, 0.0]], "T_e": [0, 61, 54, 70, 58, 77, 52, 66, 55, 0], "T_t": [[0.0, 70.60453243241541, 39.45883931389772, 75.8023746329889, 19.697715603592208, 84.87638069569178, 52.3450093132096, 47.16990566028302, 19.924858845171276, 42.95346318982906], [70.60453243241541, 0.0, 84.8999411071645, 20.223748416156685, 76.00657866263946, 29.068883707497267, 62.64982043070834, 69.85699678629192, 90.52071586106685, 38.2099463490856], [39.45883931389772, 84.8999411071645, 0.0, 97.8008179924892, 58.69412236331676, 108.00462953040486, 32.14031735997639, 86.02325267042627, 41.400483088968905, 46.861498055439924], [75.8023746329889, 20.223748416156685, 97.8008179924892, 0.0, 75.96051605933177, 10.295630140987, 79.71198153351854, 61.5223536610881, 95.29428104561154, 53.225933528685054], [19.697715603592208, 76.00657866263946, 58.69412236331676, 75.96051605933177, 0.0, 83.57032966310472, 70.9365914038728, 31.38470965295043, 26.40075756488817, 56.824290580701486], [84.87638069569178, 29.068883707497267, 108.00462953040486, 10.295630140987, 83.57032966310472, 0.0, 89.88882021697692, 66.007575322837, 104.10091258005379, 63.50590523722971], [52.3450093132096, 62.64982043070834, 32.14031735997639, 79.71198153351854, 70.9365914038728, 89.88882021697692, 0.0, 89.69392398596462, 64.41273166075166, 27.294688127912362], [47.16990566028302, 69.85699678629192, 86.02325267042627, 61.5223536610881, 31.38470965295043, 66.007575322837, 89.69392398596462, 0.0, 57.77542730261716, 67.67569726275453], [19.924858845171276, 90.52071586106685, 41.400483088968905, 95.29428104561154, 26.40075756488817, 104.10091258005379, 64.41273166075166, 57.77542730261716, 0.0, 61.07372593840988], [42.95346318982906, 38.2099463490856, 46.861498055439924, 53.225933528685054, 56.824290580701486, 63.50590523722971, 27.294688127912362, 67.67569726275453, 61.07372593840988, 0.0]], "task_locations": [[73, 51], [5, 70], [67, 12], [8, 90], [81, 69], [3, 99], [35, 15], [69, 98], [92, 45], [31, 42]], "precedence_constraints": [[3, 4]]}