{"Q": [[1, 1, 0], [0, 1, 0], [0, 1, 1]], "R": [[0.0, 0.0, 0.0], [1.0, 1.0, 1.0], [0.0, 0.0, 1.0], [0.0, 0.0, 1.0], [1.0, 0.0, 1.0], [1.0, 0.0, 1.0], [0.0, 1.0, 1.0], [0.0, 1.0, 1.0], [0.0, 0.0, 1.0], [0.0, 0.0, 0.0]], "T_e": [0, 80, 66, 90, 78, 74, 86, 87, 98, 0], "T_t": [[0.0, 34.0147027033899, 87.66413177577246, 41.43669871020132, 101.6070863670443, 68.65857557508748, 104.80458005259122, 80.2807573457052, 45.70557952810576, 86.70063436907483], [34.0147027033899, 0.0, 53.75872022286245, 22.360679774997898, 73.92563831310488, 55.362442142665635, 74.94664769020693, 65.11528238439882, 38.600518131237564, 60.41522986797286], [87.66413177577246, 53.75872022286245, 0.0, 55.226805085936306, 55.54277630799526, 76.05918747922567, 48.507731342539614, 78.60025445251433, 75.31268153505093, 42.190046219457976], [41.43669871020132, 22.360679774997898, 55.226805085936306, 0.0, 90.02777349240623, 77.4919350642375, 88.86506625215557, 86.83317338436964, 60.74537019394976, 45.27692569068709], [101.6070863670443, 73.92563831310488, 55.54277630799526, 90.02777349240623, 0.0, 47.43416490252569, 10.770329614269007, 41.19465984809196, 63.8200595424354, 96.56603957913983], [68.65857557508748, 55.362442142665635, 76.05918747922567, 77.4919350642375, 47.43416490252569, 0.0, 56.089214649520635, 11.704699910719626, 23.08679276123039, 105.47511554864494], [104.80458005259122, 74.94664769020693, 48.507731342539614, 88.86506625215557, 10.770329614269007, 56.089214649520635, 0.0, 51.0, 70.2353187506115, 90.4267659490264], [80.2807573457052, 65.11528238439882, 78.60025445251433, 86.83317338436964, 41.19465984809196, 11.704699910719626, 51.0, 0.0, 34.785054261852174, 111.40017953306898], [45.70557952810576, 38.600518131237564, 75.31268153505093, 60.74537019394976, 63.8200595424354, 23.08679276123039, 70.2353187506115, 34.785054261852174, 0.0, 96.02083107326243], [86.70063436907483, 60.41522986797286, 42.190046219457976, 45.27692569068709, 96.56603957913983, 105.47511554864494, 90.4267659490264, 111.40017953306898, 96.02083107326243, 0.0]], "task_locations": [[88, 87], [57, 73], [6, 56], [47, 93], [28, 5], [73, 20], [18, 9], [69, 9], [80, 42], [2, 98]], "precedence_constraints": [[5, 3]]}