{"Q": [[0, 0, 1], [1, 1, 0], [0, 1, 0]], "R": [[0.0, 0.0, 0.0], [1.0, 0.0, 1.0], [1.0, 0.0, 0.0], [1.0, 1.0, 1.0], [1.0, 1.0, 0.0], [1.0, 0.0, 0.0], [1.0, 1.0, 0.0], [0.0, 0.0, 1.0], [0.0, 1.0, 0.0], [0.0, 0.0, 0.0]], "T_e": [0, 62, 90, 89, 84, 70, 89, 63, 61, 0], "T_t": [[0.0, 20.615528128088304, 34.0, 28.160255680657446, 16.0312195418814, 15.811388300841896, 8.94427190999916, 62.64982043070834, 53.600373133029585, 38.63935817272331], [20.615528128088304, 0.0, 17.0, 47.853944456021594, 32.64965543462902, 21.095023109728988, 29.410882339705484, 81.04319835741924, 61.98386886924694, 54.3323108288245], [34.0, 17.0, 0.0, 57.38466694161429, 48.38388161361178, 25.80697580112788, 41.617304093369626, 87.20665112249179, 59.033888572581766, 58.69412236331676], [28.160255680657446, 47.853944456021594, 57.38466694161429, 0.0, 29.120439557122072, 31.827660925679098, 19.4164878389476, 35.014282800023196, 43.08131845707603, 18.601075237738275], [16.0312195418814, 32.64965543462902, 48.38388161361178, 29.120439557122072, 0.0, 31.575306807693888, 15.0, 63.387695966961914, 65.11528238439882, 45.27692569068709], [15.811388300841896, 21.095023109728988, 25.80697580112788, 31.827660925679098, 31.575306807693888, 0.0, 19.235384061671343, 61.84658438426491, 41.6293165929973, 33.95585369269929], [8.94427190999916, 29.410882339705484, 41.617304093369626, 19.4164878389476, 15.0, 19.235384061671343, 0.0, 54.230987451824994, 50.20956084253277, 31.953090617340916], [62.64982043070834, 81.04319835741924, 87.20665112249179, 35.014282800023196, 63.387695966961914, 61.84658438426491, 54.230987451824994, 0.0, 45.18849411078001, 28.844410203711913], [53.600373133029585, 61.98386886924694, 59.033888572581766, 43.08131845707603, 65.11528238439882, 41.6293165929973, 50.20956084253277, 45.18849411078001, 0.0, 25.495097567963924], [38.63935817272331, 54.3323108288245, 58.69412236331676, 18.601075237738275, 45.27692569068709, 33.95585369269929, 31.953090617340916, 28.844410203711913, 25.495097567963924, 0.0]], "task_locations": [[40, 73], [53, 89], [70, 89], [32, 46], [24, 74], [55, 68], [36, 65], [31, 11], [72, 30], [47, 35]], "precedence_constraints": [[5, 6], [3, 4], [1, 5], [7, 1], [2, 8], [7, 6]]}