{"Q": [[1, 1, 1], [1, 0, 0], [0, 1, 1]], "R": [[0.0, 0.0, 0.0], [0.0, 1.0, 0.0], [1.0, 1.0, 1.0], [0.0, 1.0, 1.0], [1.0, 1.0, 0.0], [1.0, 1.0, 1.0], [1.0, 0.0, 0.0], [1.0, 0.0, 0.0], [1.0, 0.0, 0.0], [0.0, 0.0, 0.0]], "T_e": [0, 63, 98, 87, 54, 75, 70, 92, 96, 0], "T_t": [[0.0, 112.2007130102122, 61.40032573203501, 21.540659228538015, 71.16881339463234, 104.48444860360799, 95.50916186418976, 28.071337695236398, 79.62411694957753, 120.50726119201282], [112.2007130102122, 0.0, 83.21658488546619, 91.54780172128658, 66.0, 9.055385138137417, 65.55150646628954, 92.76313923105448, 37.589892258425, 12.041594578792296], [61.40032573203501, 83.21658488546619, 0.0, 54.57105459856901, 18.027756377319946, 74.16872656315464, 37.20215047547655, 66.40783086353596, 70.3846574190711, 85.90692637965812], [21.540659228538015, 91.54780172128658, 54.57105459856901, 0.0, 59.135437767890075, 84.17244204607586, 83.48652585896721, 12.806248474865697, 58.137767414994535, 100.40916292848975], [71.16881339463234, 66.0, 18.027756377319946, 59.135437767890075, 0.0, 57.0087712549569, 24.515301344262525, 69.1158447825099, 58.249463516842795, 68.06614430096654], [104.48444860360799, 9.055385138137417, 74.16872656315464, 84.17244204607586, 57.0087712549569, 0.0, 57.697486947006624, 86.21484790916237, 33.24154027718932, 16.401219466856727], [95.50916186418976, 65.55150646628954, 37.20215047547655, 83.48652585896721, 24.515301344262525, 57.697486947006624, 0.0, 93.00537618869137, 71.40028011149536, 63.150613615387776], [28.071337695236398, 92.76313923105448, 66.40783086353596, 12.806248474865697, 69.1158447825099, 86.21484790916237, 93.00537618869137, 0.0, 56.85068161420758, 102.61578825892242], [79.62411694957753, 37.589892258425, 70.3846574190711, 58.137767414994535, 58.249463516842795, 33.24154027718932, 71.40028011149536, 56.85068161420758, 0.0, 48.84669896727925], [120.50726119201282, 12.041594578792296, 85.90692637965812, 100.40916292848975, 68.06614430096654, 16.401219466856727, 63.150613615387776, 102.61578825892242, 48.84669896727925, 0.0]], "task_locations": [[96, 94], [6, 27], [89, 33], [76, 86], [72, 27], [15, 28], [67, 3], [68, 96], [24, 60], [5, 15]], "precedence_constraints": [[8, 6], [5, 6], [2, 8], [8, 4]]}