{"Q": [[0, 1, 0], [1, 0, 0], [0, 1, 1]], "R": [[0.0, 0.0, 0.0], [0.0, 1.0, 0.0], [1.0, 0.0, 1.0], [1.0, 0.0, 1.0], [0.0, 0.0, 1.0], [0.0, 1.0, 1.0], [0.0, 1.0, 1.0], [1.0, 0.0, 0.0], [1.0, 1.0, 1.0], [0.0, 0.0, 0.0]], "T_e": [0, 86, 68, 65, 68, 63, 76, 92, 61, 0], "T_t": [[0.0, 19.026297590440446, 34.48187929913333, 79.20227269466452, 79.76214641043707, 21.400934559032695, 25.495097567963924, 39.81205847478876, 79.37883848986453, 18.110770276274835], [19.026297590440446, 0.0, 44.68780594300866, 89.62700485902673, 80.39900496896712, 38.62641583165593, 38.41874542459709, 41.48493702538308, 97.8008179924892, 25.495097567963924], [34.48187929913333, 44.68780594300866, 0.0, 45.27692569068709, 50.566787519082126, 21.18962010041709, 10.04987562112089, 18.973665961010276, 65.37583651472461, 19.209372712298546], [79.20227269466452, 89.62700485902673, 45.27692569068709, 0.0, 44.553338819890925, 61.1310068623117, 53.71219600798314, 52.630789467763066, 62.289646009589745, 64.35060217278468], [79.76214641043707, 80.39900496896712, 50.566787519082126, 44.553338819890925, 0.0, 71.69379331573968, 60.166435825965294, 40.11234224026316, 101.01980003939822, 61.66036003787198], [21.400934559032695, 38.62641583165593, 21.18962010041709, 61.1310068623117, 71.69379331573968, 0.0, 11.661903789690601, 36.069377593742864, 59.43904440685432, 19.6468827043885], [25.495097567963924, 38.41874542459709, 10.04987562112089, 53.71219600798314, 60.166435825965294, 11.661903789690601, 0.0, 24.839484696748443, 64.07027391856539, 13.92838827718412], [39.81205847478876, 41.48493702538308, 18.973665961010276, 52.630789467763066, 40.11234224026316, 36.069377593742864, 24.839484696748443, 0.0, 84.01190391843289, 21.840329667841555], [79.37883848986453, 97.8008179924892, 65.37583651472461, 62.289646009589745, 101.01980003939822, 59.43904440685432, 64.07027391856539, 84.01190391843289, 0.0, 77.41446893184762], [18.110770276274835, 25.495097567963924, 19.209372712298546, 64.35060217278468, 61.66036003787198, 19.6468827043885, 13.92838827718412, 21.840329667841555, 77.41446893184762, 0.0]], "task_locations": [[23, 15], [4, 14], [33, 48], [56, 87], [12, 94], [40, 28], [34, 38], [15, 54], [98, 41], [21, 33]], "precedence_constraints": [[1, 4], [8, 7], [3, 5], [7, 6], [3, 4], [1, 2]]}