{"Q": [[0, 1, 0], [1, 1, 0], [0, 0, 1]], "R": [[0.0, 0.0, 0.0], [0.0, 1.0, 0.0], [0.0, 1.0, 1.0], [1.0, 1.0, 0.0], [0.0, 0.0, 1.0], [0.0, 1.0, 1.0], [0.0, 1.0, 0.0], [1.0, 1.0, 0.0], [1.0, 0.0, 1.0], [0.0, 0.0, 0.0]], "T_e": [0, 77, 79, 51, 50, 67, 59, 76, 72, 0], "T_t": [[0.0, 65.76473218982953, 77.82673062643708, 73.68174807915459, 80.49844718999243, 88.72992730753249, 4.47213595499958, 123.79418403139947, 74.00675644831355, 58.7962583843564], [65.76473218982953, 0.0, 26.30589287593181, 83.6301381082203, 68.4470598345904, 47.095647357266465, 64.53681120105021, 79.05694150420949, 12.727922061357855, 42.80186911806539], [77.82673062643708, 26.30589287593181, 0.0, 69.6419413859206, 48.83646178829912, 21.02379604162864, 78.03204469959762, 53.31041174104736, 35.35533905932738, 31.04834939252005], [73.68174807915459, 83.6301381082203, 69.6419413859206, 0.0, 26.019223662515376, 60.166435825965294, 77.41446893184762, 80.89499366462674, 96.33275663033837, 41.012193308819754], [80.49844718999243, 68.4470598345904, 48.83646178829912, 26.019223662515376, 0.0, 35.34119409414458, 83.2586331859946, 55.54277630799526, 80.52949770115296, 28.160255680657446], [88.72992730753249, 47.095647357266465, 21.02379604162864, 60.166435825965294, 35.34119409414458, 0.0, 89.87213138676528, 35.608987629529715, 56.32051136131489, 31.78049716414141], [4.47213595499958, 64.53681120105021, 78.03204469959762, 77.41446893184762, 83.2586331859946, 89.87213138676528, 0.0, 125.15989773086265, 72.17340230306452, 60.60528029800704], [123.79418403139947, 79.05694150420949, 53.31041174104736, 80.89499366462674, 55.54277630799526, 35.608987629529715, 125.15989773086265, 0.0, 85.5102333057278, 65.43699259593154], [74.00675644831355, 12.727922061357855, 35.35533905932738, 96.33275663033837, 80.52949770115296, 56.32051136131489, 72.17340230306452, 85.5102333057278, 0.0, 55.44366510251645], [58.7962583843564, 42.80186911806539, 31.04834939252005, 41.012193308819754, 28.160255680657446, 31.78049716414141, 60.60528029800704, 65.43699259593154, 55.44366510251645, 0.0]], "task_locations": [[9, 93], [19, 28], [45, 24], [82, 83], [81, 57], [66, 25], [5, 91], [94, 3], [10, 19], [53, 54]], "precedence_constraints": [[7, 6], [7, 1], [4, 1], [6, 8], [3, 2], [7, 8]]}