{"Q": [[0, 0, 1], [0, 1, 0], [1, 1, 1]], "R": [[0.0, 0.0, 0.0], [1.0, 0.0, 0.0], [1.0, 1.0, 1.0], [1.0, 1.0, 1.0], [1.0, 1.0, 0.0], [0.0, 1.0, 0.0], [0.0, 0.0, 1.0], [1.0, 0.0, 0.0], [1.0, 1.0, 0.0], [0.0, 0.0, 0.0]], "T_e": [0, 63, 72, 58, 61, 64, 53, 76, 70, 0], "T_t": [[0.0, 67.91170738539859, 58.25804665451803, 69.06518659932803, 87.86353054595519, 101.21264743103995, 69.85699678629192, 56.824290580701486, 53.9351462406472, 85.95929269136641], [67.91170738539859, 0.0, 29.698484809834994, 19.235384061671343, 50.635955604688654, 48.08326112068523, 61.220911460055866, 51.73973328110612, 29.068883707497267, 63.694583757176716], [58.25804665451803, 29.698484809834994, 0.0, 46.647615158762406, 31.78049716414141, 43.01162633521314, 31.906112267087632, 22.20360331117452, 47.67598976424087, 38.118237105091836], [69.06518659932803, 19.235384061671343, 46.647615158762406, 0.0, 69.87131027825369, 65.92419889539804, 78.54934754662193, 67.62396025078685, 17.46424919657298, 82.54089895318563], [87.86353054595519, 50.635955604688654, 31.78049716414141, 69.87131027825369, 0.0, 22.360679774997898, 30.066592756745816, 34.88552708502482, 76.16429609731846, 18.35755975068582], [101.21264743103995, 48.08326112068523, 43.01162633521314, 65.92419889539804, 22.360679774997898, 0.0, 52.03844732503075, 54.3415126767741, 76.89603370785778, 40.162171256046406], [69.85699678629192, 61.220911460055866, 31.906112267087632, 78.54934754662193, 30.066592756745816, 52.03844732503075, 0.0, 14.035668847618199, 78.10889834071403, 17.804493814764857], [56.824290580701486, 51.73973328110612, 22.20360331117452, 67.62396025078685, 34.88552708502482, 54.3415126767741, 14.035668847618199, 0.0, 65.39113089708727, 29.154759474226502], [53.9351462406472, 29.068883707497267, 47.67598976424087, 17.46424919657298, 76.16429609731846, 76.89603370785778, 78.10889834071403, 65.39113089708727, 0.0, 85.70880934886448], [85.95929269136641, 63.694583757176716, 38.118237105091836, 82.54089895318563, 18.35755975068582, 40.162171256046406, 17.804493814764857, 29.154759474226502, 85.70880934886448, 0.0]], "task_locations": [[17, 78], [83, 62], [62, 41], [86, 81], [75, 12], [97, 16], [45, 14], [44, 28], [70, 88], [59, 3]], "precedence_constraints": [[7, 1], [2, 1], [6, 5], [5, 3]]}