{"Q": [[1, 0, 1], [0, 1, 0], [0, 0, 1]], "R": [[0.0, 0.0, 0.0], [0.0, 0.0, 1.0], [0.0, 1.0, 1.0], [1.0, 0.0, 0.0], [0.0, 1.0, 0.0], [0.0, 1.0, 0.0], [1.0, 0.0, 1.0], [0.0, 1.0, 0.0], [0.0, 1.0, 1.0], [0.0, 0.0, 0.0]], "T_e": [0, 70, 67, 80, 53, 54, 50, 54, 95, 0], "T_t": [[0.0, 25.0, 37.48332962798263, 65.80273550544841, 8.06225774829855, 5.385164807134504, 88.54942122905152, 43.382023926967726, 70.3420215802759, 56.64803615307419], [25.0, 0.0, 27.018512172212592, 54.817880294662984, 17.029386365926403, 30.066592756745816, 67.20119046564577, 23.600847442411894, 68.3593446428504, 53.23532661682466], [37.48332962798263, 27.018512172212592, 0.0, 29.068883707497267, 31.622776601683793, 39.824615503479755, 54.57105459856901, 15.264337522473747, 41.773197148410844, 26.68332812825267], [65.80273550544841, 54.817880294662984, 29.068883707497267, 0.0, 60.53924347066124, 67.35725647619564, 42.05948168962618, 34.0, 25.80697580112788, 19.0], [8.06225774829855, 17.029386365926403, 31.622776601683793, 60.53924347066124, 0.0, 13.038404810405298, 81.00617260431454, 35.84689665786984, 67.7421582177598, 53.36665625650534], [5.385164807134504, 30.066592756745816, 39.824615503479755, 67.35725647619564, 13.038404810405298, 0.0, 92.19544457292888, 47.16990566028302, 69.8927750200262, 56.79788728465171], [88.54942122905152, 67.20119046564577, 54.57105459856901, 42.05948168962618, 81.00617260431454, 92.19544457292888, 0.0, 45.17742799230607, 67.11929677819934, 60.41522986797286], [43.382023926967726, 23.600847442411894, 15.264337522473747, 34.0, 35.84689665786984, 47.16990566028302, 45.17742799230607, 0.0, 53.31041174104736, 38.948684188300895], [70.3420215802759, 68.3593446428504, 41.773197148410844, 25.80697580112788, 67.7421582177598, 69.8927750200262, 67.11929677819934, 53.31041174104736, 0.0, 15.132745950421556], [56.64803615307419, 53.23532661682466, 26.68332812825267, 19.0, 53.36665625650534, 56.79788728465171, 60.41522986797286, 38.948684188300895, 15.132745950421556, 0.0]], "task_locations": [[73, 19], [73, 44], [46, 45], [20, 58], [72, 27], [71, 14], [33, 98], [54, 58], [5, 37], [20, 39]], "precedence_constraints": [[2, 1], [3, 5], [7, 1]]}