{"Q": [[1, 1, 0], [0, 1, 0], [0, 0, 1]], "R": [[0.0, 0.0, 0.0], [0.0, 1.0, 0.0], [1.0, 1.0, 0.0], [0.0, 0.0, 1.0], [1.0, 0.0, 1.0], [1.0, 1.0, 0.0], [0.0, 1.0, 1.0], [0.0, 1.0, 0.0], [0.0, 1.0, 0.0], [0.0, 0.0, 0.0]], "T_e": [0, 66, 61, 50, 89, 69, 54, 84, 98, 0], "T_t": [[0.0, 29.410882339705484, 23.021728866442675, 52.478567053607705, 16.1245154965971, 21.02379604162864, 64.1404708432983, 47.53945729601885, 69.63476143421474, 42.01190307520001], [29.410882339705484, 0.0, 47.16990566028302, 75.18643494673756, 30.479501308256342, 9.0, 46.2709412050371, 40.311288741492746, 83.23460818673925, 68.41052550594829], [23.021728866442675, 47.16990566028302, 0.0, 29.5296461204668, 38.18376618407357, 38.2099463490856, 66.84309986827361, 45.27692569068709, 48.75448697299562, 46.52956049652737], [52.478567053607705, 75.18643494673756, 29.5296461204668, 0.0, 67.00746227100382, 66.48308055437865, 82.87339742040264, 60.08327554319921, 30.4138126514911, 62.93647591023825], [16.1245154965971, 30.479501308256342, 38.18376618407357, 67.00746227100382, 0.0, 25.495097567963924, 73.38937252763509, 60.13318551349163, 85.70297544426332, 38.948684188300895], [21.02379604162864, 9.0, 38.2099463490856, 66.48308055437865, 25.495097567963924, 0.0, 48.08326112068523, 37.656340767525464, 76.05918747922567, 61.554853586049575], [64.1404708432983, 46.2709412050371, 66.84309986827361, 82.87339742040264, 73.38937252763509, 48.08326112068523, 0.0, 22.847319317591726, 73.02739212103907, 105.94810050208545], [47.53945729601885, 40.311288741492746, 45.27692569068709, 60.08327554319921, 60.13318551349163, 37.656340767525464, 22.847319317591726, 0.0, 53.150729063673246, 87.66413177577246], [69.63476143421474, 83.23460818673925, 48.75448697299562, 30.4138126514911, 85.70297544426332, 76.05918747922567, 73.02739212103907, 53.150729063673246, 0.0, 91.0823802938856], [42.01190307520001, 68.41052550594829, 46.52956049652737, 62.93647591023825, 38.948684188300895, 61.554853586049575, 105.94810050208545, 87.66413177577246, 91.0823802938856, 0.0]], "task_locations": [[40, 55], [49, 83], [53, 36], [67, 10], [26, 63], [49, 74], [95, 88], [86, 67], [97, 15], [7, 29]], "precedence_constraints": [[8, 4], [6, 1], [7, 3]]}