{"Q": [[1, 0, 0], [1, 0, 0], [1, 1, 1]], "R": [[0.0, 0.0, 0.0], [1.0, 0.0, 1.0], [0.0, 1.0, 0.0], [0.0, 1.0, 0.0], [0.0, 1.0, 0.0], [1.0, 0.0, 0.0], [1.0, 0.0, 1.0], [1.0, 0.0, 0.0], [1.0, 0.0, 1.0], [0.0, 0.0, 0.0]], "T_e": [0, 60, 57, 77, 77, 55, 97, 89, 63, 0], "T_t": [[0.0, 46.69047011971501, 23.021728866442675, 56.32051136131489, 34.40930106817051, 15.033296378372908, 58.69412236331676, 27.586228448267445, 29.017236257093817, 70.2353187506115], [46.69047011971501, 0.0, 64.88451279003334, 93.68030742904295, 54.147945482723536, 38.07886552931954, 12.206555615733702, 74.27651041883968, 33.37663853655727, 30.01666203960727], [23.021728866442675, 64.88451279003334, 0.0, 33.37663853655727, 27.16615541441225, 38.05259518088089, 76.00657866263946, 20.223748416156685, 52.03844732503075, 82.80700453464067], [56.32051136131489, 93.68030742904295, 33.37663853655727, 0.0, 42.190046219457976, 71.34423592694787, 103.46496991735899, 43.829214001622255, 85.28774824088158, 105.152270541344], [34.40930106817051, 54.147945482723536, 27.16615541441225, 42.190046219457976, 0.0, 45.45327270945405, 62.5859409132754, 47.0, 56.938563381947034, 62.96824596572466], [15.033296378372908, 38.07886552931954, 38.05259518088089, 71.34423592694787, 45.45327270945405, 0.0, 50.24937810560445, 39.35733730830886, 14.0, 65.52098900352466], [58.69412236331676, 12.206555615733702, 76.00657866263946, 103.46496991735899, 62.5859409132754, 50.24937810560445, 0.0, 86.2670273047588, 44.64302857109943, 21.540659228538015], [27.586228448267445, 74.27651041883968, 20.223748416156685, 43.829214001622255, 47.0, 39.35733730830886, 86.2670273047588, 0.0, 52.20153254455275, 96.79876032264049], [29.017236257093817, 33.37663853655727, 52.03844732503075, 85.28774824088158, 56.938563381947034, 14.0, 44.64302857109943, 52.20153254455275, 0.0, 63.12685640834652], [70.2353187506115, 30.01666203960727, 82.80700453464067, 105.152270541344, 62.96824596572466, 65.52098900352466, 21.540659228538015, 96.79876032264049, 63.12685640834652, 0.0]], "task_locations": [[33, 41], [65, 7], [34, 64], [39, 97], [61, 61], [32, 26], [75, 0], [14, 61], [32, 12], [95, 8]], "precedence_constraints": [[2, 7]]}