{"Q": [[1, 1, 0], [0, 1, 1], [0, 1, 0]], "R": [[0.0, 0.0, 0.0], [1.0, 1.0, 1.0], [0.0, 0.0, 1.0], [0.0, 1.0, 0.0], [0.0, 0.0, 1.0], [1.0, 0.0, 0.0], [0.0, 1.0, 0.0], [0.0, 1.0, 0.0], [0.0, 1.0, 0.0], [0.0, 0.0, 0.0]], "T_e": [0, 87, 69, 93, 82, 58, 98, 51, 63, 0], "T_t": [[0.0, 101.91172650877817, 6.708203932499369, 58.309518948453004, 39.01281840626232, 103.46496991735899, 87.29833904490967, 19.924858845171276, 51.264022471905186, 56.0357029044876], [101.91172650877817, 0.0, 95.4829827770373, 46.32493928760188, 81.70679286326198, 26.1725046566048, 55.10898293381942, 84.29116205154607, 57.706152185014034, 69.6419413859206], [6.708203932499369, 95.4829827770373, 0.0, 51.62363799656123, 36.6742416417845, 97.75479527879949, 80.89499366462674, 13.341664064126334, 44.598206241955516, 50.00999900019995], [58.309518948453004, 46.32493928760188, 51.62363799656123, 0.0, 51.78802950489621, 57.3149195236284, 39.0, 39.20459156782532, 12.165525060596439, 28.635642126552707], [39.01281840626232, 81.70679286326198, 36.6742416417845, 51.78802950489621, 0.0, 74.51845409024533, 90.24965373894794, 38.58756276314948, 53.31041174104736, 67.95586803212802], [103.46496991735899, 26.1725046566048, 97.75479527879949, 57.3149195236284, 74.51845409024533, 0.0, 78.0, 89.05054744357274, 69.46221994724903, 85.0], [87.29833904490967, 55.10898293381942, 80.89499366462674, 39.0, 90.24965373894794, 78.0, 0.0, 67.60177512462228, 38.118237105091836, 32.69556544854363], [19.924858845171276, 84.29116205154607, 13.341664064126334, 39.20459156782532, 38.58756276314948, 89.05054744357274, 67.60177512462228, 0.0, 31.38470965295043, 37.21558813185679], [51.264022471905186, 57.706152185014034, 44.598206241955516, 12.165525060596439, 53.31041174104736, 69.46221994724903, 38.118237105091836, 31.38470965295043, 0.0, 17.88854381999832], [56.0357029044876, 69.6419413859206, 50.00999900019995, 28.635642126552707, 67.95586803212802, 85.0, 32.69556544854363, 37.21558813185679, 17.88854381999832, 0.0]], "task_locations": [[2, 10], [77, 79], [8, 13], [52, 40], [1, 49], [58, 97], [88, 25], [21, 16], [50, 28], [58, 12]], "precedence_constraints": [[2, 4], [1, 4]]}