{"Q": [[1, 0, 1], [1, 1, 1], [1, 0, 1]], "R": [[0.0, 0.0, 0.0], [1.0, 1.0, 0.0], [1.0, 0.0, 0.0], [0.0, 0.0, 1.0], [1.0, 1.0, 0.0], [1.0, 1.0, 0.0], [1.0, 1.0, 1.0], [1.0, 1.0, 1.0], [1.0, 0.0, 0.0], [0.0, 0.0, 0.0]], "T_e": [0, 89, 97, 85, 72, 66, 75, 61, 68, 0], "T_t": [[0.0, 22.0, 59.30430001273095, 66.0, 75.1065909225016, 34.0147027033899, 56.43580423808985, 47.12748667179272, 78.0, 92.19544457292888], [22.0, 0.0, 37.48332962798263, 44.0, 53.150729063673246, 12.041594578792296, 34.713109915419565, 45.70557952810576, 56.0, 72.71863585079137], [59.30430001273095, 37.48332962798263, 0.0, 9.219544457292887, 18.867962264113206, 25.96150997149434, 3.1622776601683795, 68.01470429252781, 19.924858845171276, 40.607881008493905], [66.0, 44.0, 9.219544457292887, 0.0, 9.848857801796104, 32.01562118716424, 12.206555615733702, 68.76772498781678, 12.0, 42.04759208325728], [75.1065909225016, 53.150729063673246, 18.867962264113206, 9.848857801796104, 0.0, 41.10960958218893, 21.95449840010015, 73.49829930005184, 5.0, 42.95346318982906], [34.0147027033899, 12.041594578792296, 25.96150997149434, 32.01562118716424, 41.10960958218893, 0.0, 23.40939982143925, 48.33218389437829, 44.01136216933077, 63.41135544995076], [56.43580423808985, 34.713109915419565, 3.1622776601683795, 12.206555615733702, 21.95449840010015, 23.40939982143925, 0.0, 66.84309986827361, 23.08679276123039, 41.773197148410844], [47.12748667179272, 45.70557952810576, 68.01470429252781, 68.76772498781678, 73.49829930005184, 48.33218389437829, 66.84309986827361, 0.0, 78.2368199762746, 108.57716150277645], [78.0, 56.0, 19.924858845171276, 12.0, 5.0, 44.01136216933077, 23.08679276123039, 78.2368199762746, 0.0, 38.47076812334269], [92.19544457292888, 72.71863585079137, 40.607881008493905, 42.04759208325728, 42.95346318982906, 63.41135544995076, 41.773197148410844, 108.57716150277645, 38.47076812334269, 0.0]], "task_locations": [[93, 48], [71, 48], [34, 42], [27, 48], [18, 52], [59, 49], [37, 41], [79, 93], [15, 48], [9, 10]], "precedence_constraints": [[2, 5], [5, 7], [3, 5], [2, 7]]}