{"Q": [[1, 0, 1], [0, 0, 1], [1, 1, 0]], "R": [[0.0, 0.0, 0.0], [1.0, 0.0, 1.0], [0.0, 1.0, 1.0], [0.0, 1.0, 1.0], [1.0, 0.0, 0.0], [1.0, 0.0, 0.0], [1.0, 0.0, 0.0], [1.0, 0.0, 0.0], [1.0, 1.0, 1.0], [0.0, 0.0, 0.0]], "T_e": [0, 85, 51, 70, 51, 97, 67, 98, 77, 0], "T_t": [[0.0, 31.144823004794873, 97.57561170702442, 52.80151512977634, 65.30696746902278, 39.84971769034255, 56.089214649520635, 88.23831367382311, 55.154328932550705, 23.769728648009426], [31.144823004794873, 0.0, 111.5212984142491, 81.25269226308751, 56.08029957123981, 39.824615503479755, 66.84309986827361, 78.10249675906654, 70.76722405181653, 10.816653826391969], [97.57561170702442, 111.5212984142491, 0.0, 67.47592163134935, 74.32361670424818, 72.83543093852057, 44.68780594300866, 75.4254598925323, 42.485291572496, 101.21264743103995], [52.80151512977634, 81.25269226308751, 67.47592163134935, 0.0, 84.52810183601665, 62.0966987850401, 49.57822102496216, 101.83319694480774, 39.6232255123179, 71.19691004531025], [65.30696746902278, 56.08029957123981, 74.32361670424818, 84.52810183601665, 0.0, 26.40075756488817, 39.20459156782532, 23.08679276123039, 49.64876634922564, 50.35871324805669], [39.84971769034255, 39.824615503479755, 72.83543093852057, 62.0966987850401, 26.40075756488817, 0.0, 28.600699292150182, 48.76474136094644, 35.4682957019364, 30.675723300355934], [56.089214649520635, 66.84309986827361, 44.68780594300866, 49.57822102496216, 39.20459156782532, 28.600699292150182, 0.0, 52.839379254491625, 10.770329614269007, 56.61271941887264], [88.23831367382311, 78.10249675906654, 75.4254598925323, 101.83319694480774, 23.08679276123039, 48.76474136094644, 52.839379254491625, 0.0, 63.52952069707436, 73.16419889536138], [55.154328932550705, 70.76722405181653, 42.485291572496, 39.6232255123179, 49.64876634922564, 35.4682957019364, 10.770329614269007, 63.52952069707436, 0.0, 60.108235708594876], [23.769728648009426, 10.816653826391969, 101.21264743103995, 71.19691004531025, 50.35871324805669, 30.675723300355934, 56.61271941887264, 73.16419889536138, 60.108235708594876, 0.0]], "task_locations": [[58, 9], [89, 12], [18, 98], [10, 31], [86, 68], [70, 47], [47, 64], [93, 90], [37, 60], [80, 18]], "precedence_constraints": [[1, 8], [8, 4], [6, 8], [6, 2], [7, 4], [3, 6]]}