{"Q": [[1, 0, 0], [0, 1, 0], [1, 1, 1]], "R": [[0.0, 0.0, 0.0], [0.0, 1.0, 0.0], [1.0, 1.0, 1.0], [0.0, 1.0, 0.0], [1.0, 1.0, 0.0], [1.0, 0.0, 0.0], [0.0, 1.0, 0.0], [0.0, 0.0, 1.0], [1.0, 0.0, 0.0], [0.0, 0.0, 0.0]], "T_e": [0, 95, 96, 86, 94, 86, 69, 97, 65, 0], "T_t": [[0.0, 72.00694410957877, 54.589376255824725, 86.35392289873113, 64.53681120105021, 79.40403012442127, 23.53720459187964, 44.181444068749045, 70.83784299369935, 17.204650534085253], [72.00694410957877, 0.0, 31.25699921617557, 19.235384061671343, 8.246211251235321, 7.615773105863909, 59.64059020499378, 42.05948168962618, 13.45362404707371, 69.02897942168927], [54.589376255824725, 31.25699921617557, 0.0, 50.48762224545735, 23.769728648009426, 38.01315561749642, 53.08483775994799, 47.53945729601885, 21.587033144922902, 59.22837157984339], [86.35392289873113, 19.235384061671343, 50.48762224545735, 0.0, 27.018512172212592, 13.416407864998739, 70.178344238091, 48.91829923454004, 31.38470965295043, 80.2807573457052], [64.53681120105021, 8.246211251235321, 23.769728648009426, 27.018512172212592, 0.0, 15.811388300841896, 53.71219600798314, 38.3275357934736, 11.180339887498949, 62.68173577685928], [79.40403012442127, 7.615773105863909, 38.01315561749642, 13.416407864998739, 15.811388300841896, 0.0, 66.21933252457322, 47.4236228055175, 18.027756377319946, 75.82216034906945], [23.53720459187964, 59.64059020499378, 53.08483775994799, 70.178344238091, 53.71219600798314, 66.21933252457322, 0.0, 22.847319317591726, 62.76941930590086, 10.295630140987], [44.181444068749045, 42.05948168962618, 47.53945729601885, 48.91829923454004, 38.3275357934736, 47.4236228055175, 22.847319317591726, 0.0, 49.09175083453431, 33.1058907144937], [70.83784299369935, 13.45362404707371, 21.587033144922902, 31.38470965295043, 11.180339887498949, 18.027756377319946, 62.76941930590086, 49.09175083453431, 0.0, 71.11961754677819], [17.204650534085253, 69.02897942168927, 59.22837157984339, 80.2807573457052, 62.68173577685928, 75.82216034906945, 10.295630140987, 33.1058907144937, 71.11961754677819, 0.0]], "task_locations": [[96, 29], [39, 73], [70, 77], [20, 70], [47, 71], [32, 76], [73, 24], [52, 33], [49, 82], [82, 19]], "precedence_constraints": [[8, 6], [5, 2], [1, 6], [4, 6], [5, 7]]}